3,0.353553385,1,0.000203009,1,203.196668563,203.196668563,161.953909422,1
3,0.353553385,2,0.000376474,1,468.648804296,468.648804296,247.848670148,1
3,0.353553385,3,0.000259674,1,317.004556875,317.004556875,198.583365341,1
3,0.353553385,4,0.000254055,1,323.524493015,323.524493015,240.6517748,1
3,0.353553385,5,0.001376481,1,511.889464363,512.127137245,273.395505175,3
3,0.353553385,6,0.000290272,1,402.555952673,402.555952673,256.766012359,1
3,0.353553385,7,0.002260703,1,467.490868882,468.895799299,216.175422563,5
3,0.353553385,8,0.000300972,1,376.954560176,376.954560176,144.920366362,1
3,0.353553385,9,0.001898538,1,686.61012615,687.184730293,318.852845701,3
3,0.353553385,10,0.000395278,1,541.818554167,541.818554167,238.171405458,1
3,0.353553385,11,0.000391011,1,530.472933512,530.472933512,283.207108168,1
3,0.353553385,12,0.000299589,1,363.670081771,363.670081771,160.142861339,1
3,0.353553385,13,0.000617032,1,671.516656008,671.516656008,248.515435359,1
3,0.353553385,14,0.000412962,1,491.365053437,491.365053437,190.597257296,1
3,0.353553385,15,0.000357206,1,574.638164613,574.638164613,248.520317226,1
3,0.353553385,16,0.000290683,1,323.462792516,323.462792516,180.463179522,1
3,0.353553385,17,0.000284451,1,379.53595675,379.53595675,282.527866781,1
3,0.353553385,18,0.000390329,1,584.479214948,584.479214948,255.602315027,1
3,0.353553385,19,0.001036467,1,511.086678715,512.414453251,263.473212875,2
3,0.353553385,20,0.000309789,1,397.536145868,397.536145868,252.708319964,1
3,0.353553385,21,0.000345795,1,492.740441259,492.740441259,270.806402012,1
3,0.353553385,22,0.000280033,1,357.028702998,357.028702998,143.916709803,1
3,0.353553385,23,0.000272689,1,365.589829288,365.589829288,199.500779712,1
3,0.353553385,24,0.000234178,1,386.456519106,386.456519106,211.616407985,1
3,0.353553385,25,0.002149536,1,614.254216931,614.335534124,286.639882549,5
4,0.353553385,1,0.000264033,1,304.192880621,304.192880621,161.953909422,1
4,0.353553385,2,0.00039066,1,511.288801619,511.288801619,247.848670148,1
4,0.353553385,3,0.001696249,1,513.087062544,514.491992961,199.988295758,3
4,0.353553385,4,0.000293749,1,328.199248155,328.199248155,240.6517748,1
4,0.353553385,5,0.002009184,1,722.288347205,722.526020087,273.633178057,4
4,0.353553385,6,0.000391551,1,548.847459199,548.847459199,256.766012359,1
4,0.353553385,7,0.002278155,1,609.756006072,611.16093649,216.175422563,4
4,0.353553385,8,0.000355314,1,531.533824151,531.533824151,154.579263975,1
4,0.353553385,9,0.004117181,1,976.82321324,978.206534664,318.852845701,5
4,0.353553385,10,0.000422109,1,582.982153991,582.982153991,238.171405458,1
4,0.353553385,11,0.000406549,1,632.411685138,632.411685138,283.207108168,1
4,0.353553385,12,0.000392113,1,574.068964613,574.068964613,210.398882842,1
4,0.353553385,13,0.00046009,1,674.42118839,674.42118839,248.515435359,1
4,0.353553385,14,0.00045465,1,698.077411832,698.077411832,206.712358395,1
4,0.353553385,15,0.000401008,1,599.880380627,599.880380627,248.520317226,1
4,0.353553385,16,0.002077943,1,467.05123713,467.16487862,180.524871844,8
4,0.353553385,17,0.000354643,1,453.369813344,453.369813344,282.527866781,1
4,0.353553385,18,0.002751249,1,845.823529319,847.228459736,262.749244788,3
4,0.353553385,19,0.001062775,1,548.904784346,550.232558882,263.473212875,2
4,0.353553385,20,0.000459548,1,657.387725947,657.387725947,259.85158008,1
4,0.353553385,21,0.040409427,1,661.416909335,662.874447219,271.885320933,30
4,0.353553385,22,0.000404446,1,604.823919027,604.823919027,247.79521603,1
4,0.353553385,23,0.000333814,1,481.465280977,481.465280977,199.500779712,1
4,0.353553385,24,0.005801117,1,496.091997765,496.105438452,211.629848672,5
4,0.353553385,25,0.002227991,1,795.583825447,795.66514264,286.639882549,5
5,0.353553385,1,0.000325498,1,323.136811231,323.136811231,161.953909422,1
5,0.353553385,2,0.00287006,1,761.036362729,762.507215512,249.813483475,4
5,0.353553385,3,0.00177723,1,600.459682699,601.864613117,199.988295758,3
5,0.353553385,4,0.000392393,1,495.026182736,495.026182736,240.6517748,1
5,0.353553385,5,0.00227503,1,773.039607771,773.277280653,273.633178057,4
5,0.353553385,6,0.000477323,1,711.12240706,711.12240706,256.766012359,1
5,0.353553385,7,0.022361562,1,816.370646774,818.576925339,216.464980345,44
5,0.353553385,8,0.000391271,1,582.843979021,582.843979021,154.579263975,1
5,0.353553385,9,0.004172554,1,1080.927704488,1082.311025913,318.852845701,5
5,0.353553385,10,0.000496718,1,692.689308624,692.689308624,238.171405458,1
5,0.353553385,11,0.000938433,1,789.991377159,790.562512478,283.207108168,2
5,0.353553385,12,0.000453005,1,682.243410719,682.243410719,210.398882842,1
5,0.353553385,13,0.000499924,1,690.227073743,690.227073743,248.515435359,1
5,0.353553385,14,0.015442528,1,713.883297185,714.649658791,207.47872,6
5,0.353553385,15,0.000478854,1,657.625676044,657.625676044,248.520317226,1
5,0.353553385,16,0.002651202,1,595.713254116,595.826895606,180.524871844,8
5,0.353553385,17,0.000448228,1,483.728538532,483.728538532,282.527866781,1
5,0.353553385,18,0.010319678,1,871.396863255,873.096603497,262.749244788,6
5,0.353553385,19,0.00117742,1,719.673766417,721.001540953,263.473212875,2
5,0.353553385,20,0.000592476,1,894.576902097,894.576902097,259.85158008,1
5,0.353553385,21,0.045604703,1,813.571306103,815.248262805,271.885320933,33
5,0.353553385,22,0.000426317,1,634.321720443,634.321720443,247.79521603,1
5,0.353553385,23,0.000431315,1,621.294300014,621.294300014,199.500779712,1
5,0.353553385,24,0.005565477,1,699.675249263,699.68868995,211.629848672,5
5,0.353553385,25,0.006523056,1,1010.17672107,1011.585812799,286.639882549,10
6,0.353553385,1,0.00055657,1,575.621642566,575.621642566,252.484831335,1
6,0.353553385,2,0.002981279,1,1062.933615655,1064.404468437,301.897252926,4
6,0.353553385,3,0.001802527,1,712.021759752,713.426690169,199.988295758,3
6,0.353553385,4,0.000557031,1,703.036645236,703.036645236,240.6517748,1
6,0.353553385,5,0.002563118,1,863.79293028,864.030603162,273.633178057,4
6,0.353553385,6,0.000765701,1,852.900563608,853.096174155,256.766012359,2
6,0.353553385,7,0.022083273,1,1018.984724979,1021.191003544,216.464980345,44
6,0.353553385,8,0.000460279,1,722.74383344,722.74383344,154.579263975,1
6,0.353553385,9,0.004081184,1,1221.736945862,1223.120267286,318.852845701,5
6,0.353553385,10,0.000533608,1,727.779451517,727.779451517,238.171405458,1
6,0.353553385,11,0.001013081,1,847.288466678,847.859601996,283.207108168,2
6,0.353553385,12,0.000638042,1,920.97643443,920.97643443,238.73302371,1
6,0.353553385,13,0.000597006,1,802.215864382,802.215864382,248.515435359,1
6,0.353553385,14,0.015728351,1,833.299140049,834.065501654,207.47872,6
6,0.353553385,15,0.006433217,1,817.643391156,818.905008877,248.520317226,15
6,0.353553385,16,0.002268708,1,765.655080846,765.768722335,180.524871844,8
6,0.353553385,17,0.000455251,1,570.584339264,570.584339264,282.527866781,1
6,0.353553385,18,0.010463687,1,1101.688020703,1103.387760946,262.749244788,6
6,0.353553385,19,0.001296892,1,800.987092998,802.314867534,263.473212875,2
6,0.353553385,20,0.000777954,1,1159.959052655,1159.959052655,265.382150558,1
6,0.353553385,21,0.189298671,1,1007.862436803,1010.126253056,272.263939896,139
6,0.353553385,22,0.000541432,1,795.392665884,795.392665884,247.79521603,1
6,0.353553385,23,0.004725888,1,789.011980586,791.6667518,199.500779712,12
6,0.353553385,24,0.011877248,1,805.384219223,806.64766074,211.629848672,25
6,0.353553385,25,0.014481953,1,1313.001931596,1315.815953742,304.230140943,15
7,0.353553385,1,0.000488052,1,590.704047515,590.704047515,252.484831335,1
7,0.353553385,2,0.003033868,1,1195.972302398,1197.44315518,301.897252926,4
7,0.353553385,3,0.003976879,1,904.059079169,906.868940003,199.988295758,5
7,0.353553385,4,0.000595141,1,846.020544357,846.020544357,240.6517748,1
7,0.353553385,5,0.002093631,1,889.732921562,889.970594444,273.633178057,4
7,0.353553385,6,0.012425502,1,1012.332616249,1013.6286653,256.766012359,36
7,0.353553385,7,0.06703241,1,1262.927101892,1266.538310874,245.34730733,95
7,0.353553385,8,0.003492133,1,892.641318887,892.962744585,170.093978838,8
7,0.353553385,9,0.006756042,1,1356.405087505,1358.059266933,318.852845701,11
7,0.353553385,10,0.000790416,1,1013.149438789,1013.149438789,285.369987272,1
7,0.353553385,11,0.001050743,1,931.057292041,931.62842736,283.207108168,2
7,0.353553385,12,0.001065992,1,1128.98689693,1129.045538049,238.73302371,2
7,0.353553385,13,0.000789084,1,981.541737741,981.541737741,248.515435359,1
7,0.353553385,14,0.015966477,1,900.193277989,900.959639595,207.47872,6
7,0.353553385,15,0.007988723,1,898.443582097,899.705199818,248.520317226,14
7,0.353553385,16,0.003524464,1,978.476387971,980.864632981,215.095910645,10
7,0.353553385,17,0.00056758,1,650.457421104,650.457421104,282.527866781,1
7,0.353553385,18,0.012917491,1,1278.3885319,1280.088272143,262.749244788,6
7,0.353553385,19,0.005325477,1,993.616656298,995.18864183,262.145438339,3
7,0.353553385,20,0.001109061,1,1330.728034726,1330.728034726,265.382150558,1
7,0.353553385,21,2.407284427,1,1227.683895233,1231.102861673,272.263939896,1096
7,0.353553385,22,0.000703815,1,882.107619764,882.107619764,247.79521603,1
7,0.353553385,23,0.009725197,1,983.153734406,987.147922157,199.512421713,24
7,0.353553385,24,0.011896683,1,959.836976869,961.100418386,211.629848672,25
7,0.353553385,25,0.014279856,1,1396.85566348,1399.669685627,304.230140943,15
8,0.353553385,1,0.000600682,1,759.800111479,759.800111479,252.484831335,1
8,0.353553385,2,0.009944728,1,1318.02434221,1319.873813955,301.897252926,20
8,0.353553385,3,0.015206527,1,1151.379011898,1155.012196494,248.143256491,21
8,0.353553385,4,0.000685039,1,928.118087337,928.118087337,240.6517748,1
8,0.353553385,5,0.002718549,1,1054.694101133,1054.931774014,273.633178057,4
8,0.353553385,6,0.012571976,1,1146.979535137,1148.275584188,256.766012359,36
8,0.353553385,7,0.253929854,1,1454.201103416,1459.555653973,245.685718487,345
8,0.353553385,8,0.003687749,1,1111.809718662,1112.131144359,219.168399775,8
8,0.353553385,9,0.014501089,1,1641.705781192,1645.51806143,319.683171975,12
8,0.353553385,10,0.000814901,1,1119.167165418,1119.167165418,285.369987272,1
8,0.353553385,11,0.002191875,1,1028.186526814,1030.32475284,283.207108168,4
8,0.353553385,12,0.001084818,1,1174.136285776,1174.194926895,238.73302371,2
8,0.353553385,13,0.002490763,1,1191.940620583,1193.345551,248.515435359,3
8,0.353553385,14,0.01615611,1,1090.235826135,1091.00218774,207.47872,6
8,0.353553385,15,0.009814624,1,1048.193259488,1049.591705542,248.520317226,22
8,0.353553385,16,0.003909042,1,1133.227904597,1135.616149607,215.095910645,10
8,0.353553385,17,0.002765888,1,850.492614045,850.895672728,282.527866781,3
8,0.353553385,18,0.010977857,1,1394.814309078,1396.514049321,262.749244788,6
8,0.353553385,19,0.004963663,1,1041.517365303,1043.089350835,263.473212875,3
8,0.353553385,20,0.001698705,1,1447.344229226,1447.368195856,265.382150558,2
8,0.353553385,21,2.424700251,1,1330.321305157,1333.740271598,272.263939896,1096
8,0.353553385,22,0.000933995,1,1109.431396969,1109.431396969,247.79521603,1
8,0.353553385,23,0.010010941,1,1112.00018609,1115.994373841,199.512421713,24
8,0.353553385,24,0.011947969,1,1146.23713919,1147.500580706,211.629848672,25
8,0.353553385,25,0.014527528,1,1472.206963709,1475.020985855,304.230140943,15
9,0.353553385,1,0.009707384,1,1000.865930601,1001.326850403,252.484831335,4
9,0.353553385,2,0.01970469,1,1624.230845353,1626.449843892,306.576029937,43
9,0.353553385,3,0.015276508,1,1252.947896844,1256.581081439,248.143256491,21
9,0.353553385,4,0.000812328,1,1160.00675125,1160.00675125,240.6517748,1
9,0.353553385,5,0.002335303,1,1225.238134046,1225.475806928,273.633178057,4
9,0.353553385,6,0.012759335,1,1163.590429632,1164.886478683,256.766012359,36
9,0.353553385,7,0.9970568,1,1539.760251234,1556.803498465,246.794992753,621
9,0.353553385,8,0.131418448,1,1302.183948594,1304.153047475,219.168399775,356
9,0.353553385,9,0.011877728,1,1712.632184415,1716.444464654,319.683171975,12
9,0.353553385,10,0.000928135,1,1360.366873466,1360.366873466,285.369987272,1
9,0.353553385,11,0.002316477,1,1365.069415954,1367.20764198,336.88288914,4
9,0.353553385,12,0.001212866,1,1331.661095231,1331.71973635,238.73302371,2
9,0.353553385,13,0.002496464,1,1271.160984613,1272.56591503,248.515435359,3
9,0.353553385,14,0.016010878,1,1148.486575061,1149.252936666,207.47872,6
9,0.353553385,15,0.009510165,1,1251.908209025,1253.306655079,248.520317226,22
9,0.353553385,16,0.003911055,1,1244.332912795,1246.721157805,215.095910645,10
9,0.353553385,17,0.013396226,1,1114.392930309,1115.779967159,282.527866781,9
9,0.353553385,18,0.010925609,1,1456.473114656,1458.172854898,262.749244788,6
9,0.353553385,19,0.011728429,1,1204.858607329,1206.556944645,263.473212875,5
9,0.353553385,20,0.001382152,1,1529.748660392,1529.772627022,265.382150558,2
9,0.353553385,21,2.395400729,1,1493.667599399,1497.086565839,272.263939896,1096
9,0.353553385,22,0.014969142,1,1360.116278576,1360.536160023,251.104763054,4
9,0.353553385,23,0.023171455,1,1257.340443612,1262.73956178,199.512421713,53
9,0.353553385,24,0.037688233,1,1366.892326107,1368.269799311,220.655186918,84
9,0.353553385,25,0.014840103,1,1668.973129827,1672.411339311,302.825210525,14
10,0.353553385,1,0.008023709,1,1283.393797383,1283.854717184,282.527866781,4
10,0.353553385,2,0.03276158,1,1815.420661162,1821.242030482,306.206503143,52
10,0.353553385,3,0.064274077,1,1439.867476377,1443.782984672,248.297965502,87
10,0.353553385,4,0.000960154,1,1288.069424293,1288.069424293,240.6517748,1
10,0.353553385,5,0.002657324,1,1239.087898304,1239.325571186,273.633178057,4
10,0.353553385,6,0.013749083,1,1265.223445202,1266.519494253,256.766012359,36
10,0.353553385,7,0.99202446,1,1632.035316884,1649.078564116,246.794992753,621
10,0.353553385,8,0.132205436,1,1357.938341623,1359.907440504,219.168399775,356
10,0.353553385,9,0.056029537,1,1933.665143082,1939.18896714,319.683171975,53
10,0.353553385,10,0.001157232,1,1579.396205504,1579.396205504,285.369987272,1
10,0.353553385,11,0.158106452,1,1506.258524596,1509.979765968,337.678725706,254
10,0.353553385,12,0.001591833,1,1507.753546786,1507.812187905,238.73302371,2
10,0.353553385,13,0.010758036,1,1497.075092905,1499.978943581,248.876643286,9
10,0.353553385,14,0.028444707,1,1325.059203423,1326.928405761,207.47872,10
10,0.353553385,15,0.020216656,1,1534.529541685,1537.255762275,282.62133266,47
10,0.353553385,16,0.004749481,1,1342.4726396,1344.86088461,215.095910645,10
10,0.353553385,17,0.012937968,1,1120.636769913,1122.023806763,282.527866781,9
10,0.353553385,18,0.013007649,1,1637.355430371,1639.09799717,262.749244788,9
10,0.353553385,19,0.00873083,1,1322.92998439,1324.628321706,263.473212875,4
10,0.353553385,20,0.001542112,1,1757.029594242,1757.053560872,265.382150558,2
10,0.353553385,21,2.41222125,1,1526.432669222,1529.851635663,272.263939896,1096
10,0.353553385,22,0.015087644,1,1447.066368859,1447.486250305,251.104763054,4
10,0.353553385,23,0.023884507,1,1515.064627859,1520.463746027,257.724184247,53
10,0.353553385,24,0.039917338,1,1456.580753715,1457.958226919,220.655186918,84
10,0.353553385,25,0.012723488,1,1815.65833564,1819.096545124,302.825210525,10
11,0.353553385,1,0.025166762,1,1492.275150399,1497.058526966,282.527866781,12
11,0.353553385,2,0.040437229,1,2015.000135799,2020.821505119,306.206503143,58
11,0.353553385,3,0.073931608,1,1511.538711461,1515.454219755,248.297965502,87
11,0.353553385,4,0.003755536,1,1564.812781292,1566.217711709,276.743356999,3
11,0.353553385,5,0.002576153,1,1246.248990168,1246.48666305,273.633178057,4
11,0.353553385,6,0.306915247,1,1472.367292058,1474.347296428,256.766012359,622
11,0.353553385,7,8.721335422,1,1915.941353667,1937.279121078,288.200556962,3843
11,0.353553385,8,0.140581225,1,1483.178957735,1485.148056616,219.168399775,356
11,0.353553385,9,0.050138341,1,2129.956298285,2135.480122343,319.683171975,53
11,0.353553385,10,0.006426185,1,1650.249226342,1650.49334881,285.369987272,7
11,0.353553385,11,0.509710017,1,1648.579931737,1652.872266078,337.678725706,773
11,0.353553385,12,0.001427837,1,1562.757294492,1562.815935611,238.73302371,2
11,0.353553385,13,0.010906082,1,1685.857350597,1688.767466305,248.876643286,11
11,0.353553385,14,0.029099428,1,1472.412190539,1474.281392876,207.47872,10
11,0.353553385,15,1.112562281,1,1848.936560102,1854.484210133,317.228447858,1133
11,0.353553385,16,0.022168472,1,1454.337271543,1457.183852868,215.095910645,54
11,0.353553385,17,0.038508256,1,1211.620145831,1214.237211829,282.527866781,29
11,0.353553385,18,0.013666361,1,1815.877708855,1817.620275654,262.749244788,9
11,0.353553385,19,0.011941638,1,1379.197731257,1380.896068573,263.473212875,5
11,0.353553385,20,0.002281122,1,1962.145863743,1962.324532643,265.382150558,3
11,0.353553385,21,2.39545016,1,1609.774960983,1613.193927423,272.263939896,1096
11,0.353553385,22,0.018158321,1,1514.415853779,1514.835735226,251.104763054,4
11,0.353553385,23,0.025665805,1,1606.885372056,1612.284490225,257.724184247,53
11,0.353553385,24,0.038489751,1,1574.391520982,1575.768994186,220.655186918,84
11,0.353553385,25,0.060885998,1,2101.204255103,2108.217497853,302.825210525,26
12,0.353553385,1,0.172865844,1,1677.982691563,1683.968000663,283.243340116,168
12,0.353553385,2,0.040782815,1,2169.290340435,2175.111709754,306.206503143,58
12,0.353553385,3,0.06381519,1,1652.629491695,1656.54499999,248.297965502,87
12,0.353553385,4,0.010812117,1,1573.582691896,1575.900997446,276.743356999,9
12,0.353553385,5,0.002604687,1,1374.507793985,1374.745466867,273.633178057,4
12,0.353553385,6,0.311835267,1,1505.041123182,1507.021127552,256.766012359,622
12,0.353553385,7,8.803181704,1,2003.029158943,2024.366926354,288.200556962,3843
12,0.353553385,8,0.264464906,1,1798.906695982,1801.490882961,316.307267266,596
12,0.353553385,9,0.04992899,1,2348.204793372,2353.728617429,319.683171975,53
12,0.353553385,10,0.008389561,1,1931.70778804,1932.315815938,285.369987272,10
12,0.353553385,11,0.799516203,1,1820.536460421,1824.828794762,337.678725706,1241
12,0.353553385,12,0.001583599,1,1593.800165219,1593.858806338,238.73302371,2
12,0.353553385,13,0.01119958,1,1825.283942516,1828.194058223,248.876643286,11
12,0.353553385,14,0.040977168,1,1582.594792493,1584.505751651,207.47872,15
12,0.353553385,15,1.126595626,1,2032.128170826,2037.675820856,317.228447858,1133
12,0.353553385,16,0.02219456,1,1543.302067173,1546.148648497,215.095910645,54
12,0.353553385,17,0.038341735,1,1315.942979398,1318.560045397,282.527866781,29
12,0.353553385,18,0.012739787,1,1845.955160284,1847.697727084,262.749244788,9
12,0.353553385,19,0.099031527,1,1653.480134496,1656.051464259,275.078239805,34
12,0.353553385,20,0.055370846,1,2065.520674965,2067.537627954,265.382150558,25
12,0.353553385,21,2.41594706,1,1768.672492696,1772.091459137,272.263939896,1096
12,0.353553385,22,0.018715572,1,1559.035432666,1559.455314113,251.104763054,4
12,0.353553385,23,0.023644279,1,1667.758945273,1673.158063441,257.724184247,53
12,0.353553385,24,0.040065955,1,1653.841319333,1655.218792537,220.655186918,84
12,0.353553385,25,0.062036497,1,2230.42010167,2237.433344421,302.825210525,26
13,0.353553385,1,0.190412241,1,1780.786607553,1786.771916652,283.243340116,168
13,0.353553385,2,0.040357581,1,2272.094256424,2277.915625744,306.206503143,58
13,0.353553385,3,0.173405512,1,1893.350271889,1897.810091402,248.297965502,248
13,0.353553385,4,0.009446608,1,1641.339139536,1643.657445087,276.743356999,9
13,0.353553385,5,0.00305676,1,1396.19224113,1396.429914012,273.633178057,4
13,0.353553385,6,0.539992637,1,1673.667520545,1676.795148786,256.766012359,1035
13,0.353553385,7,8.80557297,1,2166.101028532,2187.438795943,288.200556962,3842
13,0.353553385,8,0.18668007,1,1849.385424735,1857.523804186,318.31844044,341
13,0.353553385,9,0.113483865,1,2651.030003897,2657.204837159,319.683171975,95
13,0.353553385,10,0.010451093,1,2146.35016094,2146.958188838,285.369987272,10
13,0.353553385,11,1.00110381,1,2138.91028874,2143.777227224,338.253329849,1421
13,0.353553385,12,0.001612512,1,1747.644502643,1747.703143763,238.73302371,2
13,0.353553385,13,0.010919067,1,1982.808751971,1985.718867678,248.876643286,11
13,0.353553385,14,0.04121466,1,1734.454286725,1736.365245883,207.47872,15
13,0.353553385,15,22.286583871,1,2280.551436165,2288.506392506,318.556222394,22496
13,0.353553385,16,0.025448409,1,1783.281293482,1786.384393199,240.235744702,58
13,0.353553385,17,0.201970082,1,1563.738195428,1570.357854689,282.527866781,90
13,0.353553385,18,0.013112555,1,1921.320517407,1923.063084206,262.749244788,9
13,0.353553385,19,0.100301029,1,1782.324387324,1784.895717087,275.078239805,34
13,0.353553385,20,0.049089412,1,2258.816778432,2261.517130059,265.382150558,25
13,0.353553385,21,5.09446168,1,1921.482758671,1928.484940989,273.730043232,2810
13,0.353553385,22,0.015623215,1,1564.37446389,1564.794345337,251.104763054,4
13,0.353553385,23,0.02492437,1,1792.844557104,1798.243675272,257.724184247,53
13,0.353553385,24,0.040061627,1,1661.562553303,1662.940026507,220.655186918,84
13,0.353553385,25,0.110443365,1,2388.60128053,2399.140464687,304.230140943,58
14,0.353553385,1,0.263657267,1,1845.389537814,1851.374846914,283.243340116,230
14,0.353553385,2,0.042626089,1,2373.765186658,2379.623348744,306.206503143,64
14,0.353553385,3,1.456874476,1,2093.559278252,2102.499660837,248.297965502,1524
14,0.353553385,4,0.023365519,1,1779.540918266,1785.154723526,276.743356999,15
14,0.353553385,5,0.003353766,1,1589.070471999,1589.308144881,273.633178057,4
14,0.353553385,6,0.551711338,1,1741.055656499,1744.18328474,256.766012359,1035
14,0.353553385,7,30.003771205,0,2401.028152621,2423.674813702,284.03365147,10940
14,0.353553385,8,0.287600624,1,1932.638963061,1941.070675453,318.31844044,542
14,0.353553385,9,0.531073175,1,2789.893435723,2796.886837457,319.683171975,538
14,0.353553385,10,0.016645716,1,2338.31039505,2339.223933835,285.675498159,13
14,0.353553385,11,1.055190826,1,2160.971114124,2165.838052609,338.253329849,1421
14,0.353553385,12,0.018564881,1,1859.238404274,1862.014725319,238.73302371,9
14,0.353553385,13,0.01624092,1,2142.857919634,2146.742480966,248.876643286,18
14,0.353553385,14,0.043029311,1,1798.851672141,1800.762631299,207.47872,15
14,0.353553385,15,22.891153151,1,2369.740193378,2377.695149719,318.556222394,22496
14,0.353553385,16,0.027032018,1,1826.015798796,1829.118898512,240.235744702,58
14,0.353553385,17,0.384380234,1,1662.480968881,1669.294612831,282.527866781,160
14,0.353553385,18,0.013192093,1,2022.016580755,2023.759147555,262.749244788,9
14,0.353553385,19,0.18386462,1,1929.182818617,1933.262881095,275.078239805,70
14,0.353553385,20,0.740797432,1,2313.416962054,2319.354070444,266.46106948,273
14,0.353553385,21,5.106567655,1,1996.360567718,2003.362750036,273.730043232,2810
14,0.353553385,22,0.024677149,1,1617.195722822,1624.404817318,251.189822555,10
14,0.353553385,23,0.024184138,1,1814.722674069,1820.121792238,257.724184247,53
14,0.353553385,24,0.040165602,1,1904.952252264,1906.368913407,243.389698961,82
14,0.353553385,25,0.110811101,1,2597.193659817,2607.732843973,304.230140943,58
15,0.353553385,1,0.862792807,1,2058.210652483,2065.607360536,283.243340116,617
15,0.353553385,2,0.041666515,1,2390.444282045,2396.302444131,306.206503143,64
15,0.353553385,3,1.488462986,1,2170.902271225,2179.84265381,248.297965502,1524
15,0.353553385,4,0.047839716,1,1974.697645097,1982.115512733,276.743356999,36
15,0.353553385,5,0.030606435,1,1771.993005452,1772.603375432,273.633178057,53
15,0.353553385,6,1.083082191,1,2045.79006372,2049.726409243,304.734407221,2069
15,0.353553385,7,30.001466267,0,2426.566939072,2449.163718116,284.053276341,10995
15,0.353553385,8,7.141132389,1,2216.544999844,2228.917108218,318.31844044,9580
15,0.353553385,9,2.858986562,1,3042.74937322,3052.63531069,319.683171975,2325
15,0.353553385,10,0.01653618,1,2468.427199916,2469.340738702,285.675498159,13
15,0.353553385,11,4.219582655,1,2352.160929934,2357.40648738,338.253329849,5602
15,0.353553385,12,0.018071728,1,1919.826064541,1922.602385587,238.73302371,9
15,0.353553385,13,0.066019217,1,2241.612531683,2248.267093762,248.876643286,108
15,0.353553385,14,0.049378282,1,1971.941725089,1974.617672306,207.47872,32
15,0.353553385,15,30.000053237,0,2524.64964847,2532.515818676,315.734792954,36365
15,0.353553385,16,0.028032908,1,1981.124080734,1984.227180451,240.235744702,58
15,0.353553385,17,0.370801118,1,1746.334700765,1753.148344716,282.527866781,160
15,0.353553385,18,0.014049846,1,2142.888439159,2144.631005958,262.749244788,9
15,0.353553385,19,0.390626744,1,2100.742859485,2106.295144604,275.078239805,146
15,0.353553385,20,0.754540035,1,2339.998605324,2345.935713715,266.46106948,273
15,0.353553385,21,5.08739029,1,2028.316943682,2035.319126,273.730043232,2810
15,0.353553385,22,0.024117945,1,1694.378160751,1701.587255247,251.189822555,10
15,0.353553385,23,0.024516208,1,1979.045703043,1984.444821211,257.724184247,53
15,0.353553385,24,0.043866645,1,2130.878846234,2133.700437795,243.389698961,84
15,0.353553385,25,0.183269228,1,2672.351871124,2683.106690672,302.825210525,87
16,0.353553385,1,1.475889428,1,2285.026351654,2293.195826705,283.243340116,1051
16,0.353553385,2,0.070970897,1,2552.552091218,2558.671327709,306.206503143,139
16,0.353553385,3,1.482903419,1,2351.412678371,2361.757991373,248.297965502,1557
16,0.353553385,4,0.048614083,1,2102.406400089,2109.824267725,276.743356999,36
16,0.353553385,5,0.031292276,1,1901.99098319,1902.601353171,273.633178057,53
16,0.353553385,6,1.098730883,1,2108.733492798,2112.669838321,304.734407221,2069
16,0.353553385,7,30.000153856,0,2459.240770195,2481.33684954,285.897243905,10906
16,0.353553385,8,14.805945074,1,2300.513374219,2313.352945218,318.31844044,12052
16,0.353553385,9,3.597825106,1,3232.067820183,3241.953757653,319.683171975,2812
16,0.353553385,10,0.017091116,1,2561.661737678,2562.575276464,285.675498159,13
16,0.353553385,11,6.065896335,1,2448.123479348,2453.497933939,338.253329849,7687
16,0.353553385,12,0.020998165,1,2204.149951758,2208.331203221,285.728817635,11
16,0.353553385,13,0.685823068,1,2416.161433833,2423.918836645,248.876643286,902
16,0.353553385,14,0.094984707,1,2207.068572628,2210.804352215,235.126847539,64
16,0.353553385,15,30.000451211,0,2681.967038444,2689.783904121,316.441899805,36468
16,0.353553385,16,0.027359348,1,2065.779819245,2068.882918961,240.235744702,58
16,0.353553385,17,0.372902253,1,1804.258233215,1811.071877166,282.527866781,160
16,0.353553385,18,0.022519428,1,2282.717458196,2284.96874586,263.257965653,33
16,0.353553385,19,0.647785632,1,2276.136899695,2282.602559947,275.078239805,235
16,0.353553385,20,0.743519487,1,2401.261595006,2407.198703397,266.46106948,273
16,0.353553385,21,18.248568523,1,2286.204213314,2293.460485121,273.730043232,11938
16,0.353553385,22,0.024839451,1,1772.337807553,1779.784358307,251.189822555,11
16,0.353553385,23,0.025643844,1,2099.945501378,2105.344619546,257.724184247,53
16,0.353553385,24,0.04521258,1,2269.657880421,2272.479471982,243.389698961,84
16,0.353553385,25,0.185829521,1,2774.116560478,2784.871380026,302.825210525,87
17,0.353553385,1,2.953854732,1,2445.882619022,2454.296305068,283.243340116,1843
17,0.353553385,2,0.096641852,1,2778.929164093,2785.11432295,306.576029937,177
17,0.353553385,3,1.539771063,1,2482.91232746,2493.257640461,248.297965502,1557
17,0.353553385,4,0.085742862,1,2162.119414267,2170.383508325,276.743356999,51
17,0.353553385,5,0.131012819,1,2167.703783328,2173.251453136,273.633178057,127
17,0.353553385,6,1.097758507,1,2257.3221153,2261.258460823,304.734407221,2069
17,0.353553385,7,30.004244768,0,2539.577016568,2562.282335507,285.361426006,10645
17,0.353553385,8,16.188729265,1,2468.340644155,2481.180215154,318.31844044,12791
17,0.353553385,9,13.393964662,1,3562.277088477,3574.054055467,331.972683126,10008
17,0.353553385,10,0.04692599,1,2668.258327225,2669.683656376,285.675498159,50
17,0.353553385,11,12.759043592,1,2670.653520354,2679.736662417,338.253329849,15449
17,0.353553385,12,0.021105817,1,2392.442305323,2396.623556786,285.728817635,11
17,0.353553385,13,5.680600891,1,2512.152560599,2522.699205824,249.687683223,2923
17,0.353553385,14,0.387304607,1,2496.46174638,2502.366561662,289.393173752,199
17,0.353553385,15,30.00128675,0,2838.248436454,2846.038106512,316.441900571,34783
17,0.353553385,16,0.08468662,1,2338.436984925,2342.501346635,273.231769824,189
17,0.353553385,17,3.415389986,1,2058.527781367,2066.063269018,283.102470924,1799
17,0.353553385,18,0.033594858,1,2536.822882752,2540.668737301,262.749244788,34
17,0.353553385,19,3.840841545,1,2435.047274978,2442.959781001,275.078239805,1291
17,0.353553385,20,0.760141808,1,2489.083884958,2495.020993348,266.46106948,273
17,0.353553385,21,18.24830473,1,2357.944844762,2365.201116569,273.730043232,11938
17,0.353553385,22,0.117807671,1,1980.820668611,1989.492832713,251.755772259,82
17,0.353553385,23,0.335591274,1,2176.530057636,2187.866657205,262.17377242,750
17,0.353553385,24,0.043788639,1,2405.333951369,2408.155542929,243.389698961,84
17,0.353553385,25,0.186543924,1,2997.682258196,3008.437077744,302.825210525,87
18,0.353553385,1,0.893796754,1,2576.230951475,2584.644637521,283.243340116,703
18,0.353553385,2,0.101241935,1,2826.794010474,2832.97916933,306.576029937,177
18,0.353553385,3,1.727122535,1,2605.176116143,2615.819139305,247.319932729,1689
18,0.353553385,4,0.089623523,1,2336.200732097,2344.470129597,276.743356999,52
18,0.353553385,5,0.131357514,1,2228.500907662,2234.04857747,273.633178057,127
18,0.353553385,6,0.616302909,1,2524.917960243,2528.854305766,304.734407221,1133
18,0.353553385,7,30.001819276,0,2740.006391701,2761.400051195,284.03365147,10345
18,0.353553385,8,16.383390773,1,2588.095156524,2600.934727523,318.31844044,12791
18,0.353553385,9,30.001019069,0,3740.21587595,3752.573511494,333.008357747,19175
18,0.353553385,10,0.047445702,1,2778.206176267,2779.631505418,285.675498159,50
18,0.353553385,11,30.000346744,0,2909.971656671,2920.231072339,337.491743485,27315
18,0.353553385,12,0.021202367,1,2467.327613597,2471.50886506,285.728817635,11
18,0.353553385,13,5.095598944,1,2705.030791467,2718.148411832,249.687683223,2348
18,0.353553385,14,0.401195526,1,2505.176166136,2511.080981418,289.393173752,199
18,0.353553385,15,30.000121053,0,3048.472357386,3056.43131759,314.407018417,34115
18,0.353553385,16,0.08659253,1,2432.665656247,2436.730017956,273.231769824,189
18,0.353553385,17,2.404110157,1,2316.994251339,2324.761118395,282.527866781,1278
18,0.353553385,18,0.031976223,1,2575.924990021,2579.770844571,262.749244788,34
18,0.353553385,19,3.839162007,1,2450.24878387,2458.161289892,275.078239805,1291
18,0.353553385,20,2.594869066,1,2720.749352811,2726.686461201,266.46106948,925
18,0.353553385,21,18.16877901,1,2415.186813854,2422.44308566,273.730043232,11938
18,0.353553385,22,0.12165068,1,2072.013596991,2080.685761093,251.755772259,82
18,0.353553385,23,0.33787463,1,2238.258207998,2249.594807567,262.17377242,750
18,0.353553385,24,0.344392083,1,2642.713376412,2648.797051957,243.389698961,149
18,0.353553385,25,0.81671988,1,3223.608852167,3235.065682403,302.825210525,460
19,0.353553385,1,3.918836703,1,2736.571007979,2745.454557362,283.469047029,3798
19,0.353553385,2,0.110826921,1,3087.744187044,3095.705635646,306.576029937,174
19,0.353553385,3,1.732870222,1,2724.930628512,2735.573651674,247.319932729,1689
19,0.353553385,4,0.443458726,1,2497.538977356,2507.483331361,276.743356999,250
19,0.353553385,5,0.132650488,1,2446.723095689,2452.270765497,273.633178057,127
19,0.353553385,6,0.645928903,1,2585.529505548,2590.122008538,304.734407221,1145
19,0.353553385,7,30.001408917,0,2783.995615212,2805.227240927,283.906036783,10396
19,0.353553385,8,30.000775735,0,2897.908858812,2912.404546632,317.844701711,21581
19,0.353553385,9,30.000039669,0,3940.162828176,3952.488704328,332.068037784,19056
19,0.353553385,10,1.63323627,1,2913.768401162,2920.926324552,285.675498159,2228
19,0.353553385,11,30.000276311,0,3177.215459202,3191.139015718,337.15187842,26400
19,0.353553385,12,0.021394014,1,2670.885285164,2675.066536627,285.728817635,11
19,0.353553385,13,5.394027505,1,2711.006124298,2724.317009232,249.687683223,2510
19,0.353553385,14,1.205667567,1,2755.363202462,2761.329710067,289.393173752,662
19,0.353553385,15,30.000543619,0,3147.409203847,3155.425772166,315.734792954,35415
19,0.353553385,16,0.136433546,1,2574.956114871,2579.829193862,273.231769824,297
19,0.353553385,17,30.000152901,0,2517.292998794,2529.261939752,282.527866781,14714
19,0.353553385,18,0.034815968,1,2663.054503494,2666.900358043,262.749244788,34
19,0.353553385,19,3.881703416,1,2487.199348743,2495.111854766,275.078239805,1291
19,0.353553385,20,30.002853635,0,2976.039597615,2984.557750507,265.391529579,12423
19,0.353553385,21,18.549696966,1,2454.985783407,2462.242055213,273.730043232,11938
19,0.353553385,22,0.120407248,1,2133.741747354,2142.413911456,251.755772259,82
19,0.353553385,23,0.865501177,1,2519.840275752,2535.776337175,285.785580685,1806
19,0.353553385,24,1.343915021,1,2952.402935503,2960.022626174,311.225574217,569
19,0.353553385,25,2.973149535,1,3410.802674515,3423.034233236,302.825210525,1875
20,0.353553385,1,4.026452286,1,2758.629458282,2767.513007665,283.469047029,3798
20,0.353553385,2,0.11384977,1,3115.463630276,3123.425078879,306.576029937,174
20,0.353553385,3,29.1119843,1,2953.857788078,2965.538550809,247.319932729,24585
20,0.353553385,4,2.489014434,1,2693.830132559,2707.19612677,276.743356999,1231
20,0.353553385,5,0.133532997,1,2470.665165473,2476.212835281,273.633178057,127
20,0.353553385,6,2.262875833,1,2857.271300331,2863.985763858,304.734407221,2893
20,0.353553385,7,30.001349955,0,2965.600213734,2986.915308377,284.03365147,10062
20,0.353553385,8,30.000685234,0,3088.730113331,3104.595132668,318.31844044,16120
20,0.353553385,9,30.001609087,0,4198.629298149,4211.26465276,332.119922684,18302
20,0.353553385,10,1.621538317,1,2969.442414474,2976.600337865,285.675498159,2228
20,0.353553385,11,30.000160614,0,3243.346896381,3257.123129493,337.457493283,26200
20,0.353553385,12,0.041005841,1,2866.346752999,2871.09913978,285.728817635,20
20,0.353553385,13,5.512944901,1,2858.553231391,2871.864116324,249.687683223,2510
20,0.353553385,14,1.181011822,1,2914.80825378,2920.774761385,289.393173752,662
20,0.353553385,15,30.000032444,0,3336.615810865,3345.743383742,315.734792954,33985
20,0.353553385,16,0.64953573,1,2723.311170583,2728.626489493,273.231769824,1058
20,0.353553385,17,30.005145645,0,2637.385555783,2649.331209435,282.527866781,14251
20,0.353553385,18,0.06689523,1,2880.20666503,2885.776534395,263.257965653,49
20,0.353553385,19,3.455299334,1,2558.651978165,2566.564484188,275.078239805,1123
20,0.353553385,20,30.003455824,0,3011.793537109,3021.256977615,265.382150558,11939
20,0.353553385,21,30.002754602,0,2715.063109725,2725.564670389,272.630236918,16375
20,0.353553385,22,1.444633151,1,2232.9630375,2242.538865293,251.755772259,1073
20,0.353553385,23,0.892579231,1,2612.86400201,2628.800063433,285.785580685,1806
20,0.353553385,24,1.39793066,1,3030.702288215,3038.321978885,309.897799681,571
20,0.353553385,25,4.505368093,1,3515.94746759,3528.643846014,302.825210525,2787
21,0.353553385,1,20.062617548,1,2846.655839647,2855.964438327,283.469047029,19928
21,0.353553385,2,0.115082105,1,3303.862813203,3311.824261805,306.576029937,174
21,0.353553385,3,30.000700047,0,3095.224737614,3106.484544375,247.557605611,22550
21,0.353553385,4,10.633138007,1,2795.134407213,2809.970717799,276.743356999,6265
21,0.353553385,5,0.296586307,1,2654.668944672,2661.791352094,273.633178057,246
21,0.353553385,6,6.686704031,1,3024.473204576,3039.737127344,309.028927401,6925
21,0.353553385,7,30.003376659,0,3067.600897124,3088.657256154,287.614724254,10191
21,0.353553385,8,30.00133527,0,3151.10503933,3176.389747928,317.844701711,13944
21,0.353553385,9,30.001081235,0,4445.436864742,4458.124979587,332.119922684,16357
21,0.353553385,10,2.117832931,1,3100.879465156,3108.204398269,285.675498159,2774
21,0.353553385,11,30.001612935,0,3526.228652679,3540.737497631,337.724631633,26185
21,0.353553385,12,0.04014087,1,3066.776128132,3071.528514913,285.728817635,20
21,0.353553385,13,5.505983148,1,3021.899525632,3035.210410565,249.687683223,2510
21,0.353553385,14,6.201123512,1,3176.816236192,3184.480255163,289.393173752,3074
21,0.353553385,15,30.00046512,0,3456.36727179,3466.100849473,318.426400586,24323
21,0.353553385,16,0.623545846,1,2885.450156086,2890.765474996,273.231769824,1018
21,0.353553385,17,30.001128203,0,2662.542071559,2675.031655392,282.603934323,14736
21,0.353553385,18,0.068504878,1,2914.229182312,2919.799051676,263.257965653,49
21,0.353553385,19,3.61541401,1,2630.37662455,2638.289130573,275.078239805,1123
21,0.353553385,20,30.001506568,0,3119.647322561,3129.065022148,265.467597122,12082
21,0.353553385,21,30.001228591,0,2787.752007038,2798.263714521,273.008855881,16344
21,0.353553385,22,1.439369558,1,2278.447340345,2288.023168138,251.755772259,1034
21,0.353553385,23,30.001855709,0,2668.383930205,2686.010366306,285.784584557,18301
21,0.353553385,24,1.419802902,1,3074.070107942,3081.689798613,309.897799681,571
21,0.353553385,25,4.248914724,1,3794.717759987,3807.414138411,302.825210525,2633
22,0.353553385,1,30.000294237,0,3052.142794257,3062.223692014,282.541596969,26867
22,0.353553385,2,0.218324156,1,3556.918200959,3566.477844547,306.576029937,189
22,0.353553385,3,30.004073526,0,3381.931173533,3393.486886577,287.874791169,12169
22,0.353553385,4,23.28577717,1,2891.020594968,2908.920129244,276.743356999,14542
22,0.353553385,5,0.57956444,1,2884.050498377,2891.447023283,273.90729554,468
22,0.353553385,6,6.772525362,1,3102.209053558,3117.472976326,309.028927401,6925
22,0.353553385,7,30.004680496,0,3211.017187087,3231.743222225,285.361426006,9698
22,0.353553385,8,30.001354765,0,3338.995329981,3366.529764516,317.844701711,12030
22,0.353553385,9,30.001152902,0,4532.094625592,4544.770564796,332.496567381,16098
22,0.353553385,10,17.366151361,1,3415.286483574,3424.550853398,316.163439681,19100
22,0.353553385,11,30.000167934,0,3636.17650172,3650.13240205,336.958956682,26136
22,0.353553385,12,0.041533883,1,3232.6359581,3237.388344882,285.728817635,20
22,0.353553385,13,30.00022314,0,3331.713227921,3346.680524035,309.813702288,14220
22,0.353553385,14,6.29578134,1,3250.909244843,3258.573263813,289.393173752,3074
22,0.353553385,15,30.000209797,0,3526.484141282,3536.649115441,314.407018417,20808
22,0.353553385,16,0.659365795,1,2917.341626161,2922.870008584,273.231769824,1023
22,0.353553385,17,30.001266797,0,2842.126692628,2854.619826469,282.527866781,13921
22,0.353553385,18,0.066150252,1,3086.972856159,3092.542725524,263.257965653,49
22,0.353553385,19,30.002019183,0,2775.296990912,2783.025990047,275.18651699,8853
22,0.353553385,20,30.003866263,0,3305.183305768,3314.651316215,265.382150558,12046
22,0.353553385,21,30.000613979,0,2949.148082186,2959.766858263,273.008855881,13678
22,0.353553385,22,18.512806337,1,2518.605187394,2533.249013502,253.018414337,15211
22,0.353553385,23,30.001784997,0,2941.959486928,2963.531728088,285.784584557,17715
22,0.353553385,24,5.598576608,1,3314.721882742,3324.320127814,311.017333628,3219
22,0.353553385,25,4.334715448,1,3826.583183769,3839.279562194,302.825210525,2633
23,0.353553385,1,30.000743226,0,3109.334025618,3119.395499872,282.527866781,26791
23,0.353553385,2,0.274673513,1,3623.388660585,3635.426834999,306.576029937,246
23,0.353553385,3,30.001439798,0,3576.440652741,3587.889524734,287.585233387,12112
23,0.353553385,4,30.000585913,0,3103.118160821,3119.926377093,276.743356999,18626
23,0.353553385,5,0.580326637,1,2921.118512475,2928.51503738,273.90729554,468
23,0.353553385,6,6.831086514,1,3319.975416179,3335.239338947,309.028927401,6925
23,0.353553385,7,30.001145038,0,3233.590280934,3254.10514347,285.233811319,9866
23,0.353553385,8,30.005643324,0,3615.728104341,3651.084466281,317.738911421,8943
23,0.353553385,9,30.000577315,0,4774.968563674,4787.850415328,331.972683126,14659
23,0.353553385,10,30.00010893,0,3580.90752162,3590.436035108,315.54473075,32981
23,0.353553385,11,30.001081481,0,3888.810379191,3906.335402691,337.178588556,24457
23,0.353553385,12,0.041700376,1,3251.280631683,3256.033018464,285.728817635,20
23,0.353553385,13,30.002284006,0,3448.580550695,3463.55438699,311.58269166,14328
23,0.353553385,14,8.460359242,1,3474.020956603,3481.929186569,289.393173752,3903
23,0.353553385,15,30.00129701,0,3641.40244006,3651.640617825,317.719293372,20640
23,0.353553385,16,0.653304294,1,2982.958550402,2988.486932825,273.231769824,1021
23,0.353553385,17,30.000831224,0,2967.532955681,2979.966241001,282.527866781,14118
23,0.353553385,18,0.192922848,1,3217.305228238,3224.200153569,263.257965653,198
23,0.353553385,19,30.003220905,0,2893.74738236,2902.292069333,274.611912847,9821
23,0.353553385,20,30.002461397,0,3485.173877519,3495.495618265,265.382150558,12590
23,0.353553385,21,30.002337381,0,2984.90202168,2995.561755025,273.008855881,13431
23,0.353553385,22,30.000997725,0,2799.185480262,2821.476530887,286.051713153,8869
23,0.353553385,23,30.001295821,0,3138.084945809,3162.496501126,285.784584557,17230
23,0.353553385,24,30.005744215,0,3578.533976793,3588.434838802,311.225574217,7957
23,0.353553385,25,4.292401022,1,3924.490989225,3937.18736765,302.825210525,2633
24,0.353553385,1,30.00167611,0,3270.404971059,3280.843962174,282.527866781,28565
24,0.353553385,2,0.502813869,1,3685.617073212,3697.941077761,306.576029937,372
24,0.353553385,3,30.002726034,0,3715.219686928,3726.659040149,287.793473976,12040
24,0.353553385,4,30.000434553,0,3204.444635982,3221.377122407,276.743356999,18375
24,0.353553385,5,0.741032322,1,3119.876162719,3127.361465142,273.996073058,509
24,0.353553385,6,6.961809597,1,3411.448175712,3426.712098479,309.028927401,6925
24,0.353553385,7,30.000671603,0,3439.73903383,3461.007312395,284.03365147,9954
24,0.353553385,8,30.004291792,0,3814.072353449,3849.666646992,317.844701711,8812
24,0.353553385,9,30.001136424,0,4949.328882485,4962.166684476,331.972683126,14613
24,0.353553385,10,30.002182706,0,3854.578414951,3865.432730409,315.54473075,21075
24,0.353553385,11,30.000264146,0,3965.595935999,3983.156926513,337.701182608,24089
24,0.353553385,12,0.041196014,1,3291.440737979,3296.193124761,285.728817635,20
24,0.353553385,13,30.000417238,0,3542.028782188,3557.328100302,311.374451071,11784
24,0.353553385,14,30.001027079,0,3696.184438152,3706.485602138,293.326291586,14642
24,0.353553385,15,30.001673474,0,3821.873127708,3832.504145956,314.407018417,20533
24,0.353553385,16,7.086501767,1,3002.85516109,3011.746952547,274.876779793,7611
24,0.353553385,17,30.002097914,0,3060.098128888,3071.992287447,282.527866781,16504
24,0.353553385,18,1.516677189,1,3389.610055605,3400.406480042,263.257965653,1375
24,0.353553385,19,30.001031444,0,2991.137009803,2999.802549083,274.486085469,12037
24,0.353553385,20,30.004529072,0,3693.766256805,3705.11190975,265.391529579,10914
24,0.353553385,21,30.000154194,0,3209.302976421,3222.316423575,272.98365405,12791
24,0.353553385,22,30.001324166,0,3040.358030396,3062.875176484,286.07548021,9302
24,0.353553385,23,30.001009449,0,3148.838067604,3173.242274091,285.784584557,16933
24,0.353553385,24,30.002733618,0,3606.339518605,3616.166776865,309.689559091,7934
24,0.353553385,25,30.001006983,0,4197.8864944,4215.591492783,302.825210525,11749
25,0.353553385,1,30.004270465,0,3425.152521254,3436.129320819,282.527866781,9581
25,0.353553385,2,1.111326211,1,3889.025523973,3903.357903137,306.576029937,788
25,0.353553385,3,30.000307606,0,3776.418393398,3787.842351792,287.793473976,11870
25,0.353553385,4,30.000245558,0,3371.363588569,3388.660831978,276.743356999,18334
25,0.353553385,5,2.370066028,1,3399.250719856,3409.047259327,279.533356211,2203
25,0.353553385,6,15.938351244,1,3521.803836795,3537.649869524,309.028927401,13883
25,0.353553385,7,30.003735714,0,3573.504626098,3594.618345695,285.299733684,9613
25,0.353553385,8,30.00081218,0,4002.306029486,4037.909206251,317.844701711,6685
25,0.353553385,9,30.0017856,0,5074.735145538,5087.617904019,331.972683126,14442
25,0.353553385,10,30.0007432,0,4042.452669738,4056.718738035,315.409720388,20397
25,0.353553385,11,30.00003313,0,4145.024351467,4163.587826951,337.100365761,22120
25,0.353553385,12,0.041487497,1,3375.545938505,3380.298325287,285.728817635,20
25,0.353553385,13,30.002785415,0,3622.365183967,3637.330552991,311.374451071,10794
25,0.353553385,14,30.001483072,0,3773.920287134,3783.937590259,291.306832641,16468
25,0.353553385,15,30.000704863,0,4038.127950557,4051.329061059,315.734792954,18413
25,0.353553385,16,7.224017298,1,3088.616965301,3101.283366595,274.942702158,7643
25,0.353553385,17,30.000260162,0,3224.949619733,3236.792341307,282.527866781,16468
25,0.353553385,18,11.186674568,1,3429.330457441,3442.370331548,263.257965653,10918
25,0.353553385,19,30.003072255,0,3168.30194095,3176.808332748,274.857007382,10562
25,0.353553385,20,30.001310208,0,3884.756897016,3896.078358775,265.382150558,10867
25,0.353553385,21,30.000150317,0,3310.752961249,3323.814737755,273.008855881,13073
25,0.353553385,22,30.000774643,0,3268.371494367,3290.857975134,286.051713153,9872
25,0.353553385,23,30.000293739,0,3454.924913706,3483.578015401,310.349017683,17445
25,0.353553385,24,30.000090914,0,3763.73718732,3773.925473094,309.689559091,7501
25,0.353553385,25,30.000679136,0,4460.532576616,4478.258416288,302.825210525,12272
26,0.353553385,1,30.000076335,0,3561.837935221,3575.446290747,282.527866781,10426
26,0.353553385,2,1.170030073,1,3974.497356733,3988.829735896,306.576029937,788
26,0.353553385,3,30.004338037,0,3884.189642841,3895.606543455,287.822906269,11677
26,0.353553385,4,30.002767249,0,3489.813980016,3507.315708804,276.743356999,18107
26,0.353553385,5,6.369632788,1,3583.566898929,3593.733608861,279.539621242,5769
26,0.353553385,6,26.424960247,1,3833.827209508,3851.586893519,313.937023995,15766
26,0.353553385,7,30.001776719,0,3830.404896703,3854.996573229,287.742338942,9053
26,0.353553385,8,30.007590445,0,4167.880853146,4200.35172414,320.567339832,3695
26,0.353553385,9,30.002682167,0,5255.732662768,5268.415584493,331.972683126,14045
26,0.353553385,10,30.000134116,0,4255.278280233,4272.502807997,315.738715439,13382
26,0.353553385,11,30.001760265,0,4362.790714088,4381.210102046,336.956278235,22021
26,0.353553385,12,0.043663517,1,3556.49626343,3561.248650211,285.728817635,20
26,0.353553385,13,30.001519216,0,3780.801314833,3796.233825069,311.374451071,10222
26,0.353553385,14,30.002460446,0,3909.213713769,3920.496233648,292.265184203,13843
26,0.353553385,15,30.000143699,0,4211.77063327,4224.993917467,314.407018417,17791
26,0.353553385,16,14.621956337,1,3170.963393865,3184.029005944,274.942702158,15076
26,0.353553385,17,30.001488235,0,3310.711423945,3328.331059025,282.527866781,12256
26,0.353553385,18,30.000735386,0,3633.101426163,3646.521487478,261.420381913,16015
26,0.353553385,19,30.006312671,0,3347.627814309,3356.480863325,274.429642797,9808
26,0.353553385,20,30.005841917,0,3959.489547026,3970.729463949,265.382150558,10996
26,0.353553385,21,30.004888335,0,3325.835366199,3338.88111112,272.98365405,12673
26,0.353553385,22,30.000338479,0,3491.516159623,3514.474619798,286.051713153,12758
26,0.353553385,23,30.003178423,0,3525.315433874,3553.985126583,310.349017683,17126
26,0.353553385,24,30.001463324,0,3843.554262937,3854.026277627,309.897799681,7345
26,0.353553385,25,30.001353005,0,4632.797895617,4650.087197426,302.825210525,12443
27,0.353553385,1,30.00056392,0,3768.981782077,3782.465141026,282.527866781,10393
27,0.353553385,2,1.134806641,1,4048.750171649,4063.082550813,306.576029937,788
27,0.353553385,3,30.000466184,0,3902.894689686,3914.149683161,287.855166299,11465
27,0.353553385,4,30.000121244,0,3713.379677735,3729.915402169,276.743356999,19198
27,0.353553385,5,9.454472977,1,3737.629167976,3750.374592506,282.169503347,7701
27,0.353553385,6,30.001487176,0,4100.42718296,4119.275704595,313.937023995,7785
27,0.353553385,7,30.002716404,0,4007.339689111,4033.822685597,284.03365147,8796
27,0.353553385,8,30.002321748,0,4252.127703285,4284.182331454,318.446018524,3721
27,0.353553385,9,30.000830211,0,5387.112327782,5400.625069849,331.972683126,14985
27,0.353553385,10,30.000856607,0,4281.497575776,4298.677879339,315.215735699,13070
27,0.353553385,11,30.000772432,0,4635.447879769,4655.044175349,336.926792212,21377
27,0.353553385,12,0.046935852,1,3673.504111719,3678.45048319,285.728817635,22
27,0.353553385,13,30.000245619,0,3979.14556394,3993.71783867,309.813702288,10662
27,0.353553385,14,30.000310094,0,4127.287658977,4138.919003502,290.765592302,13080
27,0.353553385,15,30.000368475,0,4324.872856697,4338.393820341,315.734792954,16757
27,0.353553385,16,17.380088628,1,3428.850663497,3443.116128645,275.773028433,18361
27,0.353553385,17,30.008790018,0,3561.79489934,3579.696148006,282.527866781,11132
27,0.353553385,18,30.002921463,0,3717.54253033,3730.90510178,262.749244788,16379
27,0.353553385,19,30.000238142,0,3525.196279279,3533.847613675,274.922929747,9904
27,0.353553385,20,30.00162638,0,4197.140634512,4211.785309402,265.382150558,11383
27,0.353553385,21,30.002089824,0,3550.330525199,3563.893403127,272.605035088,10031
27,0.353553385,22,30.003168132,0,3684.145722923,3705.850808704,286.051713153,12518
27,0.353553385,23,30.000747717,0,3768.316573123,3800.242178753,310.349017683,17152
27,0.353553385,24,30.001567723,0,4017.671331425,4028.13564586,311.692437093,7030
27,0.353553385,25,30.001204734,0,4658.737886899,4676.652846192,302.825210525,12682
28,0.353553385,1,30.002796102,0,3875.773953551,3889.320173484,282.527866781,11084
28,0.353553385,2,1.148551119,1,4149.020019095,4163.352398259,306.576029937,788
28,0.353553385,3,30.000307105,0,4032.156963745,4043.763375724,287.822906269,10962
28,0.353553385,4,30.000338473,0,3844.759342749,3862.536885171,276.743356999,18696
28,0.353553385,5,30.00044722,0,3882.851151482,3898.226437316,281.391995342,20997
28,0.353553385,6,30.002860761,0,4309.645981461,4329.817410558,313.351147249,7793
28,0.353553385,7,30.002617359,0,4176.226673149,4202.267202138,285.361426006,8808
28,0.353553385,8,30.007368414,0,4269.16119431,4293.549305446,318.250958352,3752
28,0.353553385,9,30.000558685,0,5472.874131994,5491.336023125,331.972683126,12100
28,0.353553385,10,30.006342256,0,4535.603000333,4553.724338035,314.601003107,8616
28,0.353553385,11,30.00057921,0,4695.192866589,4714.752816002,338.255011262,20735
28,0.353553385,12,0.067804121,1,3835.966907222,3841.579265801,285.728817635,43
28,0.353553385,13,30.004195318,0,4073.424342445,4088.317418705,310.248254245,9095
28,0.353553385,14,30.001503777,0,4486.413494192,4497.637944103,359.125835215,12456
28,0.353553385,15,30.003325742,0,4439.443973974,4452.823848364,315.734792954,16795
28,0.353553385,16,30.000379215,0,3588.282716138,3602.550123723,275.318976674,32884
28,0.353553385,17,30.005292327,0,3697.470970287,3715.345909005,282.527866781,10344
28,0.353553385,18,30.000189387,0,3795.48452988,3809.250238835,262.880404512,15537
28,0.353553385,19,30.000946461,0,3586.868109796,3595.297703848,274.282403239,9379
28,0.353553385,20,30.004294243,0,4416.52013794,4431.217135169,265.4582181,10731
28,0.353553385,21,30.001467303,0,3741.229523727,3754.728162317,272.605035088,10149
28,0.353553385,22,30.000873886,0,3863.90471689,3890.650748437,285.477637577,10908
28,0.353553385,23,30.003363961,0,3928.283913431,3959.922751989,310.349017683,15325
28,0.353553385,24,30.003865645,0,4169.802123363,4180.243459885,311.287266539,6667
28,0.353553385,25,30.005149136,0,4817.551156808,4834.767198429,302.825210525,11387
29,0.353553385,1,30.001214108,0,4168.253734665,4184.722050411,296.14807426,9567
29,0.353553385,2,4.094157793,1,4357.224183409,4373.251050773,306.576029937,2558
29,0.353553385,3,30.003372137,0,4246.122684205,4258.047549529,287.822906269,9642
29,0.353553385,4,30.002696522,0,4076.496656127,4094.416566386,276.743356999,16598
29,0.353553385,5,30.000461164,0,3976.059118373,3991.335719055,281.385730311,20734
29,0.353553385,6,30.003793713,0,4331.524098427,4352.104178339,312.099440255,7588
29,0.353553385,7,30.0042889,0,4352.712477432,4376.501621796,287.614724254,7962
29,0.353553385,8,30.000312384,0,4451.307799351,4477.638149494,318.446018524,3619
29,0.353553385,9,30.00608215,0,5699.050099787,5720.439061744,331.53704283,7425
29,0.353553385,10,30.000517395,0,4620.745718964,4638.670613699,315.409720388,8160
29,0.353553385,11,30.001004183,0,4740.98316112,4760.552280902,337.178483618,20556
29,0.353553385,12,0.070831778,1,3918.216807047,3923.829165626,285.728817635,43
29,0.353553385,13,30.000097394,0,4286.655629861,4302.49494087,311.886241437,9234
29,0.353553385,14,30.001011388,0,4778.394712596,4790.371067165,359.125835215,11771
29,0.353553385,15,30.002045073,0,4456.682940842,4469.646180573,317.819809657,16472
29,0.353553385,16,30.000536863,0,3625.872985727,3639.914391312,275.318976674,33077
29,0.353553385,17,30.002038176,0,3793.223400593,3811.208624015,282.527866781,8787
29,0.353553385,18,30.004710031,0,3881.043677698,3901.077587939,262.672088907,7989
29,0.353553385,19,30.003185848,0,3756.765595244,3765.334703761,274.424393146,9754
29,0.353553385,20,30.006293267,0,4460.317935355,4475.014932583,265.4582181,10731
29,0.353553385,21,30.000113702,0,3862.22859626,3876.855030991,272.98365405,9775
29,0.353553385,22,30.004762476,0,3996.943403632,4023.115947088,286.051713153,9387
29,0.353553385,23,30.000194577,0,4169.204792419,4205.058669288,310.349017683,14611
29,0.353553385,24,30.003378644,0,4297.864796406,4309.096725141,311.692437093,6518
29,0.353553385,25,30.004306883,0,4914.821444502,4931.986838917,302.825210525,11422
30,0.353553385,1,30.002332326,0,4213.223221515,4229.827856884,296.14807426,9444
30,0.353553385,2,3.926327842,1,4507.479571926,4523.506439289,306.576029937,2463
30,0.353553385,3,30.002324086,0,4322.444894885,4334.386059849,287.822906269,9729
30,0.353553385,4,30.002975116,0,4355.266948524,4374.057409086,280.098066933,15588
30,0.353553385,5,30.001639766,0,4193.536799347,4208.259056177,281.385730311,15463
30,0.353553385,6,30.001634873,0,4399.767585936,4420.815059781,312.023372713,7747
30,0.353553385,7,30.000353879,0,4478.185240578,4501.943601648,287.614724254,7851
30,0.353553385,8,30.0029368,0,4616.098970546,4640.905860704,317.738911421,3549
30,0.353553385,9,30.002096882,0,5917.462301873,5939.396277382,331.972683126,7347
30,0.353553385,10,30.00142748,0,4767.481551727,4785.665591378,315.215735699,7016
30,0.353553385,11,30.001598412,0,4769.066901198,4788.63455699,336.926792212,19588
30,0.353553385,12,1.241476544,1,4192.718100818,4201.671879789,285.728817635,939
30,0.353553385,13,30.001033501,0,4385.527752064,4401.417609404,311.154743243,8859
30,0.353553385,14,30.000550164,0,4855.370017874,4867.462578011,359.125835215,11196
30,0.353553385,15,30.001904545,0,4603.559283475,4619.417939139,314.407018417,14422
30,0.353553385,16,30.00095307,0,3874.473881074,3888.907465284,274.55306776,22640
30,0.353553385,17,30.005554106,0,4008.543431097,4026.889591968,282.527866781,7449
30,0.353553385,18,30.001252659,0,3986.188470773,4006.294050943,264.615905811,8625
30,0.353553385,19,30.001543433,0,4066.455154335,4078.045247463,309.689559091,9375
30,0.353553385,20,30.001680889,0,4626.365328116,4640.829764879,265.382150558,10525
30,0.353553385,21,30.000584259,0,3990.178388365,4005.115947037,272.605035088,9831
30,0.353553385,22,30.000658115,0,4230.755961826,4256.186111019,285.477637577,9373
30,0.353553385,23,30.001924096,0,4311.07816725,4346.936784713,310.349017683,14615
30,0.353553385,24,30.000865081,0,4385.640901833,4396.989845417,309.897799681,6562
30,0.353553385,25,30.007784356,0,5092.278566637,5109.182346964,302.825210525,10796
31,0.353553385,1,30.002032439,0,4417.013467256,4436.813881548,296.14807426,8986
31,0.353553385,2,30.000235269,0,4638.172378414,4656.029546336,306.206503143,15095
31,0.353553385,3,30.000868717,0,4623.53124019,4637.851277068,301.60365621,8672
31,0.353553385,4,30.004620142,0,4529.832369913,4548.899815802,280.098066933,15110
31,0.353553385,5,30.001045105,0,4452.29776531,4468.342649283,282.099653108,10446
31,0.353553385,6,30.000945116,0,4452.701787538,4473.649170703,313.42830313,7507
31,0.353553385,7,30.0038125,0,4534.366712709,4558.358920665,284.00139144,8065
31,0.353553385,8,30.008566723,0,4771.57798464,4798.001055423,318.830046,3642
31,0.353553385,9,30.000839039,0,5998.195893693,6019.591783443,331.972683126,7156
31,0.353553385,10,30.000985564,0,4975.685716041,4995.274061051,315.738715439,6275
31,0.353553385,11,30.001067652,0,4836.82830699,4856.262398579,336.956278235,18786
31,0.353553385,12,1.258360268,1,4229.742821228,4238.696600199,285.728817635,939
31,0.353553385,13,30.005331708,0,4412.109395334,4428.143530404,311.374451071,9105
31,0.353553385,14,30.003315155,0,5060.099414735,5072.27516619,359.125835215,11124
31,0.353553385,15,30.002759709,0,4696.994324757,4714.105912777,315.734792954,14228
31,0.353553385,16,30.000669605,0,3950.862141853,3965.503979591,274.55306776,21603
31,0.353553385,17,30.001902204,0,4257.144326444,4276.711928622,282.527866781,7326
31,0.353553385,18,30.000992736,0,4025.572240065,4043.825167438,262.749244788,8859
31,0.353553385,19,30.000811905,0,4145.397989977,4157.685608305,312.626466649,8760
31,0.353553385,20,30.006099174,0,4641.061834179,4655.525624045,265.382150558,10487
31,0.353553385,21,30.000835534,0,4217.195638824,4229.600614369,271.185020974,10293
31,0.353553385,22,30.002271105,0,4488.092531069,4512.896039659,281.38901015,9344
31,0.353553385,23,30.002622711,0,4544.427808269,4583.132974082,310.349017683,13026
31,0.353553385,24,30.002153308,0,4478.176143411,4489.525086995,309.897799681,6562
31,0.353553385,25,30.001170158,0,5322.804111748,5339.897248629,302.825210525,10454
32,0.353553385,1,30.00139894,0,4547.706273744,4566.919256021,296.14807426,8663
32,0.353553385,2,30.000638434,0,4748.580132973,4766.344999528,306.33411783,13632
32,0.353553385,3,30.002196139,0,4648.121035753,4662.735677299,302.146177675,8349
32,0.353553385,4,30.000105826,0,4706.180074886,4724.188313142,280.098066933,15066
32,0.353553385,5,30.002192942,0,4478.029056626,4493.993747891,281.385730311,10432
32,0.353553385,6,30.002061181,0,4652.066684254,4673.873538817,313.351147249,7313
32,0.353553385,7,30.001887356,0,4746.113395014,4769.392046594,285.235617195,7778
32,0.353553385,8,30.000113139,0,4918.454327272,4946.183665727,318.72425571,3401
32,0.353553385,9,30.000086303,0,6214.416022904,6235.711085926,331.53704283,7291
32,0.353553385,10,30.003464419,0,5239.580173495,5258.72186205,315.54473075,5270
32,0.353553385,11,30.001419591,0,5043.547959196,5063.297106848,336.88288914,23516
32,0.353553385,12,2.564860709,1,4349.425553986,4359.744456273,285.728817635,1801
32,0.353553385,13,30.000426633,0,4526.691719791,4542.370393931,311.374451071,8930
32,0.353553385,14,30.001809083,0,5259.485929059,5274.195539191,359.125835215,10585
32,0.353553385,15,30.001471151,0,4883.044358949,4899.785545888,317.5110827,11412
32,0.353553385,16,30.004664005,0,4169.891473891,4185.146768198,274.55306776,17222
32,0.353553385,17,30.004742223,0,4279.048761209,4296.99699546,282.527866781,7228
32,0.353553385,18,30.002244345,0,4261.829756435,4282.566239179,262.672088907,8292
32,0.353553385,19,30.000798574,0,4385.675366102,4398.505044396,309.689559091,9631
32,0.353553385,20,30.000696574,0,4704.038680608,4718.415292751,265.4582181,10529
32,0.353553385,21,30.002730116,0,4281.798569085,4293.157107867,271.185020974,8239
32,0.353553385,22,30.003807884,0,4523.130197673,4546.69050566,281.38901015,9082
32,0.353553385,23,30.002203653,0,4819.989171703,4862.082633364,310.704115172,11705
32,0.353553385,24,30.001897897,0,4582.280634659,4593.369519343,309.897799681,7050
32,0.353553385,25,30.00309196,0,5455.98606302,5472.970967192,304.152985062,10247
33,0.353553385,1,30.00009766,0,4610.649702821,4630.901074041,296.621812989,8292
33,0.353553385,2,30.001556279,0,4932.464292588,4950.520129628,306.576029937,13178
33,0.353553385,3,30.000167997,0,4793.498729209,4808.941360466,302.146177675,9182
33,0.353553385,4,30.001968022,0,4850.968584221,4868.982625294,280.45204447,13495
33,0.353553385,5,30.002870453,0,4623.080125391,4639.438661872,281.544529385,10292
33,0.353553385,6,30.004469986,0,4747.770724839,4769.200684459,313.351147249,7650
33,0.353553385,7,30.000874399,0,4889.786716011,4913.058465012,287.614724254,7529
33,0.353553385,8,30.012509319,0,5055.46148465,5082.651747436,317.738911421,3108
33,0.353553385,9,30.001107624,0,6377.487892493,6399.573809695,331.972683126,7040
33,0.353553385,10,30.010180375,0,5429.080936623,5448.688179623,315.738715439,6026
33,0.353553385,11,30.0010707,0,5114.566944621,5134.500004333,337.75319254,22598
33,0.353553385,12,3.507301625,1,4374.695519324,4385.319131929,285.728817635,2032
33,0.353553385,13,30.002231247,0,4831.186076303,4847.917106555,309.813702288,8314
33,0.353553385,14,30.001352249,0,5363.660491837,5379.752174589,359.201902757,11099
33,0.353553385,15,30.001979649,0,5003.992839112,5021.710633617,316.183308163,7715
33,0.353553385,16,30.001111705,0,4331.28754904,4346.581084364,274.55306776,11274
33,0.353553385,17,30.004182898,0,4468.892180057,4489.833311432,282.527866781,7407
33,0.353553385,18,30.004149708,0,4539.331716874,4558.763879066,277.824309829,7912
33,0.353553385,19,30.000893384,0,4639.780790658,4652.936794806,309.689559091,7439
33,0.353553385,20,30.003615902,0,4936.193298914,4951.822800206,265.382150558,9636
33,0.353553385,21,30.001281534,0,4479.388329896,4490.490089085,270.806402012,7812
33,0.353553385,22,30.003921049,0,4646.878463289,4671.884728941,286.051713153,9317
33,0.353553385,23,30.001420904,0,4942.486552443,4987.45847103,310.704115172,11145
33,0.353553385,24,30.004529124,0,4689.684740436,4704.569080242,311.017333628,7149
33,0.353553385,25,30.004466325,0,5543.762168447,5560.573565142,302.825210525,10300
34,0.353553385,1,30.000221674,0,4764.338728844,4784.891982577,296.621812989,7776
34,0.353553385,2,30.002162828,0,5021.121687693,5038.998245903,306.272425508,12998
34,0.353553385,3,30.001288485,0,4983.936356016,4999.152654482,303.133573798,8028
34,0.353553385,4,30.001610918,0,5117.867137857,5138.312663959,280.098066933,12152
34,0.353553385,5,30.004870206,0,4695.93901033,4712.344384208,281.385730311,8629
34,0.353553385,6,30.000686297,0,4841.290458359,4863.800181012,313.351147249,7155
34,0.353553385,7,30.00064517,0,5012.391690127,5028.505244301,285.233811319,8290
34,0.353553385,8,30.002926154,0,5245.675050153,5274.127678094,319.94847265,2976
34,0.353553385,9,30.000201717,0,6418.651492317,6439.563470362,331.53704283,6963
34,0.353553385,10,30.003761303,0,5579.688151079,5599.142727073,315.738715439,6353
34,0.353553385,11,30.000586404,0,5313.931841337,5334.886697958,336.88288914,20093
34,0.353553385,12,3.538768477,1,4394.519424994,4405.143037599,285.728817635,2032
34,0.353553385,13,30.00056955,0,5032.236443982,5050.241790956,309.813702288,9638
34,0.353553385,14,30.001225494,0,5573.428874613,5592.066057602,359.125835215,10169
34,0.353553385,15,30.002314949,0,5299.257350051,5315.272304135,314.407018417,7413
34,0.353553385,16,30.001333738,0,4407.935913237,4422.490396167,274.55306776,10565
34,0.353553385,17,30.002998515,0,4766.509156955,4790.357631494,298.754689231,6660
34,0.353553385,18,30.001508018,0,4754.367205953,4774.398147658,277.710201027,7858
34,0.353553385,19,30.004534468,0,4850.406838822,4863.422913032,310.068178054,7340
34,0.353553385,20,30.001655722,0,5209.588804089,5225.893551442,273.679813306,8621
34,0.353553385,21,30.00213324,0,4634.443213678,4645.80040255,271.185020974,7989
34,0.353553385,22,30.001425162,0,4734.643171952,4758.261016031,285.477637577,9221
34,0.353553385,23,30.002696572,0,5144.225465388,5192.492956989,310.704115172,10002
34,0.353553385,24,30.005278089,0,4953.969679019,4969.773688359,310.364662557,7031
34,0.353553385,25,30.001620537,0,5780.663962832,5796.760181916,302.825210525,9427
35,0.353553385,1,30.001173318,0,4876.091075229,4897.205008954,296.621812989,7956
35,0.353553385,2,30.00073621,0,5241.782615966,5262.195774937,306.576029937,12670
35,0.353553385,3,30.006646471,0,5224.874350926,5240.636100781,303.283890007,7731
35,0.353553385,4,30.000300032,0,5385.664696499,5407.02128341,280.45204447,11492
35,0.353553385,5,30.004561473,0,4823.746083873,4838.273245089,283.083244608,9051
35,0.353553385,6,30.001895691,0,4936.443000961,4958.263505719,313.351147249,6275
35,0.353553385,7,30.001396199,0,5087.017184339,5103.061564085,285.233811319,8163
35,0.353553385,8,30.014577651,0,5416.735710102,5445.168474906,318.250958352,3053
35,0.353553385,9,30.001379107,0,6513.158395762,6535.728207307,331.972683126,6700
35,0.353553385,10,30.002311883,0,5612.000270968,5630.943662208,315.215735699,6340
35,0.353553385,11,30.003105097,0,5402.933457258,5423.412271314,337.215418879,20180
35,0.353553385,12,3.543322572,1,4538.192745991,4548.816358595,285.728817635,2032
35,0.353553385,13,30.001178233,0,5233.039382861,5251.127288805,309.813702288,9505
35,0.353553385,14,30.002168224,0,5652.342716832,5674.339474327,359.125835215,9233
35,0.353553385,15,30.002330899,0,5540.429900185,5560.256750601,317.093109548,6981
35,0.353553385,16,30.003311244,0,4564.903297518,4579.472239764,274.091318586,10580
35,0.353553385,17,30.005796193,0,4862.47170637,4886.463404034,298.42569418,6331
35,0.353553385,18,30.007403991,0,4890.558525667,4911.479354437,279.152084365,7843
35,0.353553385,19,30.004794086,0,4940.161605498,4953.250946647,310.068178054,7368
35,0.353553385,20,30.000834423,0,5302.148758127,5318.601161359,273.850191679,8615
35,0.353553385,21,30.000822132,0,4884.401707798,4896.459537586,271.185020974,7614
35,0.353553385,22,30.00335012,0,4969.254698044,4992.193195795,288.976316713,9126
35,0.353553385,23,30.002533372,0,5294.511142999,5343.343221726,311.207022084,10217
35,0.353553385,24,30.001567507,0,4979.585598864,4995.304459302,309.897799681,6952
35,0.353553385,25,30.00286493,0,5863.660606378,5879.658232827,302.825210525,9430
36,0.353553385,1,30.002643968,0,5071.406306984,5092.665691403,296.621812989,7847
36,0.353553385,2,30.002092044,0,5399.437230963,5419.848743441,306.272425508,12957
36,0.353553385,3,30.006674009,0,5424.375130638,5440.071699021,304.27128613,7735
36,0.353553385,4,30.002142043,0,5411.604687782,5431.676895286,280.45204447,10996
36,0.353553385,5,30.004172648,0,4877.394781874,4893.570762429,281.385730311,8600
36,0.353553385,6,30.006980222,0,4971.480667565,4992.109592949,313.351147249,6232
36,0.353553385,7,30.002075368,0,5258.941450646,5275.064759085,285.233811319,7985
36,0.353553385,8,30.004222351,0,5580.608228559,5607.321506267,319.073487428,3180
36,0.353553385,9,30.009622194,0,6550.376511988,6571.820154871,331.53704283,6553
36,0.353553385,10,30.005134403,0,5741.262545027,5761.429604059,315.54473075,7075
36,0.353553385,11,30.000198891,0,5625.155798359,5646.199871983,337.530882378,19811
36,0.353553385,12,17.933273693,1,4656.643137438,4668.027161153,285.728817635,15586
36,0.353553385,13,30.00086661,0,5398.618633944,5416.83133635,309.813702288,9997
36,0.353553385,14,30.000627878,0,5730.963477175,5753.873395202,359.125835215,9116
36,0.353553385,15,30.001565799,0,5728.713289624,5748.699630975,318.772299135,6835
36,0.353553385,16,30.0030454,0,4719.472116116,4733.996879116,274.091318586,10230
36,0.353553385,17,30.000553763,0,5050.361997021,5074.673527735,297.616976898,6296
36,0.353553385,18,30.000687691,0,5101.052117821,5122.233016562,279.360324954,7531
36,0.353553385,19,30.002297522,0,5040.581213116,5053.60721772,310.027970249,7225
36,0.353553385,20,30.004016409,0,5363.908984501,5379.702324626,274.723279711,8523
36,0.353553385,21,30.001797677,0,5045.257975166,5057.306264297,270.806402012,7491
36,0.353553385,22,30.004205934,0,5070.925628278,5094.376624935,285.477637577,8982
36,0.353553385,23,30.001014464,0,5560.006821688,5609.226807271,310.349017683,9436
36,0.353553385,24,30.000323753,0,5152.381667339,5167.650829455,309.689559091,6691
36,0.353553385,25,30.000603403,0,6051.843992722,6067.371176373,302.825210525,9334
37,0.353553385,1,30.00182832,0,5092.713230334,5112.266183582,295.400596309,7773
37,0.353553385,2,30.000123242,0,5470.341582459,5490.952194507,306.576029937,16608
37,0.353553385,3,30.002256825,0,5669.461943949,5688.128116036,302.146177675,7822
37,0.353553385,4,30.002327017,0,5517.417299617,5538.235807904,280.45204447,10869
37,0.353553385,5,30.006096093,0,4899.717607351,4916.036213879,281.385730311,8610
37,0.353553385,6,30.002046186,0,5168.570175442,5193.078458047,313.351147249,5861
37,0.353553385,7,30.002198704,0,5393.135625346,5409.395395334,283.971959148,7922
37,0.353553385,8,30.011925203,0,5837.170902925,5865.057176572,320.058831717,2968
37,0.353553385,9,30.004417287,0,6792.635603358,6816.319448397,331.972683126,5837
37,0.353553385,10,30.005225292,0,5824.656914428,5844.891745049,315.54473075,6637
37,0.353553385,11,30.001772808,0,5794.703056377,5818.744950055,337.457493283,16294
37,0.353553385,12,30.000324785,0,4834.089265152,4845.143514764,285.728817635,23792
37,0.353553385,13,30.002509195,0,5413.315140006,5430.36818769,309.813702288,9902
37,0.353553385,14,30.000409711,0,5818.078604767,5841.348590275,359.201902757,8321
37,0.353553385,15,30.005347913,0,5913.948776833,5932.991103805,315.734792954,6688
37,0.353553385,16,30.000419804,0,4809.78789828,4824.741196814,274.55306776,9642
37,0.353553385,17,30.002019095,0,5232.869604871,5256.972973772,298.42569418,6142
37,0.353553385,18,30.004615062,0,5400.305112477,5425.346051497,304.21868267,6907
37,0.353553385,19,30.001890955,0,5183.565112238,5196.467013183,310.236210838,6540
37,0.353553385,20,30.002915668,0,5654.408870915,5671.316697136,290.499886414,7957
37,0.353553385,21,30.001818359,0,5109.665196491,5121.420667054,271.185020974,7373
37,0.353553385,22,30.007404639,0,5149.54308681,5176.742647562,285.477637577,8903
37,0.353553385,23,30.001441329,0,5577.24904368,5626.469029263,310.349017683,9435
37,0.353553385,24,30.005097972,0,5256.796647365,5272.669049781,309.897799681,6708
37,0.353553385,25,30.003943287,0,6187.137419358,6203.468087047,302.825210525,8424
38,0.353553385,1,30.003569691,0,5237.777692388,5258.82031486,296.621812989,7437
38,0.353553385,2,30.000616684,0,5700.981206027,5721.223000339,306.576029937,12731
38,0.353553385,3,30.00072917,0,5785.337395638,5803.809330448,302.146177675,7652
38,0.353553385,4,30.001147785,0,5565.318008622,5586.328203663,280.45204447,10195
38,0.353553385,5,30.000886925,0,5152.280944026,5170.856032759,281.544529385,8617
38,0.353553385,6,30.004415159,0,5398.86133289,5423.334327282,313.351147249,5754
38,0.353553385,7,30.003346811,0,5549.303648393,5566.719378375,285.233811319,7640
38,0.353553385,8,30.000303699,0,6077.07734497,6104.587722838,320.058831717,2812
38,0.353553385,9,30.000389075,0,7128.133277201,7150.653859408,335.497673843,5306
38,0.353553385,10,30.005959313,0,6012.260195579,6034.017830157,314.78563738,6440
38,0.353553385,11,30.001457346,0,5922.163503532,5946.14410402,337.457493283,15669
38,0.353553385,12,30.000072471,0,4903.320975878,4914.26110896,285.728817635,23082
38,0.353553385,13,30.001473538,0,5591.070280412,5610.258991051,311.374451071,9436
38,0.353553385,14,30.001741842,0,5961.667549378,5985.146513571,359.125835215,8828
38,0.353553385,15,30.007253702,0,6118.561182039,6138.361882989,315.215735699,5870
38,0.353553385,16,30.000402143,0,4932.361945412,4947.314578734,274.514676313,9793
38,0.353553385,17,30.000423921,0,5411.932372364,5436.730225296,298.090715628,4619
38,0.353553385,18,30.000126656,0,5593.011831646,5618.737386284,304.625771148,7083
38,0.353553385,19,30.005379683,0,5365.139915025,5377.995340557,309.689559091,6846
38,0.353553385,20,30.000783206,0,5754.828478533,5772.065316886,290.499886414,8469
38,0.353553385,21,30.000604011,0,5142.031806492,5152.922947752,271.185020974,7460
38,0.353553385,22,30.005526945,0,5309.363941223,5334.572916135,285.477637577,7386
38,0.353553385,23,30.001669787,0,5729.230717197,5778.34457397,311.486730016,8866
38,0.353553385,24,30.001048208,0,5552.521039284,5569.488692811,309.897799681,6381
38,0.353553385,25,30.002784912,0,6354.821343249,6370.055131901,302.825210525,7400
39,0.353553385,1,30.0018942,0,5347.542581445,5368.493366633,296.621812989,7383
39,0.353553385,2,30.001181817,0,5893.926862721,5918.375026441,306.272425508,8963
39,0.353553385,3,30.004509838,0,6025.243837683,6044.250527254,303.133573798,7395
39,0.353553385,4,30.000369049,0,5795.843553733,5816.663941514,280.45204447,9759
39,0.353553385,5,30.001764911,0,5361.464541949,5385.13850804,282.099653108,7738
39,0.353553385,6,30.004820316,0,5510.787671957,5535.103754087,313.351147249,5807
39,0.353553385,7,30.005936929,0,5568.319194693,5585.505729823,285.233811319,7146
39,0.353553385,8,30.012155789,0,6333.68852002,6360.347592927,315.727738247,2593
39,0.353553385,9,30.002049351,0,7433.218782787,7456.991656007,335.497673843,4967
39,0.353553385,10,30.000293746,0,6212.224480663,6233.80225822,314.78563738,6468
39,0.353553385,11,30.002600102,0,6051.193248197,6079.185361606,336.88288914,11904
39,0.353553385,12,30.000761372,0,5123.879828293,5134.490808866,285.728817635,22185
39,0.353553385,13,30.00023586,0,5635.117997794,5654.270215643,309.813702288,9450
39,0.353553385,14,30.00049605,0,6210.182984737,6232.663301469,359.125835215,7784
39,0.353553385,15,30.013913467,0,6195.390778109,6216.669714965,317.719293372,5748
39,0.353553385,16,30.000318306,0,5214.889812193,5229.484468451,282.527866781,9836
39,0.353553385,17,30.000369401,0,5599.449681659,5624.57724964,298.42569418,4655
39,0.353553385,18,30.006130714,0,5842.588670057,5868.110478413,304.547677721,6220
39,0.353553385,19,30.000608116,0,5399.109296964,5413.998709806,311.034427828,7483
39,0.353553385,20,30.000806752,0,5889.23705238,5906.768522467,290.654588684,8284
39,0.353553385,21,30.006092758,0,5304.306754354,5315.425473973,271.185020974,7930
39,0.353553385,22,30.001854951,0,5515.978581925,5538.321920884,280.580292868,6409
39,0.353553385,23,30.006679198,0,5865.124505693,5913.012814943,309.795533573,6176
39,0.353553385,24,30.000835993,0,5748.812194487,5765.565003775,310.364662557,6416
39,0.353553385,25,30.0015049,0,6418.326220747,6434.665572237,302.825210525,6972
40,0.353553385,1,30.000838331,0,5446.763871592,5467.783428765,296.621812989,7401
40,0.353553385,2,30.000234017,0,6046.012092953,6070.989242253,306.576029937,7991
40,0.353553385,3,30.002909515,0,6105.229273124,6124.746179399,302.146177675,7602
40,0.353553385,4,30.002222466,0,5877.996232702,5898.513983906,280.45204447,9219
40,0.353553385,5,30.000736787,0,5487.286287659,5510.631614287,282.099653108,7548
40,0.353553385,6,30.006108155,0,5653.052809148,5677.362804873,313.351147249,5760
40,0.353553385,7,30.004647213,0,5721.303299706,5736.994826812,283.906036783,6957
40,0.353553385,8,30.007028796,0,6428.711957735,6458.08344117,317.738911421,2534
40,0.353553385,9,30.008574714,0,7592.036987096,7616.71318099,335.497673843,4622
40,0.353553385,10,30.00031038,0,6314.16323229,6335.48215834,315.020339815,6192
40,0.353553385,11,30.001702841,0,6103.120866168,6131.037151821,337.457493283,11373
40,0.353553385,12,30.004886954,0,5258.074002993,5268.742535179,285.728817635,14831
40,0.353553385,13,30.007301268,0,5649.712003399,5668.869121552,311.154743243,8777
40,0.353553385,14,30.001628785,0,6435.738917902,6459.986738324,359.125835215,7367
40,0.353553385,15,30.003200323,0,6300.880792616,6320.541034756,315.114125532,5503
40,0.353553385,16,30.000998774,0,5310.767272168,5325.619350926,282.635881444,9310
40,0.353553385,17,30.010608932,0,5819.98100663,5845.318162052,298.754689231,4568
40,0.353553385,18,30.007590493,0,6026.224095916,6052.595408579,305.650483451,6509
40,0.353553385,19,30.000349034,0,5589.941857834,5604.293024972,311.034427828,6592
40,0.353553385,20,30.001527967,0,6032.052167922,6049.203395469,290.499886414,7733
40,0.353553385,21,30.000277221,0,5337.174940124,5348.326024585,271.185020974,7657
40,0.353553385,22,30.003294409,0,5677.527514474,5709.604643497,284.874813048,6288
40,0.353553385,23,30.003031017,0,6022.883344261,6074.489556093,311.486730016,6386
40,0.353553385,24,30.005972298,0,5869.626234015,5886.543913158,310.364662557,6474
40,0.353553385,25,30.004757647,0,6447.893816518,6464.604583442,302.825210525,6719
