3,0.353553,1,0.00254155,1,457.729,457.729,225.743,1,0,
3,0.353553,2,0.000915289,1,214.072,214.072,154.184,1,0,
3,0.353553,3,0.00385051,1,552.467,552.467,251.024,1,0,
3,0.353553,4,0.00363483,1,600.252,600.252,230.095,1,0,
3,0.353553,5,0.00306597,1,478.101,478.101,188.168,1,0,
3,0.353553,6,0.00376231,1,557.17,557.17,236.613,1,0,
3,0.353553,7,0.00332633,1,518.693,518.693,193.241,1,0,
3,0.353553,8,0.00347537,1,491.206,491.206,259.566,1,0,
3,0.353553,9,0.00270105,1,428.006,428.006,270.465,1,0,
3,0.353553,10,0.00494989,1,639.611,639.611,282.531,1,0,
3,0.353553,11,0.00181467,1,354.63,354.63,153.996,1,0,
3,0.353553,12,0.0025411,1,409.361,409.361,193.153,1,0,
3,0.353553,13,0.00134444,1,240.481,240.481,179.578,1,0,
3,0.353553,14,0.00233411,1,413.244,413.244,205.913,1,0,
3,0.353553,15,0.00382049,1,574.732,574.732,211.49,1,0,
3,0.353553,16,0.00447388,1,643.894,643.894,262.404,1,0,
3,0.353553,17,0.0022805,1,312.941,312.941,223.156,1,0,
3,0.353553,18,0.00147313,1,316.566,316.566,167.213,1,0,
3,0.353553,19,0.00470659,1,601.297,601.297,298.928,1,0,
3,0.353553,20,0.00119625,1,282.715,282.715,148.401,1,0,
3,0.353553,21,0.00383208,1,557.333,557.333,242.235,1,0,
3,0.353553,22,0.00213226,1,343.937,343.937,157.955,1,0,
3,0.353553,23,0.00281404,1,478.992,478.992,233.237,1,0,
3,0.353553,24,0.000957829,1,262.077,262.077,102.418,1,0,
3,0.353553,25,0.00312627,1,499.836,499.836,200.171,1,0,
4,0.353553,1,0.00491303,1,741.746,741.746,284.017,1,0,
4,0.353553,2,0.0012919,1,292.498,292.498,154.184,1,0,
4,0.353553,3,0.00513729,1,750.354,750.354,251.024,1,0,
4,0.353553,4,3.28777,1,746.169,746.906,230.584,772,0,
4,0.353553,5,0.00340319,1,590.243,590.243,188.168,1,0,
4,0.353553,6,0.00369617,1,571.373,571.373,236.613,1,0,
4,0.353553,7,0.00299915,1,612.36,612.36,193.241,1,0,
4,0.353553,8,0.00548057,1,671.68,671.68,259.566,1,0,
4,0.353553,9,0.00382477,1,514.442,514.442,270.465,1,0,
4,0.353553,10,0.00522582,1,681.483,681.483,282.531,1,0,
4,0.353553,11,0.00241072,1,494.397,494.397,153.996,1,0,
4,0.353553,12,0.00306215,1,522.984,522.984,193.153,1,0,
4,0.353553,13,0.0025692,1,461.328,461.328,220.847,1,0,
4,0.353553,14,0.00283571,1,583.039,583.039,205.913,1,0,
4,0.353553,15,0.010123,1,790.056,790.093,215.362,2,0,
4,0.353553,16,0.00478687,1,756.415,756.415,262.404,1,0,
4,0.353553,17,0.607182,1,406.873,407.393,223.677,13,0,
4,0.353553,18,0.0020403,1,435.016,435.016,167.213,1,0,
4,0.353553,19,0.00491632,1,742.942,742.942,298.928,1,0,
4,0.353553,20,0.00202074,1,420.277,420.277,148.401,1,0,
4,0.353553,21,0.00456379,1,751.342,751.342,242.235,1,0,
4,0.353553,22,0.00250933,1,479.67,479.67,157.955,1,0,
4,0.353553,23,0.170802,1,690.996,691.468,233.709,25,0,
4,0.353553,24,0.00119713,1,352.339,352.339,102.418,1,0,
4,0.353553,25,0.00424198,1,666.555,666.555,200.171,1,0,
5,0.353553,1,0.0956352,1,772.953,773.445,284.017,105,0,
5,0.353553,2,0.00192371,1,444.475,444.475,154.184,1,0,
5,0.353553,3,0.00533519,1,793.812,793.812,251.024,1,0,
5,0.353553,4,3.38795,1,888.504,889.241,230.584,772,0,
5,0.353553,5,0.00465397,1,766.325,766.325,188.168,1,0,
5,0.353553,6,0.00549934,1,761.049,761.049,236.613,1,0,
5,0.353553,7,0.00593359,1,886.23,886.23,273.869,1,0,
5,0.353553,8,0.0053788,1,741.293,741.293,259.566,1,0,
5,0.353553,9,0.391343,1,592.387,592.844,270.922,11,0,
5,0.353553,10,0.00576802,1,800.222,800.222,282.531,1,0,
5,0.353553,11,0.00237777,1,554.474,554.474,153.996,1,0,
5,0.353553,12,0.317208,1,671.978,672.356,193.486,39,0,
5,0.353553,13,0.00288453,1,556.588,556.588,220.847,1,0,
5,0.353553,14,0.00324735,1,653.425,653.425,205.913,1,0,
5,0.353553,15,4.87222,1,1044.12,1044.6,254.105,800,0,
5,0.353553,16,4.50388,1,811.814,814.158,263.269,69,0,
5,0.353553,17,2.60712,1,634.538,635.564,227.699,561,0,
5,0.353553,18,0.00326387,1,622.187,622.187,187.171,1,0,
5,0.353553,19,0.0108699,1,853.071,853.235,298.928,4,0,
5,0.353553,20,0.00341991,1,636.448,636.448,216.171,1,0,
5,0.353553,21,0.00627769,1,973.847,973.847,242.235,1,0,
5,0.353553,22,0.00365916,1,683.446,683.446,203.775,1,0,
5,0.353553,23,0.172734,1,801.608,802.08,233.709,25,0,
5,0.353553,24,0.00393939,1,653.424,653.424,301.084,1,0,
5,0.353553,25,0.00427756,1,719.147,719.147,200.171,1,0,
6,0.353553,1,30.0015,0,969.1,969.571,284.017,13048,0,
6,0.353553,2,0.00493812,1,725.84,725.84,281.365,1,0,
6,0.353553,3,0.00815235,1,1058.41,1058.41,264.599,1,0,
6,0.353553,4,3.46238,1,1023.8,1024.53,230.584,772,0,
6,0.353553,5,0.00650943,1,958.199,958.199,191.874,1,0,
6,0.353553,6,0.00820853,1,1064.13,1064.13,303.079,1,0,
6,0.353553,7,0.37787,1,1038.51,1038.89,274.202,39,0,
6,0.353553,8,6.66955,1,972.65,973.071,259.632,771,0,
6,0.353553,9,4.63921,1,832.566,833.903,270.922,237,0,
6,0.353553,10,0.00690093,1,979.685,979.685,282.531,1,0,
6,0.353553,11,0.00437,1,766.554,766.554,212.08,1,0,
6,0.353553,12,0.319919,1,691.932,692.31,193.486,39,0,
6,0.353553,13,0.0138042,1,736.184,736.198,220.847,4,0,
6,0.353553,14,0.0618777,1,840.11,840.174,205.913,22,0,
6,0.353553,15,20.9945,1,1295.91,1296.63,254.105,2828,0,
6,0.353553,16,4.49453,1,912.214,914.558,263.269,69,0,
6,0.353553,17,2.69434,1,803.964,804.99,227.699,561,0,
6,0.353553,18,0.00437927,1,765.92,765.92,187.171,1,0,
6,0.353553,19,0.012161,1,912.533,912.698,298.928,4,0,
6,0.353553,20,0.00522778,1,811.323,811.323,216.171,1,0,
6,0.353553,21,0.00684853,1,1044.56,1044.56,242.235,1,0,
6,0.353553,22,0.00518675,1,870.723,870.723,203.775,1,0,
6,0.353553,23,0.177312,1,852.695,853.167,233.709,25,0,
6,0.353553,24,0.00481086,1,747.352,747.352,301.084,1,0,
6,0.353553,25,0.00529531,1,766.596,766.596,200.171,1,0,
7,0.353553,1,30.0004,0,1146.43,1146.9,284.017,12820,0,
7,0.353553,2,0.0111925,1,877.442,877.454,281.365,3,0,
7,0.353553,3,0.00864015,1,1170.39,1170.39,264.599,1,0,
7,0.353553,4,3.30222,1,1093.77,1094.51,230.584,772,0,
7,0.353553,5,0.00716433,1,1080.19,1080.19,191.874,1,0,
7,0.353553,6,0.0103272,1,1266.95,1266.95,303.079,1,0,
7,0.353553,7,9.81447,1,1292.67,1293.66,274.53,762,0,
7,0.353553,8,6.5681,1,1148.51,1148.94,259.632,771,0,
7,0.353553,9,4.60756,1,1022.36,1023.69,270.922,237,0,
7,0.353553,10,0.00732594,1,1000.8,1000.8,282.531,1,0,
7,0.353553,11,0.115067,1,902.632,903.066,212.08,61,0,
7,0.353553,12,0.324571,1,754.21,754.588,193.486,39,0,
7,0.353553,13,0.0138326,1,819.102,819.116,220.847,4,0,
7,0.353553,14,0.0626797,1,884.573,884.636,205.913,22,0,
7,0.353553,15,21.0817,1,1432.22,1432.94,254.105,2828,0,
7,0.353553,16,30.0306,0,1033.54,1035.89,263.241,462,0,
7,0.353553,17,2.64539,1,941.832,942.859,227.699,561,0,
7,0.353553,18,0.00462377,1,836.73,836.73,187.171,1,0,
7,0.353553,19,0.0117041,1,1012.83,1012.99,298.928,4,0,
7,0.353553,20,0.00698177,1,1036.96,1036.96,225.633,1,0,
7,0.353553,21,0.00779289,1,1176.82,1176.82,242.235,1,0,
7,0.353553,22,0.00634192,1,1012.94,1012.94,203.775,1,0,
7,0.353553,23,0.176157,1,878.517,878.989,233.709,25,0,
7,0.353553,24,0.0072776,1,1051.37,1051.37,304.018,1,0,
7,0.353553,25,0.00738168,1,1052.73,1052.73,286.135,1,0,
8,0.353553,1,30.0032,0,1253.62,1254.09,284.017,12643,0,
8,0.353553,2,0.0115928,1,944.701,944.713,281.365,3,0,
8,0.353553,3,0.00973202,1,1265.89,1265.89,264.599,1,0,
8,0.353553,4,3.38682,1,1192.53,1193.27,230.584,772,0,
8,0.353553,5,0.00736748,1,1199.97,1199.97,191.874,1,0,
8,0.353553,6,0.0102836,1,1399.09,1399.09,303.079,1,0,
8,0.353553,7,10.0611,1,1361.2,1362.19,274.53,762,0,
8,0.353553,8,6.70526,1,1346.74,1347.16,259.632,771,0,
8,0.353553,9,30.0036,0,1227.46,1229.35,271.002,1196,0,
8,0.353553,10,0.0194225,1,1128.69,1128.71,282.554,4,0,
8,0.353553,11,0.116732,1,1155.67,1156.1,253.036,61,0,
8,0.353553,12,0.318468,1,837.351,837.729,193.198,39,0,
8,0.353553,13,0.0151179,1,983.308,983.323,220.847,4,0,
8,0.353553,14,2.44632,1,1180.01,1180.14,295.507,37,0,
8,0.353553,15,28.0476,1,1542.8,1543.56,254.105,3645,0,
8,0.353553,16,30.0021,0,1107.08,1109.43,263.269,459,0,
8,0.353553,17,9.32013,1,1088.69,1089.8,227.699,2207,0,
8,0.353553,18,0.00486277,1,902.091,902.091,187.171,1,0,
8,0.353553,19,0.0495347,1,1181.72,1182.08,298.928,27,0,
8,0.353553,20,0.00732521,1,1114.07,1114.07,225.633,1,0,
8,0.353553,21,0.0107037,1,1435.97,1435.97,259.149,1,0,
8,0.353553,22,1.14215,1,1098.53,1098.64,203.775,19,0,
8,0.353553,23,0.176758,1,1111.76,1112.23,233.709,25,0,
8,0.353553,24,0.0084027,1,1260.57,1260.57,304.018,1,0,
8,0.353553,25,0.00737788,1,1139.8,1139.8,286.135,1,0,
9,0.353553,1,30.0035,0,1403.16,1403.64,284.017,13433,0,
9,0.353553,2,4.05154,1,1193.03,1193.5,281.368,646,0,
9,0.353553,3,0.0100099,1,1411.22,1411.22,264.599,1,0,
9,0.353553,4,3.32616,1,1456.56,1457.3,264.031,772,0,
9,0.353553,5,0.00892853,1,1421.93,1421.93,221.957,1,0,
9,0.353553,6,0.0107261,1,1446.84,1446.84,303.079,1,0,
9,0.353553,7,9.69379,1,1499.54,1500.53,274.53,762,0,
9,0.353553,8,6.55266,1,1387.79,1388.21,259.632,771,0,
9,0.353553,9,30.013,0,1333.54,1335.43,271.144,1183,0,
9,0.353553,10,0.0213326,1,1165.26,1165.28,282.554,4,0,
9,0.353553,11,30.0062,0,1429.09,1430.19,273.613,8644,0,
9,0.353553,12,24.5386,1,1019.58,1020.95,193.486,9241,0,
9,0.353553,13,0.0147811,1,1072.41,1072.43,220.847,4,0,
9,0.353553,14,2.49175,1,1300.68,1300.81,295.507,37,0,
9,0.353553,15,30.0047,0,1720.62,1721.39,254.238,3979,0,
9,0.353553,16,30.062,0,1266.49,1268.85,263.245,463,0,
9,0.353553,17,9.41357,1,1221.11,1222.23,227.699,2207,0,
9,0.353553,18,0.00687939,1,1136.18,1136.18,234.087,1,0,
9,0.353553,19,0.383454,1,1303.64,1304.06,298.928,190,0,
9,0.353553,20,0.686935,1,1377.6,1377.81,263.613,97,0,
9,0.353553,21,0.0188971,1,1526.42,1526.58,259.149,6,0,
9,0.353553,22,1.14167,1,1222.29,1222.4,203.775,19,0,
9,0.353553,23,0.209507,1,1259.4,1260.06,233.709,35,0,
9,0.353553,24,30.0028,0,1487.42,1488.02,304.018,7988,0,
9,0.353553,25,0.0104646,1,1417.17,1417.17,286.135,1,0,
10,0.353553,1,30.0003,0,1621.29,1621.76,284.017,13221,0,
10,0.353553,2,4.15895,1,1302.82,1303.29,281.368,646,0,
10,0.353553,3,0.0104974,1,1502.08,1502.08,264.599,1,0,
10,0.353553,4,16.0958,1,1621.29,1622.07,264.031,3537,0,
10,0.353553,5,0.0108045,1,1627.1,1627.1,221.957,1,0,
10,0.353553,6,0.971853,1,1644.64,1644.82,303.079,242,0,
10,0.353553,7,9.98199,1,1542.82,1543.81,274.53,762,0,
10,0.353553,8,6.63639,1,1511.95,1512.37,259.632,771,0,
10,0.353553,9,30.011,0,1584.82,1585.7,270.465,4439,0,
10,0.353553,10,0.260145,1,1268.39,1268.45,282.554,13,0,
10,0.353553,11,30.001,0,1626.39,1627.5,273.621,8746,0,
10,0.353553,12,30.0084,0,1208.09,1208.88,193.219,2914,0,
10,0.353553,13,0.0154776,1,1205.34,1205.36,220.847,4,0,
10,0.353553,14,2.47905,1,1530.74,1530.87,295.507,37,0,
10,0.353553,15,30.0114,0,1817.42,1818.19,254.371,4042,0,
10,0.353553,16,30.0841,0,1547.97,1550.68,282.143,465,0,
10,0.353553,17,9.37083,1,1286.09,1287.21,227.699,2207,0,
10,0.353553,18,0.0275014,1,1273.37,1273.42,234.087,15,0,
10,0.353553,19,8.8444,1,1392.83,1393.58,298.928,5745,0,
10,0.353553,20,0.696291,1,1520.3,1520.5,263.613,97,0,
10,0.353553,21,0.0816703,1,1735.14,1735.31,259.149,42,0,
10,0.353553,22,11.753,1,1538.58,1539.47,316.746,668,0,
10,0.353553,23,0.208514,1,1364.78,1365.44,233.709,35,0,
10,0.353553,24,30.0042,0,1648.44,1649.05,304.018,8080,0,
10,0.353553,25,0.0116797,1,1488.19,1488.19,286.135,1,0,
11,0.353553,1,30.0004,0,1681.15,1681.63,284.017,13297,0,
11,0.353553,2,4.14163,1,1437.34,1437.81,281.368,646,0,
11,0.353553,3,0.156403,1,1693.76,1693.92,264.755,34,0,
11,0.353553,4,15.9653,1,1769.12,1769.89,264.031,3537,0,
11,0.353553,5,0.0109586,1,1734.45,1734.45,221.957,1,0,
11,0.353553,6,0.962284,1,1779.62,1779.8,303.079,242,0,
11,0.353553,7,9.75175,1,1637.33,1638.32,274.53,762,0,
11,0.353553,8,6.73787,1,1597.85,1598.27,259.632,771,0,
11,0.353553,9,30.0004,0,1663.81,1664.7,270.467,4435,0,
11,0.353553,10,0.266404,1,1471.26,1471.32,282.554,13,0,
11,0.353553,11,30.0008,0,1723.33,1724.44,273.85,9226,0,
11,0.353553,12,30.0032,0,1257.37,1258.16,193.587,2962,0,
11,0.353553,13,0.0174001,1,1426.91,1426.92,221.568,4,0,
11,0.353553,14,4.90892,1,1609.23,1609.48,295.568,67,0,
11,0.353553,15,30.0689,0,1871.75,1872.51,254.105,3725,0,
11,0.353553,16,30.0316,0,1684.02,1686.7,282.145,459,0,
11,0.353553,17,9.63067,1,1480.96,1482.11,227.699,2256,0,
11,0.353553,18,0.0294061,1,1442.26,1442.31,234.087,15,0,
11,0.353553,19,30.0009,0,1598.68,1599.57,298.928,19633,0,
11,0.353553,20,4.86455,1,1724.8,1725.5,263.613,502,0,
11,0.353553,21,0.585577,1,2021.5,2021.96,286.359,156,0,
11,0.353553,22,30.0073,0,1760.52,1761.74,317.031,2161,0,
11,0.353553,23,0.213127,1,1534.5,1535.16,233.709,35,0,
11,0.353553,24,30.0113,0,1757.75,1758.65,304.018,8376,0,
11,0.353553,25,0.0126337,1,1710.96,1710.96,286.135,1,0,
12,0.353553,1,30.0082,0,1817.5,1817.97,284.017,13295,0,
12,0.353553,2,4.2383,1,1496.53,1497,281.368,646,0,
12,0.353553,3,0.158075,1,1777.62,1777.77,264.755,34,0,
12,0.353553,4,30.0024,0,1983.59,1984.57,264.031,4724,0,
12,0.353553,5,0.0119404,1,1858.01,1858.01,221.957,1,0,
12,0.353553,6,30.0055,0,1940.81,1941.26,303.235,7144,0,
12,0.353553,7,9.89072,1,1742.54,1743.53,274.53,762,0,
12,0.353553,8,30.0017,0,1782.52,1783.15,259.66,3473,0,
12,0.353553,9,30.0013,0,1754.47,1755.35,270.465,4412,0,
12,0.353553,10,0.275286,1,1483.42,1483.48,282.554,13,0,
12,0.353553,11,30.0001,0,1889.26,1890.33,273.574,5687,0,
12,0.353553,12,30.0153,0,1463.97,1464.76,206.601,2958,0,
12,0.353553,13,0.0178728,1,1544.38,1544.39,221.568,4,0,
12,0.353553,14,5.24819,1,1782.73,1783.11,295.568,148,0,
12,0.353553,15,30.0007,0,2040.02,2040.58,254.097,4520,0,
12,0.353553,16,30.0032,0,1898.53,1899.06,281.73,5276,0,
12,0.353553,17,17.2667,1,1576.46,1578.88,227.699,2293,0,
12,0.353553,18,0.0295848,1,1592.12,1592.17,234.087,15,0,
12,0.353553,19,30.0023,0,1727.99,1728.83,298.928,18367,0,
12,0.353553,20,4.84034,1,1833.88,1834.58,264.088,502,0,
12,0.353553,21,0.605908,1,2042.69,2043.16,286.359,156,0,
12,0.353553,22,30.0651,0,1923.81,1925.04,317.031,2199,0,
12,0.353553,23,0.212858,1,1623.25,1623.91,233.709,35,0,
12,0.353553,24,30.0013,0,1936.51,1936.99,304.018,9276,0,
12,0.353553,25,0.306526,1,1764.36,1764.39,286.135,14,0,
13,0.353553,1,30.0024,0,1880.33,1880.8,284.017,13275,0,
13,0.353553,2,30.0021,0,1741,1741.52,281.829,3605,0,
13,0.353553,3,0.558843,1,1949.53,1950.15,264.755,86,0,
13,0.353553,4,30.0061,0,2037.97,2038.94,264.031,4649,0,
13,0.353553,5,0.0126385,1,1999.03,1999.03,221.957,1,0,
13,0.353553,6,30.004,0,1988.6,1989.06,303.235,7262,0,
13,0.353553,7,23.5255,1,1822.56,1823.8,274.53,3327,0,
13,0.353553,8,30.0017,0,1852.22,1852.84,259.649,3282,0,
13,0.353553,9,30.0147,0,1851.28,1852.15,270.465,4351,0,
13,0.353553,10,0.268724,1,1546.53,1546.59,282.554,13,0,
13,0.353553,11,30.0022,0,1986.54,1987.61,273.621,5732,0,
13,0.353553,12,30.0065,0,1622.3,1623.09,206.601,2900,0,
13,0.353553,13,0.0200635,1,1782.35,1782.36,237.969,4,0,
13,0.353553,14,13.3853,1,1955.37,1955.8,295.568,383,0,
13,0.353553,15,30.0002,0,2255.52,2256.08,254.108,4525,0,
13,0.353553,16,30.0026,0,2047.09,2047.61,281.546,5255,0,
13,0.353553,17,17.3449,1,1687.85,1690.27,227.699,2293,0,
13,0.353553,18,0.0851575,1,1825.11,1825.17,234.087,37,0,
13,0.353553,19,30.0006,0,1778.53,1779.36,298.928,17751,0,
13,0.353553,20,5.03486,1,2029.16,2029.86,263.613,502,0,
13,0.353553,21,1.33072,1,2127.14,2127.67,286.359,596,0,
13,0.353553,22,30.0028,0,2195.92,2197.2,316.755,2134,0,
13,0.353553,23,18.7882,1,1780.53,1781.54,233.709,5773,0,
13,0.353553,24,30.0004,0,2194.72,2195.19,304.122,8988,0,
13,0.353553,25,0.308254,1,1975.82,1975.85,286.135,14,0,
14,0.353553,1,30.0072,0,2017.62,2018.09,284.017,12882,0,
14,0.353553,2,30.0015,0,1848.15,1848.63,281.422,3695,0,
14,0.353553,3,0.686411,1,2050.45,2051.08,264.755,108,0,
14,0.353553,4,30.0052,0,2051.37,2052.35,264.031,4801,0,
14,0.353553,5,0.0132375,1,2107.87,2107.87,221.957,1,0,
14,0.353553,6,30.0002,0,2008.87,2009.33,303.235,7122,0,
14,0.353553,7,30.0257,0,1965.68,1967,275.042,3089,0,
14,0.353553,8,30.001,0,2049.7,2050.31,259.566,3844,0,
14,0.353553,9,30.0036,0,2106.39,2107.26,270.465,4316,0,
14,0.353553,10,0.266731,1,1717.18,1717.24,282.554,13,0,
14,0.353553,11,30.0016,0,2082.15,2083.22,273.772,5652,0,
14,0.353553,12,30.0045,0,1760.55,1761.33,206.601,2886,0,
14,0.353553,13,0.0207085,1,1850.87,1850.89,237.969,4,0,
14,0.353553,14,30.0499,0,2091.69,2092.48,295.507,1273,0,
14,0.353553,15,30.0013,0,2414.78,2415.33,254.27,4506,0,
14,0.353553,16,30.0052,0,2096.68,2097.2,281.769,5260,0,
14,0.353553,17,30.008,0,1859.54,1863.32,227.693,724,0,
14,0.353553,18,0.396149,1,2011.87,2012.22,234.087,170,0,
14,0.353553,19,30.0011,0,1944.93,1945.77,298.928,17957,0,
14,0.353553,20,4.79989,1,2108.89,2109.59,263.613,502,0,
14,0.353553,21,1.31333,1,2328.68,2329.21,286.359,596,0,
14,0.353553,22,30.0062,0,2475.38,2476.19,316.809,3235,0,
14,0.353553,23,18.6913,1,1856.29,1857.3,233.709,5773,0,
14,0.353553,24,30.0024,0,2431.31,2431.82,304.018,9044,0,
14,0.353553,25,0.30653,1,2096.69,2096.72,286.135,14,0,
15,0.353553,1,30.0001,0,2077.63,2078.1,284.017,13217,0,
15,0.353553,2,30.0039,0,2012.14,2012.61,281.529,4222,0,
15,0.353553,3,30.0022,0,2221.88,2222.96,264.665,7447,0,
15,0.353553,4,30.0014,0,2159.33,2160.31,264.031,4724,0,
15,0.353553,5,0.0139304,1,2223.69,2223.69,221.957,1,0,
15,0.353553,6,30.0037,0,2157.62,2158.07,303.235,7179,0,
15,0.353553,7,30.0042,0,2145.93,2147.24,274.689,3060,0,
15,0.353553,8,30.0109,0,2231.93,2232.54,260.135,3831,0,
15,0.353553,9,30.0028,0,2248.48,2249.35,270.465,4376,0,
15,0.353553,10,0.272162,1,1914.05,1914.11,282.554,13,0,
15,0.353553,11,30.0007,0,2271.65,2272.72,273.619,5685,0,
15,0.353553,12,30.0044,0,1917.94,1918.72,206.601,2869,0,
15,0.353553,13,0.0220023,1,1922.27,1922.29,237.969,4,0,
15,0.353553,14,30.058,0,2153.4,2154.19,295.521,1313,0,
15,0.353553,15,30.0057,0,2654.37,2655.37,254.187,3987,0,
15,0.353553,16,30.0027,0,2195.93,2196.46,281.518,5309,0,
15,0.353553,17,30.0541,0,2103.39,2106.45,244.319,336,0,
15,0.353553,18,3.38944,1,2185.29,2185.72,234.087,1139,0,
15,0.353553,19,30.0008,0,2025.03,2025.87,298.928,17816,0,
15,0.353553,20,4.79313,1,2286.94,2287.63,263.613,502,0,
15,0.353553,21,4.47318,1,2486.98,2487.6,286.359,1895,0,
15,0.353553,22,30.0049,0,2631.72,2632.53,316.412,3208,0,
15,0.353553,23,18.7061,1,1952.27,1953.28,233.709,5773,0,
15,0.353553,24,30.0025,0,2544.71,2545.22,304.122,8956,0,
15,0.353553,25,1.11436,1,2312.9,2313.49,286.135,144,0,
16,0.353553,1,30.0003,0,2258.09,2258.57,284.017,13024,0,
16,0.353553,2,30.0056,0,2212.04,2212.52,281.419,4211,0,
16,0.353553,3,30.0008,0,2442.31,2443.26,264.599,4656,0,
16,0.353553,4,30.0024,0,2276.03,2277,264.031,4511,0,
16,0.353553,5,0.0160145,1,2404.97,2404.97,221.957,1,0,
16,0.353553,6,30.0015,0,2307.95,2308.41,303.079,7104,0,
16,0.353553,7,30.0027,0,2313.72,2314.63,274.332,2343,0,
16,0.353553,8,30.0019,0,2349.06,2349.66,259.632,3835,0,
16,0.353553,9,30.0002,0,2438.85,2439.72,270.468,4350,0,
16,0.353553,10,0.279121,1,1946.23,1946.29,282.554,13,0,
16,0.353553,11,30.0028,0,2562.86,2563.93,291.21,5666,0,
16,0.353553,12,30.0139,0,2126.35,2127.13,208.409,2718,0,
16,0.353553,13,0.205952,1,2149.76,2149.8,237.969,5,0,
16,0.353553,14,30.0038,0,2375.2,2375.88,295.785,1053,0,
16,0.353553,15,30.0015,0,2720.87,2721.87,254.108,4080,0,
16,0.353553,16,30.0048,0,2482.39,2483.61,287.212,4741,0,
16,0.353553,17,30.0678,0,2162.33,2165.4,244.319,340,0,
16,0.353553,18,30.0002,0,2446.01,2446.37,260.788,5736,0,
16,0.353553,19,30.0014,0,2057.33,2058.17,298.928,17731,0,
16,0.353553,20,4.83408,1,2443.36,2444.06,263.613,502,0,
16,0.353553,21,4.5233,1,2579.49,2580.11,286.359,1895,0,
16,0.353553,22,30.0011,0,2767.75,2768.56,316.807,3197,0,
16,0.353553,23,18.6839,1,2130.76,2131.77,233.709,5773,0,
16,0.353553,24,30.0014,0,2680.73,2681.23,304.122,8954,0,
16,0.353553,25,1.10486,1,2359.98,2360.57,286.135,144,0,
17,0.353553,1,30.0006,0,2401.46,2401.93,284.017,12961,0,
17,0.353553,2,30.0033,0,2354.2,2354.67,281.536,4100,0,
17,0.353553,3,30.0037,0,2711.14,2712.18,269.344,4637,0,
17,0.353553,4,30.0038,0,2503.99,2504.39,264.031,5208,0,
17,0.353553,5,0.0159081,1,2469.68,2469.68,221.957,1,0,
17,0.353553,6,30.003,0,2527.89,2528.34,303.235,7048,0,
17,0.353553,7,30.0056,0,2445.32,2446.22,274.359,2317,0,
17,0.353553,8,30.002,0,2414.3,2414.91,259.614,3897,0,
17,0.353553,9,30.0098,0,2571.7,2572.58,270.465,4372,0,
17,0.353553,10,0.27925,1,2139.73,2139.79,282.554,13,0,
17,0.353553,11,30.0053,0,2823.42,2824.07,291.21,3361,0,
17,0.353553,12,30.0016,0,2248.11,2248.89,208.409,2659,0,
17,0.353553,13,0.544581,1,2393.13,2393.64,243.842,59,0,
17,0.353553,14,30.0241,0,2529.18,2529.87,295.522,1039,0,
17,0.353553,15,30.0139,0,3002.6,3003.48,281.973,3247,0,
17,0.353553,16,30.0097,0,2618.36,2619.6,286.943,5374,0,
17,0.353553,17,30.0226,0,2243.18,2246.24,244.319,339,0,
17,0.353553,18,30.0053,0,2519.13,2519.5,260.888,6000,0,
17,0.353553,19,30.0014,0,2213.6,2214.43,298.928,17286,0,
17,0.353553,20,5.09864,1,2625.88,2626.57,263.613,502,0,
17,0.353553,21,4.54842,1,2603.17,2603.78,286.359,1895,0,
17,0.353553,22,30.0071,0,2953.53,2954.35,316.814,3212,0,
17,0.353553,23,18.4759,1,2297.92,2298.93,233.709,5773,0,
17,0.353553,24,30.0154,0,2926.16,2927.6,304.018,2280,0,
17,0.353553,25,1.09727,1,2401.82,2402.41,286.135,144,0,
18,0.353553,1,30.0039,0,2516.14,2516.6,284.017,12567,0,
18,0.353553,2,30.0018,0,2576.26,2576.73,281.39,4097,0,
18,0.353553,3,30.0021,0,2838.75,2839.79,269.124,4587,0,
18,0.353553,4,30.0008,0,2575.59,2575.99,264.031,5268,0,
18,0.353553,5,0.016784,1,2635.67,2635.67,221.957,1,0,
18,0.353553,6,30.0034,0,2777,2778.26,303.079,5688,0,
18,0.353553,7,30.0061,0,2630.56,2631.48,274.332,2374,0,
18,0.353553,8,30.0028,0,2649.33,2650.13,259.612,2922,0,
18,0.353553,9,30.0121,0,2626.48,2627.34,270.465,4247,0,
18,0.353553,10,0.540702,1,2298.62,2298.69,282.554,23,0,
18,0.353553,11,30.0078,0,2939.99,2940.64,291.21,3335,0,
18,0.353553,12,30.0019,0,2484.16,2484.95,236.052,2711,0,
18,0.353553,13,30.1051,0,2661.8,2662.61,268.983,906,0,
18,0.353553,14,30.0338,0,2589.4,2590.09,295.785,1059,0,
18,0.353553,15,30.0066,0,3088.5,3089.38,281.973,3263,0,
18,0.353553,16,30.0003,0,2756.34,2757.57,286.943,5380,0,
18,0.353553,17,30.0763,0,2376.44,2379.47,244.319,330,0,
18,0.353553,18,30.0044,0,2684.72,2685.06,260.788,5804,0,
18,0.353553,19,30.0127,0,2228.34,2229.17,298.928,16390,0,
18,0.353553,20,30.0083,0,2890.16,2891.13,264.299,4202,0,
18,0.353553,21,30.0054,0,2649.5,2650.07,286.651,2046,0,
18,0.353553,22,30.0141,0,3015.91,3016.73,316.869,3240,0,
18,0.353553,23,18.9332,1,2456.97,2457.98,233.709,5773,0,
18,0.353553,24,30.0089,0,2984.4,2985.84,304.018,2298,0,
18,0.353553,25,1.07599,1,2517.55,2518.14,286.135,144,0,
19,0.353553,1,30.0008,0,2704.85,2705.32,284.017,12738,0,
19,0.353553,2,30.0016,0,2738.26,2738.77,281.368,3618,0,
19,0.353553,3,30.002,0,3035.63,3036.67,268.881,4989,0,
19,0.353553,4,30.0075,0,2607.75,2608.16,264.031,5195,0,
19,0.353553,5,0.0174454,1,2796.6,2796.6,221.957,1,0,
19,0.353553,6,30.0004,0,2827.12,2828.39,303.235,5711,0,
19,0.353553,7,30.0237,0,2782.16,2783.07,274.524,2345,0,
19,0.353553,8,30.0102,0,2719.22,2720.02,260.008,2910,0,
19,0.353553,9,30.006,0,2823.02,2824.16,270.465,4126,0,
19,0.353553,10,1.35533,1,2391.85,2391.97,282.554,148,0,
19,0.353553,11,30.0084,0,3035.16,3035.81,291.21,3303,0,
19,0.353553,12,30.0045,0,2548.65,2549.43,236.052,2678,0,
19,0.353553,13,30.0625,0,2726.76,2727.57,268.983,907,0,
19,0.353553,14,30.0352,0,2691.97,2692.66,295.785,1060,0,
19,0.353553,15,30.0002,0,3224.62,3225.5,282.207,3297,0,
19,0.353553,16,30.0081,0,2818.84,2820.07,287.212,5220,0,
19,0.353553,17,30.0051,0,2466.7,2469.76,244.319,338,0,
19,0.353553,18,30.0058,0,2780.46,2780.79,260.751,5802,0,
19,0.353553,19,30.0001,0,2265.07,2265.9,298.928,16070,0,
19,0.353553,20,30.0079,0,2940.79,2941.75,264.299,4165,0,
19,0.353553,21,30.0015,0,2687.09,2687.66,286.363,2002,0,
19,0.353553,22,30.0003,0,3151.92,3152.74,316.797,3200,0,
19,0.353553,23,30.0008,0,2579.84,2580.95,233.709,9830,0,
19,0.353553,24,30.0115,0,3096.81,3098.24,304.018,2268,0,
19,0.353553,25,5.14642,1,2760.24,2761.36,286.135,515,0,
20,0.353553,1,30.0053,0,2750.75,2751.22,284.017,12882,0,
20,0.353553,2,30.0246,0,2828.36,2828.81,281.419,2533,0,
20,0.353553,3,30.0014,0,3189.39,3190.43,268.881,5014,0,
20,0.353553,4,30.0036,0,2774.28,2774.69,264.031,5280,0,
20,0.353553,5,0.0186035,1,2929.67,2929.67,221.957,1,0,
20,0.353553,6,30.0033,0,2985.19,2986.5,303.079,5803,0,
20,0.353553,7,30.014,0,2914.04,2914.97,274.524,2428,0,
20,0.353553,8,30.0095,0,2746.47,2747.27,259.982,2949,0,
20,0.353553,9,30.0021,0,3048.93,3050.01,270.471,4510,0,
20,0.353553,10,2.01999,1,2666.87,2666.99,282.554,245,0,
20,0.353553,11,30.0022,0,3208.41,3209.06,291.21,3247,0,
20,0.353553,12,30.0678,0,2710.02,2710.59,236.052,1004,0,
20,0.353553,13,30.0004,0,2883.08,2883.91,268.694,5243,0,
20,0.353553,14,30.0805,0,2925.85,2926.81,295.522,1231,0,
20,0.353553,15,30.0096,0,3445.58,3446.35,281.731,3293,0,
20,0.353553,16,30.007,0,2951.16,2952.39,286.943,5271,0,
20,0.353553,17,30.025,0,2570.09,2573.14,244.319,336,0,
20,0.353553,18,30.0003,0,2918.64,2918.98,260.788,5877,0,
20,0.353553,19,30.0055,0,2332.04,2332.87,298.928,16396,0,
20,0.353553,20,30.0124,0,3153.92,3154.89,264.303,4236,0,
20,0.353553,21,30.0278,0,2814.14,2814.71,286.363,2030,0,
20,0.353553,22,30.0074,0,3296.69,3297.5,316.953,3173,0,
20,0.353553,23,30.0022,0,2712.66,2713.77,233.24,9825,0,
20,0.353553,24,30.0073,0,3287.31,3287.88,304.018,3874,0,
20,0.353553,25,10.9992,1,2888.42,2889.73,286.135,956,0,
21,0.353553,1,30.0006,0,2948.6,2948.94,284.017,8015,0,
21,0.353553,2,30.0371,0,2952.53,2952.97,281.382,2495,0,
21,0.353553,3,30.0027,0,3270.18,3271.21,268.881,4911,0,
21,0.353553,4,30.006,0,2932.44,2932.84,264.031,5203,0,
21,0.353553,5,0.0310953,1,3104.27,3104.31,221.957,5,0,
21,0.353553,6,30.0008,0,3054.03,3055.34,303.079,5848,0,
21,0.353553,7,30.0045,0,3147.73,3148.18,274.145,1985,0,
21,0.353553,8,30.0053,0,3020.64,3021.44,274.175,3210,0,
21,0.353553,9,30.0036,0,3151.19,3152.26,270.465,4463,0,
21,0.353553,10,2.02429,1,2875.95,2876.07,282.554,245,0,
21,0.353553,11,30.0021,0,3339.04,3339.69,291.21,3345,0,
21,0.353553,12,30.0036,0,2819.55,2820.11,236.052,1009,0,
21,0.353553,13,30.0016,0,2897.15,2897.99,268.679,5352,0,
21,0.353553,14,30.0014,0,3133.13,3134.16,295.508,3104,0,
21,0.353553,15,30.0059,0,3684.77,3685.42,281.731,4154,0,
21,0.353553,16,30.0014,0,3152.51,3153.75,287.226,4128,0,
21,0.353553,17,30.0446,0,2584.7,2587.75,244.319,334,0,
21,0.353553,18,30.0005,0,3163.13,3163.43,260.788,5250,0,
21,0.353553,19,30.001,0,2407.35,2408.17,298.928,16130,0,
21,0.353553,20,30.0079,0,3241.05,3242.01,264.303,4236,0,
21,0.353553,21,30.0005,0,2962.76,2963.37,286.363,9306,0,
21,0.353553,22,30.017,0,3452.13,3452.95,316.814,3207,0,
21,0.353553,23,30.0007,0,2850.87,2851.99,233.709,10094,0,
21,0.353553,24,30.0028,0,3418.77,3419.34,304.018,3874,0,
21,0.353553,25,30.0156,0,3087.59,3088.53,286.227,3444,0,
22,0.353553,1,30.005,0,3145.34,3145.68,284.017,7806,0,
22,0.353553,2,30.0042,0,3015.32,3015.77,281.368,2510,0,
22,0.353553,3,30.0066,0,3434.31,3435.34,268.882,4839,0,
22,0.353553,4,30.007,0,3026,3026.4,264.031,5201,0,
22,0.353553,5,0.132544,1,3275.1,3275.41,221.957,42,0,
22,0.353553,6,30.0068,0,3232.93,3234.23,303.079,5845,0,
22,0.353553,7,30.0019,0,3393.55,3394.12,274.169,4229,0,
22,0.353553,8,30.002,0,3038.26,3039.05,274.175,3014,0,
22,0.353553,9,30.0036,0,3247.9,3248.98,270.468,4434,0,
22,0.353553,10,2.80255,1,2984.6,2985.02,282.554,265,0,
22,0.353553,11,30.0091,0,3473.63,3474.28,291.21,3292,0,
22,0.353553,12,30.0037,0,2857.15,2857.71,236.052,995,0,
22,0.353553,13,30.0151,0,3011.93,3012.91,268.758,4062,0,
22,0.353553,14,30.0015,0,3315.31,3316.33,295.508,3113,0,
22,0.353553,15,30.0034,0,3938.16,3938.78,281.731,4369,0,
22,0.353553,16,30.0062,0,3232.61,3233.86,287.226,4125,0,
22,0.353553,17,30.0914,0,2682.79,2685.84,244.319,335,0,
22,0.353553,18,30.0063,0,3478.24,3478.99,315.598,5078,0,
22,0.353553,19,30.0009,0,2534.53,2535.35,298.928,15944,0,
22,0.353553,20,30.0081,0,3256.59,3257.56,264.299,4205,0,
22,0.353553,21,30.0007,0,3003.79,3004.4,286.651,9253,0,
22,0.353553,22,30.0025,0,3519.11,3519.92,316.346,3177,0,
22,0.353553,23,30.0013,0,2964.41,2965.53,233.709,10004,0,
22,0.353553,24,30.0084,0,3563.64,3564.19,304.018,3376,0,
22,0.353553,25,30.014,0,3250.91,3251.86,286.636,3431,0,
23,0.353553,1,30.0059,0,3310.47,3310.81,284.017,7691,0,
23,0.353553,2,30.0036,0,3174.21,3174.65,281.419,2493,0,
23,0.353553,3,30.0001,0,3488.15,3489.19,268.882,4896,0,
23,0.353553,4,30.0072,0,3298.41,3298.82,272.419,5192,0,
23,0.353553,5,0.134076,1,3413.18,3413.5,221.957,42,0,
23,0.353553,6,30.0004,0,3411.92,3413.37,303.16,5378,0,
23,0.353553,7,30.0048,0,3502.02,3502.59,274.146,4132,0,
23,0.353553,8,30.0024,0,3114.22,3115.01,274.181,3201,0,
23,0.353553,9,30.0002,0,3280.74,3281.81,270.465,4411,0,
23,0.353553,10,3.78381,1,3140.51,3140.95,282.554,406,0,
23,0.353553,11,30.0061,0,3642.59,3643.23,291.21,3230,0,
23,0.353553,12,30.0091,0,3100.52,3101.09,243.374,1004,0,
23,0.353553,13,30.0089,0,3142.92,3143.9,268.758,3951,0,
23,0.353553,14,30.0783,0,3381.5,3382.52,295.521,3077,0,
23,0.353553,15,30.0009,0,3955.57,3956.19,281.731,4375,0,
23,0.353553,16,30.0033,0,3376.82,3378.06,286.455,4118,0,
23,0.353553,17,30.1047,0,2809.15,2812.18,244.319,331,0,
23,0.353553,18,30.0069,0,3627.49,3628.25,315.595,5095,0,
23,0.353553,19,30.0013,0,2628.54,2629.48,298.928,15403,0,
23,0.353553,20,30.0016,0,3317.76,3318.72,264.5,4142,0,
23,0.353553,21,30.0371,0,3154.78,3155.38,286.651,9150,0,
23,0.353553,22,30.0152,0,3612.32,3613.13,316.407,3180,0,
23,0.353553,23,30.0008,0,3178.75,3179.91,233.709,8783,0,
23,0.353553,24,30.005,0,3711.04,3711.6,304.018,3399,0,
23,0.353553,25,30.0036,0,3450.54,3451.49,286.227,3506,0,
24,0.353553,1,30.0021,0,3564.27,3564.61,284.017,7738,0,
24,0.353553,2,30.0019,0,3405.24,3405.81,281.79,3638,0,
24,0.353553,3,30.0056,0,3702.26,3703.3,268.953,6025,0,
24,0.353553,4,30.0088,0,3549.2,3550.09,273.066,5667,0,
24,0.353553,5,0.136493,1,3543.35,3543.67,221.957,45,0,
24,0.353553,6,30.0029,0,3513.84,3515.29,303.079,5452,0,
24,0.353553,7,30.0046,0,3682.66,3683.23,274.281,4084,0,
24,0.353553,8,30.0138,0,3234.72,3235.52,274.181,2858,0,
24,0.353553,9,30.0067,0,3425.83,3426.9,270.467,4453,0,
24,0.353553,10,3.53046,1,3260.3,3260.74,282.554,406,0,
24,0.353553,11,30.0115,0,3794.64,3795.29,291.21,3288,0,
24,0.353553,12,30.0048,0,3253.15,3253.72,243.374,999,0,
24,0.353553,13,30.0004,0,3288.4,3289.38,268.758,4073,0,
24,0.353553,14,30.0214,0,3534.8,3535.82,295.507,3074,0,
24,0.353553,15,30.0186,0,4123.72,4124.34,281.731,4297,0,
24,0.353553,16,30.0019,0,3399.99,3401.23,287.212,4130,0,
24,0.353553,17,30.0015,0,2875.39,2878.44,244.319,336,0,
24,0.353553,18,30.0089,0,3753.47,3754.23,315.595,5095,0,
24,0.353553,19,30.0004,0,2673.15,2674.08,298.928,15286,0,
24,0.353553,20,30.0019,0,3438.02,3438.98,264.304,4156,0,
24,0.353553,21,30.0036,0,3343.56,3344.28,286.846,7859,0,
24,0.353553,22,30.0043,0,3844.21,3845.02,316.87,3084,0,
24,0.353553,23,30.0029,0,3326.43,3327.72,233.709,6740,0,
24,0.353553,24,30.0026,0,4028.17,4029.17,317.609,3281,0,
24,0.353553,25,30.0012,0,3533.16,3534.11,286.226,3539,0,
25,0.353553,1,30.0014,0,3809.83,3810.17,284.017,7844,0,
25,0.353553,2,30.0128,0,3571.26,3571.83,281.5,3640,0,
25,0.353553,3,30.0062,0,3842.29,3843.34,269.171,6110,0,
25,0.353553,4,30.0053,0,3749.75,3750.64,272.641,5525,0,
25,0.353553,5,28.7759,1,3634.6,3635.48,221.957,18857,0,
25,0.353553,6,30.0088,0,3635.63,3637.07,303.079,5249,0,
25,0.353553,7,30.0176,0,3750.27,3750.84,274.135,4075,0,
25,0.353553,8,30.0031,0,3485.97,3486.75,274.175,3324,0,
25,0.353553,9,30.0006,0,3647.51,3648.45,270.465,5553,0,
25,0.353553,10,14.7488,1,3499.47,3500.41,282.554,2858,0,
25,0.353553,11,30.0048,0,3917.87,3918.52,291.21,3361,0,
25,0.353553,12,30.0986,0,3349.3,3349.86,243.374,981,0,
25,0.353553,13,30.0027,0,3423.43,3424.19,268.679,4527,0,
25,0.353553,14,30.0013,0,3813.58,3814.71,295.507,2619,0,
25,0.353553,15,30.0051,0,4271.21,4271.76,281.731,3687,0,
25,0.353553,16,30.001,0,3458.13,3459.38,287.212,4057,0,
25,0.353553,17,30.0015,0,3074.43,3076.51,243.856,442,0,
25,0.353553,18,30.0086,0,3931.9,3932.65,315.595,5096,0,
25,0.353553,19,30.0002,0,2880.81,2881.92,298.929,12076,0,
25,0.353553,20,30.007,0,3692.68,3693.65,264.365,4195,0,
25,0.353553,21,30.0031,0,3466.46,3467.18,286.846,7769,0,
25,0.353553,22,30.0043,0,4014.12,4014.94,316.794,3192,0,
25,0.353553,23,30.0051,0,3501.48,3502.4,233.24,6889,0,
25,0.353553,24,30.0069,0,4131.55,4132.55,317.609,3342,0,
25,0.353553,25,30.0064,0,3574.17,3575.12,286.227,3511,0,
26,0.353553,1,30.0036,0,3914.86,3915.19,284.017,7837,0,
26,0.353553,2,30.0125,0,3752.16,3752.73,281.519,3624,0,
26,0.353553,3,30.0011,0,3937.05,3938.09,269.259,5841,0,
26,0.353553,4,30.0005,0,4046.64,4047.31,296.906,2706,0,
26,0.353553,5,30.0013,0,3938.68,3938.97,304.256,6393,0,
26,0.353553,6,30.0046,0,3733.77,3735.21,303.248,5245,0,
26,0.353553,7,30.004,0,3866.12,3866.69,274.146,4100,0,
26,0.353553,8,30.0001,0,3670.06,3670.84,274.175,3635,0,
26,0.353553,9,30.0038,0,3847.05,3847.99,270.465,5672,0,
26,0.353553,10,14.9026,1,3638.01,3638.95,282.554,2858,0,
26,0.353553,11,30.0021,0,4078.5,4079.15,291.21,3251,0,
26,0.353553,12,30.0049,0,3528.04,3528.6,243.374,994,0,
26,0.353553,13,30.0025,0,3593.68,3594.44,268.694,4545,0,
26,0.353553,14,30.0175,0,3877.58,3878.7,295.508,2537,0,
26,0.353553,15,30.0119,0,4455.33,4455.89,281.978,3642,0,
26,0.353553,16,30.0072,0,3583.75,3584.99,287.191,4129,0,
26,0.353553,17,30.0034,0,3230.76,3232.82,244.172,414,0,
26,0.353553,18,30.0026,0,4035.5,4036.26,315.598,5113,0,
26,0.353553,19,30.0007,0,2987.49,2988.63,299.404,10822,0,
26,0.353553,20,30.0094,0,3886.31,3887.28,264.299,4234,0,
26,0.353553,21,30.0228,0,3770.66,3771.49,304.454,2325,0,
26,0.353553,22,30.0119,0,4177.72,4178.53,316.407,3155,0,
26,0.353553,23,30.0099,0,3538.99,3539.91,233.24,6844,0,
26,0.353553,24,30.0101,0,4368.99,4369.99,317.609,3328,0,
26,0.353553,25,30.0198,0,3810.4,3811.35,286.227,3511,0,
27,0.353553,1,30.0014,0,3979,3979.34,284.017,7791,0,
27,0.353553,2,30.0014,0,3908.58,3909.16,281.889,3707,0,
27,0.353553,3,30.0063,0,4097.01,4098.05,269.062,5901,0,
27,0.353553,4,30.0012,0,4142.27,4142.94,296.896,2600,0,
27,0.353553,5,30.0003,0,4007.61,4007.9,304.198,6336,0,
27,0.353553,6,30.0001,0,3847.11,3848.56,303.081,5292,0,
27,0.353553,7,30.0009,0,4086.72,4087.3,274.281,4410,0,
27,0.353553,8,30.0038,0,3784.44,3785.22,274.198,3600,0,
27,0.353553,9,30.0013,0,4034.01,4034.95,270.465,5623,0,
27,0.353553,10,20.771,1,3713.48,3714.44,282.554,1997,0,
27,0.353553,11,30.0063,0,4204.39,4205.03,291.21,3226,0,
27,0.353553,12,30.0713,0,3753.2,3753.76,243.374,992,0,
27,0.353553,13,30.0099,0,3623.87,3624.63,268.679,4590,0,
27,0.353553,14,30.0084,0,4097.94,4099.07,295.507,2585,0,
27,0.353553,15,30.0055,0,4547.52,4548.07,281.996,3695,0,
27,0.353553,16,30.0044,0,3685.33,3686.58,287.212,4088,0,
27,0.353553,17,30.0052,0,3335.67,3337.76,244.115,468,0,
27,0.353553,18,30.0044,0,4239.19,4239.95,315.595,5058,0,
27,0.353553,19,30.0002,0,3194.47,3195.5,299.404,10376,0,
27,0.353553,20,30.016,0,4107.05,4108.01,264.544,4248,0,
27,0.353553,21,30.0234,0,3926.28,3927.11,304.199,2302,0,
27,0.353553,22,30.0045,0,4407.1,4407.84,316.776,3092,0,
27,0.353553,23,30.0147,0,3778.36,3778.75,239.479,5052,0,
27,0.353553,24,30.0066,0,4400.75,4401.75,317.609,3327,0,
27,0.353553,25,30.016,0,4018.08,4019.02,286.227,3444,0,
28,0.353553,1,30.0024,0,4170.82,4171.7,284.017,4299,0,
28,0.353553,2,30.0056,0,4048.61,4049.18,281.44,3600,0,
28,0.353553,3,30.0002,0,4149.96,4151.01,268.957,6021,0,
28,0.353553,4,30.0023,0,4267.4,4268.06,296.905,2613,0,
28,0.353553,5,30.0006,0,4189.22,4189.52,304.272,6385,0,
28,0.353553,6,30.0013,0,3969.6,3971.03,303.158,5157,0,
28,0.353553,7,30.0115,0,4364.17,4364.6,277.562,4579,0,
28,0.353553,8,30.0122,0,4016.67,4017.46,274.175,2856,0,
28,0.353553,9,30.001,0,4124.11,4125.04,270.465,5462,0,
28,0.353553,10,30.0014,0,3799.88,3800.87,282.555,4491,0,
28,0.353553,11,30.0115,0,4382.98,4383.63,291.21,3274,0,
28,0.353553,12,30.0811,0,4029.14,4029.89,275.952,2227,0,
28,0.353553,13,30.0015,0,3952.77,3953.54,328.906,4509,0,
28,0.353553,14,30.0163,0,4344.33,4345.11,295.542,2602,0,
28,0.353553,15,30.01,0,4588.44,4588.99,281.731,3632,0,
28,0.353553,16,30.0031,0,3905.28,3906.37,287.279,2876,0,
28,0.353553,17,30.115,0,3498.73,3500.85,243.856,316,0,
28,0.353553,18,30.0779,0,4314.98,4315.75,315.732,2163,0,
28,0.353553,19,30.0028,0,3292.12,3293.14,299.404,9571,0,
28,0.353553,20,30.0022,0,4153.66,4154.62,264.304,4293,0,
28,0.353553,21,30.0028,0,4115.14,4115.97,304.199,2420,0,
28,0.353553,22,30.0079,0,4435.66,4436.4,316.814,3121,0,
28,0.353553,23,30.0089,0,3875.78,3876.17,239.381,5036,0,
28,0.353553,24,30.2366,0,4545.79,4546.17,317.241,154,0,
28,0.353553,25,30.0075,0,4123.86,4124.81,286.18,3501,0,
29,0.353553,1,30.0017,0,4356.23,4357.12,284.017,4385,0,
29,0.353553,2,30.0015,0,4190.89,4191.46,281.578,3603,0,
29,0.353553,3,30.0015,0,4319.06,4320.11,269.096,5875,0,
29,0.353553,4,30.0009,0,4502.36,4503.02,296.905,2570,0,
29,0.353553,5,30.0009,0,4249.51,4249.8,304.11,6358,0,
29,0.353553,6,30.0055,0,4053.04,4054.47,303.079,5180,0,
29,0.353553,7,30.0073,0,4553.97,4554.4,277.562,4668,0,
29,0.353553,8,30.0005,0,4124.9,4125.69,274.181,3021,0,
29,0.353553,9,30.0006,0,4183.67,4184.61,270.465,5456,0,
29,0.353553,10,30.0055,0,4027.69,4028.12,282.537,4457,0,
29,0.353553,11,30.0046,0,4620.85,4621.5,291.21,3289,0,
29,0.353553,12,30.0031,0,4111.67,4112.42,276.416,2256,0,
29,0.353553,13,30.0032,0,4194.22,4194.94,328.953,4658,0,
29,0.353553,14,30.0079,0,4438.12,4438.89,296.001,2650,0,
29,0.353553,15,30.0035,0,4736.52,4737.08,281.731,3665,0,
29,0.353553,16,30.0103,0,4026.59,4027.68,287.212,2936,0,
29,0.353553,17,30.0629,0,3544.25,3546.35,243.856,313,0,
29,0.353553,18,30.0806,0,4445.91,4446.68,315.595,2149,0,
29,0.353553,19,30.0008,0,3509.57,3510.78,299.404,6735,0,
29,0.353553,20,30.0097,0,4401.38,4402.34,264.527,4080,0,
29,0.353553,21,30.0035,0,4272.3,4273.13,304.199,2440,0,
29,0.353553,22,30.0361,0,4669.73,4670.47,316.901,3131,0,
29,0.353553,23,30.0003,0,4140.04,4140.43,264.262,5039,0,
29,0.353553,24,30.0755,0,4571.7,4572.07,317.482,161,0,
29,0.353553,25,30.002,0,4152.76,4153.71,286.238,3528,0,
30,0.353553,1,30.0043,0,4532,4532.89,284.017,4399,0,
30,0.353553,2,30.0009,0,4394.36,4394.97,281.836,3532,0,
30,0.353553,3,30.0025,0,4427.22,4428.26,269.062,5849,0,
30,0.353553,4,30.0153,0,4691.83,4692.49,296.89,2599,0,
30,0.353553,5,30.0172,0,4498.23,4499.1,304.893,3200,0,
30,0.353553,6,30.0004,0,4187.21,4188.65,303.158,5240,0,
30,0.353553,7,30.0018,0,4745.89,4746.32,277.562,4668,0,
30,0.353553,8,30.008,0,4208.6,4209.39,274.175,2996,0,
30,0.353553,9,30.0089,0,4424.43,4425.27,270.465,6119,0,
30,0.353553,10,30.0622,0,4295.63,4295.86,282.555,3557,0,
30,0.353553,11,30.0009,0,4666.14,4666.79,291.21,3273,0,
30,0.353553,12,30.0058,0,4229.76,4230.5,275.952,2243,0,
30,0.353553,13,30.0028,0,4234.82,4235.54,328.965,4563,0,
30,0.353553,14,30.0039,0,4566.88,4567.66,295.507,2636,0,
30,0.353553,15,30.0021,0,4812.28,4812.84,281.978,3663,0,
30,0.353553,16,30.0058,0,4133.55,4134.64,287.279,2956,0,
30,0.353553,17,30.0104,0,3652.31,3654.4,243.856,313,0,
30,0.353553,18,30.0022,0,4583.19,4583.95,315.732,2093,0,
30,0.353553,19,30.0003,0,3605.88,3607.09,298.928,6664,0,
30,0.353553,20,30.0078,0,4444.29,4445.24,264.527,3995,0,
30,0.353553,21,30.0015,0,4461.44,4462.27,304.199,2289,0,
30,0.353553,22,30.0062,0,4971.81,4972.54,316.33,3132,0,
30,0.353553,23,30.0116,0,4245.34,4245.73,264.262,4919,0,
30,0.353553,24,30.1254,0,4691.65,4692.03,317.24,160,0,
30,0.353553,25,30.0065,0,4301.68,4302.66,286.238,3465,0,
31,0.353553,1,30.0022,0,4704.2,4705.08,284.017,4246,0,
31,0.353553,2,30.0196,0,4468.86,4469.46,281.893,3478,0,
31,0.353553,3,30.0038,0,4511.83,4512.87,269.131,5751,0,
31,0.353553,4,30.0003,0,4815.15,4815.82,296.92,2686,0,
31,0.353553,5,30.0249,0,4583.97,4584.85,304.11,3245,0,
31,0.353553,6,30.0004,0,4306.26,4307.71,303.231,5470,0,
31,0.353553,7,30.0031,0,4788.49,4788.91,277.571,4638,0,
31,0.353553,8,30.0031,0,4289.59,4290.38,274.175,2937,0,
31,0.353553,9,30.0007,0,4552.52,4553.34,270.465,6002,0,
31,0.353553,10,30.0202,0,4403.33,4403.56,282.555,3554,0,
31,0.353553,11,30.0045,0,4893.03,4893.67,291.21,3232,0,
31,0.353553,12,30.0107,0,4468.53,4469.28,275.967,2468,0,
31,0.353553,13,30.0029,0,4254.24,4254.96,328.953,4546,0,
31,0.353553,14,30.0057,0,4655.41,4656.19,295.716,2621,0,
31,0.353553,15,30.0059,0,4884.02,4884.57,281.731,3615,0,
31,0.353553,16,30.0136,0,4242.57,4243.66,287.238,2910,0,
31,0.353553,17,30.0788,0,3883.36,3885.44,243.856,312,0,
31,0.353553,18,30.0845,0,4752.14,4752.9,315.595,2108,0,
31,0.353553,19,30.0009,0,3715.24,3716.45,299.404,6681,0,
31,0.353553,20,30.0087,0,4549.9,4550.85,264.374,4037,0,
31,0.353553,21,30.0251,0,4777.59,4778.66,316.339,1929,0,
31,0.353553,22,30.0022,0,5185.1,5185.84,316.333,3225,0,
31,0.353553,23,30.0012,0,4258.1,4258.48,264.262,4954,0,
31,0.353553,24,30.1441,0,4748.37,4748.75,317.24,162,0,
31,0.353553,25,30.0151,0,4349.26,4350.24,286.146,3502,0,
32,0.353553,1,30.008,0,4839.56,4840.44,284.017,4417,0,
32,0.353553,2,30.0008,0,4644.16,4644.77,281.889,3546,0,
32,0.353553,3,30.0006,0,4664.35,4665.39,269.041,5774,0,
32,0.353553,4,30.0145,0,4943.79,4944.45,296.89,2603,0,
32,0.353553,5,30.0322,0,4793.77,4794.81,305.11,2272,0,
32,0.353553,6,30.0006,0,4394.64,4396.09,303.079,5454,0,
32,0.353553,7,30.0058,0,4883.13,4883.56,277.497,4469,0,
32,0.353553,8,30.0007,0,4467.82,4468.61,274.175,2949,0,
32,0.353553,9,30.0021,0,4727.74,4728.56,270.465,5991,0,
32,0.353553,10,30.1279,0,4510.15,4510.37,282.555,3558,0,
32,0.353553,11,30.005,0,5053.44,5054.09,291.21,3234,0,
32,0.353553,12,30.0882,0,4538.19,4538.94,275.967,2482,0,
32,0.353553,13,30.0049,0,4497.63,4498.34,328.953,4415,0,
32,0.353553,14,30.0065,0,4927.7,4928.71,296.017,2533,0,
32,0.353553,15,30.0024,0,4907.28,4907.83,281.731,3658,0,
32,0.353553,16,30.0081,0,4309.79,4310.88,287.238,2916,0,
32,0.353553,17,30.0147,0,4016.62,4018.68,243.856,311,0,
32,0.353553,18,30.0026,0,4934.56,4935.3,315.586,5687,0,
32,0.353553,19,30.0022,0,3929.98,3930.82,298.929,5512,0,
32,0.353553,20,30.0078,0,4733.73,4734.68,264.527,4005,0,
32,0.353553,21,30.0144,0,4911.15,4912.23,316.339,1736,0,
32,0.353553,22,30.0043,0,5303.48,5304.21,316.412,3182,0,
32,0.353553,23,30.001,0,4312.76,4313.15,264.262,4950,0,
32,0.353553,24,30.1179,0,4807.34,4807.71,317.241,158,0,
32,0.353553,25,30.012,0,4462.06,4463.04,286.146,3511,0,
33,0.353553,1,30.0071,0,5044.92,5045.81,284.017,4329,0,
33,0.353553,2,30.003,0,4763.65,4764.25,281.819,3466,0,
33,0.353553,3,30.0014,0,4801.3,4802.34,269.221,5779,0,
33,0.353553,4,30.0029,0,4992.21,4992.87,296.898,2538,0,
33,0.353553,5,30.003,0,4826.17,4827.21,304.892,2293,0,
33,0.353553,6,30.0013,0,4568.96,4570.4,303.16,5261,0,
33,0.353553,7,30.0077,0,5026.62,5027.05,277.485,4562,0,
33,0.353553,8,30.0054,0,4557.85,4558.64,274.175,3051,0,
33,0.353553,9,30.0004,0,4906.62,4907.45,270.465,5932,0,
33,0.353553,10,30.1357,0,4743.52,4743.75,282.555,3835,0,
33,0.353553,11,30.0029,0,5217.54,5218.19,291.21,3267,0,
33,0.353553,12,30.0316,0,4624.15,4624.9,275.952,2480,0,
33,0.353553,13,30.0057,0,4547.13,4547.84,328.953,4481,0,
33,0.353553,14,30.004,0,4957.69,4958.7,296.072,2556,0,
33,0.353553,15,30.0083,0,5058.71,5059.26,281.731,3665,0,
33,0.353553,16,30.0022,0,4478.11,4479.2,287.26,2902,0,
33,0.353553,17,30.0302,0,4302.96,4304.21,286.342,371,0,
33,0.353553,18,30.0065,0,5057.81,5058.55,315.746,5665,0,
33,0.353553,19,30.055,0,4191.69,4192.72,299.457,1822,0,
33,0.353553,20,30.0049,0,4827.63,4828.58,264.299,3958,0,
33,0.353553,21,30.0151,0,5034.27,5035.33,316.615,2088,0,
33,0.353553,22,30.0014,0,5365.09,5365.82,316.794,3066,0,
33,0.353553,23,30.007,0,4397.52,4397.9,264.262,4869,0,
33,0.353553,24,30.0472,0,5072.79,5073.17,317.482,159,0,
33,0.353553,25,30.0051,0,4488.67,4489.65,286.146,3476,0,
34,0.353553,1,30.0142,0,5252.73,5253.53,284.017,4498,0,
34,0.353553,2,30.0046,0,4941.76,4942.36,281.448,3460,0,
34,0.353553,3,30.004,0,5069.73,5070.77,269.062,3767,0,
34,0.353553,4,30.0082,0,5081.63,5082.29,296.893,2470,0,
34,0.353553,5,30.0433,0,4875.99,4877.02,305.11,2273,0,
34,0.353553,6,30.0003,0,4678.41,4679.85,303.16,5261,0,
34,0.353553,7,30.0081,0,5150.02,5150.45,277.499,4516,0,
34,0.353553,8,30.0041,0,4707.63,4708.42,274.175,2776,0,
34,0.353553,9,30.0009,0,5076.91,5077.74,270.465,5931,0,
34,0.353553,10,30.0002,0,4799.55,4799.78,282.537,3775,0,
34,0.353553,11,30.0049,0,5330.47,5331.12,291.21,3228,0,
34,0.353553,12,30.0618,0,4768.18,4768.93,275.952,2395,0,
34,0.353553,13,30.0057,0,4729.86,4730.57,328.953,4359,0,
34,0.353553,14,30.0273,0,5253.81,5254.92,296.364,3220,0,
34,0.353553,15,30.0051,0,5125.65,5126.2,281.731,3651,0,
34,0.353553,16,30.004,0,4641.22,4642.32,287.26,2929,0,
34,0.353553,17,30.0421,0,4485.91,4487.16,286.361,374,0,
34,0.353553,18,30.0062,0,5099.77,5100.51,315.595,5616,0,
34,0.353553,19,30.0193,0,4240.68,4241.7,299.645,1810,0,
34,0.353553,20,30.0044,0,5022.64,5023.6,264.496,4239,0,
34,0.353553,21,30.0261,0,5138.09,5139.14,316.151,1489,0,
34,0.353553,22,30.0107,0,5511.94,5512.67,316.796,3161,0,
34,0.353553,23,30.0076,0,4450.79,4451.17,264.262,4913,0,
34,0.353553,24,30.191,0,5216.57,5216.95,317.24,160,0,
34,0.353553,25,30.0019,0,4736.66,4737.63,286.135,3435,0,
35,0.353553,1,30.0172,0,5440.56,5441.37,284.017,4430,0,
35,0.353553,2,30.0107,0,4986.06,4986.66,281.608,3458,0,
35,0.353553,3,30.0059,0,5159.94,5160.98,269.123,3609,0,
35,0.353553,4,30.0053,0,5285.59,5286.25,296.898,2430,0,
35,0.353553,5,30.0037,0,5051.21,5052.24,304.853,2260,0,
35,0.353553,6,30.0006,0,4819.33,4820.77,303.106,5320,0,
35,0.353553,7,30.0006,0,5268.27,5268.7,277.511,4415,0,
35,0.353553,8,30.0016,0,4748.12,4748.91,274.175,2872,0,
35,0.353553,9,30.0016,0,5218.42,5219.24,270.465,5806,0,
35,0.353553,10,30.005,0,4942.46,4942.69,282.538,3726,0,
35,0.353553,11,30.0006,0,5571.68,5572.48,291.211,3411,0,
35,0.353553,12,30.0033,0,4852.4,4853.15,276.099,2447,0,
35,0.353553,13,30.0008,0,4935.01,4935.72,328.953,4222,0,
35,0.353553,14,30.0048,0,5508.55,5509.64,296.364,2997,0,
35,0.353553,15,30.0092,0,5304.94,5305.49,281.731,3589,0,
35,0.353553,16,30.0005,0,4776.19,4777.28,287.226,2838,0,
35,0.353553,17,30.0616,0,4625.88,4626.86,286.342,902,0,
35,0.353553,18,30.0004,0,5150.92,5151.67,315.586,5611,0,
35,0.353553,19,30.0971,0,4322.85,4323.87,299.463,1807,0,
35,0.353553,20,30.0037,0,5306.55,5307.1,283.937,3988,0,
35,0.353553,21,30.0026,0,5404.07,5405.04,316.199,1860,0,
35,0.353553,22,30.0008,0,5594.76,5595.49,316.292,3198,0,
35,0.353553,23,30.0044,0,4561.26,4561.65,264.262,4906,0,
35,0.353553,24,30.0411,0,5392.25,5392.63,317.482,159,0,
35,0.353553,25,30.0086,0,4826.36,4827.34,286.238,3510,0,
36,0.353553,1,30.0036,0,5523.36,5524.16,284.017,4411,0,
36,0.353553,2,30.0002,0,5202.19,5202.79,281.608,3462,0,
36,0.353553,3,30.0021,0,5313.85,5314.89,269.02,3589,0,
36,0.353553,4,30.001,0,5463.22,5463.88,296.905,2480,0,
36,0.353553,5,30.0057,0,5187.57,5188.6,304.963,2198,0,
36,0.353553,6,30.0014,0,5075.5,5076.77,303.079,3675,0,
36,0.353553,7,30.0178,0,5408.87,5409.29,277.468,4507,0,
36,0.353553,8,30.0044,0,4816.95,4817.74,274.175,2887,0,
36,0.353553,9,30.0019,0,5430.74,5431.54,270.465,5946,0,
36,0.353553,10,30.0669,0,5066.49,5066.72,282.555,3562,0,
36,0.353553,11,30.0023,0,5691.61,5692.41,291.21,3323,0,
36,0.353553,12,30.0135,0,5011.7,5012.45,275.945,2410,0,
36,0.353553,13,30.0047,0,5133.98,5134.7,328.953,4414,0,
36,0.353553,14,30.0057,0,5604.47,5605.57,296.364,3151,0,
36,0.353553,15,30.0079,0,5393.86,5394.41,281.973,3508,0,
36,0.353553,16,30.0165,0,4978.1,4979.19,287.238,2844,0,
36,0.353553,17,30.0025,0,4876.95,4878.41,287.124,8843,0,
36,0.353553,18,30.0007,0,5361.93,5362.68,315.586,5609,0,
36,0.353553,19,30.0173,0,4381.05,4382.07,299.463,1803,0,
36,0.353553,20,30.007,0,5400.18,5400.73,283.997,3891,0,
36,0.353553,21,30.0043,0,5580.24,5581.21,316.331,1828,0,
36,0.353553,22,30.022,0,5851.08,5851.81,316.782,3090,0,
36,0.353553,23,30.0005,0,4823.3,4823.59,264.262,4699,0,
36,0.353553,24,30.0426,0,5542.73,5543.11,317.482,161,0,
36,0.353553,25,30.0034,0,5106.52,5107.11,286.135,2656,0,
37,0.353553,1,30.0005,0,5789.15,5789.88,284.017,5726,0,
37,0.353553,2,30.0031,0,5276.9,5277.49,281.365,3335,0,
37,0.353553,3,30.0107,0,5484.81,5485.85,268.964,3670,0,
37,0.353553,4,30.0021,0,5538.35,5539.01,296.893,2376,0,
37,0.353553,5,30.0049,0,5303.16,5304.19,304.846,2195,0,
37,0.353553,6,30.0065,0,5327.44,5328.63,303.079,2319,0,
37,0.353553,7,30.0107,0,5420.54,5420.97,277.491,4519,0,
37,0.353553,8,30.0023,0,5027.28,5028.06,274.175,3056,0,
37,0.353553,9,30.0052,0,5651.28,5651.94,270.465,4012,0,
37,0.353553,10,30.0052,0,5083.77,5084,282.538,3725,0,
37,0.353553,11,30.0051,0,5807.28,5808.08,291.211,3352,0,
37,0.353553,12,30.0134,0,5129.9,5130.64,275.952,2366,0,
37,0.353553,13,30.0036,0,5155.86,5156.57,328.953,4362,0,
37,0.353553,14,30.0013,0,5809.17,5810.27,296.364,3144,0,
37,0.353553,15,30.0058,0,5574.04,5574.59,281.731,3572,0,
37,0.353553,16,30.0139,0,4988.69,4989.78,287.212,2857,0,
37,0.353553,17,30.0213,0,4972.9,4974.37,286.497,8888,0,
37,0.353553,18,30.0842,0,5391.72,5392.46,315.598,5557,0,
37,0.353553,19,30.0534,0,4499.75,4500.77,299.705,1806,0,
37,0.353553,20,30.0079,0,5458.66,5459.21,283.986,3946,0,
37,0.353553,21,30.0128,0,5695.46,5696.43,316.199,1838,0,
37,0.353553,22,30.0224,0,5948.7,5949.43,316.794,3091,0,
37,0.353553,23,30.013,0,4875.93,4876.22,264.262,4733,0,
37,0.353553,24,30.0963,0,5782.33,5782.71,317.482,159,0,
37,0.353553,25,30.0007,0,5172.14,5172.72,286.135,2660,0,
38,0.353553,1,30.001,0,5902.88,5903.62,284.017,5625,0,
38,0.353553,2,30.0015,0,5316.21,5316.81,281.608,3365,0,
38,0.353553,3,30.0008,0,5509.13,5510.17,269.123,3734,0,
38,0.353553,4,30.0032,0,5739.37,5740.03,296.896,2439,0,
38,0.353553,5,30.0061,0,5462.26,5463.29,304.94,2193,0,
38,0.353553,6,30.0181,0,5468.47,5469.65,303.079,2287,0,
38,0.353553,7,30.0146,0,5649.72,5650.15,277.553,4652,0,
38,0.353553,8,30.0164,0,5120.37,5121.13,274.175,2410,0,
38,0.353553,9,30.0029,0,5813.42,5814.08,270.465,3996,0,
38,0.353553,10,30.0509,0,5274.93,5275.16,282.555,3562,0,
38,0.353553,11,30.0083,0,6038.8,6039.59,291.21,3306,0,
38,0.353553,12,30.0068,0,5308.45,5309.53,275.952,2324,0,
38,0.353553,13,30.0035,0,5271.71,5272.43,328.953,4201,0,
38,0.353553,14,30.0004,0,5855.78,5856.88,296.364,3089,0,
38,0.353553,15,30.0044,0,5659.36,5659.91,281.731,3593,0,
38,0.353553,16,30.0072,0,5031.32,5032.41,287.238,2844,0,
38,0.353553,17,30.0025,0,5130.11,5131.58,287.079,8964,0,
38,0.353553,18,30.0321,0,5467.2,5467.95,315.598,5545,0,
38,0.353553,19,30.0473,0,4641.74,4642.76,299.705,1794,0,
38,0.353553,20,30.0077,0,5527.66,5528.21,283.997,3937,0,
38,0.353553,21,30.0374,0,5874.16,5875.26,316.151,2323,0,
38,0.353553,22,30.0018,0,6144,6144.73,316.794,3062,0,
38,0.353553,23,30.0069,0,4934.91,4935.2,264.262,4597,0,
38,0.353553,24,30.0571,0,5920.91,5921.29,317.482,159,0,
38,0.353553,25,30.0042,0,5252.53,5253.11,286.135,2671,0,
39,0.353553,1,30.0029,0,5998.62,5999.36,284.017,5760,0,
39,0.353553,2,30.014,0,5452.23,5452.84,281.893,3486,0,
39,0.353553,3,30.0011,0,5628.17,5629.22,269.16,3571,0,
39,0.353553,4,30.0103,0,5930.96,5931.63,296.899,2514,0,
39,0.353553,5,30.0263,0,5669.09,5670.12,304.502,2217,0,
39,0.353553,6,30.0114,0,5754.35,5755.25,303.079,2528,0,
39,0.353553,7,30.0146,0,5760.44,5760.87,277.553,4672,0,
39,0.353553,8,30.0037,0,5198.28,5199.06,274.175,2626,0,
39,0.353553,9,30.0007,0,5959.91,5960.57,270.465,4043,0,
39,0.353553,10,30.0007,0,5334.83,5335.06,282.543,3632,0,
39,0.353553,11,30.0078,0,6199.93,6200.72,291.211,3213,0,
39,0.353553,12,30.0028,0,5494.97,5496.05,275.944,2305,0,
39,0.353553,13,30.0022,0,5465.88,5466.6,328.953,4353,0,
39,0.353553,14,30.0041,0,5976,5977.11,296.364,3121,0,
39,0.353553,15,30.0027,0,5934.37,5934.84,281.731,3931,0,
39,0.353553,16,30.0078,0,5063.43,5064.51,287.212,2816,0,
39,0.353553,17,30.0015,0,5299.47,5300.93,286.707,8732,0,
39,0.353553,18,30.0036,0,5644.13,5644.84,315.595,4533,0,
39,0.353553,19,30.0135,0,4901.54,4902.82,299.237,2206,0,
39,0.353553,20,30.0015,0,5580.92,5581.47,284.012,3906,0,
39,0.353553,21,30.0057,0,6134.65,6136.07,316.65,4509,0,
39,0.353553,22,30.0064,0,6230.47,6231.2,316.809,3004,0,
39,0.353553,23,30.0019,0,5046.53,5046.82,264.262,4545,0,
39,0.353553,24,30.1468,0,6131.62,6131.99,317.241,158,0,
39,0.353553,25,30.0195,0,5414.89,5415.47,286.135,2614,0,
40,0.353553,1,30.0017,0,6112.36,6113.1,284.017,5534,0,
40,0.353553,2,30.0017,0,5532.46,5533.05,281.799,3303,0,
40,0.353553,3,30.0062,0,5687.81,5688.85,269.301,3473,0,
40,0.353553,4,30.0244,0,6121.29,6121.95,296.89,2354,0,
40,0.353553,5,30.0057,0,5778.64,5779.67,304.933,2175,0,
40,0.353553,6,30.0037,0,5937.57,5938.45,303.086,2438,0,
40,0.353553,7,30.0046,0,5936.06,5936.49,277.588,4625,0,
40,0.353553,8,30.0019,0,5400.21,5400.98,274.175,2654,0,
40,0.353553,9,30.0013,0,6032.12,6032.78,270.465,3998,0,
40,0.353553,10,30.0003,0,5457.77,5458,282.538,3619,0,
40,0.353553,11,30.013,0,6348.22,6349.01,291.21,3201,0,
40,0.353553,12,30.0006,0,5702.15,5703.22,276.416,2303,0,
40,0.353553,13,30.002,0,5640.26,5640.97,328.953,4238,0,
40,0.353553,14,30.0018,0,6022.74,6023.84,296.364,3057,0,
40,0.353553,15,30.0122,0,5967.11,5967.59,281.973,3988,0,
40,0.353553,16,30.0009,0,5128.03,5129.12,287.238,2812,0,
40,0.353553,17,30.0064,0,5381.2,5382.65,287.008,8506,0,
40,0.353553,18,30.0075,0,5883.43,5884.55,315.704,4431,0,
40,0.353553,19,30.0153,0,5005.37,5006.65,299.232,2172,0,
40,0.353553,20,30.0014,0,5753.36,5753.91,284.042,3871,0,
40,0.353553,21,30.0093,0,6272.68,6274.1,316.688,4485,0,
40,0.353553,22,30.0016,0,6447.9,6448.62,316.412,2974,0,
40,0.353553,23,30.0081,0,5209.04,5209.32,264.262,4537,0,
40,0.353553,24,30.2335,0,6233.59,6233.97,317.482,159,0,
40,0.353553,25,30.0155,0,5594.45,5595.03,286.135,2687,0,
