3,0,0,0,0,0.353553,1,0.000147646,1,250.799,250.799,141.493,1,0,
3,0,0,0,0,0.353553,2,0.000191236,1,371.011,371.011,244.429,1,0,
3,0,0,0,0,0.353553,3,0.000316712,1,657.812,657.812,282.936,1,0,
3,0,0,0,0,0.353553,4,0.000217177,1,395.747,395.747,162.051,1,0,
3,0,0,0,0,0.353553,5,0.000221625,1,419.2,419.2,245.339,1,0,
3,0,0,0,0,0.353553,6,0.000269392,1,627.178,627.178,228.273,1,0,
3,0,0,0,0,0.353553,7,0.000275274,1,474.708,474.708,298.215,1,0,
3,0,0,0,0,0.353553,8,0.000185096,1,359.036,359.036,195.05,1,0,
3,0,0,0,0,0.353553,9,0.000212457,1,466.19,466.19,173.977,1,0,
3,0,0,0,0,0.353553,10,0.000244117,1,425.407,425.407,162.716,1,0,
3,0,0,0,0,0.353553,11,0.000263142,1,593.492,593.492,277.746,1,0,
3,0,0,0,0,0.353553,12,0.000210383,1,378.858,378.858,158.552,1,0,
3,0,0,0,0,0.353553,13,0.000204863,1,490.532,490.532,243.154,1,0,
3,0,0,0,0,0.353553,14,0.000240369,1,385.566,385.566,235.163,1,0,
3,0,0,0,0,0.353553,15,0.000278671,1,592.737,592.737,208.176,1,0,
3,0,0,0,0,0.353553,16,0.000320358,1,604.012,604.012,229.333,1,0,
3,0,0,0,0,0.353553,17,0.000118621,1,155.776,155.776,104.634,1,0,
3,0,0,0,0,0.353553,18,0.00112416,1,601.945,602.183,302.967,4,0,
3,0,0,0,0,0.353553,19,0.000183613,1,360.67,360.67,244.058,1,0,
3,0,0,0,0,0.353553,20,0.000272518,1,590.699,590.699,225.768,1,0,
3,0,0,0,0,0.353553,21,0.000267559,1,489.756,489.756,205.893,1,0,
3,0,0,0,0,0.353553,22,0.000264424,1,503.263,503.263,239.194,1,0,
3,0,0,0,0,0.353553,23,0.000268983,1,558.997,558.997,280.379,1,0,
3,0,0,0,0,0.353553,24,0.000309949,1,506.076,506.076,239.281,1,0,
3,0,0,0,0,0.353553,25,0.00021992,1,471.845,471.845,197.608,1,0,
4,0,0,0,0,0.353553,1,0.000226252,1,472.321,472.321,221.522,1,0,
4,0,0,0,0,0.353553,2,0.000234057,1,522.525,522.525,244.429,1,0,
4,0,0,0,0,0.353553,3,0.000367757,1,734.287,734.287,282.936,1,0,
4,0,0,0,0,0.353553,4,0.000232986,1,458.95,458.95,162.051,1,0,
4,0,0,0,0,0.353553,5,0.000232273,1,440.432,440.432,245.339,1,0,
4,0,0,0,0,0.353553,6,0.000357597,1,759.588,759.588,228.273,1,0,
4,0,0,0,0,0.353553,7,0.000258883,1,528.479,528.479,298.215,1,0,
4,0,0,0,0,0.353553,8,0.000241692,1,528.575,528.575,195.05,1,0,
4,0,0,0,0,0.353553,9,0.000236332,1,542.884,542.884,173.977,1,0,
4,0,0,0,0,0.353553,10,0.00200931,1,521.374,522.285,163.627,12,0,
4,0,0,0,0,0.353553,11,0.000392854,1,716.027,716.027,277.746,1,0,
4,0,0,0,0,0.353553,12,0.00034313,1,609.406,609.406,230.549,1,0,
4,0,0,0,0,0.353553,13,0.000254375,1,558.509,558.509,243.154,1,0,
4,0,0,0,0,0.353553,14,0.000702912,1,669.945,670.304,284.379,2,0,
4,0,0,0,0,0.353553,15,0.00435377,1,829.643,830.869,237.557,18,0,
4,0,0,0,0,0.353553,16,0.000386041,1,696.696,696.696,229.333,1,0,
4,0,0,0,0,0.353553,17,0.000214351,1,411.741,411.741,255.965,1,0,
4,0,0,0,0,0.353553,19,0.00215583,1,408.441,408.535,244.152,3,0,
4,0,0,0,0,0.353553,18,0.0190708,1,759.017,759.764,302.967,64,0,
4,0,0,0,0,0.353553,20,0.000554656,1,718.086,718.464,226.147,2,0,
4,0,0,0,0,0.353553,21,0.000430384,1,662.165,662.165,205.893,1,0,
4,0,0,0,0,0.353553,22,0.000325368,1,687.555,687.555,239.194,1,0,
4,0,0,0,0,0.353553,23,0.000326478,1,694.373,694.373,280.379,1,0,
4,0,0,0,0,0.353553,24,0.000320338,1,672.995,672.995,239.281,1,0,
4,0,0,0,0,0.353553,25,0.000250137,1,521.82,521.82,197.608,1,0,
5,0,0,0,0,0.353553,2,0.000300962,1,634.546,634.546,244.429,1,0,
5,0,0,0,0,0.353553,3,0.000440221,1,878.274,878.274,282.936,1,0,
5,0,0,0,0,0.353553,1,0.0192314,1,697.101,697.726,225.405,70,0,
5,0,0,0,0,0.353553,4,0.000259475,1,488.94,488.94,162.051,1,0,
5,0,0,0,0,0.353553,5,0.000415025,1,655.253,655.253,245.339,1,0,
5,0,0,0,0,0.353553,6,0.000391802,1,831.347,831.347,228.273,1,0,
5,0,0,0,0,0.353553,8,0.000970884,1,724.446,725.436,196.04,4,0,
5,0,0,0,0,0.353553,9,0.00198999,1,731.57,733.193,190.31,4,0,
5,0,0,0,0,0.353553,7,0.0423509,1,841.291,844.355,315.877,70,0,
5,0,0,0,0,0.353553,10,0.00201778,1,576.235,577.146,163.627,12,0,
5,0,0,0,0,0.353553,11,0.000380611,1,794.767,794.767,277.746,1,0,
5,0,0,0,0,0.353553,12,0.000324206,1,676.347,676.347,230.549,1,0,
5,0,0,0,0,0.353553,13,0.000285783,1,693.729,693.729,243.154,1,0,
5,0,0,0,0,0.353553,14,0.0022989,1,886.005,887.769,284.379,5,0,
5,0,0,0,0,0.353553,15,0.00217379,1,1104.81,1106.72,275.164,6,0,
5,0,0,0,0,0.353553,16,0.000577699,1,971.563,971.563,274.867,1,0,
5,0,0,0,0,0.353553,17,0.000317253,1,635.244,635.244,255.965,1,0,
5,0,0,0,0,0.353553,19,0.00220811,1,550.748,550.842,244.152,3,0,
5,0,0,0,0,0.353553,20,0.000577228,1,849.527,849.906,226.147,2,0,
5,0,0,0,0,0.353553,18,0.0464818,1,1026.24,1027.56,303.205,124,0,
5,0,0,0,0,0.353553,21,0.000353099,1,697.516,697.516,205.893,1,0,
5,0,0,0,0,0.353553,22,0.000381412,1,798.969,798.969,239.194,1,0,
5,0,0,0,0,0.353553,23,0.000378497,1,858.474,858.474,280.379,1,0,
5,0,0,0,0,0.353553,24,0.000377965,1,755.029,755.029,239.281,1,0,
5,0,0,0,0,0.353553,25,0.000285272,1,624.106,624.106,197.608,1,0,
6,0,0,0,0,0.353553,2,0.000387304,1,864.213,864.213,244.429,1,0,
6,0,0,0,0,0.353553,1,0.0181317,1,934.682,935.308,237.582,70,0,
6,0,0,0,0,0.353553,3,0.000661566,1,1079.3,1079.3,282.936,1,0,
6,0,0,0,0,0.353553,4,0.000313656,1,532.101,532.101,162.051,1,0,
6,0,0,0,0,0.353553,5,0.00268631,1,976.981,978.744,321.728,4,0,
6,0,0,0,0,0.353553,6,0.00103166,1,1085.73,1086.86,255.517,2,0,
6,0,0,0,0,0.353553,8,0.00202727,1,906.123,908.251,196.04,8,0,
6,0,0,0,0,0.353553,9,0.00218141,1,823.035,824.658,190.31,4,0,
6,0,0,0,0,0.353553,7,0.0433246,1,874.313,877.377,315.877,70,0,
6,0,0,0,0,0.353553,10,0.00236167,1,750.03,750.941,173.795,12,0,
6,0,0,0,0,0.353553,11,0.000387233,1,816.361,816.361,277.746,1,0,
6,0,0,0,0,0.353553,12,0.000502427,1,1007.82,1007.82,331.474,1,0,
6,0,0,0,0,0.353553,13,0.000705387,1,931.292,931.441,243.154,2,0,
6,0,0,0,0,0.353553,14,0.00189325,1,948.148,949.911,284.379,5,0,
6,0,0,0,0,0.353553,15,0.00293691,1,1172.9,1174.81,275.164,6,0,
6,0,0,0,0,0.353553,16,0.000571418,1,1089.87,1089.87,274.867,1,0,
6,0,0,0,0,0.353553,17,0.000393014,1,755.773,755.773,255.965,1,0,
6,0,0,0,0,0.353553,19,0.00302992,1,719.721,719.815,244.152,3,0,
6,0,0,0,0,0.353553,20,0.00162112,1,949.58,950.297,226.485,8,0,
6,0,0,0,0,0.353553,18,0.0497034,1,1198.11,1199.48,303.205,128,0,
6,0,0,0,0,0.353553,21,0.00190032,1,959.86,961.265,263.749,4,0,
6,0,0,0,0,0.353553,22,0.000496798,1,1015.4,1015.4,239.194,1,0,
6,0,0,0,0,0.353553,23,0.000432919,1,963.208,963.208,280.379,1,0,
6,0,0,0,0,0.353553,24,0.000425896,1,895.077,895.077,239.281,1,0,
6,0,0,0,0,0.353553,25,0.000338052,1,724.753,724.753,197.608,1,0,
7,0,0,0,0,0.353553,2,0.000501387,1,1036.64,1036.64,244.429,1,0,
7,0,0,0,0,0.353553,1,0.0173249,1,1015.06,1015.68,237.582,70,0,
7,0,0,0,0,0.353553,3,0.000680641,1,1292.41,1292.41,282.936,1,0,
7,0,0,0,0,0.353553,4,0.000447826,1,770.955,770.955,238.854,1,0,
7,0,0,0,0,0.353553,5,0.00350306,1,1092.44,1094.38,321.877,10,0,
7,0,0,0,0,0.353553,6,0.000949504,1,1314.06,1315.2,254.38,2,0,
7,0,0,0,0,0.353553,8,0.00212375,1,1097.57,1099.7,196.04,8,0,
7,0,0,0,0,0.353553,9,0.00214236,1,893.434,895.057,190.31,4,0,
7,0,0,0,0,0.353553,7,0.0416546,1,1032.46,1035.53,315.877,70,0,
7,0,0,0,0,0.353553,10,0.00215904,1,916.095,917.006,173.795,12,0,
7,0,0,0,0,0.353553,11,0.000431686,1,829.537,829.537,277.746,1,0,
7,0,0,0,0,0.353553,12,0.000626119,1,1175.26,1175.26,331.474,1,0,
7,0,0,0,0,0.353553,13,0.00114395,1,1064.69,1065.98,244.291,4,0,
7,0,0,0,0,0.353553,14,0.00205914,1,1114.66,1116.43,284.379,5,0,
7,0,0,0,0,0.353553,15,0.0023381,1,1340,1341.91,275.164,6,0,
7,0,0,0,0,0.353553,16,0.000718031,1,1356.8,1356.8,274.867,1,0,
7,0,0,0,0,0.353553,17,0.000481739,1,947.507,947.507,255.965,1,0,
7,0,0,0,0,0.353553,19,0.00234136,1,900.661,900.755,244.152,3,0,
7,0,0,0,0,0.353553,18,0.0517371,1,1332.58,1333.95,303.205,128,0,
7,0,0,0,0,0.353553,20,0.0484013,1,1122.25,1123.18,226.485,231,0,
7,0,0,0,0,0.353553,21,0.00349797,1,1159.62,1162.82,262.344,8,0,
7,0,0,0,0,0.353553,22,0.000873911,1,1185.07,1185.22,239.349,2,0,
7,0,0,0,0,0.353553,23,0.000558693,1,1092.34,1092.34,280.379,1,0,
7,0,0,0,0,0.353553,24,0.000530421,1,982.251,982.251,239.281,1,0,
7,0,0,0,0,0.353553,25,0.000398244,1,769.056,769.056,197.608,1,0,
8,0,0,0,0,0.353553,2,0.000565947,1,1065.82,1065.82,244.429,1,0,
8,0,0,0,0,0.353553,1,0.0178287,1,1073.99,1074.61,237.582,70,0,
8,0,0,0,0,0.353553,3,0.00177278,1,1593.07,1594.01,301.594,3,0,
8,0,0,0,0,0.353553,4,0.000500444,1,802.358,802.358,238.854,1,0,
8,0,0,0,0,0.353553,5,0.00369881,1,1277.35,1279.28,321.877,10,0,
8,0,0,0,0,0.353553,6,0.001047,1,1421.21,1422.35,254.38,2,0,
8,0,0,0,0,0.353553,8,0.00894148,1,1365.76,1369.29,269.59,29,0,
8,0,0,0,0,0.353553,9,0.00220395,1,996.921,998.544,190.31,4,0,
8,0,0,0,0,0.353553,7,0.0432299,1,1161.68,1164.75,315.877,70,0,
8,0,0,0,0,0.353553,10,0.00225649,1,1020.96,1021.87,173.795,12,0,
8,0,0,0,0,0.353553,11,0.000555648,1,924.894,924.894,277.746,1,0,
8,0,0,0,0,0.353553,12,0.000749579,1,1418.53,1418.53,331.474,1,0,
8,0,0,0,0,0.353553,13,0.0011635,1,1162.79,1164.07,244.291,4,0,
8,0,0,0,0,0.353553,14,0.00211406,1,1293.37,1295.13,284.379,5,0,
8,0,0,0,0,0.353553,15,0.00236577,1,1524.35,1526.26,275.164,6,0,
8,0,0,0,0,0.353553,16,0.000796548,1,1537.51,1537.51,274.867,1,0,
8,0,0,0,0,0.353553,19,0.0025801,1,955.817,955.911,244.152,3,0,
8,0,0,0,0,0.353553,18,0.0516167,1,1353.7,1355.07,303.205,128,0,
8,0,0,0,0,0.353553,17,0.455093,1,1217.26,1218.5,270.994,938,0,
8,0,0,0,0,0.353553,22,0.000901955,1,1292.09,1292.24,239.349,2,0,
8,0,0,0,0,0.353553,23,0.000690458,1,1392.86,1392.86,300.523,1,0,
8,0,0,0,0,0.353553,24,0.000585993,1,1048.07,1048.07,239.281,1,0,
8,0,0,0,0,0.353553,20,0.0490966,1,1138.14,1139.07,226.485,231,0,
8,0,0,0,0,0.353553,25,0.000436806,1,907.638,907.638,197.608,1,0,
9,0,0,0,0,0.353553,2,0.00105211,1,1131.74,1132.23,244.429,2,0,
9,0,0,0,0,0.353553,1,0.018028,1,1235.66,1236.29,237.582,70,0,
9,0,0,0,0,0.353553,3,0.00189298,1,1827.67,1828.6,301.594,3,0,
9,0,0,0,0,0.353553,4,0.000455702,1,834.053,834.053,238.854,1,0,
9,0,0,0,0,0.353553,5,0.00834565,1,1561.95,1564.03,322.024,25,0,
9,0,0,0,0,0.353553,6,0.00129092,1,1464.26,1465.4,255.517,2,0,
9,0,0,0,0,0.353553,8,0.00897922,1,1649.95,1653.48,284.195,25,0,
9,0,0,0,0,0.353553,9,0.00221948,1,1027.34,1028.96,190.31,4,0,
9,0,0,0,0,0.353553,7,0.0451056,1,1317.64,1320.7,315.877,70,0,
9,0,0,0,0,0.353553,10,0.00240365,1,1281.26,1282.17,260.3,12,0,
9,0,0,0,0,0.353553,11,0.00123303,1,1134.85,1136.26,277.746,4,0,
9,0,0,0,0,0.353553,12,0.000856228,1,1603.53,1603.53,331.474,1,0,
9,0,0,0,0,0.353553,14,0.00208156,1,1357.43,1359.19,284.379,5,0,
9,0,0,0,0,0.353553,15,0.00250176,1,1590.3,1592.22,275.164,6,0,
9,0,0,0,0,0.353553,13,0.0897372,1,1357.05,1359.78,244.481,345,0,
9,0,0,0,0,0.353553,16,0.000871457,1,1679.9,1679.9,274.867,1,0,
8,0,0,0,0,0.353553,21,2.22805,1,1401.47,1405.7,263.38,5021,0,
9,0,0,0,0,0.353553,19,0.00265368,1,1173.63,1173.73,244.152,3,0,
9,0,0,0,0,0.353553,18,0.0550844,1,1457.07,1458.44,303.205,128,0,
9,0,0,0,0,0.353553,17,0.455435,1,1431.81,1433.05,269.832,938,0,
9,0,0,0,0,0.353553,22,0.00101989,1,1419.68,1419.83,239.349,2,0,
9,0,0,0,0,0.353553,24,0.000666785,1,1246.59,1246.59,239.281,1,0,
9,0,0,0,0,0.353553,20,0.0509963,1,1386.27,1388.6,249.533,234,0,
9,0,0,0,0,0.353553,25,0.000551209,1,1088.65,1088.65,197.608,1,0,
10,0,0,0,0,0.353553,3,0.00196889,1,1958.43,1959.37,301.594,3,0,
10,0,0,0,0,0.353553,2,0.0168463,1,1408,1408.55,276.252,62,0,
10,0,0,0,0,0.353553,1,0.0681252,1,1407.01,1408.97,237.582,340,0,
9,0,0,0,0,0.353553,23,0.156171,1,1674.64,1674.71,300.523,672,0,
10,0,0,0,0,0.353553,4,0.000586004,1,1085.57,1085.57,251.517,1,0,
10,0,0,0,0,0.353553,6,0.00111427,1,1542.21,1543.35,254.38,2,0,
10,0,0,0,0,0.353553,8,0.00864132,1,1751.35,1754.88,284.195,25,0,
10,0,0,0,0,0.353553,9,0.00222904,1,1077.06,1078.69,190.31,4,0,
10,0,0,0,0,0.353553,5,0.138648,1,1769,1773.48,325.733,331,0,
10,0,0,0,0,0.353553,7,0.363839,1,1598.01,1603.01,313.873,516,0,
10,0,0,0,0,0.353553,10,0.00283868,1,1392.17,1393.1,260.3,14,0,
10,0,0,0,0,0.353553,12,0.000934595,1,1684.2,1684.2,331.474,1,0,
10,0,0,0,0,0.353553,14,0.00218545,1,1389.73,1391.5,284.379,5,0,
10,0,0,0,0,0.353553,11,0.0533636,1,1160.68,1174.98,282.195,129,0,
10,0,0,0,0,0.353553,16,0.000937671,1,1797.7,1797.7,274.867,1,0,
10,0,0,0,0,0.353553,15,0.0289942,1,1699.24,1702.03,275.164,160,0,
9,0,0,0,0,0.353553,21,2.28042,1,1484.4,1488.63,262.344,5021,0,
10,0,0,0,0,0.353553,13,0.943308,1,1637.87,1641.32,280.819,3125,0,
10,0,0,0,0,0.353553,19,0.00255915,1,1261.15,1261.24,244.152,3,0,
10,0,0,0,0,0.353553,18,0.0546853,1,1587.34,1588.9,303.399,129,0,
10,0,0,0,0,0.353553,20,0.0516696,1,1575.92,1578.25,249.533,234,0,
10,0,0,0,0,0.353553,22,0.00107041,1,1574.84,1575,239.349,2,0,
10,0,0,0,0,0.353553,24,0.000700599,1,1354.93,1354.93,239.281,1,0,
10,0,0,0,0,0.353553,25,0.000945155,1,1306.3,1307.11,217.653,2,0,
10,0,0,0,0,0.353553,23,0.159421,1,1713.3,1713.38,300.523,672,0,
11,0,0,0,0,0.353553,3,0.00199571,1,1968.82,1969.76,301.594,3,0,
11,0,0,0,0,0.353553,2,0.0176075,1,1508.07,1508.62,276.252,62,0,
11,0,0,0,0,0.353553,1,0.0698554,1,1537.75,1539.71,237.582,340,0,
11,0,0,0,0,0.353553,4,0.00617934,1,1260.57,1262.63,251.517,8,0,
11,0,0,0,0,0.353553,6,0.00362584,1,1691.28,1694.99,254.38,10,0,
11,0,0,0,0,0.353553,5,0.199677,1,1899.77,1905.26,326.746,353,0,
11,0,0,0,0,0.353553,7,0.374437,1,1815.26,1820.26,313.873,516,0,
11,0,0,0,0,0.353553,8,0.0104585,1,1933.26,1936.8,284.195,25,0,
11,0,0,0,0,0.353553,10,0.00295373,1,1463.84,1464.77,260.3,14,0,
11,0,0,0,0,0.353553,9,0.0338244,1,1198.7,1201.65,190.31,111,0,
11,0,0,0,0,0.353553,11,0.05672,1,1326.05,1340.34,282.195,129,0,
11,0,0,0,0,0.353553,12,0.00474848,1,1943.66,1945.65,331.474,7,0,
11,0,0,0,0,0.353553,14,0.00227347,1,1423.53,1425.29,284.379,5,0,
11,0,0,0,0,0.353553,15,0.0292198,1,1860.37,1863.16,275.164,160,0,
11,0,0,0,0,0.353553,16,0.00115748,1,1824.52,1824.52,274.867,1,0,
11,0,0,0,0,0.353553,18,0.0536173,1,1669.5,1671.07,303.399,129,0,
11,0,0,0,0,0.353553,19,0.0517769,1,1479.59,1481.42,244.555,80,0,
11,0,0,0,0,0.353553,17,0.936507,1,1880.51,1883.03,272.269,1762,0,
11,0,0,0,0,0.353553,22,0.00116141,1,1600.42,1600.58,239.349,2,0,
11,0,0,0,0,0.353553,20,0.0529468,1,1605.21,1607.54,249.533,234,0,
10,0,0,0,0,0.353553,21,7.07862,1,1701.92,1707.82,263.38,14349,0,
11,0,0,0,0,0.353553,24,0.00214244,1,1554.84,1555.94,239.281,5,0,
11,0,0,0,0,0.353553,25,0.00495312,1,1595.89,1596.84,289.728,5,0,
12,0,0,0,0,0.353553,1,0.0703683,1,1827.58,1829.54,289.835,340,0,
11,0,0,0,0,0.353553,23,0.159434,1,1819.42,1821.21,300.523,674,0,
12,0,0,0,0,0.353553,3,0.00205569,1,2122.68,2123.61,301.594,3,0,
12,0,0,0,0,0.353553,4,0.00641267,1,1401.16,1403.22,251.517,8,0,
12,0,0,0,0,0.353553,6,0.00372166,1,1774.02,1777.73,254.38,10,0,
12,0,0,0,0,0.353553,5,0.31522,1,2114.81,2120.38,326.746,681,0,
12,0,0,0,0,0.353553,2,2.04239,1,1748.09,1749.25,276.38,6731,0,
12,0,0,0,0,0.353553,8,0.00876542,1,1953.43,1956.97,284.195,25,0,
12,0,0,0,0,0.353553,9,0.0345873,1,1521.47,1524.42,322.77,112,0,
12,0,0,0,0,0.353553,10,0.00309575,1,1622.02,1622.95,260.3,14,0,
12,0,0,0,0,0.353553,12,0.00464351,1,2074.17,2076.39,331.474,10,0,
12,0,0,0,0,0.353553,11,0.0561772,1,1556.77,1571.07,282.195,129,0,
12,0,0,0,0,0.353553,7,1.73602,1,2007.43,2013.02,313.873,2581,0,
10,0,0,0,0,0.353553,17,12.4201,1,1618.04,1619.86,270.994,29228,0,
12,0,0,0,0,0.353553,14,0.00223335,1,1501.9,1503.67,284.379,5,0,
12,0,0,0,0,0.353553,16,0.0012759,1,1984.01,1984.58,274.867,2,0,
12,0,0,0,0,0.353553,15,0.0297829,1,1899.09,1901.88,275.164,160,0,
12,0,0,0,0,0.353553,18,0.0552865,1,1732.16,1733.73,303.399,129,0,
12,0,0,0,0,0.353553,19,0.180052,1,1541.19,1547.91,244.555,920,0,
11,0,0,0,0,0.353553,21,7.08982,1,1739.89,1745.79,263.38,14349,0,
12,0,0,0,0,0.353553,22,0.00129016,1,1741.44,1741.59,239.349,2,0,
12,0,0,0,0,0.353553,20,0.263595,1,1756.08,1758.92,250.042,1017,0,
12,0,0,0,0,0.353553,24,0.00724655,1,1784.16,1786.34,239.281,11,0,
12,0,0,0,0,0.353553,25,0.00564549,1,1748.62,1752.47,289.728,10,0,
12,0,0,0,0,0.353553,23,0.16064,1,1960.24,1962.03,300.523,674,0,
13,0,0,0,0,0.353553,3,0.00613433,1,2351.33,2353.67,301.594,12,0,
13,0,0,0,0,0.353553,1,0.0715341,1,2004.31,2006.27,289.835,340,0,
13,0,0,0,0,0.353553,4,0.00540796,1,1661.67,1663.74,260.511,8,0,
13,0,0,0,0,0.353553,6,0.00374998,1,1795.86,1799.56,254.38,10,0,
13,0,0,0,0,0.353553,5,0.324039,1,2150,2155.57,326.746,681,0,
13,0,0,0,0,0.353553,8,0.00863989,1,2062.18,2065.71,284.195,25,0,
13,0,0,0,0,0.353553,9,0.635052,1,1718.13,1722.4,322.77,2060,0,
13,0,0,0,0,0.353553,10,0.00314848,1,1684.24,1685.17,260.3,14,0,
13,0,0,0,0,0.353553,11,0.0991873,1,1844.88,1862.77,291.7,176,0,
11,0,0,0,0,0.353553,13,14.8517,1,1938.01,1942.29,300.137,41260,0,
13,0,0,0,0,0.353553,14,0.00458625,1,1802.01,1803.87,300.204,9,0,
12,0,0,0,0,0.353553,17,8.39443,1,2106.49,2112.2,272.269,14946,0,
12,0,0,0,0,0.353553,21,7.16354,1,1858.41,1864.32,262.344,14349,0,
13,0,0,0,0,0.353553,16,0.006783,1,2218.57,2222.84,277.76,15,0,
13,0,0,0,0,0.353553,15,0.029961,1,1994.88,1997.67,275.164,160,0,
13,0,0,0,0,0.353553,7,3.51909,1,2140.17,2146.02,313.873,5253,0,
13,0,0,0,0,0.353553,18,0.0546973,1,1756.75,1758.32,303.161,129,0,
13,0,0,0,0,0.353553,19,0.188786,1,1666.51,1673.22,244.555,920,0,
13,0,0,0,0,0.353553,12,2.86502,1,2302.34,2308.22,331.474,5336,0,
13,0,0,0,0,0.353553,22,0.00118621,1,1764.25,1764.41,239.349,2,0,
13,0,0,0,0,0.353553,20,0.269961,1,1888.07,1890.91,250.042,1017,0,
13,0,0,0,0,0.353553,23,0.165398,1,2063.16,2065.24,300.523,676,0,
13,0,0,0,0,0.353553,24,0.156486,1,2077.25,2083.1,296.759,225,0,
13,0,0,0,0,0.353553,2,8.55387,1,1840.07,1842.17,276.38,28822,0,
14,0,0,0,0,0.353553,3,0.00625265,1,2558.93,2561.27,301.594,12,0,
14,0,0,0,0,0.353553,4,0.0056958,1,1901.44,1903.5,260.511,8,0,
14,0,0,0,0,0.353553,1,1.33693,1,2212.66,2216.03,289.835,4000,0,
14,0,0,0,0,0.353553,5,0.320648,1,2175.49,2181.06,326.746,681,0,
14,0,0,0,0,0.353553,6,0.0130372,1,1956.29,1961.54,255.869,20,0,
14,0,0,0,0,0.353553,8,0.153817,1,2301.59,2305.49,284.195,485,0,
14,0,0,0,0,0.353553,10,0.00310115,1,1772.55,1773.48,260.3,14,0,
13,0,0,0,0,0.353553,17,8.28316,1,2313.7,2319.41,272.269,14946,0,
14,0,0,0,0,0.353553,11,0.0994884,1,1976.01,1994.3,291.7,177,0,
13,0,0,0,0,0.353553,21,7.15772,1,1967.68,1973.59,262.344,14349,0,
14,0,0,0,0,0.353553,14,0.00814603,1,1831.49,1833.65,300.204,17,0,
14,0,0,0,0,0.353553,15,0.0304698,1,2184.99,2187.77,275.164,160,0,
14,0,0,0,0,0.353553,16,0.0570948,1,2376.43,2381.43,277.76,219,0,
14,0,0,0,0,0.353553,12,2.86362,1,2513.17,2519.06,331.474,5336,0,
14,0,0,0,0,0.353553,2,8.70324,1,1996.09,1998.2,276.38,28822,0,
14,0,0,0,0,0.353553,18,0.054791,1,1872.57,1874.14,303.161,129,0,
14,0,0,0,0,0.353553,20,0.270259,1,1919.32,1922.16,250.042,1017,0,
14,0,0,0,0,0.353553,22,0.00275872,1,1978.83,1981,239.349,8,0,
14,0,0,0,0,0.353553,19,1.42765,1,1816.73,1823.95,244.555,8480,0,
14,0,0,0,0,0.353553,23,0.162318,1,2244.4,2246.48,300.523,676,0,
15,0,0,0,0,0.353553,3,0.0213318,1,2626.71,2630.29,301.594,42,0,
15,0,0,0,0,0.353553,1,1.38047,1,2269.64,2273,289.835,4000,0,
15,0,0,0,0,0.353553,4,0.00592725,1,2018.03,2020.1,260.511,8,0,
12,0,0,0,0,0.353553,13,30.0001,0,2069.9,2075.41,301.465,92489,0,
14,0,0,0,0,0.353553,17,8.41214,1,2324.8,2330.51,272.269,14946,0,
14,0,0,0,0,0.353553,21,7.21412,1,1992.95,1998.85,262.344,14349,0,
15,0,0,0,0,0.353553,10,0.00378658,1,1795.24,1796.17,260.3,14,0,
15,0,0,0,0,0.353553,2,8.89112,1,2033.14,2035.25,276.38,28822,0,
15,0,0,0,0,0.353553,11,1.52543,1,2139.68,2163.42,291.7,2789,0,
13,0,0,0,0,0.353553,13,30.0002,0,2105.37,2110.86,300.137,91730,0,
13,0,0,0,0,0.353553,25,30.0001,0,2048.39,2054.56,301.889,60026,0,
14,0,0,0,0,0.353553,7,30.0003,0,2302.22,2308.93,315.123,43396,0,
15,0,0,0,0,0.353553,14,0.0082979,1,1929.3,1931.46,300.204,17,0,
15,0,0,0,0,0.353553,12,10.359,1,2737.48,2743.81,331.682,18648,0,
14,0,0,0,0,0.353553,9,30.0001,0,1932.15,1938.08,322.77,61718,0,
14,0,0,0,0,0.353553,13,30.0003,0,2349.65,2353.51,301.465,87434,0,
15,0,0,0,0,0.353553,15,0.0318924,1,2368.22,2371,275.164,160,0,
15,0,0,0,0,0.353553,16,0.0580306,1,2489.57,2494.57,277.76,219,0,
15,0,0,0,0,0.353553,18,0.10557,1,2039.54,2041.93,303.399,225,0,
15,0,0,0,0,0.353553,20,0.276074,1,1931.97,1934.81,250.042,1017,0,
15,0,0,0,0,0.353553,19,1.46259,1,1873.82,1881.04,244.555,8480,0,
14,0,0,0,0,0.353553,24,30,0,2270.43,2277.67,293.091,67890,0,
15,0,0,0,0,0.353553,5,25.9612,1,2358.16,2365.06,326.746,49753,0,
15,0,0,0,0,0.353553,6,26.1486,1,2191.96,2199.18,255.869,64658,0,
15,0,0,0,0,0.353553,22,0.00784036,1,2109.74,2111.96,239.194,24,0,
14,0,0,0,0,0.353553,25,30.0002,0,2116.79,2122.97,301.889,58748,0,
15,0,0,0,0,0.353553,23,0.349785,1,2432.98,2435.42,300.523,1350,0,
16,0,0,0,0,0.353553,3,0.179069,1,2690.17,2696.01,301.594,377,0,
16,0,0,0,0,0.353553,1,1.38044,1,2417.78,2421.14,289.835,4000,0,
15,0,0,0,0,0.353553,7,30.0002,0,2490.78,2497.46,315.591,42224,0,
16,0,0,0,0,0.353553,4,0.0153911,1,2169.92,2173.57,260.511,18,0,
15,0,0,0,0,0.353553,8,30.0003,0,2433.47,2440.37,284.323,85950,0,
15,0,0,0,0,0.353553,9,30.0004,0,2085.52,2091.23,322.77,65590,0,
15,0,0,0,0,0.353553,21,7.23783,1,2064.01,2069.92,263.38,14349,0,
16,0,0,0,0,0.353553,10,0.00637473,1,2069.7,2071.96,274.463,28,0,
15,0,0,0,0,0.353553,13,30.0003,0,2436.04,2439.9,300.137,85467,0,
16,0,0,0,0,0.353553,11,1.56656,1,2281.82,2305.56,291.7,2789,0,
15,0,0,0,0,0.353553,17,30,0,2519.13,2525.36,270.38,64219,0,
16,0,0,0,0,0.353553,12,10.3697,1,2873.35,2879.68,331.682,18648,0,
16,0,0,0,0,0.353553,14,0.00834806,1,1996.28,1998.44,300.204,17,0,
15,0,0,0,0,0.353553,24,30.0002,0,2464.15,2471.38,293.091,67166,0,
15,0,0,0,0,0.353553,25,30.0005,0,2187.3,2193.48,301.889,58451,0,
16,0,0,0,0,0.353553,15,0.0316167,1,2432.43,2435.22,275.164,160,0,
16,0,0,0,0,0.353553,6,26.3455,1,2402.29,2409.51,255.869,64658,0,
16,0,0,0,0,0.353553,5,26.471,1,2439.27,2446.16,326.746,49753,0,
16,0,0,0,0,0.353553,2,30.0001,0,2151.7,2155.91,276.622,79174,0,
16,0,0,0,0,0.353553,7,30.0009,0,2736.07,2748.01,315.345,35191,0,
16,0,0,0,0,0.353553,8,30.0001,0,2590.43,2595.13,284.195,85795,0,
16,0,0,0,0,0.353553,18,0.878067,1,2320.3,2323.64,303.399,871,0,
16,0,0,0,0,0.353553,9,30,0,2329,2337.44,324.175,68753,0,
16,0,0,0,0,0.353553,20,1.22403,1,2089.73,2093.9,250.042,4003,0,
16,0,0,0,0,0.353553,22,0.00694961,1,2273.43,2275.65,239.194,24,0,
16,0,0,0,0,0.353553,23,2.271,1,2647.26,2650.17,300.523,10653,0,
17,0,0,0,0,0.353553,1,1.36636,1,2474.49,2477.86,289.835,4000,0,
17,0,0,0,0,0.353553,3,0.18618,1,2735.99,2741.83,301.594,377,0,
16,0,0,0,0,0.353553,21,7.37149,1,2302.52,2308.43,263.38,14349,0,
17,0,0,0,0,0.353553,4,0.0541255,1,2332.85,2336.67,260.511,82,0,
16,0,0,0,0,0.353553,13,30,0,2679.18,2685.38,300.946,73453,0,
16,0,0,0,0,0.353553,16,15.9642,1,2677.01,2683.45,277.76,60060,0,
17,0,0,0,0,0.353553,10,0.00755465,1,2199.25,2201.53,274.463,36,0,
17,0,0,0,0,0.353553,11,1.57835,1,2333.33,2357.07,291.7,2789,0,
16,0,0,0,0,0.353553,17,30.0002,0,2581.93,2588.15,272.269,62442,0,
16,0,0,0,0,0.353553,19,30.0002,0,2065.63,2071,244.323,125731,0,
16,0,0,0,0,0.353553,24,30.0002,0,2571.59,2578.83,293.091,65633,0,
16,0,0,0,0,0.353553,25,30.0001,0,2277.24,2283.41,301.889,58007,0,
17,0,0,0,0,0.353553,14,0.0323644,1,2125.64,2128.08,300.204,69,0,
17,0,0,0,0,0.353553,5,26.4109,1,2638.85,2645.75,326.746,49753,0,
17,0,0,0,0,0.353553,6,26.7989,1,2551.98,2559.2,255.869,64658,0,
17,0,0,0,0,0.353553,2,30.0001,0,2182.17,2186.38,276.4,78840,0,
17,0,0,0,0,0.353553,15,0.0691751,1,2570.98,2573.85,275.164,214,0,
17,0,0,0,0,0.353553,12,15.7048,1,2941.65,2948.29,331.682,28111,0,
17,0,0,0,0,0.353553,7,30.0003,0,2924.11,2936.05,315.345,35231,0,
17,0,0,0,0,0.353553,8,30.0002,0,2607.02,2611.72,284.195,86383,0,
17,0,0,0,0,0.353553,9,30.0002,0,2425.66,2434.09,324.175,68562,0,
17,0,0,0,0,0.353553,20,1.22208,1,2219.11,2223.27,250.042,4003,0,
17,0,0,0,0,0.353553,22,0.00736927,1,2319.42,2321.64,239.194,24,0,
17,0,0,0,0,0.353553,23,2.51819,1,2811.8,2814.7,300.523,10653,0,
17,0,0,0,0,0.353553,21,7.34167,1,2418.93,2424.84,263.38,14349,0,
18,0,0,0,0,0.353553,1,1.39677,1,2528.66,2532.02,289.835,4000,0,
17,0,0,0,0,0.353553,16,15.145,1,2953.81,2960.62,277.76,55799,0,
18,0,0,0,0,0.353553,4,0.0640932,1,2561.3,2565.23,260.511,92,0,
17,0,0,0,0,0.353553,13,30.0003,0,2719.81,2726.01,300.137,72972,0,
17,0,0,0,0,0.353553,17,30.0002,0,2636.4,2642.62,272.269,62700,0,
17,0,0,0,0,0.353553,18,30.0002,0,2527.77,2532.58,303.524,52277,0,
18,0,0,0,0,0.353553,10,0.00785524,1,2224.22,2226.5,274.463,36,0,
17,0,0,0,0,0.353553,19,30.0001,0,2250.49,2255.85,244.323,123033,0,
18,0,0,0,0,0.353553,11,2.06344,1,2513.43,2537.81,291.7,4521,0,
17,0,0,0,0,0.353553,24,30.0001,0,2665.94,2673.18,293.091,65228,0,
17,0,0,0,0,0.353553,25,30.0002,0,2464.27,2470.45,301.889,58286,0,
18,0,0,0,0,0.353553,2,30,0,2392.72,2398.66,276.38,77081,0,
18,0,0,0,0,0.353553,3,30.0006,0,2960.56,2967.14,302.304,49982,0,
18,0,0,0,0,0.353553,5,30.0006,0,2817.25,2823.91,326.818,50726,0,
18,0,0,0,0,0.353553,6,30,0,2674.35,2681.77,255.869,77306,0,
18,0,0,0,0,0.353553,7,30.0008,0,3112.6,3124.53,314.824,34330,0,
18,0,0,0,0,0.353553,8,30.0002,0,2708.53,2713.22,284.195,84675,0,
18,0,0,0,0,0.353553,14,0.0309457,1,2257.48,2259.92,300.204,69,0,
18,0,0,0,0,0.353553,9,30.0003,0,2608.42,2616.19,324.175,70379,0,
18,0,0,0,0,0.353553,15,0.0694375,1,2729.9,2732.77,275.164,214,0,
18,0,0,0,0,0.353553,16,15.61,1,3161.1,3167.91,277.76,55799,0,
18,0,0,0,0,0.353553,12,30.0008,0,3127.23,3133.39,332.471,44277,0,
18,0,0,0,0,0.353553,22,0.411137,1,2609.82,2612.95,290.405,1351,0,
18,0,0,0,0,0.353553,13,30.0001,0,2890.54,2896.75,300.137,71217,0,
18,0,0,0,0,0.353553,21,7.48923,1,2519.43,2525.34,263.38,14349,0,
19,0,0,0,0,0.353553,4,0.0879708,1,2656.43,2661.42,260.985,153,0,
18,0,0,0,0,0.353553,17,30.0003,0,2870.85,2877.07,272.269,60899,0,
18,0,0,0,0,0.353553,18,30.0002,0,2664.83,2669.64,303.54,52797,0,
18,0,0,0,0,0.353553,19,30,0,2477.55,2482.07,244.158,93033,0,
19,0,0,0,0,0.353553,1,15.8652,1,2732.52,2737.03,289.835,38990,0,
18,0,0,0,0,0.353553,20,30.0001,0,2445.47,2450.62,249.665,89770,0,
18,0,0,0,0,0.353553,23,30.0004,0,2841.84,2847.45,300.523,118027,0,
19,0,0,0,0,0.353553,10,0.0456713,1,2332.66,2335.65,274.463,246,0,
18,0,0,0,0,0.353553,24,30.0003,0,2726.87,2734.11,293.091,64153,0,
18,0,0,0,0,0.353553,25,30.0002,0,2597.92,2604.1,301.889,57515,0,
19,0,0,0,0,0.353553,2,30.0002,0,2476.91,2482.82,276.38,75793,0,
19,0,0,0,0,0.353553,11,2.04859,1,2547.04,2571.42,291.7,4521,0,
19,0,0,0,0,0.353553,3,30.0005,0,3168.43,3175,302.222,48906,0,
19,0,0,0,0,0.353553,5,30.0006,0,2834.45,2841.11,327.035,50092,0,
19,0,0,0,0,0.353553,6,30.0002,0,2776.64,2784.07,255.869,78071,0,
19,0,0,0,0,0.353553,7,30.0004,0,3246.96,3258.89,314.824,34490,0,
19,0,0,0,0,0.353553,8,30.0003,0,2914.1,2919.63,284.195,85592,0,
19,0,0,0,0,0.353553,9,30.0002,0,2776.72,2783.41,324.175,77282,0,
19,0,0,0,0,0.353553,14,0.0328003,1,2361.22,2363.66,300.204,69,0,
19,0,0,0,0,0.353553,15,0.0718365,1,2831.22,2834.09,275.164,214,0,
19,0,0,0,0,0.353553,12,30.0003,0,3202.26,3208.42,331.986,43401,0,
19,0,0,0,0,0.353553,16,15.5825,1,3220.59,3227.4,277.76,55799,0,
19,0,0,0,0,0.353553,13,30.0001,0,2907.61,2913.81,300.137,70900,0,
19,0,0,0,0,0.353553,17,30.0002,0,3046.52,3052.74,272.269,59342,0,
19,0,0,0,0,0.353553,18,30.0006,0,2849.38,2852.73,303.673,65065,0,
19,0,0,0,0,0.353553,19,30.0002,0,2648.25,2652.75,244.461,90149,0,
20,0,0,0,0,0.353553,4,0.0882498,1,2831.91,2836.89,260.985,153,0,
19,0,0,0,0,0.353553,20,30.0001,0,2491.79,2496.93,249.533,88904,0,
20,0,0,0,0,0.353553,1,17.2446,1,2978.26,2982.84,289.835,42602,0,
19,0,0,0,0,0.353553,21,30.0002,0,2710.95,2720.99,262.713,58979,0,
19,0,0,0,0,0.353553,22,30.0001,0,2721.35,2728.3,293.476,76572,0,
19,0,0,0,0,0.353553,23,30.0002,0,2979.52,2985.14,300.523,121113,0,
20,0,0,0,0,0.353553,10,0.0475239,1,2495.03,2498.02,274.463,246,0,
19,0,0,0,0,0.353553,24,30.0005,0,2842.96,2850.19,293.091,63102,0,
19,0,0,0,0,0.353553,25,30.0003,0,2640.61,2646.79,301.889,56926,0,
20,0,0,0,0,0.353553,2,30.0005,0,2531.05,2536.97,276.38,75992,0,
20,0,0,0,0,0.353553,3,30.0002,0,3309.31,3320.29,304.199,70454,0,
20,0,0,0,0,0.353553,5,30.0003,0,3053.67,3060.13,326.973,48261,0,
20,0,0,0,0,0.353553,6,30.0002,0,2837.56,2844.98,255.869,77136,0,
20,0,0,0,0,0.353553,7,30.0005,0,3320.78,3332.7,314.824,34211,0,
20,0,0,0,0,0.353553,8,30.0003,0,3026.28,3031.82,284.195,87964,0,
20,0,0,0,0,0.353553,9,30.0002,0,2799.83,2806.52,324.175,76588,0,
20,0,0,0,0,0.353553,14,0.0863316,1,2473.09,2476.03,300.204,217,0,
20,0,0,0,0,0.353553,15,0.07438,1,2896.88,2899.76,275.164,214,0,
20,0,0,0,0,0.353553,11,30.0007,0,2673.27,2699.09,288.217,22577,0,
20,0,0,0,0,0.353553,12,30.0006,0,3263.29,3269.45,331.986,43309,0,
20,0,0,0,0,0.353553,16,15.9487,1,3347.59,3354.39,277.76,55799,0,
20,0,0,0,0,0.353553,13,30.0001,0,3035.15,3041.34,300.137,69911,0,
20,0,0,0,0,0.353553,17,30.0004,0,3195.47,3207.78,278.075,33666,0,
20,0,0,0,0,0.353553,18,30.0005,0,2934.58,2937.93,303.54,63837,0,
20,0,0,0,0,0.353553,19,30.0003,0,2720.15,2724.65,244.065,89527,0,
21,0,0,0,0,0.353553,4,0.0920027,1,2940.57,2945.56,260.985,153,0,
20,0,0,0,0,0.353553,20,30.0001,0,2641.43,2646.57,250.042,87083,0,
21,0,0,0,0,0.353553,1,17.1054,1,3026.92,3031.5,289.835,42602,0,
20,0,0,0,0,0.353553,21,30.0002,0,2839.17,2849.21,263.815,59343,0,
20,0,0,0,0,0.353553,22,30.0001,0,2822.6,2829.55,292.894,76455,0,
20,0,0,0,0,0.353553,23,30.0001,0,3042.61,3048.23,300.523,118710,0,
20,0,0,0,0,0.353553,24,30.0004,0,3067.62,3075.34,296.759,64103,0,
20,0,0,0,0,0.353553,25,30.0001,0,2754.82,2761,301.889,56838,0,
21,0,0,0,0,0.353553,10,0.0562548,1,2659.82,2664.22,274.463,266,0,
21,0,0,0,0,0.353553,2,30.0012,0,2617.82,2623.55,276.38,43628,0,
21,0,0,0,0,0.353553,3,30.0002,0,3406.67,3417.65,304.581,70014,0,
21,0,0,0,0,0.353553,5,30.0004,0,3239.56,3246.17,326.746,47481,0,
21,0,0,0,0,0.353553,6,30.0003,0,3087.9,3094.52,255.869,62863,0,
21,0,0,0,0,0.353553,7,30.0008,0,3452.17,3464.09,314.824,33678,0,
21,0,0,0,0,0.353553,8,30.0003,0,3169.31,3174.84,284.195,86277,0,
21,0,0,0,0,0.353553,9,30.0002,0,2927.82,2934.49,324.175,75811,0,
21,0,0,0,0,0.353553,14,0.426633,1,2484.75,2488.07,300.204,757,0,
21,0,0,0,0,0.353553,11,30.0011,0,2807.56,2833.38,288.217,23425,0,
21,0,0,0,0,0.353553,15,0.0760481,1,3096.09,3098.96,275.164,214,0,
21,0,0,0,0,0.353553,16,16.256,1,3434.93,3441.74,277.76,55799,0,
21,0,0,0,0,0.353553,12,30.0006,0,3437.19,3443.35,331.763,42953,0,
21,0,0,0,0,0.353553,13,30.0001,0,3127.01,3133.21,301.894,69533,0,
21,0,0,0,0,0.353553,17,30.0001,0,3241.06,3253.37,278.357,33299,0,
21,0,0,0,0,0.353553,18,30.0002,0,3165.49,3169.18,303.54,63370,0,
21,0,0,0,0,0.353553,19,30.0001,0,3040.52,3043.4,320.855,84113,0,
21,0,0,0,0,0.353553,20,30.0001,0,2826.57,2831.93,249.533,81040,0,
21,0,0,0,0,0.353553,21,30,0,3027.97,3038.01,262.439,58697,0,
22,0,0,0,0,0.353553,4,0.0931395,1,2980.09,2985.08,260.985,153,0,
21,0,0,0,0,0.353553,22,30.0005,0,3059.87,3065.56,293.157,72384,0,
21,0,0,0,0,0.353553,23,30.0003,0,3292.9,3298.25,300.523,100930,0,
22,0,0,0,0,0.353553,1,17.5074,1,3098.78,3103.36,289.835,42602,0,
21,0,0,0,0,0.353553,24,30.0004,0,3312.11,3320.55,296.759,64203,0,
21,0,0,0,0,0.353553,25,30.0001,0,2880.01,2886.19,301.889,56208,0,
22,0,0,0,0,0.353553,2,30.0002,0,2854.31,2861.32,277.708,48333,0,
22,0,0,0,0,0.353553,3,30.0002,0,3442.56,3453.54,305.22,70363,0,
22,0,0,0,0,0.353553,5,30.0002,0,3269.39,3276,327.035,47383,0,
22,0,0,0,0,0.353553,10,0.0647051,1,2818.72,2823.13,274.475,282,0,
22,0,0,0,0,0.353553,6,30.0002,0,3346.59,3353.17,258.692,60472,0,
22,0,0,0,0,0.353553,7,30.0002,0,3672.51,3684.42,316,32437,0,
22,0,0,0,0,0.353553,8,30.0001,0,3344.08,3349.67,284.195,84471,0,
22,0,0,0,0,0.353553,9,30.0003,0,3036.47,3043.18,324.175,72596,0,
22,0,0,0,0,0.353553,14,0.432048,1,2518.92,2522.24,300.204,757,0,
22,0,0,0,0,0.353553,15,0.0860748,1,3320.29,3323.17,275.164,236,0,
22,0,0,0,0,0.353553,11,30.0005,0,2964.5,2973.16,289.564,77032,0,
22,0,0,0,0,0.353553,12,30.0004,0,3728.9,3734.35,332.802,32157,0,
22,0,0,0,0,0.353553,13,30.0002,0,3199,3205.19,300.137,68610,0,
22,0,0,0,0,0.353553,16,30.0001,0,3588.74,3595.36,277.76,105688,0,
22,0,0,0,0,0.353553,17,30.0002,0,3527.58,3540.11,287.326,33198,0,
22,0,0,0,0,0.353553,18,30.0004,0,3240.15,3243.83,303.524,60898,0,
22,0,0,0,0,0.353553,19,30.0001,0,3240.72,3243.6,320.828,82871,0,
22,0,0,0,0,0.353553,20,30.0001,0,2926.31,2931.67,249.533,80089,0,
22,0,0,0,0,0.353553,21,30.0001,0,3234.11,3244.27,263.672,55124,0,
22,0,0,0,0,0.353553,22,30.0001,0,3199.36,3205.05,293.476,72549,0,
22,0,0,0,0,0.353553,23,30.0002,0,3404.01,3411.36,300.523,112729,0,
22,0,0,0,0,0.353553,24,30.0004,0,3430.8,3439.24,296.759,61446,0,
23,0,0,0,0,0.353553,4,0.0921471,1,3105.23,3110.22,260.985,153,0,
22,0,0,0,0,0.353553,25,30.0003,0,3200.94,3210.83,324.639,56426,0,
23,0,0,0,0,0.353553,1,28.6143,1,3155,3159.78,289.835,70582,0,
23,0,0,0,0,0.353553,2,30.0004,0,3102.34,3110.25,280.089,66309,0,
23,0,0,0,0,0.353553,3,30.0002,0,3473.2,3484.18,304.199,69720,0,
23,0,0,0,0,0.353553,5,30.0008,0,3426.31,3433.02,327.005,50581,0,
23,0,0,0,0,0.353553,10,0.0658266,1,2866.13,2870.54,274.475,282,0,
23,0,0,0,0,0.353553,6,30.0001,0,3364.19,3370.77,258.692,59739,0,
23,0,0,0,0,0.353553,7,30.0009,0,3744.01,3755.92,315.776,32155,0,
23,0,0,0,0,0.353553,8,30.0004,0,3496.9,3502.47,284.195,80938,0,
23,0,0,0,0,0.353553,9,30.0002,0,3297.51,3304.27,324.175,75777,0,
23,0,0,0,0,0.353553,14,0.44063,1,2586,2589.32,300.204,757,0,
23,0,0,0,0,0.353553,11,30.0002,0,3083.93,3092.59,289.564,76847,0,
23,0,0,0,0,0.353553,12,30.0011,0,3877.37,3883.01,333.094,22003,0,
23,0,0,0,0,0.353553,13,30.0001,0,3297.48,3303.67,301.279,67274,0,
23,0,0,0,0,0.353553,15,30.0005,0,3500.02,3504.67,275.164,60205,0,
23,0,0,0,0,0.353553,16,30.0001,0,3628.59,3635.2,277.76,102870,0,
23,0,0,0,0,0.353553,17,30.0008,0,3619.28,3631.84,286.518,33918,0,
23,0,0,0,0,0.353553,18,30.0001,0,3464.31,3469.31,303.524,57732,0,
23,0,0,0,0,0.353553,19,30.0001,0,3382.59,3385.43,320.871,77925,0,
23,0,0,0,0,0.353553,20,30.0001,0,2962.68,2968.04,249.533,79236,0,
23,0,0,0,0,0.353553,21,30.0004,0,3560.47,3569.17,326.724,62117,0,
23,0,0,0,0,0.353553,22,30.0001,0,3388.52,3394.21,292.894,71258,0,
23,0,0,0,0,0.353553,23,30.0003,0,3489.05,3501.54,300.523,102771,0,
23,0,0,0,0,0.353553,24,30.0003,0,3585.76,3594.2,296.759,62317,0,
23,0,0,0,0,0.353553,25,30.0003,0,3314.34,3324.22,324.639,56130,0,
24,0,0,0,0,0.353553,4,2.5422,1,3417.58,3426.3,312.347,3574,0,
24,0,0,0,0,0.353553,1,29.1578,1,3255.57,3260.34,289.835,70582,0,
24,0,0,0,0,0.353553,2,30.0004,0,3112.36,3120.25,279.961,65151,0,
24,0,0,0,0,0.353553,3,30.0003,0,3672.6,3682.9,304.581,62417,0,
24,0,0,0,0,0.353553,5,30.0007,0,3656.12,3662.92,327.025,51044,0,
24,0,0,0,0,0.353553,10,0.13219,1,3030.13,3035.1,274.475,556,0,
24,0,0,0,0,0.353553,6,30.0005,0,3428.68,3435.25,258.692,59139,0,
24,0,0,0,0,0.353553,7,30.0002,0,3930.65,3942.57,316,32286,0,
24,0,0,0,0,0.353553,8,30.0002,0,3663.61,3669.18,284.195,81429,0,
24,0,0,0,0,0.353553,9,30.0005,0,3467.43,3474.17,324.175,73893,0,
24,0,0,0,0,0.353553,14,3.8654,1,2623.38,2628.13,300.204,11110,0,
24,0,0,0,0,0.353553,11,30,0,3128.94,3137.6,289.564,75857,0,
24,0,0,0,0,0.353553,12,30.0011,0,3892.3,3897.93,333.485,22194,0,
24,0,0,0,0,0.353553,13,30.0001,0,3466.77,3474.95,300.946,58211,0,
24,0,0,0,0,0.353553,15,30.0002,0,3683.37,3688.01,275.164,58562,0,
24,0,0,0,0,0.353553,16,30.0001,0,3668.24,3674.85,277.76,99516,0,
24,0,0,0,0,0.353553,17,30.0003,0,3688.11,3700.65,286.518,33783,0,
24,0,0,0,0,0.353553,18,30.0002,0,3706.7,3711.24,303.54,52475,0,
24,0,0,0,0,0.353553,19,30.0004,0,3467.8,3470.64,320.871,78961,0,
24,0,0,0,0,0.353553,20,30.0001,0,3122.97,3128.33,250.042,78367,0,
24,0,0,0,0,0.353553,21,30.0002,0,3685.51,3694.21,326.724,61937,0,
24,0,0,0,0,0.353553,22,30.0004,0,3590.17,3594.29,292.692,49361,0,
24,0,0,0,0,0.353553,23,30.0001,0,3610.55,3622.89,300.523,128866,0,
24,0,0,0,0,0.353553,24,30.0001,0,3715.99,3724.44,296.759,61650,0,
25,0,0,0,0,0.353553,4,2.63193,1,3607.02,3615.74,312.347,3574,0,
24,0,0,0,0,0.353553,25,30.0005,0,3341.87,3351.76,324.639,55457,0,
25,0,0,0,0,0.353553,1,28.9984,1,3431.61,3436.39,289.835,70582,0,
25,0,0,0,0,0.353553,2,30.0001,0,3270.51,3277.78,280.319,68048,0,
25,0,0,0,0,0.353553,3,30.0002,0,3803.52,3813.82,304.199,62023,0,
25,0,0,0,0,0.353553,5,30.0007,0,3780.1,3786.89,327.005,50055,0,
25,0,0,0,0,0.353553,10,0.725127,1,3186.91,3192.1,274.475,2781,0,
25,0,0,0,0,0.353553,6,30.0001,0,3619.21,3625.78,258.692,58728,0,
25,0,0,0,0,0.353553,7,30.0007,0,4061.11,4073.01,314.824,32101,0,
25,0,0,0,0,0.353553,8,30.0002,0,3830.8,3836.36,284.195,80446,0,
25,0,0,0,0,0.353553,9,30.0003,0,3703.87,3713.35,324.699,97940,0,
25,0,0,0,0,0.353553,14,3.81074,1,2782.24,2787,300.204,11110,0,
25,0,0,0,0,0.353553,11,30.0006,0,3379.45,3384.15,289.564,40245,0,
25,0,0,0,0,0.353553,12,30.0009,0,4143.89,4149.51,333.436,21751,0,
25,0,0,0,0,0.353553,13,30.0005,0,3550.32,3558.49,300.137,56604,0,
25,0,0,0,0,0.353553,15,30.0003,0,3769.12,3773.76,275.164,58404,0,
25,0,0,0,0,0.353553,16,30.0002,0,3744.49,3751.1,277.76,100804,0,
25,0,0,0,0,0.353553,17,30.0003,0,3961.99,3973.79,287.846,33236,0,
25,0,0,0,0,0.353553,18,30.0004,0,3784.64,3789.17,303.54,51206,0,
25,0,0,0,0,0.353553,19,30.0002,0,3641.66,3646.04,320.886,71060,0,
25,0,0,0,0,0.353553,20,30.0001,0,3364.21,3370.65,249.533,77245,0,
25,0,0,0,0,0.353553,21,30.0001,0,3774.6,3783.28,326.724,60116,0,
25,0,0,0,0,0.353553,22,30.0005,0,3750.54,3754.65,293.027,47699,0,
25,0,0,0,0,0.353553,23,30.0002,0,3730.8,3743.13,300.523,127322,0,
25,0,0,0,0,0.353553,24,30.0004,0,3903.13,3911.58,296.759,59993,0,
25,0,0,0,0,0.353553,25,30.0001,0,3573.58,3582.41,324.639,55128,0,
26,0,0,0,0,0.353553,1,29.0307,1,3643.13,3650.79,289.835,69119,0,
26,0,0,0,0,0.353553,4,19.7474,1,3874.75,3883.47,312.541,22253,0,
26,0,0,0,0,0.353553,2,30.0003,0,3373.19,3381.2,279.961,60048,0,
26,0,0,0,0,0.353553,3,30.0002,0,3860.96,3871.24,304.068,60675,0,
26,0,0,0,0,0.353553,5,30.009,0,3812.75,3819.54,327.014,49158,0,
26,0,0,0,0,0.353553,10,0.891308,1,3228.38,3233.58,274.475,3349,0,
26,0,0,0,0,0.353553,6,30.0002,0,3722.22,3728.77,258.692,58378,0,
26,0,0,0,0,0.353553,7,30.0001,0,4286.8,4299.5,313.95,32789,0,
26,0,0,0,0,0.353553,8,30.0002,0,3898.48,3904.04,284.195,79085,0,
26,0,0,0,0,0.353553,9,30.0002,0,4033.34,4043.62,330.527,96535,0,
26,0,0,0,0,0.353553,14,15.6508,1,2913.35,2918.14,300.204,44940,0,
26,0,0,0,0,0.353553,11,30.0001,0,3442.51,3447.21,289.564,39106,0,
26,0,0,0,0,0.353553,12,30.0004,0,4301.04,4306.67,333.436,21654,0,
26,0,0,0,0,0.353553,13,30.0001,0,3660.47,3668.64,301.465,55253,0,
26,0,0,0,0,0.353553,15,30.0001,0,3890.92,3895.57,275.164,59068,0,
26,0,0,0,0,0.353553,16,30.0004,0,3899.71,3906.31,277.76,97875,0,
26,0,0,0,0,0.353553,17,30.0003,0,4030.36,4042.16,287.846,32728,0,
26,0,0,0,0,0.353553,18,30.0001,0,3899.71,3904.24,303.37,52080,0,
26,0,0,0,0,0.353553,19,30.0006,0,3729.42,3733.81,320.886,70440,0,
26,0,0,0,0,0.353553,20,30.0007,0,3530.88,3538.31,249.533,70626,0,
26,0,0,0,0,0.353553,21,30.0001,0,3960.05,3968.49,326.739,63741,0,
26,0,0,0,0,0.353553,22,30.0004,0,3808.02,3812.13,292.887,48314,0,
26,0,0,0,0,0.353553,23,30.0002,0,3924.96,3929.57,302.233,50942,0,
26,0,0,0,0,0.353553,24,30.0002,0,4125.44,4133.88,296.759,57819,0,
26,0,0,0,0,0.353553,25,30.0003,0,3776.74,3785.88,324.639,54188,0,
27,0,0,0,0,0.353553,4,20.0929,1,4002.62,4011.34,312.541,22253,0,
27,0,0,0,0,0.353553,1,30.0002,0,3923.69,3931.37,289.835,69584,0,
27,0,0,0,0,0.353553,2,30.0003,0,3536.93,3544.92,280.435,58225,0,
27,0,0,0,0,0.353553,3,30.0001,0,3959.1,3969.37,304.864,59745,0,
27,0,0,0,0,0.353553,5,30.0001,0,3866.44,3873.22,327.005,49010,0,
27,0,0,0,0,0.353553,6,30.0002,0,3879.06,3885.61,258.692,55986,0,
27,0,0,0,0,0.353553,7,30.0006,0,4393.59,4406.27,314.824,32589,0,
27,0,0,0,0,0.353553,10,3.37753,1,3507.62,3513.49,279.909,11693,0,
27,0,0,0,0,0.353553,8,30.0001,0,4095.16,4100.71,284.195,77474,0,
27,0,0,0,0,0.353553,9,30.0001,0,4322.39,4333.03,337.998,36509,0,
27,0,0,0,0,0.353553,11,30.0006,0,3663.6,3668.3,289.564,39182,0,
27,0,0,0,0,0.353553,12,30.0006,0,4571.77,4577.39,332.802,21549,0,
27,0,0,0,0,0.353553,14,16.0335,1,3031.08,3035.87,300.204,44940,0,
27,0,0,0,0,0.353553,13,30.0001,0,3807.1,3815.27,301.279,55563,0,
27,0,0,0,0,0.353553,15,30.0004,0,4188.57,4191.96,298.356,60878,0,
27,0,0,0,0,0.353553,16,30.0003,0,3962.35,3968.95,277.76,96802,0,
27,0,0,0,0,0.353553,17,30.0009,0,4175.08,4186.72,286.518,40497,0,
27,0,0,0,0,0.353553,18,30.0003,0,4085.5,4089.01,303.451,55729,0,
27,0,0,0,0,0.353553,19,30.0002,0,3823.98,3828.36,320.858,68982,0,
27,0,0,0,0,0.353553,20,30.0003,0,3569.28,3576.71,249.533,70983,0,
27,0,0,0,0,0.353553,21,30.0001,0,4034.11,4042.54,326.65,60916,0,
27,0,0,0,0,0.353553,22,30.0004,0,3863.56,3867.67,293.027,47636,0,
27,0,0,0,0,0.353553,23,30.0002,0,4139.1,4143.69,302.381,49887,0,
27,0,0,0,0,0.353553,24,30.0003,0,4362.58,4371.02,296.759,59130,0,
27,0,0,0,0,0.353553,25,30.0004,0,3864.15,3873.29,324.639,53257,0,
28,0,0,0,0,0.353553,1,30.0005,0,4047.13,4054.75,289.835,71818,0,
28,0,0,0,0,0.353553,2,30.0001,0,3767.54,3775.55,280.582,59344,0,
28,0,0,0,0,0.353553,3,30.0002,0,4055.52,4065.78,304.581,58246,0,
28,0,0,0,0,0.353553,4,30.0004,0,4270.6,4277.28,312.541,38650,0,
28,0,0,0,0,0.353553,5,30.0003,0,4061.04,4067.93,326.576,45759,0,
28,0,0,0,0,0.353553,6,30.0003,0,4004.83,4011.37,259.127,55218,0,
28,0,0,0,0,0.353553,7,30.0002,0,4493.31,4505.97,313.95,30980,0,
28,0,0,0,0,0.353553,8,30.0003,0,4240.15,4245.69,284.195,75075,0,
28,0,0,0,0,0.353553,10,20.3762,1,3689.41,3695.4,279.909,76506,0,
28,0,0,0,0,0.353553,9,30.0001,0,4357.59,4368.23,337.998,36416,0,
28,0,0,0,0,0.353553,11,30.0063,0,3808.71,3813.4,289.564,37482,0,
28,0,0,0,0,0.353553,12,30.0008,0,4618.43,4624.05,333.485,21104,0,
28,0,0,0,0,0.353553,13,30.0002,0,3877.25,3885.42,301.465,55085,0,
28,0,0,0,0,0.353553,14,30.0002,0,3095.49,3100.8,300.11,57494,0,
28,0,0,0,0,0.353553,15,30.0008,0,4303.28,4306.67,298.336,60723,0,
28,0,0,0,0,0.353553,16,30.0001,0,4122.23,4128.82,277.76,95519,0,
28,0,0,0,0,0.353553,17,30.0001,0,4277.89,4289.52,286.518,39870,0,
28,0,0,0,0,0.353553,18,30.0001,0,4327.74,4331.25,303.451,55888,0,
28,0,0,0,0,0.353553,19,30.0002,0,3930.85,3935.23,320.855,67753,0,
28,0,0,0,0,0.353553,20,30.0002,0,3725.86,3733.27,249.533,69893,0,
28,0,0,0,0,0.353553,21,30.0004,0,4325.92,4330.11,328.544,43443,0,
28,0,0,0,0,0.353553,22,30.0003,0,4036.33,4040.44,293.027,46601,0,
28,0,0,0,0,0.353553,23,30.0003,0,4240.04,4244.63,302.381,49580,0,
28,0,0,0,0,0.353553,24,30.0003,0,4464.71,4473.16,296.759,58045,0,
28,0,0,0,0,0.353553,25,30.0001,0,3993.44,4002.57,324.639,52973,0,
29,0,0,0,0,0.353553,1,30.0002,0,4149.52,4158.05,289.835,70014,0,
29,0,0,0,0,0.353553,2,30.0002,0,3856.73,3864.73,279.961,58918,0,
29,0,0,0,0,0.353553,3,30.0009,0,4119.49,4129.75,304.864,58267,0,
29,0,0,0,0,0.353553,4,30.0001,0,4423.98,4429.33,312.347,50676,0,
29,0,0,0,0,0.353553,5,30.0005,0,4159.56,4166.44,326.818,44385,0,
29,0,0,0,0,0.353553,6,30.0001,0,4144.93,4151.47,258.692,54663,0,
29,0,0,0,0,0.353553,7,30,0,4549.18,4561.84,313.95,31454,0,
29,0,0,0,0,0.353553,8,30.0005,0,4354.65,4360.19,284.195,75004,0,
29,0,0,0,0,0.353553,10,20.8723,1,3796.01,3802,279.909,76506,0,
29,0,0,0,0,0.353553,9,30.0007,0,4510.2,4520.84,337.291,35232,0,
29,0,0,0,0,0.353553,11,30.0007,0,4015.66,4020.35,289.564,37454,0,
29,0,0,0,0,0.353553,12,30.0017,0,4885.56,4891.17,333.595,21058,0,
29,0,0,0,0,0.353553,13,30.0001,0,4034.76,4042.92,300.137,54380,0,
29,0,0,0,0,0.353553,14,30.0001,0,3153.71,3159.02,300.11,56293,0,
29,0,0,0,0,0.353553,15,30.0003,0,4419.6,4422.99,298.356,60004,0,
29,0,0,0,0,0.353553,16,30.0002,0,4259.09,4265.68,277.76,94588,0,
29,0,0,0,0,0.353553,17,30.0003,0,4315.65,4327.28,286.518,39658,0,
29,0,0,0,0,0.353553,18,30.0001,0,4415.26,4418.76,303.451,54483,0,
29,0,0,0,0,0.353553,19,30.0003,0,4129.26,4133.62,320.848,67944,0,
29,0,0,0,0,0.353553,20,30.0002,0,3767.71,3775.12,249.533,69031,0,
29,0,0,0,0,0.353553,21,30.0006,0,4481.86,4486.51,328.971,41581,0,
29,0,0,0,0,0.353553,22,30.0006,0,4295.56,4299.67,293.027,46413,0,
29,0,0,0,0,0.353553,23,30.0005,0,4421.59,4426.18,301.661,49237,0,
29,0,0,0,0,0.353553,24,30.0003,0,4587.96,4596.64,296.759,57941,0,
29,0,0,0,0,0.353553,25,30.0007,0,4235.51,4243.06,325.584,43756,0,
30,0,0,0,0,0.353553,1,30.0001,0,4396.43,4407.01,289.835,62297,0,
30,0,0,0,0,0.353553,2,30.0005,0,4083.2,4091.18,278.423,57683,0,
30,0,0,0,0,0.353553,3,30.0004,0,4340.23,4350.48,304.199,57257,0,
30,0,0,0,0,0.353553,4,30.0005,0,4457.54,4462.86,312.541,49589,0,
30,0,0,0,0,0.353553,5,30.0003,0,4327.41,4334.28,326.726,43534,0,
30,0,0,0,0,0.353553,6,30.0003,0,4234.22,4240.72,258.692,52800,0,
30,0,0,0,0,0.353553,7,30.0007,0,4753.4,4764.83,314.824,33977,0,
30,0,0,0,0,0.353553,8,30.0003,0,4411.03,4416.56,284.195,73679,0,
30,0,0,0,0,0.353553,9,30.0002,0,4558.18,4568.82,337.998,35620,0,
30,0,0,0,0,0.353553,10,30.0002,0,4003.75,4010.63,279.963,86653,0,
30,0,0,0,0,0.353553,11,30.0005,0,4340.32,4344.06,325.037,40219,0,
30,0,0,0,0,0.353553,12,30.0008,0,4922.85,4928.44,333.094,20470,0,
30,0,0,0,0,0.353553,13,30.0002,0,4267.61,4276.18,300.946,50257,0,
30,0,0,0,0,0.353553,14,30.0003,0,3270.44,3275.76,300.11,56375,0,
30,0,0,0,0,0.353553,15,30.0001,0,4572.72,4576.11,298.356,59594,0,
30,0,0,0,0,0.353553,16,30.0002,0,4435.85,4444.75,277.76,59132,0,
30,0,0,0,0,0.353553,17,30.0004,0,4414.91,4426.45,286.518,35914,0,
30,0,0,0,0,0.353553,18,30.0003,0,4679.02,4685.63,303.431,53986,0,
30,0,0,0,0,0.353553,19,30.0001,0,4338.21,4342.58,320.871,66749,0,
30,0,0,0,0,0.353553,20,30.0005,0,4017.78,4025.26,250.161,68576,0,
30,0,0,0,0,0.353553,21,30.0003,0,4684.79,4689.44,329.464,40837,0,
30,0,0,0,0,0.353553,22,30.0003,0,4351.04,4355.14,293.001,45583,0,
30,0,0,0,0,0.353553,23,30.0008,0,4448.6,4453.19,302.379,49065,0,
30,0,0,0,0,0.353553,24,30.0003,0,4655.4,4664.07,296.759,56465,0,
30,0,0,0,0,0.353553,25,30.0002,0,4343.09,4350.65,325.584,42307,0,
31,0,0,0,0,0.353553,1,30.0003,0,4552.52,4562.58,291.612,64243,0,
31,0,0,0,0,0.353553,2,30.0004,0,4178.74,4186.71,277.096,56660,0,
31,0,0,0,0,0.353553,3,30.0001,0,4428.32,4438.57,304.581,56905,0,
31,0,0,0,0,0.353553,4,30.0002,0,4645.71,4651.02,312.347,47618,0,
31,0,0,0,0,0.353553,5,30.0002,0,4339.43,4346.3,327.516,43359,0,
31,0,0,0,0,0.353553,6,30.0002,0,4431.86,4438.36,258.692,51948,0,
31,0,0,0,0,0.353553,7,30.0006,0,4865.96,4877.38,314.824,33221,0,
31,0,0,0,0,0.353553,8,30.0003,0,4545.61,4551.14,284.195,72781,0,
31,0,0,0,0,0.353553,9,30.0009,0,4667.05,4677.69,337.991,34650,0,
31,0,0,0,0,0.353553,10,30.0002,0,4125.19,4132.5,279.737,86307,0,
31,0,0,0,0,0.353553,11,30.0005,0,4468.73,4472.47,325.037,39061,0,
31,0,0,0,0,0.353553,12,30.0004,0,5186.82,5194.86,333.595,21150,0,
31,0,0,0,0,0.353553,13,30.0002,0,4418.71,4427.28,300.137,50073,0,
31,0,0,0,0,0.353553,14,30.0001,0,3376.51,3381.81,300.979,54920,0,
31,0,0,0,0,0.353553,15,30.0006,0,4842.98,4848.46,298.336,52967,0,
31,0,0,0,0,0.353553,16,30.0004,0,4552.04,4560.93,278.008,56980,0,
31,0,0,0,0,0.353553,17,30.001,0,4482.96,4494.51,286.518,36200,0,
31,0,0,0,0,0.353553,18,30.0001,0,4881.46,4888.04,305.109,51381,0,
31,0,0,0,0,0.353553,19,30.0003,0,4405.15,4409.55,320.848,54653,0,
31,0,0,0,0,0.353553,20,30.0001,0,4120.61,4128.08,250.301,67080,0,
31,0,0,0,0,0.353553,21,30.0008,0,4826.28,4830.93,329.464,40666,0,
31,0,0,0,0,0.353553,22,30.0004,0,4467.43,4471.54,293.001,45178,0,
31,0,0,0,0,0.353553,23,30.0002,0,4529.3,4533.89,302.379,49013,0,
31,0,0,0,0,0.353553,24,30.0004,0,4790.01,4798.68,296.759,56270,0,
31,0,0,0,0,0.353553,25,30.0001,0,4537.28,4544.83,325.584,42538,0,
32,0,0,0,0,0.353553,1,30.0002,0,4646.47,4656.52,289.835,62302,0,
32,0,0,0,0,0.353553,2,30.0005,0,4252.67,4260.62,280.793,55467,0,
32,0,0,0,0,0.353553,3,30.0001,0,4528.52,4538.75,304.581,54629,0,
32,0,0,0,0,0.353553,4,30.0003,0,4674.6,4679.91,312.347,47742,0,
32,0,0,0,0,0.353553,5,30.0002,0,4452.7,4459.56,326.973,43120,0,
32,0,0,0,0,0.353553,6,30.0002,0,4700.27,4707.07,268.414,48865,0,
32,0,0,0,0,0.353553,7,30.0001,0,5092.71,5104.13,314.824,33064,0,
32,0,0,0,0,0.353553,8,30.0001,0,4628.13,4633.66,284.195,72606,0,
32,0,0,0,0,0.353553,9,30.0004,0,4785.85,4796.48,337.384,34448,0,
32,0,0,0,0,0.353553,10,30.0005,0,4362.27,4371.54,280.69,55382,0,
32,0,0,0,0,0.353553,11,30.0001,0,4652.95,4656.7,325.037,39308,0,
32,0,0,0,0,0.353553,12,30.0004,0,5222.01,5230.04,333.595,21156,0,
32,0,0,0,0,0.353553,13,30.0008,0,4676.56,4683.29,300.137,44984,0,
32,0,0,0,0,0.353553,14,30.0003,0,3445.52,3450.79,300.11,57862,0,
32,0,0,0,0,0.353553,15,30.0006,0,4950.23,4956.53,299.664,51294,0,
32,0,0,0,0,0.353553,16,30.0005,0,4785.05,4793.93,278.01,55862,0,
32,0,0,0,0,0.353553,17,30.0005,0,4716.87,4727.66,286.518,42318,0,
32,0,0,0,0,0.353553,18,30.0002,0,5063.02,5068.73,304.939,49205,0,
32,0,0,0,0,0.353553,19,30.0004,0,4543.05,4547.44,320.848,54316,0,
32,0,0,0,0,0.353553,20,30.0002,0,4219.87,4227.34,250.333,65038,0,
32,0,0,0,0,0.353553,21,30.0004,0,4860.21,4864.86,329.018,40602,0,
32,0,0,0,0,0.353553,22,30.0005,0,4676.16,4680.62,293.001,45227,0,
32,0,0,0,0,0.353553,23,30.0006,0,4632.74,4637.33,302.379,48480,0,
32,0,0,0,0,0.353553,24,30.0003,0,5030.82,5040.4,293.091,54330,0,
32,0,0,0,0,0.353553,25,30.0006,0,4686.88,4694.44,325.584,42231,0,
33,0,0,0,0,0.353553,1,30.0005,0,4898.35,4906.89,289.974,61349,0,
33,0,0,0,0,0.353553,2,30.0005,0,4332.78,4340.72,280.793,54921,0,
33,0,0,0,0,0.353553,3,30.0004,0,4603.68,4613.9,304.581,54614,0,
33,0,0,0,0,0.353553,4,30.0003,0,4720.92,4726.23,312.541,46822,0,
33,0,0,0,0,0.353553,5,30.0006,0,4583.88,4590.76,326.818,45521,0,
33,0,0,0,0,0.353553,6,30.0002,0,4929.76,4936.55,268.414,48797,0,
33,0,0,0,0,0.353553,7,30.0011,0,5114.48,5125.89,315.776,32554,0,
33,0,0,0,0,0.353553,8,30.0003,0,4733.73,4739.25,284.195,70845,0,
33,0,0,0,0,0.353553,9,30.0002,0,4838.54,4849.16,333.418,33877,0,
33,0,0,0,0,0.353553,10,30.0005,0,4564.15,4573.37,280.429,61657,0,
33,0,0,0,0,0.353553,11,30.0001,0,4812.6,4816.35,325.037,38635,0,
33,0,0,0,0,0.353553,12,30.0009,0,5435.17,5443.18,334.302,20457,0,
33,0,0,0,0,0.353553,13,30.0006,0,4811.66,4818.39,300.137,44915,0,
33,0,0,0,0,0.353553,14,30.0001,0,3683.01,3687.62,300.314,44581,0,
33,0,0,0,0,0.353553,15,30.0004,0,5093.43,5099.72,298.356,49467,0,
33,0,0,0,0,0.353553,16,30.0006,0,4890.4,4899.65,278.936,42319,0,
33,0,0,0,0,0.353553,17,30.0006,0,4852.1,4862.89,286.518,41901,0,
33,0,0,0,0,0.353553,18,30.0004,0,5092.81,5098.52,304.731,47702,0,
33,0,0,0,0,0.353553,19,30.0005,0,4819.73,4823.85,320.777,53755,0,
33,0,0,0,0,0.353553,20,30.0001,0,4363.25,4370.71,251.468,63653,0,
33,0,0,0,0,0.353553,21,30.0002,0,5074.31,5078.96,329.581,40354,0,
33,0,0,0,0,0.353553,22,30.0003,0,4876.97,4883.67,292.505,47329,0,
33,0,0,0,0,0.353553,23,30.0002,0,4737.74,4742.33,302.379,46120,0,
33,0,0,0,0,0.353553,24,30.0004,0,5117.19,5126.78,293.091,54293,0,
33,0,0,0,0,0.353553,25,30.0006,0,4729.54,4737.1,325.584,41831,0,
34,0,0,0,0,0.353553,1,30.0008,0,4990.35,5000.16,290.973,43532,0,
34,0,0,0,0,0.353553,2,30.0006,0,4384.81,4392.73,279.961,53340,0,
34,0,0,0,0,0.353553,3,30.0003,0,4625.43,4635.65,304.581,53934,0,
34,0,0,0,0,0.353553,4,30.0003,0,4841.21,4846.52,312.541,46841,0,
34,0,0,0,0,0.353553,5,30.0004,0,4689.23,4696.1,327.516,28536,0,
34,0,0,0,0,0.353553,6,30.0007,0,5087.7,5094.5,269.222,49072,0,
34,0,0,0,0,0.353553,7,30.0002,0,5290.42,5301.81,313.95,32181,0,
34,0,0,0,0,0.353553,8,30.0005,0,4781.93,4787.44,284.195,70608,0,
34,0,0,0,0,0.353553,9,30.0006,0,5033.32,5043.94,337.998,33575,0,
34,0,0,0,0,0.353553,10,30.0003,0,4592.26,4601.48,279.737,60314,0,
34,0,0,0,0,0.353553,11,30.0002,0,5001.64,5005.38,325.037,38160,0,
34,0,0,0,0,0.353553,12,30.0012,0,5526.53,5534.54,334.302,20345,0,
34,0,0,0,0,0.353553,13,30.0005,0,4963.92,4970.65,301.275,43987,0,
34,0,0,0,0,0.353553,14,30.0001,0,3802.61,3807.23,300.979,45847,0,
34,0,0,0,0,0.353553,15,30.0003,0,5274.5,5281.85,299.438,40860,0,
34,0,0,0,0,0.353553,16,30.0002,0,5004.39,5013.63,278.272,41801,0,
34,0,0,0,0,0.353553,17,30.0004,0,5106.06,5117.51,286.518,40972,0,
34,0,0,0,0,0.353553,18,30.0003,0,5221.52,5227.22,304.295,46896,0,
34,0,0,0,0,0.353553,19,30.0003,0,4951.23,4956.45,320.759,49829,0,
34,0,0,0,0,0.353553,20,30.0005,0,4526.32,4533.94,251.98,52494,0,
34,0,0,0,0,0.353553,21,30.0005,0,5204.67,5209.31,329.464,39417,0,
34,0,0,0,0,0.353553,22,30.0005,0,5101.02,5107.67,292.108,44357,0,
34,0,0,0,0,0.353553,23,30.0005,0,4783.23,4787.82,302.379,46351,0,
34,0,0,0,0,0.353553,24,30.0003,0,5224.72,5234.31,293.091,54683,0,
34,0,0,0,0,0.353553,25,30.0002,0,4768.04,4775.56,325.555,39805,0,
35,0,0,0,0,0.353553,1,30.0019,0,5107.42,5117.18,289.835,41083,0,
35,0,0,0,0,0.353553,2,30.0021,0,4501.79,4509.72,279.961,53590,0,
35,0,0,0,0,0.353553,3,30.0001,0,4716.64,4726.84,304.581,52273,0,
35,0,0,0,0,0.353553,4,30.0002,0,4961.08,4966.38,312.347,44964,0,
35,0,0,0,0,0.353553,5,30.0009,0,4830.93,4837.78,326.576,27635,0,
35,0,0,0,0,0.353553,6,30.0003,0,5345.04,5351.49,268.414,49730,0,
35,0,0,0,0,0.353553,7,30.0011,0,5446.99,5458.38,315.069,31860,0,
35,0,0,0,0,0.353553,8,30.0002,0,5062.95,5066.23,284.195,58032,0,
35,0,0,0,0,0.353553,9,30.0008,0,5290.76,5297.16,331.482,38623,0,
35,0,0,0,0,0.353553,10,30.0007,0,4667.65,4676.87,280.541,60367,0,
35,0,0,0,0,0.353553,11,30.0004,0,5216.99,5220.73,325.037,38079,0,
35,0,0,0,0,0.353553,12,30.0008,0,5677.82,5685.83,334.302,20142,0,
35,0,0,0,0,0.353553,13,30.0002,0,5225.76,5232.46,300.137,42685,0,
35,0,0,0,0,0.353553,14,30.0002,0,3893.38,3897.99,300.11,44893,0,
35,0,0,0,0,0.353553,15,30.0004,0,5556.9,5564.25,300.766,40077,0,
35,0,0,0,0,0.353553,16,30.0003,0,5178.38,5187.72,278.272,39300,0,
35,0,0,0,0,0.353553,17,30.0002,0,5276.52,5287.95,287.326,40013,0,
35,0,0,0,0,0.353553,18,30.0005,0,5399.62,5405.31,304.295,46921,0,
35,0,0,0,0,0.353553,19,30.0003,0,5208.19,5213.58,320.827,43461,0,
35,0,0,0,0,0.353553,20,30.0001,0,4601.35,4608.97,250.063,51530,0,
35,0,0,0,0,0.353553,21,30.0002,0,5458.11,5462.24,326.834,39323,0,
35,0,0,0,0,0.353553,22,30.0005,0,5392.73,5399.02,292.842,46308,0,
35,0,0,0,0,0.353553,23,30.0003,0,4917.3,4922.29,302.379,45820,0,
35,0,0,0,0,0.353553,24,30.0004,0,5472.91,5482.48,293.091,51630,0,
35,0,0,0,0,0.353553,25,30.0002,0,4845.93,4853.46,325.018,40085,0,
36,0,0,0,0,0.353553,1,30.0003,0,5260.52,5270.3,291.612,41625,0,
36,0,0,0,0,0.353553,2,30.0001,0,4571.16,4579.07,280.562,52495,0,
36,0,0,0,0,0.353553,3,30.0008,0,4932.07,4942.61,304.813,49131,0,
36,0,0,0,0,0.353553,4,30.0003,0,5164.3,5172.85,312.347,35451,0,
36,0,0,0,0,0.353553,5,30.0009,0,4989.44,4996,326.973,28615,0,
36,0,0,0,0,0.353553,6,30.0002,0,5449.89,5456.31,268.414,48750,0,
36,0,0,0,0,0.353553,7,30.0005,0,5533.4,5544.8,315.069,31421,0,
36,0,0,0,0,0.353553,8,30.0002,0,5249.68,5253.75,284.195,56983,0,
36,0,0,0,0,0.353553,9,30.0007,0,5536.58,5542.97,331.429,37582,0,
36,0,0,0,0,0.353553,10,30.0001,0,4840.65,4849.68,280.051,49460,0,
36,0,0,0,0,0.353553,11,30.0008,0,5352.14,5355.85,325.037,36951,0,
36,0,0,0,0,0.353553,12,30.0009,0,5763.42,5771.43,332.543,19732,0,
36,0,0,0,0,0.353553,13,30.0005,0,5301.92,5308.62,300.137,41973,0,
36,0,0,0,0,0.353553,14,30.0004,0,4122.47,4127.09,300.314,44310,0,
36,0,0,0,0,0.353553,15,30.0005,0,5632.71,5640.05,300.145,39034,0,
36,0,0,0,0,0.353553,16,30.0003,0,5409.76,5418.27,278.601,40148,0,
36,0,0,0,0,0.353553,17,30.0015,0,5384.58,5396.01,286.518,39266,0,
36,0,0,0,0,0.353553,18,30.0006,0,5564.25,5569.93,304.939,45596,0,
36,0,0,0,0,0.353553,19,30.0006,0,5283.8,5289.19,320.759,43312,0,
36,0,0,0,0,0.353553,20,30.0003,0,4855.45,4862.28,254.62,50403,0,
36,0,0,0,0,0.353553,21,30.0003,0,5573.35,5577.48,326.834,39346,0,
36,0,0,0,0,0.353553,22,30.0006,0,5615.36,5621.65,292.842,45825,0,
36,0,0,0,0,0.353553,23,30.0004,0,5113.82,5118.81,302.379,45463,0,
36,0,0,0,0,0.353553,24,30.0003,0,5535.33,5544.89,293.091,51426,0,
36,0,0,0,0,0.353553,25,30.0004,0,4922.32,4929.85,325.555,39497,0,
37,0,0,0,0,0.353553,1,30.0008,0,5425.82,5436.57,292.049,41521,0,
37,0,0,0,0,0.353553,2,30.0001,0,4676.36,4684.14,278.181,47229,0,
37,0,0,0,0,0.353553,3,30.0006,0,5190.69,5205,304.068,40830,0,
37,0,0,0,0,0.353553,4,30.0007,0,5247.9,5256.45,314.792,34735,0,
37,0,0,0,0,0.353553,5,30.0002,0,5222.48,5229.49,326.818,24348,0,
37,0,0,0,0,0.353553,6,30.0004,0,5623.28,5629.69,268.414,48457,0,
37,0,0,0,0,0.353553,7,30.0009,0,5715.43,5726.83,315.069,31331,0,
37,0,0,0,0,0.353553,8,30.0006,0,5477.5,5481.59,284.195,57811,0,
37,0,0,0,0,0.353553,9,30.0002,0,5658.36,5664.75,331.434,35765,0,
37,0,0,0,0,0.353553,10,30.0004,0,4931.36,4940.39,279.817,48730,0,
37,0,0,0,0,0.353553,11,30.0002,0,5504.68,5508.36,325.037,34923,0,
37,0,0,0,0,0.353553,12,30.0008,0,5894.04,5902.05,334.231,19345,0,
37,0,0,0,0,0.353553,13,30.0004,0,5549.78,5556.46,300.137,41334,0,
37,0,0,0,0,0.353553,14,30.0014,0,4371.75,4376.35,300.11,43128,0,
37,0,0,0,0,0.353553,15,30.0001,0,5751.56,5758.9,300.112,37948,0,
37,0,0,0,0,0.353553,16,30.0008,0,5640.98,5647.97,278.601,37625,0,
37,0,0,0,0,0.353553,17,30.0003,0,5563.65,5575.08,286.518,39683,0,
37,0,0,0,0,0.353553,18,30.0006,0,5662.02,5667.7,304.939,45077,0,
37,0,0,0,0,0.353553,19,30.0001,0,5473.24,5480.19,320.759,44957,0,
37,0,0,0,0,0.353553,20,30.0002,0,4963.43,4970.73,254.62,43227,0,
37,0,0,0,0,0.353553,21,30.0006,0,5749.05,5753.17,326.834,37492,0,
37,0,0,0,0,0.353553,22,30.0002,0,5784.54,5790.82,292.842,43120,0,
37,0,0,0,0,0.353553,23,30.0003,0,5202.34,5207.32,302.381,44735,0,
37,0,0,0,0,0.353553,24,30.0004,0,5718.45,5728.94,293.47,41224,0,
37,0,0,0,0,0.353553,25,30.0003,0,4958.13,4965.65,325.584,38785,0,
38,0,0,0,0,0.353553,1,30.0003,0,5468.34,5479.09,292.222,40894,0,
38,0,0,0,0,0.353553,2,30.0007,0,4704.19,4712.07,279.961,51048,0,
38,0,0,0,0,0.353553,3,30.0005,0,5342.6,5356.9,304.068,39719,0,
38,0,0,0,0,0.353553,4,30.0002,0,5408.71,5418.89,312.347,58758,0,
38,0,0,0,0,0.353553,5,30.0018,0,5360.78,5367.79,326.576,23996,0,
38,0,0,0,0,0.353553,6,30.0002,0,5694.95,5701.36,268.414,48260,0,
38,0,0,0,0,0.353553,7,30.0002,0,5953.55,5965.29,315.069,30405,0,
38,0,0,0,0,0.353553,8,30.0002,0,5705.52,5709.31,284.195,50904,0,
38,0,0,0,0,0.353553,9,30.0008,0,5888.05,5894.5,331.485,34591,0,
38,0,0,0,0,0.353553,10,30.0003,0,5142.93,5152.07,279.971,48228,0,
38,0,0,0,0,0.353553,11,30.0006,0,5666.54,5670.25,324.948,36254,0,
38,0,0,0,0,0.353553,12,30.0017,0,6043.64,6051.64,334.231,19372,0,
38,0,0,0,0,0.353553,13,30.0005,0,5807.61,5814.29,300.137,41425,0,
38,0,0,0,0,0.353553,14,30.0009,0,4505.65,4509.61,300.11,54254,0,
38,0,0,0,0,0.353553,15,30.0003,0,6016.28,6022.12,300.766,34725,0,
38,0,0,0,0,0.353553,16,30.0001,0,5864.98,5871.09,278.601,39124,0,
38,0,0,0,0,0.353553,17,30.0007,0,5770.2,5781.17,286.518,40835,0,
38,0,0,0,0,0.353553,18,30.0006,0,5821.42,5827.08,304.939,43421,0,
38,0,0,0,0,0.353553,19,30.0006,0,5699.99,5710.57,320.759,43781,0,
38,0,0,0,0,0.353553,20,30.0004,0,5074.05,5081.41,254.62,48194,0,
38,0,0,0,0,0.353553,21,30.0004,0,5824.39,5828.52,326.834,37885,0,
38,0,0,0,0,0.353553,22,30.0007,0,5984.95,5992.59,293.675,38054,0,
38,0,0,0,0,0.353553,23,30.0003,0,5342.19,5347.16,302.303,44021,0,
38,0,0,0,0,0.353553,24,30.0005,0,5889.02,5899.5,293.381,40988,0,
38,0,0,0,0,0.353553,25,30.0013,0,5095.98,5103.51,325.55,37124,0,
39,0,0,0,0,0.353553,1,30.0004,0,5531.02,5541.76,291.693,40474,0,
39,0,0,0,0,0.353553,2,30.0005,0,4852.05,4859.89,276.854,48839,0,
39,0,0,0,0,0.353553,3,30.0004,0,5443.1,5457.38,304.068,37668,0,
39,0,0,0,0,0.353553,4,30.0001,0,5571.12,5581.31,312.347,58703,0,
39,0,0,0,0,0.353553,5,30.0001,0,5542.77,5550.04,326.596,26077,0,
39,0,0,0,0,0.353553,6,30.0006,0,5920.11,5926.7,268.414,44691,0,
39,0,0,0,0,0.353553,7,30.0002,0,6231.51,6243.22,315.072,29274,0,
39,0,0,0,0,0.353553,8,30.0002,0,5796.05,5799.84,284.195,50639,0,
39,0,0,0,0,0.353553,9,30.0001,0,6014.79,6021.24,331.485,34430,0,
39,0,0,0,0,0.353553,10,30.0003,0,5284.75,5293.89,279.769,55020,0,
39,0,0,0,0,0.353553,11,30.0007,0,5874.19,5877.87,324.896,36202,0,
39,0,0,0,0,0.353553,12,30.0013,0,6141.76,6149.77,334.231,19171,0,
39,0,0,0,0,0.353553,13,30.0007,0,6034.25,6041.28,300.137,40504,0,
39,0,0,0,0,0.353553,14,30.0011,0,4731.7,4735.57,300.11,41745,0,
39,0,0,0,0,0.353553,15,30.0003,0,6116.46,6122.3,300.766,34321,0,
39,0,0,0,0,0.353553,16,30.0005,0,6140.02,6148.25,278.367,35138,0,
39,0,0,0,0,0.353553,17,30.0002,0,6024.55,6037.13,287.326,40300,0,
39,0,0,0,0,0.353553,18,30.0002,0,5983.64,5989.3,304.939,43142,0,
39,0,0,0,0,0.353553,19,30.0006,0,5921.66,5931.83,320.759,43255,0,
39,0,0,0,0,0.353553,20,30.0004,0,5213.88,5221.21,254.62,46058,0,
39,0,0,0,0,0.353553,21,30.0002,0,6054.13,6058.25,326.834,37564,0,
39,0,0,0,0,0.353553,22,30.0007,0,6142.86,6150.5,293.675,38140,0,
39,0,0,0,0,0.353553,23,30.0003,0,5543.11,5548.14,302.645,42749,0,
39,0,0,0,0,0.353553,24,30.0007,0,6020.1,6030.58,293.381,40783,0,
39,0,0,0,0,0.353553,25,30.0001,0,5145.28,5152.8,325.584,37961,0,
40,0,0,0,0,0.353553,1,30.0008,0,5667.76,5678.49,291.693,39101,0,
40,0,0,0,0,0.353553,2,30.0004,0,4986.46,4992.65,277.715,51981,0,
40,0,0,0,0,0.353553,3,30.0002,0,5639.21,5650.77,303.762,46521,0,
40,0,0,0,0,0.353553,4,30.0007,0,5842.36,5853.67,317.145,39200,0,
40,0,0,0,0,0.353553,5,30.0004,0,5713.5,5720.99,326.818,34940,0,
40,0,0,0,0,0.353553,6,30.0005,0,6093.97,6100.55,268.414,44278,0,
40,0,0,0,0,0.353553,7,30.001,0,6310.71,6322.42,315.069,29015,0,
40,0,0,0,0,0.353553,8,30.0002,0,5988.98,5992.8,284.195,52173,0,
40,0,0,0,0,0.353553,9,30.0003,0,6169.79,6176.24,331.485,33892,0,
40,0,0,0,0,0.353553,10,30.0006,0,5526.16,5536.79,279.817,47752,0,
40,0,0,0,0,0.353553,11,30.0005,0,6056.87,6060.55,325.037,33968,0,
40,0,0,0,0,0.353553,12,30.0001,0,6384.15,6392.14,334.25,18679,0,
40,0,0,0,0,0.353553,13,30.0007,0,6108.26,6115.28,301.275,39810,0,
40,0,0,0,0,0.353553,14,30.0004,0,4855.7,4859.56,300.314,41203,0,
40,0,0,0,0,0.353553,15,30.0008,0,6286.85,6296.03,300.324,31833,0,
40,0,0,0,0,0.353553,16,30.0008,0,6348.62,6355.34,277.865,29516,0,
40,0,0,0,0,0.353553,17,30.0001,0,6037.29,6049.84,286.518,39151,0,
40,0,0,0,0,0.353553,18,30.0005,0,6280.97,6286.57,304.731,50043,0,
40,0,0,0,0,0.353553,19,30.0004,0,6119.49,6129.66,320.753,43108,0,
40,0,0,0,0,0.353553,20,30.0003,0,5396.36,5403.68,254.259,45878,0,
40,0,0,0,0,0.353553,21,30.0007,0,6227.81,6231.93,326.834,36446,0,
40,0,0,0,0,0.353553,22,30.0002,0,6243.4,6251.03,293.703,36942,0,
40,0,0,0,0,0.353553,23,30.0006,0,5714.65,5719.67,302.381,41918,0,
40,0,0,0,0,0.353553,24,30.0009,0,6181.95,6192.41,293.47,38031,0,
40,0,0,0,0,0.353553,25,30.0002,0,5297.53,5305.05,325.55,36676,0,
