2,0.5,1,9.4196e-05,1,171.991,171.991,166.345,1,0,
2,0.5,3,0.000178224,1,313.154,313.154,209.725,1,0,
2,0.5,2,0.000181539,1,339.239,339.239,230.418,1,0,
2,0.5,4,0.000149939,1,275.798,275.798,152.537,1,0,
2,0.5,5,0.000124773,1,194.398,194.398,140.361,1,0,
2,0.5,6,0.000141975,1,259.742,259.742,135.602,1,0,
2,0.5,7,0.000130203,1,188.509,188.509,154.426,1,0,
2,0.5,8,0.000104845,1,201.884,201.884,114.369,1,0,
2,0.5,9,0.00025142,1,393.647,393.647,206.235,1,0,
2,0.5,10,0.000179526,1,342.371,342.371,254.339,1,0,
2,0.5,11,0.000194754,1,378.251,378.251,219.348,1,0,
2,0.5,12,0.000238845,1,364.414,364.414,299.114,1,0,
2,0.5,13,0.000106879,1,162.393,162.393,105.989,1,0,
2,0.5,14,9.2714e-05,1,138.146,138.146,117.839,1,0,
2,0.5,15,0.00013373,1,249.361,249.361,176.769,1,0,
2,0.5,16,0.000176039,1,322.395,322.395,216.719,1,0,
2,0.5,17,0.000108162,1,159.144,159.144,79.7585,1,0,
2,0.5,18,0.000254334,1,535.185,535.185,278.655,1,0,
2,0.5,20,0.000212847,1,408.068,408.068,351.729,1,0,
2,0.5,21,0.0001875,1,322.661,322.661,173.034,1,0,
2,0.5,22,0.000112731,1,153.93,153.93,133.196,1,0,
2,0.5,19,0.0160767,1,519.05,520.603,331.509,10,0,
2,0.5,23,0.000176129,1,350.593,350.593,283.077,1,0,
2,0.5,24,9.3133e-05,1,76.696,76.696,55.8986,1,0,
2,0.5,25,0.000160289,1,278.473,278.473,256.395,1,0,
3,0.5,1,0.000162113,1,315.263,315.263,166.345,1,0,
3,0.5,2,0.000234578,1,405.234,405.234,230.418,1,0,
3,0.5,3,0.000331138,1,517.369,517.369,209.725,1,0,
3,0.5,4,0.000170108,1,381.807,381.807,152.537,1,0,
3,0.5,5,0.000185235,1,280.853,280.853,140.361,1,0,
3,0.5,6,0.00018192,1,328.112,328.112,135.602,1,0,
3,0.5,7,0.000204151,1,450.222,450.222,261.714,1,0,
3,0.5,8,0.000223316,1,310.683,310.683,114.369,1,0,
3,0.5,9,0.000315669,1,646.357,646.357,252.711,1,0,
3,0.5,10,0.00021416,1,407.649,407.649,254.339,1,0,
3,0.5,11,0.000245188,1,446.958,446.958,219.348,1,0,
3,0.5,13,0.000130815,1,223.92,223.92,105.989,1,0,
3,0.5,12,0.000322272,1,545.348,545.348,299.114,1,0,
3,0.5,14,0.000201385,1,275.974,275.974,137.828,1,0,
3,0.5,15,0.000248704,1,531.796,531.796,282.436,1,0,
3,0.5,16,0.000243105,1,497.371,497.371,216.719,1,0,
3,0.5,17,0.000159908,1,318.8,318.8,159.656,1,0,
3,0.5,18,0.000341196,1,602.525,602.525,278.655,1,0,
3,0.5,20,0.000258563,1,483.827,483.827,351.729,1,0,
3,0.5,21,0.00023605,1,378.871,378.871,173.034,1,0,
3,0.5,22,0.00018242,1,335.61,335.61,181.681,1,0,
3,0.5,23,0.000221654,1,462.186,462.186,283.077,1,0,
3,0.5,24,0.000146573,1,289.031,289.031,212.335,1,0,
3,0.5,19,0.0199194,1,553.025,554.577,331.509,10,0,
3,0.5,25,0.000279401,1,463.265,463.265,256.395,1,0,
4,0.5,2,0.000237122,1,522.185,522.185,230.418,1,0,
4,0.5,1,0.000196628,1,356.484,356.484,166.345,1,0,
4,0.5,3,0.000350113,1,604.741,604.741,209.725,1,0,
4,0.5,4,0.000192048,1,481.622,481.622,152.537,1,0,
4,0.5,5,0.000271697,1,519.105,519.105,238.252,1,0,
4,0.5,6,0.000240979,1,520.313,520.313,192.202,1,0,
4,0.5,8,0.00030547,1,575.593,575.593,264.91,1,0,
4,0.5,7,0.00169255,1,716.784,718.189,266.562,4,0,
4,0.5,9,0.000446865,1,775.646,775.646,252.711,1,0,
4,0.5,10,0.000372646,1,659.526,659.526,254.339,1,0,
4,0.5,11,0.000286265,1,549.305,549.305,219.348,1,0,
4,0.5,12,0.000351426,1,692.206,692.206,299.114,1,0,
4,0.5,13,0.000856611,1,517.173,518.482,294.562,2,0,
4,0.5,14,0.000267831,1,526.077,526.077,250.104,1,0,
4,0.5,16,0.000269965,1,511.05,511.05,216.719,1,0,
4,0.5,15,0.000337029,1,647.029,647.029,282.436,1,0,
4,0.5,17,0.000216404,1,401.666,401.666,159.656,1,0,
4,0.5,18,0.00593172,1,690.378,691.083,278.655,34,0,
4,0.5,19,0.0158375,1,734.354,735.907,331.509,10,0,
4,0.5,20,0.016868,1,713.187,714.623,353.018,57,0,
4,0.5,21,0.000356365,1,670.072,670.072,291.201,1,0,
4,0.5,23,0.000308456,1,652.273,652.273,283.077,1,0,
4,0.5,22,0.000290643,1,483.357,483.357,181.681,1,0,
4,0.5,24,0.000477611,1,442.924,443.132,212.335,2,0,
4,0.5,25,0.000311192,1,652.573,652.573,256.395,1,0,
5,0.5,1,0.00027854,1,627.45,627.45,270.967,1,0,
5,0.5,2,0.000453247,1,733.967,733.967,230.418,1,0,
5,0.5,4,0.000282488,1,643.517,643.517,161.895,1,0,
5,0.5,3,0.000476039,1,804.045,804.045,209.725,1,0,
5,0.5,5,0.000400618,1,714.156,714.156,238.252,1,0,
5,0.5,6,0.000275073,1,549.715,549.715,192.202,1,0,
5,0.5,7,0.001473,1,831.383,832.788,266.562,4,0,
5,0.5,8,0.000376684,1,754.202,754.202,264.91,1,0,
5,0.5,9,0.000528036,1,1037.1,1037.1,261.452,1,0,
5,0.5,10,0.000389627,1,820.19,820.19,254.339,1,0,
5,0.5,11,0.000335066,1,634.947,634.947,219.348,1,0,
5,0.5,12,0.000386942,1,839.771,839.771,299.114,1,0,
5,0.5,13,0.000959531,1,558.403,559.712,294.562,2,0,
5,0.5,14,0.000374961,1,626.413,626.413,250.104,1,0,
5,0.5,15,0.000360783,1,722.945,722.945,282.436,1,0,
5,0.5,16,0.000344434,1,645.577,645.577,216.719,1,0,
5,0.5,17,0.000311001,1,671.936,671.936,270.27,1,0,
5,0.5,21,0.000354581,1,750.754,750.754,291.201,1,0,
5,0.5,22,0.000295852,1,651.223,651.223,181.681,1,0,
5,0.5,18,0.00632346,1,816.001,816.706,278.655,34,0,
5,0.5,23,0.000331659,1,672.478,672.478,283.077,1,0,
5,0.5,24,0.000574063,1,763.634,763.842,320.71,2,0,
5,0.5,25,0.000372576,1,769.242,769.242,256.395,1,0,
6,0.5,1,0.000375661,1,698.899,698.899,270.967,1,0,
5,0.5,19,0.0169731,1,943.706,945.258,331.509,10,0,
5,0.5,20,0.976161,1,911.637,918.993,352.202,2579,0,
6,0.5,2,0.000532846,1,905.997,905.997,230.418,1,0,
6,0.5,3,0.000458517,1,912.572,912.572,209.725,1,0,
6,0.5,4,0.000329195,1,758.132,758.132,161.895,1,0,
6,0.5,5,0.000400958,1,824.3,824.3,238.252,1,0,
6,0.5,6,0.000430563,1,726.855,726.855,192.202,1,0,
6,0.5,7,0.00150291,1,980.131,981.536,266.562,4,0,
6,0.5,8,0.000389958,1,783.755,783.755,264.91,1,0,
6,0.5,9,0.000740211,1,1234.42,1234.42,261.452,1,0,
6,0.5,10,0.00138306,1,995.393,995.951,254.339,8,0,
6,0.5,11,0.000768946,1,696.962,697.126,219.348,3,0,
6,0.5,12,0.00111646,1,1036.02,1036.67,299.114,5,0,
6,0.5,13,0.000988617,1,663.434,664.743,294.562,2,0,
6,0.5,14,0.000429993,1,733.08,733.08,250.104,1,0,
6,0.5,16,0.000387102,1,734.636,734.636,216.719,1,0,
6,0.5,15,0.00227193,1,1034.69,1035.89,312.948,5,0,
6,0.5,17,0.000397983,1,769.469,769.469,270.27,1,0,
6,0.5,21,0.000413011,1,901.271,901.271,291.201,1,0,
6,0.5,18,0.00624088,1,1023.33,1024.03,278.655,34,0,
6,0.5,22,0.000388576,1,807.671,807.671,181.681,1,0,
6,0.5,23,0.00127124,1,944.418,944.492,283.077,6,0,
6,0.5,24,0.000617914,1,790.187,790.395,320.71,2,0,
6,0.5,25,0.000431306,1,844.988,844.988,256.395,1,0,
7,0.5,1,0.000413362,1,840.559,840.559,270.967,1,0,
7,0.5,2,0.000939966,1,1094.84,1095.05,230.418,2,0,
6,0.5,19,0.0229784,1,1203.66,1207.64,333.935,23,0,
7,0.5,3,0.00068538,1,1120.43,1120.43,209.725,1,0,
7,0.5,4,0.000422389,1,905.467,905.467,161.895,1,0,
7,0.5,6,0.000412601,1,889.733,889.733,192.202,1,0,
7,0.5,5,0.00295513,1,1060.5,1063.02,238.716,8,0,
7,0.5,7,0.00175352,1,1214.32,1215.73,266.562,4,0,
7,0.5,8,0.000499032,1,972.046,972.046,264.91,1,0,
7,0.5,9,0.000691853,1,1257.87,1257.87,261.452,1,0,
7,0.5,11,0.000710146,1,862.208,862.372,219.348,3,0,
7,0.5,10,0.00266799,1,1319.76,1320.4,324.452,13,0,
7,0.5,13,0.000952489,1,714.233,715.542,294.562,2,0,
7,0.5,12,0.00151589,1,1144.25,1144.9,299.114,5,0,
7,0.5,14,0.000487722,1,862.795,862.795,250.104,1,0,
7,0.5,15,0.00222187,1,1105.65,1106.85,312.948,5,0,
7,0.5,16,0.0006053,1,940.521,940.521,216.719,1,0,
7,0.5,17,0.00066394,1,1089.47,1089.47,320.006,1,0,
7,0.5,18,0.00658378,1,1254.37,1255.07,278.655,34,0,
7,0.5,21,0.000553714,1,1078.9,1078.9,291.201,1,0,
7,0.5,19,0.0225051,1,1284.57,1288.55,333.935,23,0,
7,0.5,22,0.00344372,1,977.974,979.86,181.681,21,0,
7,0.5,25,0.000495075,1,1020.52,1020.52,256.395,1,0,
7,0.5,24,0.00124933,1,993.678,994.056,320.71,4,0,
7,0.5,23,0.0017588,1,1180.88,1180.95,283.077,6,0,
8,0.5,2,0.000870276,1,1322.91,1323.12,230.418,2,0,
8,0.5,3,0.000744119,1,1349.19,1349.19,228.762,1,0,
8,0.5,4,0.000540661,1,1156.66,1156.66,251.193,1,0,
8,0.5,5,0.00313163,1,1317.35,1319.87,256.853,8,0,
8,0.5,6,0.000533858,1,1016.66,1016.66,192.202,1,0,
8,0.5,1,0.0118574,1,1055.38,1058.57,270.967,21,0,
8,0.5,7,0.00203014,1,1253.22,1254.63,266.562,4,0,
8,0.5,9,0.000916372,1,1538.66,1538.66,280.786,1,0,
8,0.5,8,0.00302248,1,1250.82,1252.74,280.692,11,0,
8,0.5,11,0.000804692,1,1084.13,1084.29,221.918,3,0,
8,0.5,10,0.00305498,1,1394.3,1394.95,324.452,13,0,
8,0.5,12,0.00320687,1,1364.48,1365.21,299.114,14,0,
8,0.5,13,0.00133108,1,859.51,860.819,294.562,2,0,
8,0.5,14,0.000748439,1,1005.5,1006.96,250.104,2,0,
8,0.5,16,0.000694026,1,1024.83,1024.83,216.719,1,0,
8,0.5,17,0.00093152,1,1172.76,1172.93,320.006,3,0,
8,0.5,15,0.00237821,1,1129.48,1130.68,312.948,5,0,
8,0.5,21,0.000617303,1,1120.69,1120.69,291.201,1,0,
8,0.5,18,0.00668233,1,1368.71,1369.41,278.655,34,0,
8,0.5,24,0.00111177,1,1225.62,1226,320.71,4,0,
8,0.5,22,0.00351797,1,1135.9,1137.79,181.681,21,0,
8,0.5,25,0.000789936,1,1296.91,1296.91,276.39,1,0,
9,0.5,1,0.0118277,1,1061.08,1064.26,270.967,21,0,
8,0.5,23,0.025134,1,1414.96,1419.83,283.077,113,0,
8,0.5,19,0.0326712,1,1501.13,1506.52,333.935,45,0,
9,0.5,2,0.00100478,1,1486.24,1486.45,230.418,2,0,
9,0.5,4,0.000672745,1,1176.63,1176.63,251.193,1,0,
9,0.5,3,0.001005,1,1522.43,1522.43,228.762,1,0,
9,0.5,6,0.00194637,1,1311.7,1313.9,295.037,5,0,
9,0.5,9,0.00105648,1,1699.27,1699.27,280.786,1,0,
9,0.5,5,0.00852112,1,1583.08,1586.64,265.725,21,0,
9,0.5,7,0.00422219,1,1432.46,1434.47,266.562,14,0,
9,0.5,11,0.000895873,1,1158.81,1158.98,221.918,3,0,
9,0.5,10,0.00367053,1,1624.5,1625.15,324.452,13,0,
9,0.5,12,0.00321037,1,1418.7,1419.44,299.114,14,0,
9,0.5,13,0.0011758,1,897.602,898.911,294.562,2,0,
9,0.5,14,0.000781229,1,1113.02,1114.49,250.104,2,0,
9,0.5,8,0.0130962,1,1529.11,1533.84,279.54,62,0,
9,0.5,15,0.00247087,1,1183.29,1184.49,312.948,5,0,
9,0.5,17,0.00138346,1,1334.24,1335.22,320.006,5,0,
9,0.5,16,0.00278495,1,1161.36,1162.23,216.719,8,0,
9,0.5,21,0.000720694,1,1180.57,1180.57,291.201,1,0,
9,0.5,18,0.00678481,1,1566.59,1567.29,278.655,34,0,
9,0.5,22,0.00644696,1,1325.91,1329.71,191.416,35,0,
9,0.5,25,0.00222274,1,1340.31,1341.52,276.39,7,0,
10,0.5,2,0.00108756,1,1588.91,1589.12,230.418,2,0,
10,0.5,3,0.000800144,1,1549.19,1549.19,228.762,1,0,
9,0.5,24,0.00730389,1,1336.14,1342.83,321.285,14,0,
10,0.5,4,0.000604429,1,1296.52,1296.52,251.193,1,0,
9,0.5,23,0.0212215,1,1597.08,1601.96,283.077,62,0,
10,0.5,5,0.0087742,1,1705.95,1709.8,265.725,32,0,
10,0.5,1,0.0220974,1,1181.42,1185.24,271.04,48,0,
9,0.5,19,0.0356063,1,1597.74,1603.12,333.935,45,0,
10,0.5,6,0.00566466,1,1505.58,1511.45,295.037,17,0,
10,0.5,7,0.00352207,1,1598.28,1600.29,266.562,14,0,
10,0.5,11,0.00118416,1,1302.78,1302.94,221.918,3,0,
10,0.5,14,0.000916752,1,1320.69,1322.15,250.104,2,0,
10,0.5,13,0.00122778,1,1077.22,1078.53,294.562,2,0,
10,0.5,10,0.00646386,1,1702.29,1704.85,324.452,19,0,
10,0.5,15,0.00239621,1,1212.78,1213.98,312.948,5,0,
10,0.5,12,0.00421396,1,1697.28,1698.01,299.114,14,0,
10,0.5,16,0.00304846,1,1292.19,1293.05,216.719,8,0,
10,0.5,17,0.00150427,1,1526.38,1527.36,320.006,5,0,
10,0.5,18,0.00699089,1,1738.84,1739.54,278.655,34,0,
10,0.5,8,0.030727,1,1571.89,1577.1,279.54,104,0,
10,0.5,9,0.219965,1,1881.13,1884.06,280.786,963,0,
10,0.5,21,0.000694658,1,1357.04,1357.04,291.201,1,0,
10,0.5,25,0.00256415,1,1585.64,1586.85,276.39,7,0,
11,0.5,2,0.00142323,1,1702.6,1702.8,230.418,2,0,
11,0.5,4,0.000650865,1,1347.85,1347.85,251.193,1,0,
11,0.5,3,0.00223402,1,1673.43,1675.16,228.762,5,0,
10,0.5,24,0.0109113,1,1438.91,1445.9,321.285,24,0,
10,0.5,22,0.0213416,1,1438.52,1443.54,191.416,131,0,
10,0.5,23,0.0195199,1,1814.15,1819.17,283.221,56,0,
11,0.5,5,0.00883321,1,1806.83,1810.68,265.725,32,0,
11,0.5,6,0.00889097,1,1683.17,1689.32,297.516,27,0,
11,0.5,7,0.007168,1,1806.43,1808.61,266.725,31,0,
10,0.5,19,0.316332,1,1845.11,1854.02,333.935,840,0,
11,0.5,8,0.330506,1,1738.67,1745.76,279.54,851,0,
11,0.5,11,0.00133552,1,1545.28,1545.44,242.495,3,0,
11,0.5,10,0.00644677,1,1836.64,1839.2,324.452,19,0,
11,0.5,15,0.00240612,1,1243.79,1245,312.948,5,0,
11,0.5,13,0.00437037,1,1331.95,1336.66,294.562,14,0,
11,0.5,17,0.00154532,1,1574.8,1575.78,320.006,5,0,
11,0.5,16,0.00294097,1,1304.74,1305.6,216.719,8,0,
11,0.5,14,0.00951137,1,1572.72,1576.46,254.316,13,0,
11,0.5,21,0.0017103,1,1481.57,1482.13,291.201,7,0,
11,0.5,18,0.00727321,1,1807.57,1808.27,278.655,34,0,
11,0.5,12,0.01822,1,1901.97,1904.11,299.114,68,0,
11,0.5,9,0.135874,1,2055.73,2060.12,280.786,507,0,
11,0.5,19,0.318251,1,1942.97,1951.87,333.935,840,0,
11,0.5,1,1.35563,1,1355.8,1365.7,271.04,4643,0,
11,0.5,25,0.00207529,1,1637.25,1638.46,276.39,7,0,
12,0.5,2,0.00120792,1,1907.52,1907.73,230.418,2,0,
12,0.5,4,0.000725684,1,1519.84,1519.84,251.193,1,0,
11,0.5,24,0.00909879,1,1492.56,1499.54,321.285,24,0,
12,0.5,6,0.00893328,1,1756.83,1762.98,297.516,27,0,
12,0.5,5,0.011915,1,1999.91,2004.22,265.725,45,0,
12,0.5,7,0.00750559,1,1940.98,1943.16,266.725,31,0,
11,0.5,23,0.027525,1,2043.33,2048.87,283.415,91,0,
12,0.5,3,0.0184626,1,1920.39,1925.95,247.111,74,0,
11,0.5,22,0.0778427,1,1683.04,1688.24,244.647,469,0,
12,0.5,9,0.177808,1,2159.03,2164.65,280.786,527,0,
12,0.5,8,0.317332,1,1842.12,1849.21,279.54,851,0,
12,0.5,11,0.00123737,1,1775.44,1775.6,242.495,3,0,
12,0.5,15,0.00289253,1,1467.41,1468.61,312.948,5,0,
12,0.5,16,0.00296843,1,1422.64,1423.5,216.719,8,0,
12,0.5,13,0.00743906,1,1478.03,1484.32,294.562,23,0,
12,0.5,14,0.00997195,1,1638.18,1641.93,254.316,13,0,
12,0.5,18,0.00919032,1,2068.25,2070.36,278.655,37,0,
12,0.5,21,0.00508737,1,1668.27,1669.46,291.201,32,0,
12,0.5,17,0.0155762,1,1825.95,1830.68,320.006,34,0,
12,0.5,22,0.078594,1,1777.73,1782.92,244.647,469,0,
12,0.5,12,0.129279,1,1920.54,1924.33,299.114,416,0,
12,0.5,1,1.36975,1,1467.47,1477.37,271.04,4643,0,
12,0.5,19,0.339145,1,2116.28,2125.28,333.935,916,0,
12,0.5,10,0.503649,1,2174.15,2178.62,339.424,1025,0,
12,0.5,25,0.00230606,1,1742.08,1743.3,276.39,7,0,
13,0.5,2,0.00126976,1,1919.43,1919.64,230.418,2,0,
13,0.5,4,0.00102719,1,1617.61,1618.12,251.193,2,0,
13,0.5,7,0.00927771,1,2140.16,2142.33,266.725,31,0,
12,0.5,23,0.0279345,1,2134.91,2140.46,283.415,91,0,
13,0.5,5,0.0149397,1,2213.15,2217.46,265.725,45,0,
13,0.5,3,0.0222036,1,2026.14,2031.7,247.111,74,0,
13,0.5,9,0.175797,1,2225.17,2230.79,280.786,527,0,
13,0.5,8,0.333892,1,1961.43,1968.51,279.54,851,0,
13,0.5,10,0.515188,1,2253.53,2258,339.424,1025,0,
13,0.5,11,0.00131305,1,1941.5,1941.66,242.495,3,0,
13,0.5,15,0.00269815,1,1615.34,1616.54,312.948,5,0,
13,0.5,13,0.00734025,1,1548.75,1555.04,294.562,23,0,
13,0.5,16,0.00496698,1,1580.33,1582.33,216.719,12,0,
13,0.5,18,0.0115673,1,2296.29,2298.76,278.655,42,0,
13,0.5,17,0.0328485,1,1965.87,1971.53,320.006,77,0,
13,0.5,12,0.115926,1,2182.54,2186.33,299.114,400,0,
13,0.5,19,0.350019,1,2253.52,2262.51,333.935,916,0,
13,0.5,14,0.839511,1,1844.75,1851.6,254.316,3155,0,
13,0.5,21,0.00514355,1,1713.82,1715,291.201,32,0,
13,0.5,25,0.00235537,1,1901.3,1902.52,276.39,7,0,
14,0.5,4,0.00101373,1,1692.23,1692.74,251.193,2,0,
14,0.5,2,0.00311209,1,2211.04,2211.9,291.612,7,0,
14,0.5,3,0.0226623,1,2098.27,2104.06,247.111,88,0,
13,0.5,22,0.0811549,1,1888.37,1893.57,244.647,469,0,
13,0.5,23,0.0797772,1,2353.29,2360.18,283.415,272,0,
13,0.5,1,2.1365,1,1609.88,1619.91,271.092,7065,0,
14,0.5,5,0.0125983,1,2420.68,2424.99,265.725,45,0,
14,0.5,11,0.00355752,1,2102.69,2104.26,242.495,10,0,
14,0.5,7,0.0378901,1,2353.22,2356.98,266.725,137,0,
14,0.5,12,0.148949,1,2234.27,2238.11,299.114,509,0,
14,0.5,8,0.404332,1,2174.15,2181.26,279.54,988,0,
14,0.5,15,0.00452068,1,1758.5,1759.91,312.948,9,0,
14,0.5,13,0.011776,1,1696.94,1703.71,294.562,35,0,
14,0.5,16,0.00603368,1,1805.33,1807.79,225.466,15,0,
14,0.5,17,0.128093,1,2160.23,2168.33,320.006,412,0,
14,0.5,9,1.37045,1,2460.55,2468.66,280.786,3102,0,
14,0.5,1,2.48151,1,1784.28,1794.38,271.092,7718,0,
14,0.5,14,0.844493,1,1883.4,1890.29,254.316,3239,0,
14,0.5,18,0.0112039,1,2436.45,2438.93,278.655,42,0,
14,0.5,21,0.00642279,1,1779.84,1781.03,291.201,32,0,
14,0.5,22,0.0820909,1,1973.47,1978.66,244.647,469,0,
14,0.5,10,2.17196,1,2492.47,2498.85,339.424,3977,0,
14,0.5,23,0.149501,1,2542.46,2550,283.415,513,0,
14,0.5,19,0.344613,1,2479.21,2488.21,333.935,916,0,
14,0.5,25,0.00237684,1,2090.41,2091.62,276.39,7,0,
15,0.5,4,0.00117329,1,1791.81,1792.37,251.193,3,0,
15,0.5,2,0.00336793,1,2237.54,2238.4,291.612,7,0,
15,0.5,5,0.0124656,1,2430.43,2434.74,265.725,45,0,
15,0.5,3,0.032957,1,2366.93,2373.08,268.662,125,0,
15,0.5,7,0.0795499,1,2584.84,2589.8,266.725,289,0,
15,0.5,8,0.41179,1,2224.69,2231.81,279.54,988,0,
15,0.5,11,0.0120715,1,2332.57,2334.76,242.495,39,0,
15,0.5,9,1.37282,1,2528.97,2537.07,280.786,3102,0,
15,0.5,13,0.116579,1,1878.95,1889.43,294.562,421,0,
15,0.5,12,0.154383,1,2453.71,2457.56,299.114,509,0,
15,0.5,1,3.71885,1,1850.26,1861.14,271.092,11112,0,
15,0.5,14,0.914424,1,2087.86,2094.75,254.316,3239,0,
15,0.5,15,0.00393439,1,1918.6,1920.01,312.948,9,0,
15,0.5,16,0.00610089,1,1892.37,1894.84,225.466,15,0,
15,0.5,18,0.014896,1,2512.09,2514.64,278.655,45,0,
15,0.5,17,0.129451,1,2183.65,2191.76,320.006,412,0,
6,0.5,20,22.8368,1,1014.14,1027.12,356.405,66524,0,
15,0.5,21,0.00703001,1,1899.21,1900.4,291.201,32,0,
15,0.5,23,0.333198,1,2717.69,2725.96,283.415,1105,0,
15,0.5,25,0.00240969,1,2271.39,2272.61,276.39,7,0,
15,0.5,19,1.14659,1,2730.13,2740.54,333.935,3115,0,
16,0.5,2,0.0442858,1,2440.92,2444.52,291.612,99,0,
16,0.5,3,0.0350463,1,2493.84,2499.99,268.662,125,0,
16,0.5,4,0.00691482,1,2048.09,2049.19,256.76,28,0,
12,0.5,24,16.036,1,1786.12,1801.87,321.285,42749,0,
16,0.5,5,0.0125076,1,2559.98,2564.29,265.725,45,0,
15,0.5,22,5.63827,1,2131.02,2140.49,244.647,24395,0,
16,0.5,1,3.65233,1,1984.51,1995.39,271.092,11112,0,
16,0.5,7,0.076145,1,2720.19,2725.15,266.725,289,0,
15,0.5,10,10.1512,1,2625.95,2635.04,339.424,24688,0,
16,0.5,8,0.406857,1,2307.1,2314.21,279.54,988,0,
13,0.5,24,16.1489,1,1861.33,1877.08,321.285,42749,0,
16,0.5,11,0.0121672,1,2370.6,2372.8,242.495,39,0,
16,0.5,12,0.139823,1,2665.13,2668.97,299.114,486,0,
16,0.5,15,0.00404047,1,2137.73,2139.14,312.948,9,0,
7,0.5,20,30.0002,0,1101.41,1114.86,355.874,86089,0,
16,0.5,14,0.889883,1,2300.58,2307.47,254.316,3239,0,
16,0.5,16,0.00536186,1,2186.01,2188.48,293.64,15,0,
16,0.5,13,1.0523,1,2203.92,2220.34,329.503,2730,0,
16,0.5,9,3.98791,1,2675.04,2683.76,280.786,9197,0,
16,0.5,18,0.0152603,1,2539.95,2542.5,278.655,45,0,
16,0.5,17,0.130899,1,2267.34,2275.44,320.006,412,0,
8,0.5,20,30.0003,0,1200.48,1213.93,355.552,86275,0,
16,0.5,21,0.00657316,1,1951.55,1952.74,291.201,32,0,
16,0.5,19,1.1271,1,2736.92,2747.33,333.935,3115,0,
16,0.5,23,0.325227,1,2795.05,2803.32,283.415,1105,0,
16,0.5,25,0.00257037,1,2393.11,2394.33,276.39,7,0,
17,0.5,2,0.351587,1,2638.63,2646.52,291.612,1099,0,
9,0.5,20,30.0001,0,1396.85,1410.3,354.596,86171,0,
17,0.5,4,0.0420234,1,2326.39,2328.02,278.759,187,0,
17,0.5,3,0.0664448,1,2653.38,2660.26,268.662,248,0,
17,0.5,5,0.0130366,1,2768.58,2772.88,265.725,45,0,
17,0.5,7,0.57677,1,3027.33,3033.67,307.26,1815,0,
10,0.5,20,30.0001,0,1482.75,1496.17,358.033,84768,0,
14,0.5,24,21.1679,1,2075.29,2091.61,321.285,55715,0,
11,0.5,20,30.0002,0,1624.19,1637.61,354.449,84951,0,
17,0.5,11,0.00927939,1,2703.62,2705.82,333.02,27,0,
17,0.5,8,1.47958,1,2508.9,2516.51,279.54,3383,0,
17,0.5,12,0.149005,1,2781.73,2785.58,299.114,486,0,
12,0.5,20,30.0005,0,1922.28,1935.84,356.202,75268,0,
17,0.5,15,0.00489552,1,2230.99,2232.58,312.948,15,0,
13,0.5,6,30.0003,0,2060.88,2076.02,312.298,51616,0,
17,0.5,18,0.0683037,1,2828.39,2830.94,288.436,175,0,
17,0.5,16,0.0725886,1,2358.74,2363.78,293.64,239,0,
13,0.5,20,30.0002,0,2042.08,2055.6,357.4,74060,0,
17,0.5,17,1.08681,1,2406.73,2415.97,320.006,5077,0,
17,0.5,14,3.99775,1,2470.82,2477.85,254.316,15041,0,
17,0.5,21,0.00700243,1,2062.73,2064.01,291.201,39,0,
14,0.5,6,30.0002,0,2114.26,2129.4,312.298,52138,0,
17,0.5,23,0.343959,1,2918.39,2926.66,283.415,1105,0,
17,0.5,19,2.72048,1,2928.09,2939.12,333.935,7369,0,
17,0.5,25,0.00271587,1,2420.8,2422.01,276.39,7,0,
18,0.5,2,0.383469,1,2737.61,2745.51,291.612,1099,0,
14,0.5,20,30.0006,0,2224.26,2237.78,358.314,73743,0,
18,0.5,4,0.0423902,1,2413.87,2415.5,278.759,187,0,
18,0.5,3,0.0682097,1,2792.97,2799.85,268.662,248,0,
18,0.5,5,0.041731,1,2936.25,2941.21,265.725,98,0,
18,0.5,7,0.576948,1,3133.56,3139.9,307.26,1815,0,
15,0.5,6,30.0001,0,2349.47,2364.61,312.298,52243,0,
15,0.5,24,26.0604,1,2215.95,2232.75,321.285,66592,0,
18,0.5,11,0.101775,1,2825.73,2830.96,333.02,306,0,
18,0.5,12,0.29583,1,3012.1,3016.11,299.114,1027,0,
17,0.5,9,14.4091,1,2856.02,2866.35,280.786,28742,0,
15,0.5,20,30.0001,0,2409.42,2422.9,357.645,71882,0,
18,0.5,15,0.00608846,1,2387.16,2388.88,312.948,18,0,
18,0.5,16,0.136763,1,2486.78,2493.55,293.64,494,0,
17,0.5,13,16.4741,1,2431.25,2449.08,329.503,50627,0,
18,0.5,18,0.0723403,1,2951.59,2954.13,288.436,175,0,
18,0.5,17,1.09491,1,2513.31,2522.55,320.006,5077,0,
16,0.5,6,30,0,2613.72,2628.02,307.764,82093,0,
16,0.5,10,30.0002,0,2879.74,2889.66,341.271,61546,0,
18,0.5,21,0.00693067,1,2082.7,2083.98,291.201,39,0,
16,0.5,24,26.1595,1,2310.08,2326.88,321.285,66592,0,
18,0.5,23,0.332907,1,3067.75,3076.02,283.415,1105,0,
18,0.5,8,12.6206,1,2759.31,2767.91,279.54,31641,0,
18,0.5,25,0.0470434,1,2584.74,2588.57,276.39,249,0,
16,0.5,20,30.0002,0,2472.27,2485.75,356.53,72006,0,
19,0.5,2,0.467011,1,2861.27,2869.53,291.612,1398,0,
16,0.5,22,30.0003,0,2331.09,2341.39,245.044,110390,0,
19,0.5,4,0.0428102,1,2468.35,2469.98,278.759,187,0,
19,0.5,3,0.104943,1,2972.16,2979.04,268.662,342,0,
17,0.5,1,30.0005,0,2240.47,2255.16,272.412,72684,0,
19,0.5,5,0.0404042,1,3148.64,3153.59,265.725,98,0,
18,0.5,9,16.2718,1,2877.85,2888.32,280.786,33265,0,
19,0.5,7,1.48099,1,3318.32,3325.16,307.26,5053,0,
17,0.5,6,30.0002,0,2687.01,2701.29,306.196,81471,0,
19,0.5,11,0.101797,1,2943.69,2948.91,333.02,306,0,
17,0.5,10,30.0002,0,3034.42,3044.31,340.495,60473,0,
18,0.5,13,16.3896,1,2490.79,2508.61,329.503,50627,0,
19,0.5,15,0.00732449,1,2500.68,2502.46,312.948,24,0,
19,0.5,12,2.12892,1,3276.07,3283.06,299.114,6589,0,
18,0.5,14,17.9597,1,2761.09,2769.15,290.774,66623,0,
19,0.5,16,0.138121,1,2592.1,2598.87,293.64,494,0,
19,0.5,18,0.0722623,1,3021.17,3023.72,288.436,175,0,
17,0.5,20,30.0003,0,2536.75,2550.2,357.507,70613,0,
17,0.5,22,30.0001,0,2629.92,2641.1,301.362,101248,0,
19,0.5,21,0.00692938,1,2174.75,2176.03,291.201,39,0,
17,0.5,24,30.0003,0,2521.77,2536.9,320.786,77269,0,
18,0.5,1,30.0001,0,2267.14,2281.83,271.274,73031,0,
19,0.5,23,1.30821,1,3182.76,3192.13,283.415,4182,0,
19,0.5,25,0.0672419,1,2868.37,2872.45,283.626,325,0,
18,0.5,6,30.0003,0,2965.11,2980.1,311.855,89960,0,
20,0.5,2,0.472326,1,2924.58,2932.85,291.612,1398,0,
20,0.5,4,0.0770457,1,2692.89,2694.69,278.759,382,0,
20,0.5,3,0.116543,1,3036.74,3043.71,268.662,394,0,
18,0.5,10,30.0003,0,3220.68,3230.59,342.08,61107,0,
20,0.5,5,0.0413615,1,3301.75,3306.71,265.725,98,0,
20,0.5,7,1.55234,1,3457.59,3464.44,307.26,5053,0,
19,0.5,9,17.0036,1,2995.4,3005.87,280.786,33265,0,
19,0.5,13,16.573,1,2592.59,2610.41,329.503,50627,0,
20,0.5,11,0.162783,1,3040.1,3045.71,333.02,521,0,
18,0.5,19,28.5875,1,3024.53,3037.91,334.813,82871,0,
19,0.5,14,18.1125,1,2931.96,2942.16,290.774,66689,0,
18,0.5,20,30.0001,0,2807.51,2820.68,356.202,67411,0,
20,0.5,15,0.00735602,1,2543.11,2544.89,312.948,24,0,
18,0.5,22,30,0,2818.13,2829.3,298.837,100821,0,
20,0.5,16,0.140606,1,2627.72,2634.49,293.64,494,0,
18,0.5,24,30.0003,0,2634.91,2649.81,322.115,69478,0,
19,0.5,1,30.0008,0,2513.17,2522.61,272.495,62428,0,
20,0.5,18,0.0728709,1,3115.8,3118.35,288.436,175,0,
20,0.5,21,0.0100994,1,2285.03,2286.65,291.201,58,0,
19,0.5,6,30,0,3170.23,3185.2,308.146,88212,0,
19,0.5,10,30.0006,0,3318.74,3328.62,340.933,60053,0,
19,0.5,8,30.0001,0,2972.28,2981.42,281.993,131111,0,
20,0.5,25,0.270379,1,3015.99,3020.34,283.626,1301,0,
20,0.5,23,2.34055,1,3238.05,3247.85,283.415,7611,0,
20,0.5,12,12.4764,1,3602.48,3610.85,326.727,36706,0,
19,0.5,17,27.8548,1,2702.49,2713.88,320.006,111419,0,
21,0.5,2,0.49234,1,2955.2,2963.47,291.612,1398,0,
20,0.5,9,16.6328,1,3154.45,3164.92,280.786,33265,0,
21,0.5,5,0.0417537,1,3481.58,3486.53,265.725,98,0,
21,0.5,4,0.0827072,1,2936.42,2938.22,278.759,382,0,
19,0.5,19,30.0003,0,3216.17,3228.53,333.935,83733,0,
21,0.5,7,1.52634,1,3482.83,3489.68,307.26,5053,0,
19,0.5,20,30.0004,0,2928.24,2941.42,354.925,67507,0,
21,0.5,11,0.50997,1,3166.82,3173.52,333.02,1621,0,
20,0.5,13,16.9408,1,2748.72,2766.54,329.503,50627,0,
19,0.5,22,30.0001,0,3048.5,3057.82,300.164,87041,0,
19,0.5,24,30.0001,0,2816.96,2831.85,325.068,69226,0,
20,0.5,1,30.0001,0,2655.15,2664.35,271.126,56558,0,
21,0.5,15,0.0307666,1,2655.66,2657.78,312.948,147,0,
20,0.5,14,18.527,1,3005.88,3016.07,290.774,66689,0,
21,0.5,3,8.89709,1,3188.74,3201.16,268.923,32050,0,
21,0.5,16,0.145238,1,2660.66,2667.43,293.64,494,0,
21,0.5,18,0.170115,1,3384.99,3388.33,288.436,535,0,
21,0.5,21,0.0235809,1,2480.11,2485.39,291.201,125,0,
20,0.5,6,30.0003,0,3464.31,3480.96,307.724,79753,0,
20,0.5,8,30.0001,0,3056.61,3065.83,282.279,134115,0,
20,0.5,10,30.0004,0,3431.03,3440.91,341.825,59895,0,
21,0.5,23,2.39925,1,3414.86,3424.66,283.415,7611,0,
21,0.5,25,1.46266,1,3229.78,3235.35,283.626,4384,0,
22,0.5,2,0.477735,1,3049.44,3057.71,291.612,1398,0,
20,0.5,17,30.0001,0,2806.24,2817.87,322.44,117415,0,
20,0.5,19,30.0004,0,3347.77,3359.58,331.887,82873,0,
20,0.5,20,30.0002,0,3147.84,3158.86,355.979,67853,0,
22,0.5,4,0.142007,1,3030.95,3032.86,278.759,716,0,
20,0.5,22,30.0001,0,3173.75,3183.06,298.837,86477,0,
22,0.5,5,0.091552,1,3562.03,3567.63,265.725,271,0,
22,0.5,3,8.76319,1,3322.49,3334.91,268.923,32050,0,
20,0.5,24,30.0001,0,2937.1,2952,321.033,69444,0,
22,0.5,7,4.11809,1,3676.94,3684.32,307.26,13763,0,
22,0.5,11,0.516009,1,3275.09,3281.8,333.02,1621,0,
21,0.5,1,30.0005,0,2793.57,2802.74,271.727,55321,0,
21,0.5,6,30.0004,0,3771,3786.86,309.317,64204,0,
22,0.5,15,0.0279524,1,2770.56,2772.68,312.948,147,0,
21,0.5,8,30.0002,0,3085.55,3094.77,282.086,131583,0,
22,0.5,16,0.189882,1,2773.66,2780.49,293.64,654,0,
21,0.5,9,30.0003,0,3307.18,3317.25,285.1,67983,0,
21,0.5,10,30.0002,0,3606.17,3615.78,340.587,62836,0,
21,0.5,12,30.0008,0,3695.5,3704.89,327.469,64554,0,
22,0.5,18,2.26389,1,3605.17,3612.44,288.436,5653,0,
21,0.5,14,30.0002,0,3182.37,3192.6,290.641,110872,0,
21,0.5,13,30.0003,0,3032.85,3050.2,330.908,56675,0,
22,0.5,21,0.104506,1,2672.2,2677.9,291.201,427,0,
21,0.5,17,30.0001,0,2916.71,2928.29,320.712,112408,0,
22,0.5,25,1.46059,1,3453.43,3459,283.626,4384,0,
21,0.5,19,30.0001,0,3613.43,3626.72,332.646,83742,0,
21,0.5,20,30.0003,0,3258.86,3269.87,355.914,67082,0,
23,0.5,2,0.493164,1,3170.09,3178.36,291.612,1398,0,
21,0.5,22,30.0003,0,3354.52,3363.8,298.837,85253,0,
22,0.5,23,3.6811,1,3542.44,3552.54,283.415,11441,0,
23,0.5,4,0.897811,1,3190.87,3193.88,278.759,4351,0,
21,0.5,24,30.0001,0,3033.75,3048.64,322.115,69012,0,
23,0.5,5,4.38748,1,3791.87,3801.93,265.725,8108,0,
22,0.5,1,30.0002,0,3031.73,3042.2,274.313,56225,0,
23,0.5,7,4.29951,1,3769.77,3777.15,307.26,13763,0,
22,0.5,6,30.0003,0,3882.05,3897.89,306.697,63562,0,
22,0.5,8,30.0003,0,3256.13,3265.21,283.439,118115,0,
22,0.5,9,30.0001,0,3415.11,3425.16,283.996,65897,0,
22,0.5,10,30.0004,0,3757.21,3767.32,340.97,53083,0,
23,0.5,15,0.0288754,1,2829.78,2831.9,312.948,147,0,
23,0.5,16,0.194076,1,2959.13,2965.97,293.64,654,0,
22,0.5,13,30.0009,0,3118.94,3136.3,330.681,57251,0,
22,0.5,12,30.0003,0,3791.29,3800.66,326.409,63519,0,
22,0.5,14,30.0004,0,3242.25,3252.46,290.641,106869,0,
22,0.5,17,30.0001,0,3166.75,3181.46,321.305,78676,0,
23,0.5,21,0.932707,1,2879.84,2886.84,291.201,5312,0,
23,0.5,18,4.55852,1,3757.02,3764.8,288.436,11984,0,
22,0.5,19,30.0003,0,3865.01,3878.54,332.682,81237,0,
22,0.5,20,30.0001,0,3355.09,3366.08,356.115,66813,0,
22,0.5,22,30.0001,0,3399.58,3408.85,300.837,84165,0,
22,0.5,24,30.0003,0,3182.79,3197.66,324.02,68391,0,
24,0.5,2,0.48888,1,3300.79,3309.06,291.612,1398,0,
23,0.5,1,30.0004,0,3336.1,3347.74,308.138,79565,0,
24,0.5,4,1.55837,1,3317.09,3320.29,278.759,7229,0,
23,0.5,3,30,0,3618.41,3630.96,297.078,91673,0,
23,0.5,6,30.0003,0,3992.59,4008.38,307.834,61970,0,
23,0.5,8,30.0002,0,3324.18,3333.25,282.299,115228,0,
23,0.5,23,7.58632,1,3651.39,3662.48,283.415,22578,0,
23,0.5,9,30.0006,0,3543.76,3554.64,284.054,65405,0,
23,0.5,11,28.8943,1,3605.78,3615.76,333.883,79271,0,
23,0.5,10,30.0002,0,3891.04,3901.17,340.691,53808,0,
24,0.5,7,4.35675,1,3803.45,3810.83,307.26,13763,0,
23,0.5,12,30.0001,0,4083.31,4094.92,327.218,68837,0,
24,0.5,15,0.0356398,1,2968.41,2970.82,312.948,168,0,
24,0.5,5,7.57855,1,3925.31,3935.9,265.725,12776,0,
24,0.5,16,0.223962,1,3153.79,3160.81,293.64,660,0,
23,0.5,13,30.0005,0,3249.51,3266.85,329.77,56429,0,
23,0.5,14,30.0004,0,3327.25,3338.48,292.915,90965,0,
23,0.5,17,30.0002,0,3252.75,3269.56,321.411,72135,0,
23,0.5,19,30.0001,0,3924.94,3938.46,333.82,79755,0,
23,0.5,20,30.0001,0,3510.47,3521.45,356.686,65958,0,
24,0.5,21,3.31426,1,3061,3068.38,291.201,13952,0,
23,0.5,22,30.0001,0,3484.47,3493.72,300.164,82517,0,
23,0.5,24,30.0004,0,3398.56,3413.41,321.912,67300,0,
23,0.5,25,30.0003,0,3621.62,3627.34,284.435,84964,0,
24,0.5,1,30.0001,0,3448.32,3459.96,307.173,78498,0,
24,0.5,3,30.0002,0,3910.59,3924.58,299.772,79877,0,
25,0.5,2,2.38645,1,3474.6,3484.22,291.622,6950,0,
24,0.5,6,30.0002,0,4084.06,4099.86,307.505,61841,0,
24,0.5,8,30.0001,0,3420.83,3429.89,281.993,113363,0,
24,0.5,9,30.0001,0,3637.25,3648.1,284.268,63311,0,
24,0.5,10,30.0001,0,4122.54,4132.61,340.592,52271,0,
25,0.5,4,3.03916,1,3393.89,3397.99,278.759,12818,0,
24,0.5,11,29.6178,1,3675.77,3685.75,333.883,79271,0,
24,0.5,12,30.0001,0,4324.67,4339.4,327.784,75309,0,
24,0.5,13,30.0015,0,3413.65,3430.81,330.734,54386,0,
24,0.5,14,30.0004,0,3424.3,3435.53,290.641,89487,0,
24,0.5,23,14.6197,1,3964.19,3975.72,312.804,39503,0,
25,0.5,5,7.79824,1,4144.08,4154.66,265.725,12776,0,
25,0.5,15,0.0801622,1,3085.79,3088.74,312.948,355,0,
25,0.5,16,0.214101,1,3288.8,3295.83,293.64,660,0,
25,0.5,7,4.40719,1,3844.09,3851.46,307.26,13763,0,
24,0.5,17,30.0005,0,3457.97,3472.82,323.068,84977,0,
24,0.5,18,30.0003,0,4060.33,4069.68,306.694,66761,0,
24,0.5,19,30.0001,0,4096.16,4109.67,334.589,78855,0,
24,0.5,20,30.0003,0,3534.61,3545.57,355.343,65269,0,
24,0.5,22,30.0004,0,3586.43,3595.66,299.837,80806,0,
24,0.5,24,30.0003,0,3529.58,3544.4,320.786,66684,0,
24,0.5,25,30.0006,0,3668.73,3674.45,283.626,84540,0,
25,0.5,1,30.0002,0,3555.77,3567.44,305.92,76274,0,
25,0.5,3,30.0003,0,3932.05,3946.04,302.307,79817,0,
26,0.5,2,2.59846,1,3561.78,3571.51,291.622,7413,0,
25,0.5,6,30.0005,0,4138.44,4154.18,308.697,60393,0,
26,0.5,4,3.20825,1,3443.68,3447.78,278.759,12818,0,
25,0.5,8,30.0003,0,3448.4,3457.46,281.993,111064,0,
25,0.5,9,30.0004,0,3755.88,3766.73,283.729,62317,0,
25,0.5,10,30.0004,0,4339.68,4349.72,338.038,51316,0,
25,0.5,11,30.0001,0,3855.31,3864.76,335.971,93402,0,
25,0.5,12,30.0001,0,4570.42,4585.14,326.975,74614,0,
25,0.5,14,30.0003,0,3497.11,3508.32,290.641,87899,0,
25,0.5,13,30.0002,0,3459.43,3476.56,329.77,53317,0,
25,0.5,17,30.0004,0,3764.08,3778.3,320.657,74142,0,
25,0.5,18,30.0002,0,4183.01,4192.37,307.631,66651,0,
25,0.5,19,30.0001,0,4147.17,4160.68,332.884,79418,0,
25,0.5,20,30.0001,0,3600.67,3611.62,354.969,64568,0,
26,0.5,16,0.231287,1,3389.72,3396.75,293.64,660,0,
26,0.5,15,0.249767,1,3280.12,3283.34,312.948,1100,0,
25,0.5,23,21.5853,1,4100.05,4111.87,312.804,58304,0,
26,0.5,5,7.74174,1,4401.4,4412.08,265.725,13170,0,
25,0.5,21,30.0002,0,3302.49,3309.92,291.7,103685,0,
25,0.5,22,30.0002,0,3647.08,3656.31,299.975,80900,0,
25,0.5,24,30.0003,0,3792.78,3806.99,322.851,68173,0,
25,0.5,25,30.0002,0,3732.89,3738.59,283.626,83519,0,
26,0.5,1,30.0002,0,3674.67,3686.35,307.173,76689,0,
26,0.5,3,30.0003,0,4074.86,4088.82,300.915,77909,0,
26,0.5,6,30.0003,0,4216.72,4232.47,308.953,60323,0,
26,0.5,7,30.0001,0,3894.98,3903.59,307.279,77615,0,
26,0.5,8,30.0001,0,3520.37,3529.81,281.993,94784,0,
26,0.5,9,30.0002,0,3994.02,4007.51,289.574,65864,0,
26,0.5,10,30.0003,0,4570.17,4578.43,340.882,59353,0,
26,0.5,11,30.0002,0,3995.84,4003.95,334.53,89687,0,
26,0.5,12,30.0003,0,4739.8,4754.51,327.372,73184,0,
26,0.5,13,30.0009,0,3582.03,3599.14,330.734,52384,0,
26,0.5,14,30.0002,0,3506.38,3517.58,291.134,86132,0,
26,0.5,17,30.0004,0,3858.14,3872.33,320.082,72415,0,
26,0.5,18,30.0002,0,4302.93,4312.27,307.063,65517,0,
26,0.5,19,30.0003,0,4292.32,4305.79,335.217,76592,0,
26,0.5,20,30.0003,0,3751.81,3762.76,354.819,64471,0,
26,0.5,21,30.0003,0,3455.45,3462.93,291.201,94424,0,
26,0.5,22,30.0003,0,3799.6,3808.8,300.848,79747,0,
27,0.5,16,1.14352,1,3509.38,3516.54,293.64,3188,0,
27,0.5,15,1.39677,1,3477.93,3485.12,312.948,5021,0,
26,0.5,23,30.0004,0,4252.57,4265.36,315.934,79500,0,
26,0.5,24,30.0002,0,3961,3975.17,320.71,67091,0,
26,0.5,25,30.0004,0,3984.93,3990.28,284.1,84207,0,
27,0.5,1,30.0002,0,3908.55,3922.08,304.734,66874,0,
27,0.5,2,30.0001,0,3668.4,3676.86,293.411,101559,0,
27,0.5,3,30.0003,0,4183.68,4197.63,300.915,76453,0,
27,0.5,6,30.0001,0,4438.87,4454.59,308.505,59352,0,
27,0.5,4,30.0002,0,3658.92,3662.87,278.3,120078,0,
27,0.5,5,30.0007,0,4672.43,4685.2,271.03,50441,0,
27,0.5,7,30.0002,0,4015.05,4023.77,307.26,101598,0,
27,0.5,9,30.0001,0,4032.09,4045.54,282.563,64715,0,
27,0.5,10,30.0004,0,4690.96,4699.18,340.289,57274,0,
27,0.5,8,30.0004,0,3716.69,3726.12,281.993,91402,0,
27,0.5,11,30.0002,0,4275.27,4282.75,334.851,92795,0,
27,0.5,12,30.0003,0,5014.88,5032.93,327.218,64715,0,
27,0.5,14,30.0001,0,3696.59,3707.83,290.641,85325,0,
27,0.5,13,30.0003,0,3693.75,3711.27,329.77,54351,0,
27,0.5,17,30.0003,0,4024.12,4038.31,320.657,71986,0,
27,0.5,18,30.0002,0,4391.51,4400.85,306.732,65344,0,
27,0.5,19,30.0006,0,4422.7,4436.17,332.646,76357,0,
27,0.5,20,30.0002,0,3827.67,3838.61,356.167,64088,0,
27,0.5,21,30.0003,0,3525.64,3533.54,291.546,85782,0,
27,0.5,22,30.0004,0,3911.86,3921.07,300.164,79353,0,
27,0.5,23,30.0003,0,4360.18,4372.95,316.381,77467,0,
27,0.5,24,30.0003,0,4131.04,4145.19,322.115,66363,0,
27,0.5,25,30.0002,0,4302.53,4310.87,321.269,95653,0,
28,0.5,2,30.0003,0,3734.81,3743.26,292.263,100584,0,
28,0.5,3,30.0002,0,4264.48,4278.42,302.678,76057,0,
28,0.5,1,30.0002,0,4151.88,4165.39,306.053,65873,0,
28,0.5,16,12.0166,1,3673.02,3682.46,293.64,36912,0,
28,0.5,15,18.6777,1,3647.47,3658.35,312.948,63145,0,
28,0.5,4,30.0001,0,3796.29,3806.59,278.495,99758,0,
28,0.5,5,30.0005,0,4713.26,4726,271.03,49669,0,
28,0.5,6,30.0002,0,4652.01,4667.7,310.722,58413,0,
28,0.5,7,30.0001,0,4089.67,4098.38,307.132,99591,0,
28,0.5,8,30.0001,0,3766.56,3776,281.993,92478,0,
28,0.5,10,30.0002,0,4874.57,4882.79,339.64,57425,0,
28,0.5,11,30.0002,0,4291.74,4299.2,334.053,90178,0,
28,0.5,9,30.0003,0,4098.98,4112.38,288.393,63582,0,
28,0.5,12,30.0004,0,5248.51,5266.12,327.218,61379,0,
28,0.5,13,30.0003,0,3946.63,3964.72,328.365,57946,0,
28,0.5,14,30.0001,0,3943.94,3955.01,291.587,85657,0,
28,0.5,17,30.0004,0,4251.02,4255.61,320.082,69798,0,
28,0.5,18,30.0004,0,4466.2,4475.52,307.433,64154,0,
28,0.5,19,30.0003,0,4673.68,4688.46,335.567,74913,0,
28,0.5,20,30.0004,0,3935.75,3946.65,355.202,62704,0,
28,0.5,21,30.0004,0,3651.35,3659.24,291.822,84619,0,
28,0.5,23,30.0001,0,4502.23,4514.98,315.159,76438,0,
28,0.5,22,30.0001,0,4031.48,4040.65,302.72,77153,0,
28,0.5,24,30.0001,0,4205.53,4219.67,321.285,65401,0,
29,0.5,1,30.0001,0,4378.54,4391.9,305.451,63632,0,
28,0.5,25,30.0002,0,4564.53,4573.5,322.585,111914,0,
29,0.5,2,30.0001,0,3886.75,3895.17,292.263,95459,0,
29,0.5,3,30.0005,0,4525.31,4536.72,297.38,69172,0,
29,0.5,4,30.0001,0,3952.87,3964.59,279.106,96778,0,
29,0.5,5,30.0001,0,4733.1,4745.84,271.03,49473,0,
29,0.5,7,30.0001,0,4222.22,4230.64,307.26,100050,0,
29,0.5,8,30.0003,0,3919.06,3928.47,281.993,88499,0,
29,0.5,6,30.0001,0,4841.98,4857.63,307.724,57018,0,
29,0.5,9,30.0002,0,4189.29,4202.73,281.845,64675,0,
29,0.5,10,30.0002,0,5164.38,5173.55,340.175,48076,0,
29,0.5,11,30.0001,0,4442.19,4449.65,333.271,90865,0,
29,0.5,16,12.4172,1,3709.04,3718.48,293.64,36912,0,
29,0.5,12,30.0004,0,5314.17,5331.77,328.824,60395,0,
29,0.5,13,30.0001,0,4019.45,4037.54,328.365,60729,0,
29,0.5,14,30.0001,0,4009.68,4020.75,291.134,85093,0,
29,0.5,15,30.0002,0,3803.93,3815.18,311.822,106823,0,
29,0.5,17,30.0003,0,4448.93,4453.52,320.082,69679,0,
29,0.5,18,30.0006,0,4553.73,4563.03,306.972,62648,0,
29,0.5,19,30.0016,0,4873.65,4888.18,340.661,56921,0,
29,0.5,20,30.0006,0,4044.88,4055.78,356.607,62262,0,
29,0.5,24,30.0003,0,4309.78,4323.88,321.285,64196,0,
29,0.5,23,30.0001,0,4686.19,4701.24,312.804,76773,0,
29,0.5,21,30.0002,0,3710.88,3718.72,291.296,81701,0,
29,0.5,22,30.0006,0,4201.44,4210.59,302.72,75872,0,
29,0.5,25,30.0001,0,4624.36,4633.31,321.309,110730,0,
30,0.5,1,30.0001,0,4521.82,4535.16,305.84,62476,0,
30,0.5,2,30.0002,0,3886.75,3895.16,293.411,94114,0,
30,0.5,3,30.0003,0,4644.28,4655.67,300.459,67774,0,
30,0.5,4,30.0003,0,4209.54,4224.33,278.3,93671,0,
30,0.5,5,30.0006,0,4780.75,4793.49,271.03,49166,0,
30,0.5,6,30.0004,0,5031.33,5046.95,308.824,56269,0,
30,0.5,7,30.0001,0,4468.67,4477.63,308.752,78861,0,
30,0.5,16,12.9538,1,3741.09,3750.53,293.64,36912,0,
30,0.5,8,30.0003,0,4117.21,4126.94,281.994,70910,0,
30,0.5,9,30.0001,0,4316.69,4330.14,286.854,64288,0,
30,0.5,10,30.0002,0,5334.97,5344.12,338.273,47322,0,
30,0.5,11,30.0001,0,4667.67,4678.54,337.354,71016,0,
30,0.5,12,30.0006,0,5526.08,5543.67,327.218,60071,0,
30,0.5,13,30.0001,0,4150.98,4169.08,328.365,60550,0,
30,0.5,14,30.0001,0,4036,4047.06,291.056,83702,0,
30,0.5,15,30.0004,0,4036.59,4046.95,312.508,95960,0,
30,0.5,17,30.0006,0,4512.25,4516.84,320.082,69332,0,
30,0.5,18,30.0003,0,4763.52,4775.14,303.682,62230,0,
30,0.5,19,30.0001,0,5042.57,5057.09,336.993,56473,0,
30,0.5,20,30.0002,0,4251.35,4261.95,355.513,59503,0,
30,0.5,21,30.0003,0,3842.03,3847.9,291.201,83172,0,
30,0.5,23,30.0002,0,4815.16,4830.56,314.584,77054,0,
30,0.5,22,30.0005,0,4278.69,4287.85,302.545,76134,0,
30,0.5,24,30.0008,0,4415.53,4429.65,321.285,64925,0,
30,0.5,25,30.0002,0,4765.63,4775.21,321.309,100889,0,
31,0.5,1,30.0001,0,4521.82,4535.19,308.555,64201,0,
31,0.5,2,30.0003,0,3886.75,3895.18,292.263,96765,0,
31,0.5,3,30.0002,0,4644.28,4655.67,300.998,67994,0,
31,0.5,16,12.8892,1,3741.09,3750.53,293.64,36912,0,
31,0.5,4,30.0002,0,4209.54,4224.34,278.759,95537,0,
31,0.5,5,30.0002,0,4780.75,4793.49,273.398,49528,0,
31,0.5,6,30.0001,0,5031.33,5046.97,308.792,56853,0,
31,0.5,7,30,0,4468.67,4477.64,307.26,80644,0,
31,0.5,8,30.0012,0,4117.21,4126.94,281.993,71312,0,
31,0.5,9,30.0007,0,4316.69,4330.14,281.845,64267,0,
31,0.5,10,30.0006,0,5334.97,5344.11,341.44,47226,0,
31,0.5,11,30.0001,0,4667.67,4678.53,334.424,69906,0,
31,0.5,12,30.0004,0,5526.08,5543.66,327.218,59515,0,
31,0.5,13,30.0012,0,4150.98,4169.06,330.734,58520,0,
31,0.5,14,30.0002,0,4036,4047.05,290.774,82637,0,
31,0.5,15,30.0003,0,4036.59,4046.95,312.958,96361,0,
31,0.5,17,30.0001,0,4512.25,4516.84,320.082,68696,0,
31,0.5,18,30.0001,0,4763.52,4775.13,303.682,61790,0,
31,0.5,19,30.0001,0,5042.57,5057.1,335.217,56872,0,
31,0.5,20,30.0003,0,4251.35,4261.96,354.586,60140,0,
31,0.5,21,30.0001,0,3842.03,3847.94,291.201,84688,0,
31,0.5,22,30.0001,0,4278.69,4287.82,300.848,74681,0,
31,0.5,23,30.0002,0,4815.16,4829.3,312.804,75697,0,
31,0.5,24,30.0003,0,4415.53,4429.64,322.115,64527,0,
31,0.5,25,30.0002,0,4765.63,4775.24,321.447,105303,0,
32,0.5,1,30.0001,0,4521.82,4535.2,304.702,64417,0,
32,0.5,16,12.3753,1,3741.09,3750.53,293.64,36912,0,
32,0.5,2,30.0002,0,3886.75,3895.17,293.411,95708,0,
32,0.5,3,30.0004,0,4644.28,4655.67,300.459,67905,0,
32,0.5,4,30.0002,0,4209.54,4224.34,279.182,95187,0,
32,0.5,5,30.0006,0,4780.75,4793.49,271.03,49442,0,
32,0.5,6,30.0003,0,5031.33,5046.94,307.834,55956,0,
32,0.5,7,30.0003,0,4468.67,4477.64,308.26,80398,0,
32,0.5,8,30.0001,0,4117.21,4126.93,281.993,69048,0,
32,0.5,9,30.0001,0,4316.69,4330.09,283.371,63075,0,
32,0.5,10,30.0004,0,5334.97,5344.06,340.137,45893,0,
32,0.5,11,30.0004,0,4667.67,4678.53,334.424,69906,0,
32,0.5,12,30.0002,0,5526.08,5543.65,332.696,59278,0,
32,0.5,13,30.0002,0,4150.98,4169.07,328.365,60042,0,
32,0.5,14,30.0001,0,4036,4047.06,291.74,83171,0,
32,0.5,15,30.0002,0,4036.59,4046.95,313.173,95764,0,
32,0.5,17,30.0003,0,4512.25,4516.84,320.082,68606,0,
32,0.5,18,30.0001,0,4763.52,4775.14,305.304,62540,0,
32,0.5,19,30.0002,0,5042.57,5057.1,335.217,56703,0,
32,0.5,20,30.0003,0,4251.35,4261.94,354.411,59207,0,
32,0.5,21,30.0003,0,3842.03,3847.93,291.201,84213,0,
32,0.5,22,30.0002,0,4278.69,4287.85,298.837,76172,0,
32,0.5,23,30.0002,0,4815.16,4830.56,316.244,76454,0,
32,0.5,24,30.0002,0,4415.53,4429.61,321.285,63451,0,
32,0.5,25,30.0001,0,4765.63,4775.25,322.585,105974,0,
33,0.5,1,30.0006,0,4521.82,4535.16,307.975,62644,0,
33,0.5,2,30.0003,0,3886.75,3895.18,292.263,96879,0,
33,0.5,3,30.0001,0,4644.28,4655.65,302.965,66603,0,
33,0.5,4,30.0004,0,4209.54,4224.34,278.694,95093,0,
33,0.5,5,30.0001,0,4780.75,4793.5,273.073,49748,0,
33,0.5,6,30.0003,0,5031.33,5046.96,309.569,56494,0,
33,0.5,16,12.6789,1,3741.09,3750.53,293.64,36912,0,
33,0.5,7,30.0004,0,4468.67,4477.63,307.26,79076,0,
33,0.5,8,30.0001,0,4117.21,4126.94,282.108,71503,0,
33,0.5,9,30.0003,0,4316.69,4330.11,286.591,63593,0,
33,0.5,10,30.0002,0,5334.97,5344.09,340.037,46486,0,
33,0.5,11,30.0001,0,4667.67,4678.54,334.424,71097,0,
33,0.5,12,30.0004,0,5526.08,5543.66,331.306,59633,0,
33,0.5,13,30.0004,0,4150.98,4169.07,329.77,59804,0,
33,0.5,14,30.0002,0,4036,4047.05,290.262,82079,0,
33,0.5,15,30.0003,0,4036.59,4046.97,313.971,97816,0,
33,0.5,17,30.0002,0,4512.25,4516.84,320.082,69445,0,
33,0.5,18,30.0001,0,4763.52,4775.15,303.682,62884,0,
33,0.5,19,30.0009,0,5042.57,5057.08,336.122,55903,0,
33,0.5,20,30.0004,0,4251.35,4261.97,355.202,60740,0,
33,0.5,21,30.0001,0,3842.03,3847.95,291.822,85300,0,
33,0.5,22,30.0001,0,4278.69,4287.83,300.878,75135,0,
33,0.5,23,30.0005,0,4815.16,4830.57,314.793,77361,0,
33,0.5,24,30.0003,0,4415.53,4429.63,322.115,64141,0,
33,0.5,25,30.0002,0,4765.63,4775.24,321.447,105670,0,
34,0.5,1,30.0002,0,4521.82,4535.16,307.174,62668,0,
34,0.5,2,30.0002,0,3886.75,3895.17,292.263,96138,0,
34,0.5,3,30.0001,0,4644.28,4655.68,301.493,68605,0,
34,0.5,4,30.0002,0,4209.54,4224.34,279.182,95091,0,
34,0.5,5,30.0001,0,4780.75,4793.49,271.03,49272,0,
34,0.5,6,30.0001,0,5031.33,5046.98,309.028,57076,0,
34,0.5,7,30.0005,0,4468.67,4477.63,308.588,78892,0,
34,0.5,8,30.0001,0,4117.21,4126.95,281.993,72198,0,
34,0.5,16,12.77,1,3741.09,3750.53,293.64,36912,0,
34,0.5,9,30.0011,0,4316.69,4330.15,282.667,64578,0,
34,0.5,10,30.0002,0,5334.97,5344.1,341.864,46836,0,
34,0.5,11,30.0001,0,4667.67,4678.54,335.774,70848,0,
34,0.5,12,30.0001,0,5526.08,5543.66,327.218,59636,0,
34,0.5,13,30.0001,0,4150.98,4169.07,329.77,59416,0,
34,0.5,14,30.0001,0,4036,4047.05,290.641,81653,0,
34,0.5,15,30.0001,0,4036.59,4046.96,315.223,96590,0,
34,0.5,17,30.0004,0,4512.25,4516.84,320.082,68787,0,
34,0.5,18,30.0002,0,4763.52,4775.15,305.721,63139,0,
34,0.5,19,30.0008,0,5042.57,5057.09,335.82,56273,0,
34,0.5,21,30.0001,0,3842.03,3847.94,291.822,84773,0,
34,0.5,20,30.0003,0,4251.35,4261.96,354.969,60073,0,
34,0.5,22,30.0004,0,4278.69,4287.81,298.837,73974,0,
34,0.5,23,30.0002,0,4815.16,4830.12,312.804,76733,0,
34,0.5,24,30.0002,0,4415.53,4429.62,321.912,63685,0,
34,0.5,25,30.0001,0,4765.63,4775.23,321.269,103591,0,
35,0.5,1,30.0005,0,4521.82,4535.19,306.764,64109,0,
35,0.5,2,30.0003,0,3886.75,3895.17,291.612,94914,0,
35,0.5,3,30.0004,0,4644.28,4655.67,302.196,67983,0,
35,0.5,4,30.0001,0,4209.54,4224.33,278.973,94481,0,
35,0.5,16,12.9157,1,3741.09,3750.53,293.64,36912,0,
35,0.5,5,30.0008,0,4780.75,4793.46,271.03,48523,0,
35,0.5,6,30.0001,0,5031.33,5046.96,309.017,56457,0,
35,0.5,7,30.0005,0,4468.67,4477.65,307.462,80942,0,
35,0.5,8,30.0003,0,4117.21,4126.94,282.086,71849,0,
35,0.5,9,30.0002,0,4316.69,4330.16,289.043,64731,0,
35,0.5,10,30.0015,0,5334.97,5344.11,342.202,46995,0,
35,0.5,11,30.0002,0,4667.67,4678.53,334.424,69547,0,
35,0.5,12,30.0003,0,5526.08,5543.64,327.218,58633,0,
35,0.5,13,30.0002,0,4150.98,4169.07,328.365,59540,0,
35,0.5,14,30.0005,0,4036,4047.05,291.056,81749,0,
35,0.5,17,30.0004,0,4512.25,4516.84,320.082,69194,0,
35,0.5,15,30.0004,0,4036.59,4046.92,311.822,94055,0,
35,0.5,18,30.0004,0,4763.52,4775.15,305.366,63082,0,
35,0.5,19,30.0002,0,5042.57,5057.09,337.519,56563,0,
35,0.5,20,30.0003,0,4251.35,4261.96,355.202,60313,0,
35,0.5,21,30.0002,0,3842.03,3847.94,291.438,84685,0,
35,0.5,22,30.0004,0,4278.69,4287.84,298.837,76030,0,
35,0.5,23,30.0004,0,4815.16,4830.56,312.804,76363,0,
35,0.5,24,30.0004,0,4415.53,4429.63,321.633,64102,0,
35,0.5,25,30.0002,0,4765.63,4775.24,321.309,105346,0,
36,0.5,1,30.0002,0,4521.82,4535.18,306.721,63619,0,
36,0.5,2,30.0005,0,3886.75,3895.17,293.411,96441,0,
36,0.5,3,30.0002,0,4644.28,4655.67,301.332,67881,0,
36,0.5,16,12.5748,1,3741.09,3750.53,293.64,36912,0,
36,0.5,4,30.0003,0,4209.54,4224.33,278.388,94395,0,
36,0.5,5,30.0004,0,4780.75,4793.48,274.739,48986,0,
36,0.5,6,30.0002,0,5031.33,5046.96,306.697,56431,0,
36,0.5,7,30.0006,0,4468.67,4477.64,309.713,80605,0,
36,0.5,8,30.0002,0,4117.21,4126.94,281.993,71433,0,
36,0.5,9,30.0002,0,4316.69,4330.09,281.595,63053,0,
36,0.5,10,30.0006,0,5334.97,5344.08,339.826,46147,0,
36,0.5,12,30.0001,0,5526.08,5543.65,329.281,59084,0,
36,0.5,11,30.0005,0,4667.67,4678.53,335.538,68990,0,
36,0.5,13,30.0005,0,4150.98,4169.07,329.77,60136,0,
36,0.5,14,30.0001,0,4036,4047.05,291.056,82336,0,
36,0.5,15,30.0001,0,4036.59,4046.96,312.958,96520,0,
36,0.5,17,30.0003,0,4512.25,4516.84,320.082,68962,0,
36,0.5,18,30.0004,0,4763.52,4775.12,306.304,61130,0,
36,0.5,19,30.0005,0,5042.57,5057.09,335.958,56596,0,
36,0.5,20,30.0001,0,4251.35,4261.96,354.202,60310,0,
36,0.5,21,30.0003,0,3842.03,3847.94,291.201,84856,0,
36,0.5,22,30.0004,0,4278.69,4287.84,298.934,75895,0,
36,0.5,23,30.0001,0,4815.16,4830.58,314.798,77888,0,
36,0.5,24,30.0006,0,4415.53,4429.64,321.851,64309,0,
36,0.5,25,30.0001,0,4765.63,4775.24,321.309,105730,0,
37,0.5,1,30.0002,0,4521.82,4535.19,307.174,63836,0,
37,0.5,2,30.0003,0,3886.75,3895.17,293.411,96122,0,
37,0.5,3,30.0002,0,4644.28,4655.67,300.335,68094,0,
37,0.5,16,12.8712,1,3741.09,3750.53,293.64,36912,0,
37,0.5,4,30.0003,0,4209.54,4224.33,278.347,94673,0,
37,0.5,5,30.0004,0,4780.75,4793.49,271.03,49419,0,
37,0.5,6,30.0001,0,5031.33,5046.95,308.953,56327,0,
37,0.5,7,30.0001,0,4468.67,4477.63,310.924,79572,0,
37,0.5,8,30.0002,0,4117.21,4126.93,281.993,70040,0,
37,0.5,9,30.0003,0,4316.69,4330.11,288.409,63597,0,
37,0.5,10,30.0002,0,5334.97,5344.1,340.179,46874,0,
37,0.5,11,30.0003,0,4667.67,4678.54,334.424,71387,0,
37,0.5,12,30.0004,0,5526.08,5543.67,329.281,60031,0,
37,0.5,13,30.0002,0,4150.98,4169.07,329.77,60162,0,
37,0.5,14,30.0003,0,4036,4047.05,290.641,81689,0,
37,0.5,15,30.0001,0,4036.59,4046.97,313.173,97735,0,
37,0.5,17,30.0005,0,4512.25,4516.84,320.082,68491,0,
37,0.5,18,30.0001,0,4763.52,4775.15,305.551,63042,0,
37,0.5,19,30.0001,0,5042.57,5057.09,335.854,56252,0,
37,0.5,20,30.0001,0,4251.35,4261.96,355.956,60228,0,
37,0.5,21,30.0001,0,3842.03,3847.93,291.201,84314,0,
37,0.5,22,30.0002,0,4278.69,4287.84,304.252,75909,0,
37,0.5,23,30.0003,0,4815.16,4828.09,312.804,76511,0,
37,0.5,24,30.0001,0,4415.53,4429.61,324.774,63552,0,
37,0.5,25,30.0003,0,4765.63,4775.24,321.269,104680,0,
38,0.5,1,30.0002,0,4521.82,4535.17,308.673,62973,0,
38,0.5,2,30.0002,0,3886.75,3895.17,293.411,95243,0,
38,0.5,3,30.0001,0,4644.28,4655.67,298.029,67755,0,
38,0.5,4,30.0005,0,4209.54,4224.31,278.3,91811,0,
38,0.5,5,30.0009,0,4780.75,4793.49,271.467,49369,0,
38,0.5,6,30.0003,0,5031.33,5046.96,308.697,56508,0,
38,0.5,7,30.0003,0,4468.67,4477.62,307.26,78624,0,
38,0.5,16,12.5167,1,3741.09,3750.53,293.64,36912,0,
38,0.5,8,30.0001,0,4117.21,4126.94,281.993,70764,0,
38,0.5,9,30.0003,0,4316.69,4330.14,284.713,64275,0,
38,0.5,10,30.0003,0,5334.97,5344.1,340.54,46733,0,
38,0.5,11,30.0004,0,4667.67,4678.54,335.687,71181,0,
38,0.5,12,30.0003,0,5526.08,5543.66,326.409,59490,0,
38,0.5,13,30.001,0,4150.98,4169.05,328.365,57763,0,
38,0.5,14,30.0002,0,4036,4047.04,291.76,81361,0,
38,0.5,15,30.0003,0,4036.59,4046.94,313.325,95328,0,
38,0.5,17,30.0002,0,4512.25,4516.84,320.082,69245,0,
38,0.5,18,30.0004,0,4763.52,4775.14,309.296,62581,0,
38,0.5,19,30.0001,0,5042.57,5057.09,335.217,56508,0,
38,0.5,20,30.0002,0,4251.35,4261.95,353.969,59742,0,
38,0.5,21,30.0003,0,3842.03,3847.92,291.328,83690,0,
38,0.5,22,30.0001,0,4278.69,4287.83,302.796,75290,0,
38,0.5,24,30.0001,0,4415.53,4429.64,320.786,64393,0,
38,0.5,23,30.0003,0,4815.16,4829.78,312.804,75282,0,
38,0.5,25,30.0005,0,4765.63,4775.24,322.585,104950,0,
39,0.5,1,30,0,4521.82,4535.17,305.4,62804,0,
39,0.5,2,30.0003,0,3886.75,3895.17,292.263,96233,0,
39,0.5,3,30.0005,0,4644.28,4655.67,301.603,67974,0,
39,0.5,4,30.0005,0,4209.54,4224.33,280.592,94073,0,
39,0.5,5,30.0002,0,4780.75,4793.47,273.398,48755,0,
39,0.5,6,30.0001,0,5031.33,5046.99,309.317,57267,0,
39,0.5,16,12.8531,1,3741.09,3750.53,293.64,36912,0,
39,0.5,7,30.0004,0,4468.67,4477.64,307.26,80481,0,
39,0.5,8,30.0003,0,4117.21,4126.94,281.993,70987,0,
39,0.5,9,30.0005,0,4316.69,4330.14,289.224,64433,0,
39,0.5,10,30.0004,0,5334.97,5344.11,338.4,47020,0,
39,0.5,11,30.0004,0,4667.67,4678.54,335.058,70529,0,
39,0.5,12,30.0005,0,5526.08,5543.67,327.218,60167,0,
39,0.5,13,30.0002,0,4150.98,4169.07,328.639,59873,0,
39,0.5,14,30.0001,0,4036,4047.05,291.056,81965,0,
39,0.5,15,30.0002,0,4036.59,4046.94,313.173,95482,0,
39,0.5,17,30.0003,0,4512.25,4516.84,320.082,68829,0,
39,0.5,18,30.0003,0,4763.52,4775.15,305.631,62902,0,
39,0.5,19,30.0005,0,5042.57,5057.1,335.217,56714,0,
39,0.5,20,30.0006,0,4251.35,4261.97,354.954,60566,0,
39,0.5,21,30.0001,0,3842.03,3847.88,291.7,82402,0,
39,0.5,22,30.0002,0,4278.69,4287.83,300.837,74940,0,
39,0.5,23,30.0002,0,4815.16,4830.01,312.804,76684,0,
39,0.5,24,30.0005,0,4415.53,4429.65,323.227,64932,0,
39,0.5,25,30.0001,0,4765.63,4775.25,321.269,105956,0,
2,4.5,1,8.4267e-05,1,171.991,171.991,166.345,1,0,
2,4.5,3,0.0081595,1,313.154,316.203,211.798,60,0,
2,4.5,2,0.733069,1,339.239,347.15,238.328,4410,0,
2,4.5,4,0.00106106,1,275.798,277.578,154.316,10,0,
2,4.5,5,0.000125945,1,194.398,194.398,140.361,1,0,
2,4.5,6,0.000139931,1,259.742,259.742,135.602,1,0,
2,4.5,8,0.000107873,1,201.884,201.884,114.369,1,0,
2,4.5,7,0.000122439,1,188.509,188.509,154.426,1,0,
2,4.5,9,0.00166557,1,393.647,394.425,206.938,7,0,
2,4.5,10,0.000197368,1,342.371,342.371,254.339,1,0,
2,4.5,11,0.00021965,1,378.251,378.251,219.348,1,0,
2,4.5,12,0.000233366,1,364.414,364.414,299.114,1,0,
2,4.5,13,0.000114164,1,162.393,162.393,105.989,1,0,
2,4.5,14,9.4706e-05,1,138.146,138.146,117.839,1,0,
2,4.5,15,0.000126386,1,249.361,249.361,176.769,1,0,
2,4.5,16,0.000201126,1,322.395,322.395,216.719,1,0,
2,4.5,17,0.000100206,1,159.144,159.144,79.7585,1,0,
2,4.5,18,0.000284521,1,535.185,535.185,278.655,1,0,
2,4.5,20,0.000204651,1,408.068,408.068,351.729,1,0,
2,4.5,21,0.000160651,1,322.661,322.661,173.034,1,0,
2,4.5,19,0.0182197,1,519.05,522.611,333.517,11,0,
2,4.5,22,9.627e-05,1,153.93,153.93,133.196,1,0,
2,4.5,23,0.000173303,1,350.593,350.593,283.077,1,0,
2,4.5,24,4.9332e-05,1,76.696,76.696,55.8986,1,0,
2,4.5,25,0.000163405,1,278.473,278.473,256.395,1,0,
3,4.5,1,0.000142556,1,315.263,315.263,166.345,1,0,
3,4.5,3,0.00853047,1,517.369,520.418,211.798,60,0,
3,4.5,2,0.725078,1,405.234,413.144,238.328,4410,0,
3,4.5,4,0.00109658,1,381.807,383.587,154.316,10,0,
3,4.5,5,0.00015516,1,280.853,280.853,140.361,1,0,
3,4.5,6,0.000181258,1,328.112,328.112,135.602,1,0,
3,4.5,8,0.000173945,1,310.683,310.683,114.369,1,0,
3,4.5,7,0.000267179,1,450.222,450.222,261.714,1,0,
3,4.5,10,0.000251801,1,407.649,407.649,254.339,1,0,
3,4.5,11,0.0917844,1,446.958,449.645,219.391,710,0,
3,4.5,9,0.643597,1,646.357,651.791,252.711,2993,0,
3,4.5,12,0.000269583,1,545.348,545.348,299.114,1,0,
3,4.5,14,0.000169877,1,275.974,275.974,137.828,1,0,
3,4.5,13,0.000141475,1,223.92,223.92,105.989,1,0,
3,4.5,15,0.000279211,1,531.796,531.796,282.436,1,0,
3,4.5,16,0.000258402,1,497.371,497.371,216.719,1,0,
3,4.5,20,0.000245648,1,483.827,483.827,351.729,1,0,
3,4.5,21,0.000189033,1,378.871,378.871,173.034,1,0,
3,4.5,17,0.00635377,1,318.8,323.118,163.975,14,0,
3,4.5,18,0.00552456,1,602.525,605.561,281.69,15,0,
3,4.5,19,0.0256747,1,553.025,561.876,333.517,25,0,
3,4.5,22,0.00024127,1,335.61,335.61,181.681,1,0,
3,4.5,24,0.000165259,1,289.031,289.031,212.335,1,0,
3,4.5,23,0.000252431,1,462.186,462.186,283.077,1,0,
3,4.5,25,0.000247662,1,463.265,463.265,256.395,1,0,
4,4.5,1,0.00016075,1,356.484,356.484,166.345,1,0,
4,4.5,4,0.00114666,1,481.622,483.402,154.316,10,0,
4,4.5,5,0.00025115,1,519.105,519.105,238.252,1,0,
4,4.5,6,0.000975543,1,520.313,520.88,192.58,5,0,
4,4.5,7,0.0019042,1,716.784,718.189,266.562,7,0,
4,4.5,8,0.00035265,1,575.593,575.593,264.91,1,0,
4,4.5,3,0.0212268,1,604.741,613.486,211.798,72,0,
4,4.5,10,0.0120711,1,659.526,661.856,256.542,40,0,
4,4.5,11,0.0894755,1,549.305,551.992,219.391,710,0,
4,4.5,9,0.632786,1,775.646,781.08,252.711,2993,0,
4,4.5,2,0.723198,1,522.185,530.095,238.328,4410,0,
4,4.5,12,0.000409004,1,692.206,692.206,299.114,1,0,
4,4.5,14,0.000242794,1,526.077,526.077,250.104,1,0,
4,4.5,15,0.000314137,1,647.029,647.029,282.436,1,0,
4,4.5,13,0.00502375,1,517.173,521.224,297.304,8,0,
4,4.5,16,0.00275938,1,511.05,514.833,216.719,32,0,
4,4.5,22,0.000223308,1,483.357,483.357,181.681,1,0,
4,4.5,17,0.00648675,1,401.666,405.985,163.975,14,0,
4,4.5,23,0.000343051,1,652.273,652.273,283.077,1,0,
4,4.5,19,0.0342676,1,734.354,744.73,333.517,55,0,
4,4.5,24,0.140798,1,442.924,448.073,215.737,751,0,
4,4.5,21,0.408457,1,670.072,674.958,295.16,1633,0,
4,4.5,25,0.000328703,1,652.573,652.573,256.395,1,0,
5,4.5,1,0.000325518,1,627.45,627.45,270.967,1,0,
5,4.5,5,0.000404115,1,714.156,714.156,238.252,1,0,
5,4.5,4,0.00431815,1,643.517,646.313,161.895,33,0,
5,4.5,6,0.00112725,1,549.715,550.281,192.58,5,0,
5,4.5,8,0.000404615,1,754.202,754.202,264.91,1,0,
5,4.5,10,0.0124611,1,820.19,822.52,256.542,40,0,
5,4.5,7,0.0279936,1,831.383,837.227,266.562,82,0,
5,4.5,3,0.0434532,1,804.045,814.704,211.798,176,0,
5,4.5,9,0.665942,1,1037.1,1042.53,261.452,2993,0,
5,4.5,12,0.000394046,1,839.771,839.771,299.114,1,0,
5,4.5,14,0.000313876,1,626.413,626.413,250.104,1,0,
5,4.5,15,0.000348782,1,722.945,722.945,282.436,1,0,
5,4.5,13,0.00460542,1,558.403,562.454,297.304,8,0,
5,4.5,17,0.00621696,1,671.936,676.255,270.27,14,0,
5,4.5,16,0.009941,1,645.577,651.228,218.588,39,0,
5,4.5,19,0.0355308,1,943.706,954.081,333.517,55,0,
5,4.5,11,0.100966,1,634.947,637.634,219.391,710,0,
5,4.5,22,0.000303066,1,651.223,651.223,181.681,1,0,
5,4.5,25,0.000657198,1,769.242,770.05,256.395,2,0,
6,4.5,3,0.0439541,1,912.572,923.232,211.798,176,0,
5,4.5,24,0.208438,1,763.634,768.812,320.71,1052,0,
5,4.5,21,0.424905,1,750.754,755.64,295.16,1633,0,
6,4.5,1,0.824338,1,698.899,756.712,293.1,935,0,
6,4.5,6,0.00105067,1,726.855,727.421,192.58,5,0,
6,4.5,5,0.000468525,1,824.3,824.3,238.252,1,0,
6,4.5,8,0.000387283,1,783.755,783.755,264.91,1,0,
6,4.5,4,0.0703216,1,758.132,761.612,161.895,441,0,
6,4.5,7,0.159228,1,980.131,991.079,267.169,609,0,
6,4.5,14,0.000373108,1,733.08,733.08,250.104,1,0,
6,4.5,13,0.00459389,1,663.434,667.485,297.304,8,0,
6,4.5,15,0.00653509,1,1034.69,1036.61,313.66,16,0,
6,4.5,12,0.00944735,1,1036.02,1039.78,299.114,34,0,
6,4.5,11,0.683198,1,696.962,702.284,219.391,5122,0,
6,4.5,16,0.00820872,1,734.636,740.288,218.588,39,0,
6,4.5,21,0.404478,1,901.271,906.157,295.16,1633,0,
6,4.5,22,0.237364,1,807.671,812.832,184.041,1824,0,
6,4.5,24,0.211757,1,790.187,795.365,320.71,1052,0,
6,4.5,25,0.0097311,1,844.988,851.49,256.395,58,0,
6,4.5,9,8.97431,1,1234.42,1243.08,264.689,36999,0,
7,4.5,1,0.807027,1,840.559,898.372,293.1,935,0,
7,4.5,3,0.0426296,1,1120.43,1131.09,211.798,176,0,
7,4.5,4,0.283449,1,905.467,909.48,162.158,1939,0,
7,4.5,6,0.00113283,1,889.733,890.299,192.58,5,0,
7,4.5,8,0.0443074,1,972.046,976.205,264.91,246,0,
4,4.5,20,16.5874,1,713.187,723.564,361.959,36642,0,
7,4.5,7,1.74894,1,1214.32,1228.19,270.084,4577,0,
7,4.5,13,0.0047421,1,714.233,718.284,297.304,8,0,
7,4.5,12,0.00831385,1,1144.25,1148.01,299.114,36,0,
7,4.5,11,0.734919,1,862.208,867.53,219.391,5122,0,
7,4.5,14,0.000415055,1,862.795,862.795,250.104,1,0,
7,4.5,15,0.00701763,1,1105.65,1107.56,313.66,16,0,
7,4.5,16,0.173201,1,940.521,946.222,218.588,1317,0,
6,4.5,10,14.5392,1,995.393,1005.22,256.542,61000,0,
7,4.5,21,0.41589,1,1078.9,1083.79,295.16,1633,0,
7,4.5,9,9.30143,1,1257.87,1266.54,264.689,36999,0,
4,4.5,18,30.0001,0,690.378,700.418,281.69,139711,0,
5,4.5,2,30.0001,0,733.967,741.434,235.543,84127,0,
5,4.5,18,30.0004,0,816.001,829.823,281.69,70436,0,
5,4.5,20,30.0002,0,911.637,936.74,369.079,64881,0,
5,4.5,23,30,0,672.478,693.164,288.836,58640,0,
6,4.5,2,30.0001,0,905.997,913.473,233.153,84655,0,
8,4.5,4,0.29165,1,1156.66,1160.67,251.193,1939,0,
7,4.5,25,2.39692,1,1020.52,1030.95,256.395,9613,0,
8,4.5,6,0.00122998,1,1016.66,1017.23,192.58,5,0,
6,4.5,18,30.0001,0,1023.33,1041,281.69,91429,0,
6,4.5,17,30.0003,0,769.469,805.646,270.27,84882,0,
6,4.5,20,30.0005,0,1014.14,1039.26,370.908,64677,0,
6,4.5,19,30.0003,0,1203.66,1223.26,335.247,66447,0,
8,4.5,3,3.85485,1,1349.19,1365.91,230.538,16283,0,
8,4.5,12,0.388624,1,1364.48,1371.29,299.114,1448,0,
6,4.5,23,30.0002,0,944.418,965.079,295.146,58080,0,
8,4.5,14,0.0211146,1,1005.5,1012.27,250.104,138,0,
8,4.5,15,0.00654183,1,1129.48,1131.39,313.66,16,0,
8,4.5,7,5.06967,1,1253.22,1268.86,272.917,17020,0,
8,4.5,16,0.174268,1,1024.83,1030.53,218.588,1317,0,
7,4.5,2,30.0001,0,1094.84,1102.31,232.644,84144,0,
7,4.5,5,30.0001,0,1060.5,1072.43,242.222,149270,0,
7,4.5,10,30.0001,0,1319.76,1328.78,324.879,104152,0,
8,4.5,21,0.453841,1,1120.69,1125.57,295.16,1633,0,
7,4.5,17,30,0,1089.47,1124.85,320.08,110193,0,
7,4.5,18,30.0003,0,1254.37,1266.93,278.655,44036,0,
7,4.5,19,30.0003,0,1284.57,1304.16,334.819,65920,0,
7,4.5,20,30.0002,0,1101.41,1126.48,369.589,62808,0,
7,4.5,22,30.0001,0,977.974,993.874,181.681,125743,0,
7,4.5,24,18.9845,1,993.678,1003.55,325.197,62866,0,
8,4.5,25,2.65211,1,1296.91,1307.43,276.39,10196,0,
9,4.5,4,0.314013,1,1176.63,1180.65,251.193,1939,0,
7,4.5,23,30.0001,0,1180.88,1201.53,299.964,57670,0,
8,4.5,1,30.0003,0,1055.38,1071.56,280.032,97722,0,
8,4.5,2,30.0005,0,1322.91,1330.37,232.178,82968,0,
8,4.5,8,27.3311,1,1250.82,1266.91,285.1,99059,0,
8,4.5,5,30.0002,0,1317.35,1330.12,258.77,134091,0,
8,4.5,9,30.0001,0,1538.66,1547.9,280.786,116774,0,
8,4.5,10,30.0003,0,1394.3,1403.29,326.763,100771,0,
8,4.5,11,30.0002,0,1084.13,1092.95,221.918,153770,0,
9,4.5,12,0.538125,1,1418.7,1425.94,299.114,1997,0,
8,4.5,13,30.0004,0,859.51,869.695,299.02,113977,0,
9,4.5,14,0.0223158,1,1113.02,1119.8,250.104,138,0,
8,4.5,24,19.1825,1,1225.62,1235.49,325.197,62866,0,
8,4.5,17,30.0003,0,1172.76,1208.12,320.055,107872,0,
8,4.5,18,30.0007,0,1368.71,1381.26,278.655,45006,0,
8,4.5,19,30.0001,0,1501.13,1520.99,336.728,63471,0,
8,4.5,20,30.0005,0,1200.48,1225.5,371.798,61081,0,
8,4.5,22,30.0002,0,1135.9,1151.72,181.681,121134,0,
8,4.5,23,30.0003,0,1414.96,1432.47,289.193,63663,0,
9,4.5,1,30.0002,0,1061.08,1077.26,277.696,97879,0,
9,4.5,3,30.0002,0,1522.43,1538.26,237.174,89230,0,
9,4.5,2,30.0003,0,1486.24,1493.65,233.31,81157,0,
9,4.5,5,30.0002,0,1583.08,1597.07,266.576,77148,0,
9,4.5,6,30.0002,0,1311.7,1329.74,310.478,88477,0,
9,4.5,7,28.3933,1,1432.46,1450.45,272.917,99254,0,
9,4.5,8,30.0001,0,1529.11,1544.69,287.533,93459,0,
9,4.5,9,30.0002,0,1699.27,1708.51,280.786,117122,0,
9,4.5,10,30.0002,0,1624.5,1636.29,324.527,67679,0,
9,4.5,11,30.0002,0,1158.81,1177.77,223.64,122554,0,
9,4.5,13,30.0002,0,897.602,907.792,299.269,114922,0,
9,4.5,15,30.0003,0,1183.29,1203.1,320.803,34074,0,
9,4.5,17,30.0001,0,1334.24,1369.6,320.08,107642,0,
9,4.5,16,30.0004,0,1161.36,1180.87,218.588,72096,0,
9,4.5,18,30.0003,0,1566.59,1579.14,278.655,44920,0,
9,4.5,19,30.0007,0,1597.74,1615.79,335.223,86782,0,
9,4.5,20,30.0001,0,1396.85,1421.91,368.447,62363,0,
10,4.5,14,0.95956,1,1320.69,1329.64,252.285,3812,0,
9,4.5,21,30.0001,0,1180.57,1196.75,296.03,131413,0,
9,4.5,22,30.0003,0,1325.91,1342.02,192.016,95311,0,
9,4.5,23,30.0002,0,1597.08,1611.4,284.833,79242,0,
9,4.5,25,30.0002,0,1340.31,1355.33,279.169,105745,0,
9,4.5,24,30.0001,0,1336.14,1373.3,324.925,88216,0,
10,4.5,1,30.0006,0,1181.42,1247.82,296.48,41659,0,
10,4.5,2,30.0003,0,1588.91,1596.38,236.254,83974,0,
10,4.5,3,30.0001,0,1549.19,1565.04,235.203,90390,0,
10,4.5,4,30,0,1296.52,1304.6,254.339,120376,0,
10,4.5,5,30.0003,0,1705.95,1720.48,265.725,86607,0,
10,4.5,6,30.0001,0,1505.58,1532.41,298.853,78417,0,
10,4.5,7,29.2456,1,1598.28,1616.27,272.917,99254,0,
10,4.5,8,30.0005,0,1571.89,1587.45,283.843,92725,0,
10,4.5,9,30.0001,0,1881.13,1889.97,280.786,105607,0,
10,4.5,10,30.0002,0,1702.29,1718.49,324.365,79486,0,
10,4.5,11,30.0002,0,1302.78,1321.67,223.64,131181,0,
10,4.5,12,30.0002,0,1697.28,1708.68,299.308,93976,0,
10,4.5,13,30.0004,0,1077.22,1099.29,293.91,76084,0,
10,4.5,15,30.0003,0,1212.78,1232.57,321.901,33877,0,
10,4.5,16,30.0002,0,1292.19,1311.43,219.639,83760,0,
10,4.5,17,30.0002,0,1526.38,1561.72,320.02,106712,0,
10,4.5,18,30.0002,0,1738.84,1751.39,278.655,44074,0,
10,4.5,19,30.0003,0,1845.11,1874.37,343.052,53748,0,
10,4.5,20,30.0001,0,1482.75,1507.81,369.594,62422,0,
10,4.5,21,30.0003,0,1357.04,1365.1,296.92,96634,0,
10,4.5,22,30.0003,0,1438.52,1455.34,196.011,95421,0,
10,4.5,23,30.0002,0,1814.15,1826.08,284.304,55836,0,
10,4.5,24,30.0001,0,1438.91,1476.45,324.71,73511,0,
10,4.5,25,30.0003,0,1585.64,1600.66,276.39,104684,0,
11,4.5,1,30.0008,0,1355.8,1422.19,297.085,40967,0,
11,4.5,2,30.0003,0,1702.6,1710.02,233.203,81566,0,
11,4.5,3,30.0012,0,1673.43,1689.23,237.941,88450,0,
11,4.5,4,30.0003,0,1347.85,1355.91,251.774,117882,0,
11,4.5,5,30.0004,0,1806.83,1822.32,265.725,67526,0,
11,4.5,6,30.0006,0,1683.17,1707.79,298.853,112284,0,
11,4.5,8,30.0004,0,1738.67,1753.99,283.197,87291,0,
11,4.5,7,30.0001,0,1806.43,1823.68,266.562,99344,0,
11,4.5,9,30.0002,0,2055.73,2065.63,284.693,93147,0,
11,4.5,10,30.0002,0,1836.64,1852.81,324.365,77592,0,
11,4.5,11,30.0002,0,1545.28,1567.78,244.006,128858,0,
11,4.5,12,30.0002,0,1901.97,1929.3,299.114,43731,0,
11,4.5,13,30,0,1331.95,1353.84,297.304,114001,0,
11,4.5,14,30.0001,0,1572.72,1586.5,258.108,120810,0,
11,4.5,15,30.0006,0,1243.79,1263.56,322.143,33593,0,
11,4.5,16,30.0004,0,1304.74,1323.98,219.639,83930,0,
11,4.5,17,30.0001,0,1574.8,1610.14,320.08,106041,0,
11,4.5,18,30.0008,0,1807.57,1820.12,278.655,44096,0,
11,4.5,19,30.001,0,1942.97,1972.22,345.298,53518,0,
11,4.5,20,30.0004,0,1624.19,1649.22,369.709,61351,0,
11,4.5,21,30.0001,0,1481.57,1490.79,291.267,107219,0,
11,4.5,22,30.0004,0,1683.04,1697.69,244.647,85943,0,
11,4.5,23,30.0008,0,2043.33,2055.25,284.297,55348,0,
11,4.5,24,30.0002,0,1492.56,1530.07,325.251,72464,0,
11,4.5,25,30.0002,0,1637.25,1652.23,276.39,102738,0,
12,4.5,1,30.0007,0,1467.47,1533.86,297.085,40989,0,
12,4.5,2,30.0006,0,1907.52,1914.94,235.787,81218,0,
12,4.5,3,30.0004,0,1920.39,1935.98,247.333,83215,0,
12,4.5,4,30.0002,0,1519.84,1528.23,252.178,106350,0,
12,4.5,5,30.0008,0,1999.91,2021.47,265.725,44725,0,
12,4.5,6,30.0006,0,1756.83,1781.42,297.349,110294,0,
12,4.5,7,30.0001,0,1940.98,1958.25,266.941,100271,0,
12,4.5,8,30.0004,0,1842.12,1858.72,284.581,66496,0,
12,4.5,9,30.0004,0,2159.03,2168.92,286.037,91756,0,
12,4.5,10,30.0002,0,2174.15,2193.71,347.114,45328,0,
12,4.5,11,30.0002,0,1775.44,1797.93,246.152,127131,0,
12,4.5,12,30.0004,0,1920.54,1947.87,299.114,44129,0,
12,4.5,13,30.0002,0,1478.03,1499.79,297.304,108460,0,
12,4.5,14,30.0001,0,1638.18,1651.96,257.615,118836,0,
12,4.5,15,30.0001,0,1467.41,1485.4,318.442,44293,0,
12,4.5,16,30,0,1422.64,1441.87,220.464,82714,0,
12,4.5,17,30.0005,0,1825.95,1844.28,321.411,70236,0,
12,4.5,18,30.0002,0,2068.25,2080.82,278.655,39993,0,
12,4.5,19,30.0003,0,2116.28,2145.52,348.68,52687,0,
12,4.5,20,30.0003,0,1922.28,1945.45,368.008,68729,0,
12,4.5,21,30.0003,0,1668.27,1678.1,291.201,116541,0,
12,4.5,22,30.0003,0,1777.73,1792.36,246.695,85189,0,
12,4.5,23,30.0006,0,2134.91,2146.83,285.277,55097,0,
12,4.5,24,30.0006,0,1786.12,1802.91,323.417,70511,0,
12,4.5,25,30.0006,0,1742.08,1757.02,276.769,102015,0,
13,4.5,1,30.0014,0,1609.88,1676.26,296.507,40307,0,
13,4.5,2,30.0002,0,1919.43,1926.82,230.506,79452,0,
13,4.5,3,30.0002,0,2026.14,2041.73,246.963,83320,0,
13,4.5,4,30.0002,0,1617.61,1626,251.623,104264,0,
13,4.5,5,30.0004,0,2213.15,2234.7,265.725,44440,0,
13,4.5,6,30.0001,0,2060.88,2086.59,318.782,50291,0,
13,4.5,7,30.0002,0,2140.16,2162.19,276.107,97699,0,
13,4.5,8,30.0003,0,1961.43,1978.02,289.619,66628,0,
13,4.5,9,30.0005,0,2225.17,2235.04,287.808,89993,0,
13,4.5,10,30.0005,0,2253.53,2273.08,346.998,45103,0,
13,4.5,11,30.0002,0,1941.5,1963.13,257.034,103953,0,
13,4.5,12,30.0002,0,2182.54,2209.85,299.114,43371,0,
13,4.5,13,30.0002,0,1548.75,1570.49,297.304,106924,0,
13,4.5,14,30.0004,0,1844.75,1857.11,259.243,71758,0,
13,4.5,15,30.0004,0,1615.34,1630.7,318.156,38610,0,
13,4.5,16,30,0,1580.33,1600.35,220.589,152767,0,
13,4.5,17,30.0002,0,1965.87,1984.2,324.367,70296,0,
13,4.5,18,30.0003,0,2296.29,2308.84,278.655,36704,0,
13,4.5,19,30.0003,0,2253.52,2282.75,344.38,52238,0,
13,4.5,20,30.0002,0,2042.08,2064.95,356.618,57117,0,
13,4.5,21,30,0,1713.82,1723.58,291.546,111576,0,
13,4.5,22,30.0002,0,1888.37,1902.99,245.915,84117,0,
13,4.5,23,30.0003,0,2353.29,2365.19,284.283,54620,0,
13,4.5,24,30.0001,0,1861.33,1878.09,323.417,69545,0,
13,4.5,25,30.0006,0,1901.3,1916.26,276.39,102906,0,
14,4.5,1,30.0006,0,1784.28,1850.66,296.329,40200,0,
14,4.5,2,30.0002,0,2211.04,2221.87,294.776,80819,0,
14,4.5,3,30.0003,0,2098.27,2113.85,252.47,82396,0,
14,4.5,4,30.0001,0,1692.23,1700.42,251.623,83185,0,
14,4.5,5,30.0002,0,2420.68,2442.23,265.725,43489,0,
14,4.5,6,30.0005,0,2114.26,2139.95,314.347,49653,0,
14,4.5,7,30.0002,0,2353.22,2374.69,275.158,75637,0,
14,4.5,8,30,0,2174.15,2190.84,281.156,52943,0,
14,4.5,9,30.0002,0,2460.55,2474.8,280.786,61736,0,
14,4.5,10,30.0005,0,2492.47,2512.01,346.273,44681,0,
14,4.5,11,30.0007,0,2102.69,2119.14,242.573,68422,0,
14,4.5,12,30.0003,0,2234.27,2261.57,299.114,42712,0,
14,4.5,13,30.0002,0,1696.94,1718.45,297.304,95689,0,
14,4.5,14,30.0005,0,1883.4,1895.75,260.626,71083,0,
14,4.5,15,30.0001,0,1758.5,1771.49,312.397,117701,0,
14,4.5,16,30,0,1805.33,1823.38,226.455,116209,0,
14,4.5,17,30.0002,0,2160.23,2178.09,321.147,66126,0,
14,4.5,18,30.0003,0,2436.45,2449,278.655,36017,0,
14,4.5,19,30.0003,0,2479.21,2508.42,344.932,51067,0,
14,4.5,20,30.0013,0,2224.26,2247.11,359.277,56111,0,
14,4.5,21,30.0002,0,1779.84,1789.59,291.201,110576,0,
14,4.5,22,30.0001,0,1973.47,1988.01,246.5,76449,0,
14,4.5,23,30.0007,0,2542.46,2554.37,284.282,54325,0,
14,4.5,24,30.0004,0,2075.29,2092.05,324.477,69414,0,
14,4.5,25,30.0001,0,2090.41,2102.13,276.39,90505,0,
15,4.5,1,30.0003,0,1850.26,1916.63,296.404,39154,0,
15,4.5,2,30.0004,0,2237.54,2248.35,293.897,79809,0,
15,4.5,3,30.0011,0,2366.93,2412.77,301.616,52844,0,
15,4.5,4,30.0001,0,1791.81,1799.98,251.623,81963,0,
15,4.5,5,30.0002,0,2430.43,2451.98,265.725,43724,0,
15,4.5,6,30.0003,0,2349.47,2375.13,304.055,48469,0,
15,4.5,7,30.0003,0,2584.84,2605.02,274.987,74975,0,
15,4.5,8,30.0011,0,2224.69,2241.39,285.404,52853,0,
15,4.5,9,30.0001,0,2528.97,2543.22,280.786,62080,0,
15,4.5,10,30.0002,0,2625.95,2646.02,344.997,48617,0,
15,4.5,11,30.0004,0,2332.57,2348.9,242.495,76453,0,
15,4.5,12,30.0003,0,2453.71,2481.02,299.114,42572,0,
15,4.5,13,30.0002,0,1878.95,1900.45,297.304,94512,0,
15,4.5,14,30.0001,0,2087.86,2099.19,257.697,72977,0,
15,4.5,15,30.0001,0,1918.6,1931.57,311.746,115603,0,
15,4.5,16,30.0001,0,1892.37,1910.4,225.535,112127,0,
15,4.5,17,30.0001,0,2183.65,2201.47,323.919,64882,0,
15,4.5,18,30.0008,0,2512.09,2524.64,278.655,36152,0,
15,4.5,19,30.0003,0,2730.13,2759.31,344.362,41985,0,
15,4.5,20,30.0001,0,2409.42,2432.25,356.395,55504,0,
15,4.5,21,30.0001,0,1899.21,1908.97,291.201,111426,0,
15,4.5,22,30,0,2131.02,2144.3,245.333,84764,0,
15,4.5,23,30.0003,0,2717.69,2729.58,284.388,53152,0,
15,4.5,24,30.0003,0,2215.95,2232.66,323.417,67982,0,
15,4.5,25,30.0007,0,2271.39,2284.21,280.426,87219,0,
16,4.5,1,30.0006,0,1984.51,2050.88,297.117,39316,0,
16,4.5,2,30.0001,0,2440.92,2451.72,294.23,78078,0,
16,4.5,3,30.0005,0,2493.84,2539.67,302.131,52380,0,
16,4.5,4,30.0001,0,2048.09,2058.47,259.578,82449,0,
16,4.5,5,30.0001,0,2559.98,2581.52,265.725,42679,0,
16,4.5,6,30.0004,0,2613.72,2633.98,307.746,70678,0,
16,4.5,7,30.0002,0,2720.19,2746.51,276.08,50614,0,
16,4.5,8,30.0008,0,2307.1,2323.8,281.156,53105,0,
16,4.5,9,30.0001,0,2675.04,2689.27,280.786,60650,0,
16,4.5,10,30.0018,0,2879.74,2900.93,346.437,44401,0,
16,4.5,11,30.0001,0,2370.6,2386.91,245.01,75111,0,
16,4.5,12,30.0005,0,2665.13,2692.2,299.114,35082,0,
16,4.5,13,30.0006,0,2203.92,2235.83,345.263,36140,0,
16,4.5,14,30.0001,0,2300.58,2311.9,257.109,72645,0,
16,4.5,15,30.0009,0,2137.73,2213.51,315.065,24378,0,
16,4.5,16,30.0001,0,2186.01,2204.01,293.978,113852,0,
16,4.5,17,30,0,2267.34,2285.12,328.72,63863,0,
16,4.5,18,30.0007,0,2539.95,2552.49,278.655,35732,0,
16,4.5,19,30.0007,0,2736.92,2766.06,344.209,41000,0,
16,4.5,20,30.0003,0,2472.27,2495.09,356.343,55108,0,
16,4.5,21,30.0001,0,1951.55,1961.29,291.201,109429,0,
16,4.5,22,30.0005,0,2331.09,2343.38,246.559,89015,0,
16,4.5,23,30.0003,0,2795.05,2806.94,284.272,53217,0,
16,4.5,24,30.0001,0,2310.08,2326.75,322.727,66306,0,
16,4.5,25,30.0005,0,2393.11,2405.92,276.39,86586,0,
17,4.5,1,30.0012,0,2240.47,2287.84,270.967,42146,0,
17,4.5,2,30.0002,0,2638.63,2649.41,297.658,76853,0,
17,4.5,3,30.0001,0,2653.38,2699.21,301.914,52166,0,
17,4.5,4,30.0004,0,2326.39,2334.64,278.766,89295,0,
17,4.5,5,30.0001,0,2768.58,2790.12,265.725,42858,0,
17,4.5,6,30.0004,0,2687.01,2707.25,307.988,70452,0,
17,4.5,7,30.0001,0,3027.33,3053.61,307.796,55746,0,
17,4.5,8,30.0004,0,2508.9,2525.52,278.778,51089,0,
17,4.5,9,30.0004,0,2856.02,2874.62,283.444,55874,0,
17,4.5,10,30.0003,0,3034.42,3055.6,344.774,44352,0,
17,4.5,11,30.0004,0,2703.62,2719.51,334.424,74748,0,
17,4.5,12,30.0003,0,2781.73,2808.8,299.114,34208,0,
17,4.5,13,30.0005,0,2431.25,2462.77,346.799,33151,0,
17,4.5,14,30.0007,0,2470.82,2485.9,257.417,67082,0,
17,4.5,15,30.0002,0,2230.99,2306.77,315.429,24441,0,
17,4.5,16,30.0002,0,2358.74,2384.4,293.962,74784,0,
17,4.5,17,30.0009,0,2406.73,2424.51,321.92,63715,0,
17,4.5,18,30.0002,0,2828.39,2865.73,291.073,38985,0,
17,4.5,19,30.0008,0,2928.09,2957.22,348.667,40768,0,
17,4.5,20,30.0002,0,2536.75,2559.56,356.53,54667,0,
17,4.5,21,30.0001,0,2062.73,2072.42,291.201,106514,0,
17,4.5,22,30,0,2629.92,2643.59,303.742,68156,0,
17,4.5,23,30.0006,0,2918.39,2930.27,284.261,52897,0,
17,4.5,24,30.0003,0,2521.77,2538.53,323.417,65781,0,
17,4.5,25,30.0007,0,2420.8,2433.59,277.703,85493,0,
18,4.5,1,30.0003,0,2267.14,2314.52,270.967,42682,0,
18,4.5,2,30.0001,0,2737.61,2748.39,293.897,76594,0,
18,4.5,3,30.0005,0,2792.97,2839.26,269.551,29677,0,
18,4.5,4,30.0004,0,2413.87,2422.12,282.904,89225,0,
18,4.5,5,30.0008,0,2936.25,2957.79,265.725,42167,0,
18,4.5,6,30.0003,0,2965.11,2985.77,305.193,57750,0,
18,4.5,7,30.0007,0,3133.56,3160.14,307.132,41254,0,
18,4.5,8,30.0002,0,2759.31,2775.94,281.964,51435,0,
18,4.5,9,30.0002,0,2877.85,2896.46,283.444,55766,0,
18,4.5,10,30.0001,0,3220.68,3245.93,339.46,42167,0,
18,4.5,11,30.0003,0,2825.73,2841.61,335.64,74081,0,
18,4.5,12,30.0001,0,3012.1,3039.17,299.114,33621,0,
18,4.5,13,30.0005,0,2490.79,2522.31,337.054,33246,0,
18,4.5,14,30.0004,0,2761.09,2776.57,290.641,58155,0,
18,4.5,15,30.0003,0,2387.16,2462.94,314.378,24275,0,
18,4.5,16,30.0002,0,2486.78,2517.02,293.64,67104,0,
18,4.5,17,30.0002,0,2513.31,2531.24,326.67,51737,0,
18,4.5,18,30.0002,0,2951.59,2988.91,292.196,38458,0,
18,4.5,19,30.0012,0,3024.53,3053.65,336.172,40562,0,
18,4.5,20,30.0001,0,2807.51,2831.15,371.692,56565,0,
18,4.5,21,30,0,2082.7,2092.41,291.201,107201,0,
18,4.5,22,30.0003,0,2818.13,2831.77,305.814,66891,0,
18,4.5,23,30.0001,0,3067.75,3079.64,284.261,52694,0,
18,4.5,24,30.0005,0,2634.91,2651.67,323.417,65637,0,
18,4.5,25,30.0002,0,2584.74,2601.56,276.39,95354,0,
19,4.5,1,30.0004,0,2513.17,2565.46,270.967,41579,0,
19,4.5,2,30.0001,0,2861.27,2872.02,294.548,74848,0,
19,4.5,3,30.0013,0,2972.16,3018.46,270.167,30652,0,
19,4.5,4,30.0002,0,2468.35,2476.56,278.766,85798,0,
19,4.5,5,30.0001,0,3148.64,3170.18,265.725,42570,0,
19,4.5,6,30.0001,0,3170.23,3190.89,304.055,57843,0,
19,4.5,7,30.0011,0,3318.32,3344.89,307.132,41154,0,
19,4.5,8,30.0007,0,2972.28,2991.48,285.132,56775,0,
19,4.5,9,30.0004,0,2995.4,3014.01,283.444,55876,0,
19,4.5,10,30.0004,0,3318.74,3343.97,339.46,41529,0,
19,4.5,11,30.0004,0,2943.69,2959.57,333.02,74366,0,
19,4.5,12,30.0005,0,3276.07,3303.14,299.114,33007,0,
19,4.5,13,30.0007,0,2592.59,2624.1,354.3,33066,0,
19,4.5,14,30.0005,0,2931.96,2947.66,290.262,53503,0,
19,4.5,15,30,0,2500.68,2576.43,314.587,24026,0,
19,4.5,16,30.0004,0,2592.1,2622.32,293.64,66218,0,
19,4.5,17,30.0003,0,2702.49,2716.64,326.839,52871,0,
19,4.5,18,30.0014,0,3021.17,3058.5,291.419,38840,0,
19,4.5,19,30.0008,0,3216.17,3245.28,343.449,40068,0,
19,4.5,20,30.0002,0,2928.24,2951.85,366.455,55420,0,
19,4.5,21,30.0002,0,2174.75,2184.42,291.201,105432,0,
19,4.5,22,30.0006,0,3048.5,3075.14,298.837,63661,0,
19,4.5,23,30.0009,0,3182.76,3194.64,284.261,52823,0,
19,4.5,24,30.0001,0,2816.96,2833.67,323.417,64006,0,
19,4.5,25,30.0002,0,2868.37,2882.13,285.042,80830,0,
20,4.5,1,30.001,0,2655.15,2713.45,270.967,43593,0,
20,4.5,2,30.0003,0,2924.58,2935.32,293.897,73849,0,
20,4.5,3,30.0001,0,3036.74,3083.03,269.509,30538,0,
20,4.5,4,30.0002,0,2692.89,2703.19,283.548,75008,0,
20,4.5,5,30.0002,0,3301.75,3323.77,265.725,33134,0,
20,4.5,6,30.0003,0,3464.31,3484.9,305.762,56048,0,
20,4.5,7,30.0003,0,3457.59,3484.5,307.132,36743,0,
20,4.5,8,30.0005,0,3056.61,3075.79,286.041,56232,0,
20,4.5,9,30.0001,0,3154.45,3173.05,283.444,55449,0,
20,4.5,10,30.0005,0,3431.03,3456.26,339.46,41679,0,
20,4.5,11,30.0004,0,3040.1,3055.97,334.53,73232,0,
20,4.5,12,30.0002,0,3602.48,3631.39,326.409,44306,0,
20,4.5,13,30.0003,0,2748.72,2780.21,354.63,32869,0,
20,4.5,14,30.0002,0,3005.88,3021.57,290.262,53411,0,
20,4.5,15,30.0015,0,2543.11,2618.86,314.221,23927,0,
20,4.5,16,30.0003,0,2627.72,2657.94,293.64,66248,0,
20,4.5,17,30.0002,0,2806.24,2820.37,327.055,48805,0,
20,4.5,18,30,0,3115.8,3153.11,291.736,37931,0,
20,4.5,19,30.0003,0,3347.77,3377.04,349.911,38253,0,
20,4.5,20,30.0003,0,3147.84,3167.17,355.289,60021,0,
20,4.5,21,30.0002,0,2285.03,2294.67,291.267,102615,0,
20,4.5,22,30.0005,0,3173.75,3200.38,303.636,63310,0,
20,4.5,23,30.0008,0,3238.05,3249.94,284.261,52542,0,
20,4.5,24,30.0004,0,2937.1,2953.81,323.417,64190,0,
20,4.5,25,30.0001,0,3015.99,3029.72,287.861,80051,0,
21,4.5,1,30.0013,0,2793.57,2851.85,270.967,42851,0,
21,4.5,2,30.0002,0,2955.2,2965.94,293.897,74594,0,
21,4.5,3,30.0005,0,3188.74,3235.03,270.475,29559,0,
21,4.5,4,30.0003,0,2936.42,2943.5,279.817,66424,0,
21,4.5,5,30.0003,0,3481.58,3503.59,265.725,32701,0,
21,4.5,6,30.0003,0,3771,3786.75,308.498,41932,0,
21,4.5,7,30.0009,0,3482.83,3509.74,307.132,36510,0,
21,4.5,8,30.0009,0,3085.55,3104.71,285.423,55561,0,
21,4.5,9,30.0002,0,3307.18,3325.75,283.444,53947,0,
21,4.5,10,30.0001,0,3606.17,3631.39,339.46,41286,0,
21,4.5,11,30.0005,0,3166.82,3182.68,337.153,72828,0,
21,4.5,12,30.0004,0,3695.5,3724.41,326.409,44330,0,
21,4.5,13,30.0012,0,3032.85,3057.92,340.237,44469,0,
21,4.5,14,30.0003,0,3182.37,3198.06,290.262,52959,0,
21,4.5,15,30.0012,0,2655.66,2731.42,315.206,24093,0,
21,4.5,16,30.0005,0,2660.66,2690.85,293.978,64912,0,
21,4.5,17,30.001,0,2916.71,2931.27,324.933,47365,0,
21,4.5,18,30.0002,0,3384.99,3422.28,292.1,37160,0,
21,4.5,19,30.0006,0,3613.43,3642.66,345.139,41835,0,
21,4.5,20,30.0001,0,3258.86,3278.16,355.289,59042,0,
21,4.5,21,30.0001,0,2480.11,2489.68,291.201,98510,0,
21,4.5,22,30.0002,0,3354.52,3381.13,298.837,62757,0,
21,4.5,23,30.0005,0,3414.86,3426.75,284.258,52042,0,
21,4.5,24,30.0005,0,3033.75,3050.43,323.417,62957,0,
21,4.5,25,30.0002,0,3229.78,3243.5,288.54,78080,0,
22,4.5,1,30.0015,0,3031.73,3088.03,275.983,40128,0,
22,4.5,2,30.0004,0,3049.44,3060.18,293.897,73982,0,
22,4.5,3,30.0002,0,3322.49,3368.77,269.492,29256,0,
22,4.5,4,30.0014,0,3030.95,3038.04,279.036,66833,0,
22,4.5,5,30.0001,0,3562.03,3584.04,265.725,32516,0,
22,4.5,6,30.0007,0,3882.05,3897.8,308.498,41672,0,
22,4.5,7,30.001,0,3676.94,3703.84,307.132,38098,0,
22,4.5,8,30.0005,0,3256.13,3275.24,285.423,54294,0,
22,4.5,9,30.0008,0,3415.11,3433.69,283.444,54118,0,
22,4.5,10,30.0004,0,3757.21,3782.43,339.46,41073,0,
22,4.5,11,30.0001,0,3275.09,3290.94,333.02,71951,0,
22,4.5,12,30.0004,0,3791.29,3820.19,326.409,44086,0,
22,4.5,13,30.0013,0,3118.94,3144.02,344.346,44640,0,
22,4.5,14,30.0006,0,3242.25,3257.92,290.262,52063,0,
22,4.5,15,30.0016,0,2770.56,2846.31,314.968,24042,0,
22,4.5,16,30.0009,0,2773.66,2804.48,293.64,55135,0,
22,4.5,17,30.0006,0,3166.75,3181.17,322.256,46152,0,
22,4.5,18,30.0002,0,3605.17,3642.45,291.923,36515,0,
22,4.5,19,30.0001,0,3865.01,3894.17,343.454,38873,0,
22,4.5,20,30.0004,0,3355.09,3374.36,359.122,58295,0,
22,4.5,22,30.0003,0,3399.58,3426.16,303.017,61542,0,
22,4.5,21,30.0003,0,2672.2,2681.99,291.201,96973,0,
22,4.5,23,30.0001,0,3542.44,3554.32,284.803,51691,0,
22,4.5,24,30.0002,0,3182.79,3199.48,323.417,63555,0,
22,4.5,25,30.0001,0,3453.43,3468.57,290.207,59225,0,
23,4.5,1,30.0001,0,3336.1,3385.37,311.405,61292,0,
23,4.5,2,30.0004,0,3170.09,3180.8,293.897,72037,0,
23,4.5,3,30.0007,0,3618.41,3665.4,296.632,29039,0,
23,4.5,4,30.0004,0,3190.87,3204.16,278.679,68133,0,
23,4.5,5,30.0009,0,3791.87,3813.88,265.725,32378,0,
23,4.5,6,30.0001,0,3992.59,4008.32,310.093,40756,0,
23,4.5,7,30.0007,0,3769.77,3796.66,307.132,37694,0,
23,4.5,8,30.0013,0,3324.18,3343.25,285.601,53153,0,
23,4.5,9,30.0004,0,3543.76,3562.32,283.444,53468,0,
23,4.5,10,30.0007,0,3891.04,3916.24,339.46,40281,0,
23,4.5,11,30.0005,0,3605.78,3627.54,346.682,56548,0,
23,4.5,12,30.0098,0,4083.31,4104.8,328.063,8479,0,
23,4.5,13,30.0005,0,3249.51,3274.5,339.219,43032,0,
23,4.5,14,30.0004,0,3327.25,3342.92,290.262,52326,0,
23,4.5,15,30.0005,0,2829.78,2905.48,314.641,23616,0,
23,4.5,16,30.0003,0,2959.13,2983.81,293.64,76819,0,
23,4.5,17,30.0007,0,3252.75,3267.07,326.488,44497,0,
23,4.5,18,30.0002,0,3757.02,3794.27,292.16,35983,0,
23,4.5,19,30,0,3924.94,3954.12,344.362,39180,0,
23,4.5,20,30.0002,0,3510.47,3530.42,356.84,58689,0,
23,4.5,21,30.0001,0,2879.84,2888.7,291.201,92993,0,
23,4.5,22,30.0003,0,3484.47,3510.99,298.837,59527,0,
23,4.5,23,30.0003,0,3651.39,3663.25,284.238,51120,0,
23,4.5,24,30.0004,0,3398.56,3415.21,323.821,61619,0,
23,4.5,25,30.0005,0,3621.62,3636.72,291.323,58365,0,
24,4.5,1,30.0002,0,3448.32,3497.51,311.008,59429,0,
24,4.5,2,30.0003,0,3300.79,3311.49,297.947,71290,0,
24,4.5,3,30.0005,0,3910.59,3957.68,296.632,27172,0,
24,4.5,4,30.0001,0,3317.09,3330.36,278.679,66761,0,
24,4.5,5,30.0001,0,3925.31,3947.31,265.725,31831,0,
24,4.5,6,30.0008,0,4084.06,4099.79,310.093,40636,0,
24,4.5,7,30.0006,0,3803.45,3830.34,307.132,37434,0,
24,4.5,8,30.0014,0,3420.83,3439.87,284.739,52291,0,
24,4.5,9,30.0001,0,3637.25,3655.79,283.444,52366,0,
24,4.5,11,30.0001,0,3675.77,3697.51,344.425,55980,0,
24,4.5,10,30.0007,0,4122.54,4147.74,339.46,40413,0,
24,4.5,12,30.0011,0,4324.67,4357.83,326.409,30343,0,
24,4.5,13,30.0007,0,3413.65,3437.71,338.044,52709,0,
24,4.5,14,30.0007,0,3424.3,3439.98,290.262,52499,0,
24,4.5,15,30.0001,0,2968.41,3044.13,314.818,23706,0,
24,4.5,16,30.0005,0,3153.79,3181.74,293.64,45230,0,
24,4.5,17,30.0013,0,3457.97,3480.91,328.81,21402,0,
24,4.5,18,30.0003,0,4060.33,4097.55,303.304,34672,0,
24,4.5,19,30.002,0,4096.16,4137.73,343.415,17660,0,
24,4.5,20,30.0001,0,3534.61,3554.53,355.289,58081,0,
24,4.5,21,30.0001,0,3061,3069.35,292.898,91172,0,
24,4.5,22,30.0007,0,3586.43,3613,298.837,61110,0,
24,4.5,23,30.001,0,3964.19,3976.05,312.804,50628,0,
24,4.5,24,30.0004,0,3529.58,3546.22,323.417,61311,0,
24,4.5,25,30.0004,0,3668.73,3683.76,286.753,56347,0,
25,4.5,1,30.0003,0,3555.77,3604.92,311.776,58752,0,
25,4.5,2,30.0001,0,3474.6,3504.27,293.897,35156,0,
25,4.5,3,30.0015,0,3932.05,3979.14,296.632,27002,0,
25,4.5,4,30.0003,0,3393.89,3407.1,278.3,62409,0,
25,4.5,6,30.0003,0,4138.44,4154.17,310.093,40458,0,
25,4.5,5,30.0005,0,4144.08,4166.07,265.725,31006,0,
25,4.5,7,30.0014,0,3844.09,3870.97,307.132,37132,0,
25,4.5,8,30.0001,0,3448.4,3467.43,288.054,51953,0,
25,4.5,9,30.0002,0,3755.88,3774.43,283.444,52608,0,
25,4.5,10,30.0023,0,4339.68,4387.31,339.227,15234,0,
25,4.5,11,30.0002,0,3855.31,3877.02,342.475,54504,0,
25,4.5,12,30.001,0,4570.42,4603.57,326.409,30399,0,
25,4.5,13,30.0003,0,3459.43,3483.46,339.04,52079,0,
25,4.5,14,30.0007,0,3497.11,3512.77,290.262,51762,0,
25,4.5,15,30.0009,0,3085.79,3161.49,314.446,23603,0,
25,4.5,16,30.0006,0,3288.8,3317.79,293.64,43911,0,
25,4.5,17,30.0002,0,3764.08,3784.39,322.258,60975,0,
25,4.5,18,30.0004,0,4183.01,4220.22,303.304,34205,0,
25,4.5,19,30.0005,0,4147.17,4188.74,343.415,17833,0,
25,4.5,20,30.0001,0,3600.67,3620.55,355.289,56584,0,
25,4.5,21,30.0001,0,3302.49,3315.76,294.909,62797,0,
25,4.5,22,30.0002,0,3647.08,3673.63,298.837,60591,0,
25,4.5,23,30.0006,0,4100.05,4111.89,312.804,49437,0,
25,4.5,24,30.0003,0,3792.78,3803.29,320.71,72238,0,
25,4.5,25,30.0005,0,3732.89,3747.94,287.082,56944,0,
26,4.5,1,30.0017,0,3674.67,3723.73,311.677,56914,0,
26,4.5,2,30.0012,0,3561.78,3591.45,293.897,34741,0,
26,4.5,3,30.0015,0,4074.86,4121.95,296.632,26960,0,
26,4.5,4,30.0004,0,3443.68,3456.93,278.679,64770,0,
26,4.5,5,30.0005,0,4401.4,4423.4,265.725,31560,0,
26,4.5,6,30.0003,0,4216.72,4232.45,308.202,39852,0,
26,4.5,7,30.0006,0,3894.98,3921.85,307.132,36676,0,
26,4.5,8,30.0003,0,3520.37,3539.37,288.446,51424,0,
26,4.5,9,30.0007,0,3994.02,4015.38,283.444,54652,0,
26,4.5,10,30.0022,0,4570.17,4594.48,339.923,49980,0,
26,4.5,11,30.0004,0,3995.84,4017.69,343.193,52641,0,
26,4.5,12,30.0013,0,4739.8,4772.94,326.409,30069,0,
26,4.5,13,30.0005,0,3582.03,3606.02,339.036,51023,0,
26,4.5,14,30.0004,0,3506.38,3522.02,290.262,50169,0,
26,4.5,15,30.0007,0,3280.12,3355.81,315.065,23220,0,
26,4.5,16,30.0002,0,3389.72,3418.74,293.64,44135,0,
26,4.5,17,30.0002,0,3858.14,3878.45,323.227,61405,0,
26,4.5,18,30.0003,0,4302.93,4340.13,303.304,34070,0,
26,4.5,19,30.0008,0,4292.32,4333.89,343.415,17478,0,
26,4.5,22,30.0004,0,3799.6,3826.12,298.837,59641,0,
26,4.5,20,30.0006,0,3751.81,3773.14,355.289,55838,0,
26,4.5,21,30.0002,0,3455.45,3468.72,294.909,63015,0,
26,4.5,23,30.0006,0,4252.57,4264.4,312.804,49471,0,
26,4.5,24,30.0002,0,3961,3983.37,323.821,59759,0,
26,4.5,25,30.0003,0,3984.93,3998.13,286.713,55075,0,
27,4.5,1,30.0003,0,3908.55,3929,309.566,50953,0,
27,4.5,2,30.0004,0,3668.4,3698.08,293.897,34577,0,
27,4.5,3,30.0004,0,4183.68,4230.77,296.632,26386,0,
27,4.5,4,30.0001,0,3658.92,3672.14,280.68,63473,0,
27,4.5,5,30.0008,0,4672.43,4694.41,271.03,30374,0,
27,4.5,6,30.0008,0,4438.87,4454.59,308.017,39603,0,
27,4.5,7,30.0001,0,4015.05,4041.97,307.132,29933,0,
27,4.5,8,30.0003,0,3716.69,3734.42,284.53,78174,0,
27,4.5,9,30.0001,0,4032.09,4053.45,283.444,54809,0,
27,4.5,10,30.0005,0,4690.96,4715.25,339.46,49562,0,
27,4.5,11,30.0004,0,4275.27,4293.98,341.281,50112,0,
27,4.5,12,30.0007,0,5014.88,5047.86,326.409,26705,0,
27,4.5,13,30.0012,0,3693.75,3721.29,340.71,29649,0,
27,4.5,14,30.0001,0,3696.59,3712.23,290.262,50193,0,
27,4.5,15,30.0016,0,3477.93,3560.15,313.506,26272,0,
27,4.5,17,30.0002,0,4024.12,4044.41,323.026,59598,0,
27,4.5,16,30.0004,0,3509.38,3538.35,293.64,42942,0,
27,4.5,18,30.0002,0,4391.51,4428.71,303.304,33916,0,
27,4.5,19,30.0006,0,4422.7,4464.27,343.415,17606,0,
27,4.5,20,30.0002,0,3827.67,3848.95,355.289,54488,0,
27,4.5,21,30.0001,0,3525.64,3538.88,291.201,61412,0,
27,4.5,22,30.0001,0,3911.86,3938.35,298.837,58392,0,
27,4.5,23,30.001,0,4360.18,4372.02,312.804,49182,0,
27,4.5,24,30.0003,0,4131.04,4153.41,323.417,59350,0,
27,4.5,25,30.0008,0,4302.53,4333.52,317.6,34285,0,
28,4.5,1,30.0002,0,4151.88,4172.57,309.566,54500,0,
28,4.5,2,30.0008,0,3734.81,3764.48,293.897,34426,0,
28,4.5,3,30.0008,0,4264.48,4311.57,296.632,26294,0,
28,4.5,4,30.0002,0,3796.29,3809.49,279.902,62144,0,
28,4.5,5,30.0004,0,4713.26,4735.24,271.03,30473,0,
28,4.5,6,30.0003,0,4652.01,4667.72,307.578,38878,0,
28,4.5,7,30.0007,0,4089.67,4116.58,307.132,30234,0,
28,4.5,8,30.0005,0,3766.56,3784.25,285.423,76047,0,
28,4.5,9,30.0002,0,4098.98,4120.34,283.444,54625,0,
28,4.5,10,30.0005,0,4874.57,4898.81,339.46,48253,0,
28,4.5,11,30.0001,0,4291.74,4310.44,342.089,49112,0,
28,4.5,12,30.0007,0,5248.51,5281.48,326.409,26469,0,
28,4.5,13,30.0003,0,3946.63,3972.36,342.254,24858,0,
28,4.5,14,30.0001,0,3943.94,3959.84,290.262,49919,0,
28,4.5,15,30.001,0,3647.47,3729.69,313.506,25797,0,
28,4.5,16,30.0006,0,3673.02,3701.66,293.64,43618,0,
28,4.5,17,30.0002,0,4251.02,4271.28,324.406,58327,0,
28,4.5,18,30.0001,0,4466.2,4503.39,303.304,33164,0,
28,4.5,19,30.0028,0,4673.68,4715.25,343.415,17581,0,
28,4.5,20,30.0005,0,3935.75,3957.02,356.693,54332,0,
28,4.5,21,30.0001,0,3651.35,3664.58,294.957,60722,0,
28,4.5,22,30.0001,0,4031.48,4057.96,298.837,58064,0,
28,4.5,23,30.001,0,4502.23,4514.06,312.804,48265,0,
28,4.5,24,30.0002,0,4205.53,4227.87,323.417,57996,0,
28,4.5,25,30.0004,0,4564.53,4595.5,317.6,33721,0,
29,4.5,1,30.0002,0,4378.54,4399.18,310.704,53589,0,
29,4.5,2,30.0009,0,3886.75,3916.42,293.897,34205,0,
29,4.5,3,30.0008,0,4525.31,4572.42,296.632,26103,0,
29,4.5,4,30.0005,0,3952.87,3965.21,278.3,63745,0,
29,4.5,6,30.0003,0,4841.98,4857.67,312.195,37665,0,
29,4.5,5,30.0003,0,4733.1,4755.08,271.03,29891,0,
29,4.5,7,30.0004,0,4222.22,4249.13,307.132,29570,0,
29,4.5,8,30.0003,0,3919.06,3936.71,285.78,74260,0,
29,4.5,9,30.0003,0,4189.29,4210.61,283.444,52940,0,
29,4.5,10,30.0003,0,5164.38,5188.57,339.46,47189,0,
29,4.5,11,30.0007,0,4442.19,4461.45,341.403,46305,0,
29,4.5,12,30.0012,0,5314.17,5347.12,326.409,26020,0,
29,4.5,13,30.0008,0,4019.45,4045.14,339.568,24529,0,
29,4.5,14,30.0007,0,4009.68,4025.57,290.262,48974,0,
29,4.5,15,30.0004,0,3803.93,3886.15,313.506,25682,0,
29,4.5,16,30.0008,0,3709.04,3737.65,293.64,43030,0,
29,4.5,17,30.0001,0,4448.93,4469.17,323.562,57632,0,
29,4.5,18,30.0008,0,4553.73,4590.9,303.304,32531,0,
29,4.5,19,30.0019,0,4873.65,4915.22,343.415,17518,0,
29,4.5,20,30.0003,0,4044.88,4066.08,355.289,52072,0,
29,4.5,21,30.0001,0,3710.88,3724.09,291.201,59723,0,
29,4.5,22,30.0005,0,4201.44,4227.9,298.837,57229,0,
29,4.5,23,30.0011,0,4686.19,4698.02,312.804,48639,0,
29,4.5,24,30.0003,0,4309.78,4332.08,323.417,57053,0,
29,4.5,25,30.0004,0,4624.36,4655.31,317.6,33456,0,
30,4.5,2,30.0003,0,3886.75,3916.42,293.897,34130,0,
30,4.5,1,30.0007,0,4521.82,4542.4,309.566,52064,0,
30,4.5,3,30.001,0,4644.28,4691.37,296.632,25781,0,
30,4.5,4,30.0005,0,4209.54,4223.38,279.109,60904,0,
30,4.5,5,30.0001,0,4780.75,4802.73,271.03,29858,0,
30,4.5,6,30.001,0,5031.33,5091.98,308.202,22556,0,
30,4.5,7,30.0001,0,4468.67,4495.58,307.132,29734,0,
30,4.5,8,30.0002,0,4117.21,4134.84,285.545,73013,0,
30,4.5,9,30.0004,0,4316.69,4337.99,283.444,51531,0,
30,4.5,10,30.0003,0,5334.97,5359.15,339.46,46909,0,
30,4.5,11,30.0007,0,4667.67,4686.9,342.581,45654,0,
30,4.5,12,30.0015,0,5526.08,5559.02,326.411,25728,0,
30,4.5,13,30.0014,0,4150.98,4176.68,337.599,24569,0,
30,4.5,14,30.0005,0,4036,4051.87,290.262,48393,0,
30,4.5,15,30.001,0,4036.59,4118.81,313.5,25217,0,
30,4.5,16,30.0001,0,3741.09,3769.71,293.64,43326,0,
30,4.5,17,30.0019,0,4512.25,4532.48,323.986,56738,0,
30,4.5,18,30.0006,0,4763.52,4802.44,305.083,32183,0,
30,4.5,19,30.0008,0,5042.57,5084.14,343.415,17383,0,
30,4.5,21,30.0001,0,3842.03,3855.82,296.094,64422,0,
30,4.5,20,30.0003,0,4251.35,4272.82,356.916,50817,0,
30,4.5,22,30.0005,0,4278.69,4305.12,304.761,56250,0,
30,4.5,23,30.0003,0,4815.16,4827,312.804,48494,0,
30,4.5,24,30.0003,0,4415.53,4437.83,323.417,56856,0,
30,4.5,25,30.0003,0,4765.63,4796.57,317.6,32843,0,
31,4.5,1,30.0005,0,4521.82,4542.44,309.566,53027,0,
31,4.5,2,30.0012,0,3886.75,3916.42,293.897,34175,0,
31,4.5,3,30.0015,0,4644.28,4691.37,296.632,25397,0,
31,4.5,4,30.0003,0,4209.54,4223.36,278.3,60013,0,
31,4.5,5,30.0006,0,4780.75,4802.73,271.03,29848,0,
31,4.5,6,30.0011,0,5031.33,5091.98,308.202,22518,0,
31,4.5,7,30.0009,0,4468.67,4495.58,307.132,29469,0,
31,4.5,8,30.0001,0,4117.21,4134.84,285.423,72884,0,
31,4.5,9,30.0004,0,4316.69,4337.99,283.444,51804,0,
31,4.5,10,30.0006,0,5334.97,5359.14,339.46,46811,0,
31,4.5,11,30.0007,0,4667.67,4686.91,341.513,45927,0,
31,4.5,12,30.0009,0,5526.08,5559.02,326.409,25582,0,
31,4.5,13,30.0003,0,4150.98,4176.53,339.539,23488,0,
31,4.5,14,30.0008,0,4036,4051.88,290.262,48900,0,
31,4.5,16,30.0003,0,3741.09,3769.66,293.64,42195,0,
31,4.5,15,30.0018,0,4036.59,4118.81,313.5,25222,0,
31,4.5,17,30.0018,0,4512.25,4532.45,328.497,55563,0,
31,4.5,18,30.0009,0,4763.52,4802.43,305.083,31711,0,
31,4.5,19,30.001,0,5042.57,5084.14,343.415,17198,0,
31,4.5,20,30.0006,0,4251.35,4272.85,358.904,51698,0,
31,4.5,21,30.0004,0,3842.03,3855.81,295.636,63986,0,
31,4.5,22,30.0003,0,4278.69,4305.14,298.837,56767,0,
31,4.5,23,30.0004,0,4815.16,4827,312.804,48374,0,
31,4.5,24,30.0004,0,4415.53,4437.8,323.417,55917,0,
31,4.5,25,30.0001,0,4765.63,4796.57,317.6,32955,0,
32,4.5,1,30.0001,0,4521.82,4542.39,309.527,51870,0,
32,4.5,2,30.0007,0,3886.75,3916.42,293.897,33949,0,
32,4.5,3,30.0005,0,4644.28,4691.37,296.632,25418,0,
32,4.5,4,30.0004,0,4209.54,4223.39,278.3,61429,0,
32,4.5,5,30.0002,0,4780.75,4802.73,271.03,29430,0,
32,4.5,6,30.0007,0,5031.33,5091.98,308.202,22413,0,
32,4.5,7,30.0007,0,4468.67,4495.58,307.132,29415,0,
32,4.5,8,30.0001,0,4117.21,4134.82,285.423,72382,0,
32,4.5,9,30.0008,0,4316.69,4338,283.444,52192,0,
32,4.5,10,30.0004,0,5334.97,5359.14,339.46,46577,0,
32,4.5,11,30.0017,0,4667.67,4686.9,344.412,45631,0,
32,4.5,12,30.0003,0,5526.08,5559.02,326.409,25574,0,
32,4.5,13,30.0003,0,4150.98,4176.57,339.539,23768,0,
32,4.5,14,30.0006,0,4036,4051.87,290.262,48334,0,
32,4.5,15,30.0001,0,4036.59,4118.81,318.899,25365,0,
32,4.5,16,30.0001,0,3741.09,3769.69,293.64,42874,0,
32,4.5,17,30.0003,0,4512.25,4532.49,325.174,57318,0,
32,4.5,18,30.0012,0,4763.52,4802.44,305.083,32242,0,
32,4.5,19,30.0018,0,5042.57,5084.14,343.415,17217,0,
32,4.5,20,30.0002,0,4251.35,4272.81,358.904,50528,0,
32,4.5,21,30.0006,0,3842.03,3855.81,291.201,63416,0,
32,4.5,22,30.0003,0,4278.69,4305.13,303.635,56664,0,
32,4.5,23,30.0002,0,4815.16,4827,312.804,47812,0,
32,4.5,24,30.0008,0,4415.53,4437.82,323.417,56457,0,
32,4.5,25,30.0002,0,4765.63,4796.57,317.6,32951,0,
33,4.5,1,30.0008,0,4521.82,4542.4,311.216,52218,0,
33,4.5,2,30.0004,0,3886.75,3916.42,293.897,34081,0,
33,4.5,3,30.0013,0,4644.28,4691.37,296.632,25757,0,
33,4.5,4,30.0007,0,4209.54,4223.39,279.438,61460,0,
33,4.5,5,30.0004,0,4780.75,4802.73,271.03,29905,0,
33,4.5,6,30.0007,0,5031.33,5091.98,308.202,22613,0,
33,4.5,7,30.0008,0,4468.67,4495.58,307.132,29329,0,
33,4.5,8,30.0002,0,4117.21,4134.85,285.423,73580,0,
33,4.5,9,30.0002,0,4316.69,4338.02,283.444,52907,0,
33,4.5,10,30.0003,0,5334.97,5359.14,339.46,46582,0,
33,4.5,11,30.0001,0,4667.67,4686.92,341.513,46337,0,
33,4.5,12,30.0017,0,5526.08,5559.02,326.433,25809,0,
33,4.5,13,30.0008,0,4150.98,4176.66,334.321,24412,0,
33,4.5,14,30.0007,0,4036,4051.87,290.262,48559,0,
33,4.5,15,30.001,0,4036.59,4118.81,315.608,25346,0,
33,4.5,16,30.0002,0,3741.09,3769.68,293.64,42593,0,
33,4.5,17,30.0005,0,4512.25,4532.49,325.174,57317,0,
33,4.5,18,30.0018,0,4763.52,4802.45,305.083,32525,0,
33,4.5,19,30.0007,0,5042.57,5084.14,343.415,17257,0,
33,4.5,20,30.0007,0,4251.35,4272.86,355.289,51750,0,
33,4.5,21,30.0001,0,3842.03,3855.8,294.533,63362,0,
33,4.5,22,30.0004,0,4278.69,4305.15,298.837,56953,0,
33,4.5,23,30.0002,0,4815.16,4827,312.804,48228,0,
33,4.5,24,30.0002,0,4415.53,4437.82,327.455,56608,0,
33,4.5,25,30.0004,0,4765.63,4796.57,317.6,32796,0,
34,4.5,1,30.0002,0,4521.82,4542.42,309.566,52624,0,
34,4.5,2,30.0002,0,3886.75,3916.42,293.897,33846,0,
34,4.5,3,30.0014,0,4644.28,4691.38,296.632,25921,0,
34,4.5,4,30.0003,0,4209.54,4223.38,278.3,61087,0,
34,4.5,5,30.0007,0,4780.75,4802.73,271.03,30149,0,
34,4.5,6,30.0005,0,5031.33,5091.98,308.202,22674,0,
34,4.5,7,30.0005,0,4468.67,4495.58,307.132,29585,0,
34,4.5,8,30.0002,0,4117.21,4134.84,285.423,73210,0,
34,4.5,9,30.0015,0,4316.69,4338.01,283.444,52277,0,
34,4.5,10,30.0003,0,5334.97,5359.14,339.46,46710,0,
34,4.5,11,30.0006,0,4667.67,4686.92,341.311,46127,0,
34,4.5,12,30.0005,0,5526.08,5559.02,326.409,25646,0,
34,4.5,13,30.0002,0,4150.98,4176.64,337.599,24309,0,
34,4.5,14,30.0003,0,4036,4051.88,290.262,48857,0,
34,4.5,15,30.0005,0,4036.59,4118.81,313.506,25432,0,
34,4.5,16,30.0007,0,3741.09,3769.71,294.019,43142,0,
34,4.5,17,30.0002,0,4512.25,4532.48,324.888,56604,0,
34,4.5,18,30.0012,0,4763.52,4802.44,305.083,32083,0,
34,4.5,19,30.0009,0,5042.57,5084.14,343.415,17257,0,
34,4.5,21,30.0003,0,3842.03,3855.82,296.241,64614,0,
34,4.5,22,30.0004,0,4278.69,4305.12,298.837,56167,0,
34,4.5,20,30.0006,0,4251.35,4272.8,355.289,50455,0,
34,4.5,23,30.0004,0,4815.16,4827,312.804,47941,0,
34,4.5,24,30.0003,0,4415.53,4437.83,323.417,56820,0,
34,4.5,25,30.0009,0,4765.63,4796.58,317.6,33049,0,
35,4.5,1,30.0001,0,4521.82,4542.41,310.84,52377,0,
35,4.5,2,30.0005,0,3886.75,3916.42,293.897,34016,0,
35,4.5,3,30.0007,0,4644.28,4691.37,296.632,25587,0,
35,4.5,4,30.0001,0,4209.54,4223.37,278.3,60373,0,
35,4.5,5,30.0007,0,4780.75,4802.73,271.03,29971,0,
35,4.5,6,30.0014,0,5031.33,5091.98,308.202,22544,0,
35,4.5,7,30.0005,0,4468.67,4495.58,307.132,30056,0,
35,4.5,8,30.0001,0,4117.21,4134.82,286.854,72323,0,
35,4.5,9,30.0005,0,4316.69,4338,283.444,52080,0,
35,4.5,10,30.0007,0,5334.97,5359.15,339.46,46973,0,
35,4.5,11,30.0004,0,4667.67,4686.92,342.189,46174,0,
35,4.5,12,30.0006,0,5526.08,5559.02,326.409,25850,0,
35,4.5,13,30.0003,0,4150.98,4176.64,347.562,24300,0,
35,4.5,14,30.0002,0,4036,4051.89,290.262,48971,0,
35,4.5,15,30.0018,0,4036.59,4118.81,313.5,25337,0,
35,4.5,16,30.0011,0,3741.09,3769.67,293.64,42423,0,
35,4.5,17,30.0003,0,4512.25,4532.47,322.225,56540,0,
35,4.5,18,30.0003,0,4763.52,4802.45,305.083,32366,0,
35,4.5,19,30.0016,0,5042.57,5084.14,343.415,17289,0,
35,4.5,20,30.0005,0,4251.35,4272.83,356.693,51213,0,
35,4.5,21,30.0004,0,3842.03,3855.82,296.241,64626,0,
35,4.5,22,30.0003,0,4278.69,4305.14,298.837,56695,0,
35,4.5,23,30.0006,0,4815.16,4827,312.804,48101,0,
35,4.5,24,30.0002,0,4415.53,4437.82,324.06,56614,0,
35,4.5,25,30.0009,0,4765.63,4796.56,317.6,32601,0,
36,4.5,1,30.0001,0,4521.82,4542.41,310.84,52377,0,
36,4.5,2,30.0001,0,3886.75,3916.42,293.897,33404,0,
36,4.5,3,30.0008,0,4644.28,4691.37,296.632,25382,0,
36,4.5,4,30.0002,0,4209.54,4223.38,278.3,60855,0,
36,4.5,5,30.0003,0,4780.75,4802.73,271.03,29880,0,
36,4.5,6,30.0011,0,5031.33,5091.98,308.202,22572,0,
36,4.5,7,30.0006,0,4468.67,4495.58,307.132,29259,0,
36,4.5,8,30.0001,0,4117.21,4134.84,285.423,73293,0,
36,4.5,9,30.0001,0,4316.69,4338.01,283.444,52531,0,
36,4.5,10,30.0004,0,5334.97,5359.13,339.46,46129,0,
36,4.5,11,30.0005,0,4667.67,4686.91,341.403,45979,0,
36,4.5,12,30.0001,0,5526.08,5559.02,326.411,25720,0,
36,4.5,13,30.0008,0,4150.98,4176.65,335.27,24326,0,
36,4.5,14,30.0008,0,4036,4051.87,290.262,48283,0,
36,4.5,15,30.0004,0,4036.59,4118.81,318.899,25388,0,
36,4.5,16,30.0016,0,3741.09,3769.69,293.64,42851,0,
36,4.5,17,30.0005,0,4512.25,4532.48,323.29,57121,0,
36,4.5,18,30.0002,0,4763.52,4802.44,305.083,32234,0,
36,4.5,19,30.0005,0,5042.57,5084.14,343.415,17155,0,
36,4.5,20,30.0005,0,4251.35,4272.82,358.897,50782,0,
36,4.5,21,30.0003,0,3842.03,3855.81,296.047,63449,0,
36,4.5,22,30.0001,0,4278.69,4305.16,298.837,57407,0,
36,4.5,23,30.0004,0,4815.16,4827,312.804,48231,0,
36,4.5,24,30.0001,0,4415.53,4437.83,323.417,56829,0,
36,4.5,25,30.0004,0,4765.63,4796.58,317.6,33171,0,
37,4.5,1,30.0003,0,4521.82,4542.45,311.661,53313,0,
37,4.5,2,30.0008,0,3886.75,3916.42,293.897,34280,0,
37,4.5,3,30.0016,0,4644.28,4691.37,296.632,25600,0,
37,4.5,4,30.0001,0,4209.54,4223.38,278.3,61138,0,
37,4.5,5,30.0001,0,4780.75,4802.73,271.03,29644,0,
37,4.5,6,30.0009,0,5031.33,5091.98,308.202,22676,0,
37,4.5,7,30.0007,0,4468.67,4495.58,307.132,29585,0,
37,4.5,8,30.0001,0,4117.21,4134.84,285.423,72905,0,
37,4.5,9,30.0005,0,4316.69,4338.02,283.444,52672,0,
37,4.5,10,30.0005,0,5334.97,5359.14,339.46,46388,0,
37,4.5,11,30.0005,0,4667.67,4686.9,342.551,45815,0,
37,4.5,12,30.0003,0,5526.08,5559.02,326.475,25941,0,
37,4.5,13,30.0003,0,4150.98,4176.63,334.321,24233,0,
37,4.5,14,30.0008,0,4036,4051.86,290.262,47936,0,
37,4.5,15,30.0014,0,4036.59,4118.81,313.5,25285,0,
37,4.5,16,30.0006,0,3741.09,3769.69,293.64,42763,0,
37,4.5,17,30.0003,0,4512.25,4532.48,322.701,56902,0,
37,4.5,18,30.0012,0,4763.52,4802.45,305.083,32486,0,
37,4.5,19,30.0024,0,5042.57,5084.14,343.415,17121,0,
37,4.5,20,30.0003,0,4251.35,4272.85,356.965,51477,0,
37,4.5,21,30.0002,0,3842.03,3855.79,294.957,62674,0,
37,4.5,22,30.0004,0,4278.69,4305.12,298.837,55950,0,
37,4.5,23,30.0004,0,4815.16,4827,312.804,47942,0,
37,4.5,24,30.0003,0,4415.53,4437.82,323.896,56370,0,
37,4.5,25,30.0014,0,4765.63,4796.57,317.6,32710,0,
38,4.5,1,30.0002,0,4521.82,4542.43,312.044,52835,0,
38,4.5,2,30.0004,0,3886.75,3916.42,293.897,33926,0,
38,4.5,3,30.0014,0,4644.28,4691.37,296.632,25595,0,
38,4.5,4,30.0003,0,4209.54,4223.37,278.3,60374,0,
38,4.5,5,30.0007,0,4780.75,4802.73,271.03,28968,0,
38,4.5,6,30.0001,0,5031.33,5091.98,308.202,22604,0,
38,4.5,7,30.0011,0,4468.67,4495.58,307.132,30075,0,
38,4.5,8,30.0003,0,4117.21,4134.85,285.862,73654,0,
38,4.5,9,30.0005,0,4316.69,4338.01,283.444,52396,0,
38,4.5,10,30.0003,0,5334.97,5359.12,339.46,45870,0,
38,4.5,11,30.0007,0,4667.67,4686.89,341.311,45425,0,
38,4.5,12,30.0007,0,5526.08,5559.02,326.409,25673,0,
38,4.5,13,30.003,0,4150.98,4176.63,344.411,24226,0,
38,4.5,14,30.0002,0,4036,4051.87,290.262,48112,0,
38,4.5,15,30.0013,0,4036.59,4118.81,313.5,25284,0,
38,4.5,16,30.0001,0,3741.09,3769.66,294.019,42300,0,
38,4.5,17,30.0003,0,4512.25,4532.46,323.017,55906,0,
38,4.5,18,30.0001,0,4763.52,4802.44,305.083,31898,0,
38,4.5,19,30.0005,0,5042.57,5084.14,343.415,17407,0,
38,4.5,20,30.0008,0,4251.35,4272.8,356.965,50402,0,
38,4.5,21,30.0003,0,3842.03,3855.81,294.533,63825,0,
38,4.5,22,30.0002,0,4278.69,4305.12,298.837,56162,0,
38,4.5,23,30.0008,0,4815.16,4827,312.804,48349,0,
38,4.5,24,30.0008,0,4415.53,4437.81,323.417,55950,0,
38,4.5,25,30.0001,0,4765.63,4796.58,317.6,33112,0,
39,4.5,1,30.0002,0,4521.82,4542.47,309.285,53844,0,
39,4.5,2,30.0008,0,3886.75,3916.42,293.897,34055,0,
39,4.5,3,30.0002,0,4644.28,4691.37,296.632,25576,0,
39,4.5,4,30.0002,0,4209.54,4223.39,279.438,61456,0,
39,4.5,5,30.0013,0,4780.75,4802.73,271.03,29421,0,
39,4.5,6,30.0012,0,5031.33,5091.98,308.202,22454,0,
39,4.5,7,30.0004,0,4468.67,4495.58,307.132,29660,0,
39,4.5,8,30.0003,0,4117.21,4134.84,285.975,72991,0,
39,4.5,9,30.0003,0,4316.69,4338,283.444,52161,0,
39,4.5,10,30.0011,0,5334.97,5359.15,339.46,47116,0,
39,4.5,11,30.0005,0,4667.67,4686.91,344.827,45957,0,
39,4.5,12,30.0009,0,5526.08,5559.02,326.557,25838,0,
39,4.5,13,30.0011,0,4150.98,4176.6,339.539,23998,0,
39,4.5,14,30.0003,0,4036,4051.89,290.262,49186,0,
39,4.5,15,30.0003,0,4036.59,4118.81,313.5,25203,0,
39,4.5,16,30.0002,0,3741.09,3769.67,293.64,42405,0,
39,4.5,17,30.0003,0,4512.25,4532.48,323.197,57050,0,
39,4.5,18,30.0011,0,4763.52,4802.44,305.083,31966,0,
39,4.5,19,30.0006,0,5042.57,5084.14,343.415,17389,0,
39,4.5,20,30.0005,0,4251.35,4272.86,355.289,51917,0,
39,4.5,21,30.0002,0,3842.03,3855.83,293.431,64868,0,
39,4.5,22,30.0013,0,4278.69,4305.16,303.636,57685,0,
39,4.5,23,30.0002,0,4815.16,4827,312.804,48187,0,
39,4.5,24,30.0005,0,4415.53,4437.84,323.417,57152,0,
39,4.5,25,30.0011,0,4765.63,4796.58,317.6,33076,0,
