2,0.5,1,5.0133e-05,1,256.194,256.194,147.491,1,0,
2,0.5,2,7.541e-05,1,305.331,305.331,204.354,1,0,
2,0.5,3,5.9492e-05,1,319.676,319.676,203.093,1,0,
2,0.5,4,8.1833e-05,1,356.498,356.498,331.664,1,0,
2,0.5,5,4.6387e-05,1,178.643,178.643,112.224,1,0,
2,0.5,6,0.000525561,1,288.505,302.801,302.801,5,0,
2,0.5,7,6.0173e-05,1,269.841,269.841,173.923,1,0,
2,0.5,8,5.1475e-05,1,256.726,256.726,244.146,1,0,
2,0.5,9,7.1924e-05,1,365.555,365.555,349.015,1,0,
2,0.5,10,5.949e-05,1,314.478,314.478,289.579,1,0,
2,0.5,11,0.000174464,1,643.18,649.083,331.313,2,0,
2,0.5,12,6.9931e-05,1,527.546,527.546,265.386,1,0,
2,0.5,13,6.2066e-05,1,375.169,375.169,335.223,1,0,
2,0.5,14,5.7766e-05,1,169.97,169.97,101.556,1,0,
2,0.5,15,0.00027917,1,397.303,430.393,353.558,4,0,
2,0.5,16,6.1996e-05,1,442.93,442.93,236.137,1,0,
2,0.5,17,7.0051e-05,1,377.497,377.497,259.199,1,0,
2,0.5,18,7.6112e-05,1,570.996,570.996,380.47,1,0,
2,0.5,19,6.1525e-05,1,432.84,432.84,224.37,1,0,
2,0.5,20,5.0604e-05,1,333.289,333.289,231.587,1,0,
2,0.5,21,6.2628e-05,1,479.721,479.721,381.719,1,0,
2,0.5,22,6.438e-05,1,587.304,587.304,335.109,1,0,
2,0.5,23,6.2095e-05,1,411.338,411.338,292.962,1,0,
2,0.5,24,6.8538e-05,1,434.804,434.804,219.325,1,0,
2,0.5,25,6.978e-05,1,307.73,307.73,232.328,1,0,
3,0.5,2,5.1035e-05,1,368.435,368.435,204.354,1,0,
3,0.5,3,8.0692e-05,1,598.52,598.52,278.844,1,0,
3,0.5,1,0.00653126,1,481.349,504.457,227.729,193,0,
3,0.5,4,8.8476e-05,1,726.007,726.007,369.509,1,0,
3,0.5,5,6.0954e-05,1,283.58,283.58,112.224,1,0,
3,0.5,6,0.00047145,1,359.112,373.408,302.801,5,0,
3,0.5,7,0.000283859,1,289.923,304.219,188.219,4,0,
3,0.5,8,5.35e-05,1,334.581,334.581,244.146,1,0,
3,0.5,9,0.00019321,1,602.435,603.058,349.638,2,0,
3,0.5,10,9.4388e-05,1,628.328,628.328,313.851,1,0,
3,0.5,11,0.000201496,1,905.777,911.68,331.313,2,0,
3,0.5,12,0.000155922,1,912.334,914.907,384.788,2,0,
3,0.5,13,6.963e-05,1,607.208,607.208,335.223,1,0,
3,0.5,14,0.000137877,1,419.389,424.722,254.752,2,0,
3,0.5,15,0.000647208,1,717.153,789.918,359.525,7,0,
3,0.5,16,0.000153556,1,700.307,706.21,257.376,2,0,
3,0.5,17,7.3817e-05,1,629.358,629.358,259.199,1,0,
3,0.5,18,0.00017715,1,807.662,807.977,380.47,2,0,
3,0.5,19,0.000137447,1,522.42,522.867,224.37,2,0,
3,0.5,20,7.9518e-05,1,419.801,419.801,231.587,1,0,
3,0.5,21,0.000126536,1,717.682,722.958,381.719,2,0,
3,0.5,22,0.000315639,1,707.186,736.731,335.109,4,0,
3,0.5,23,0.000104454,1,464.486,464.486,292.962,1,0,
3,0.5,24,9.2712e-05,1,597.365,597.365,219.325,1,0,
3,0.5,25,7.0992e-05,1,538.076,538.076,232.328,1,0,
4,0.5,2,7.9798e-05,1,380.852,380.852,204.354,1,0,
4,0.5,3,0.000125544,1,886.282,886.282,287.762,1,0,
4,0.5,4,0.000374048,1,839.282,841.636,369.509,10,0,
4,0.5,1,0.00823481,1,708.022,731.13,227.729,193,0,
4,0.5,5,7.2436e-05,1,356.057,356.057,112.224,1,0,
4,0.5,6,0.000557612,1,523.749,538.046,302.801,5,0,
4,0.5,8,0.000110076,1,449.769,449.769,244.146,1,0,
4,0.5,7,0.0606788,1,555.589,576.928,266.289,1038,0,
4,0.5,9,0.000211766,1,644.675,645.297,349.638,2,0,
4,0.5,10,0.000274323,1,926.552,929.126,313.851,2,0,
4,0.5,11,0.000310731,1,984.985,990.888,331.313,3,0,
4,0.5,12,0.000159197,1,1054.63,1057.2,384.788,2,0,
4,0.5,13,0.000101438,1,769.006,769.006,335.223,1,0,
4,0.5,14,0.000153487,1,656.782,662.115,249.419,2,0,
4,0.5,16,0.000306572,1,964.489,970.707,264.497,4,0,
4,0.5,17,0.000176118,1,931.16,935.968,301.802,2,0,
4,0.5,18,0.000167643,1,862.978,863.293,380.47,2,0,
4,0.5,15,0.0280696,1,903.74,992.427,359.525,371,0,
4,0.5,19,0.000164297,1,861.664,862.11,339.244,2,0,
4,0.5,20,8.4699e-05,1,460.969,460.969,231.587,1,0,
4,0.5,21,0.000158086,1,830.806,836.083,381.719,2,0,
4,0.5,22,0.000348491,1,936.028,965.572,335.109,4,0,
4,0.5,23,0.000135593,1,713.458,713.458,292.962,1,0,
4,0.5,24,8.7654e-05,1,893.643,893.643,296.278,1,0,
4,0.5,25,0.00021961,1,574.147,608.066,264.265,3,0,
5,0.5,2,8.0591e-05,1,671.589,671.589,290.737,1,0,
5,0.5,3,0.000232775,1,1196.02,1196.02,309.734,1,0,
5,0.5,4,0.000827616,1,1164.03,1167,370.132,20,0,
5,0.5,5,0.00162502,1,656.308,688.07,300.251,26,0,
5,0.5,6,0.000880103,1,705.34,719.642,302.801,9,0,
5,0.5,8,9.1692e-05,1,487.197,487.197,244.146,1,0,
5,0.5,7,0.0605639,1,622.438,643.777,266.289,1038,0,
5,0.5,9,0.000232995,1,910.902,911.524,349.638,2,0,
5,0.5,10,0.0002092,1,1200.02,1202.59,313.851,2,0,
5,0.5,11,0.000258303,1,1262.86,1268.76,331.313,2,0,
5,0.5,12,0.000210964,1,1167.9,1170.48,384.788,2,0,
5,0.5,13,9.2354e-05,1,953.483,953.483,335.223,1,0,
5,0.5,14,0.000198118,1,827.691,833.024,249.419,2,0,
5,0.5,16,0.000367937,1,983.695,989.913,264.497,4,0,
5,0.5,17,0.000205033,1,1009.39,1014.2,301.802,2,0,
5,0.5,18,0.000188243,1,884.888,885.203,380.47,2,0,
5,0.5,19,0.000173514,1,1135.52,1135.96,339.244,2,0,
5,0.5,20,0.000110828,1,590.637,590.637,231.587,1,0,
5,0.5,21,0.000230611,1,1023.41,1028.69,381.719,2,0,
5,0.5,22,0.000333682,1,1145.69,1175.86,335.109,5,0,
5,0.5,23,0.000133169,1,796.085,796.085,292.962,1,0,
5,0.5,25,0.00018813,1,816.488,850.407,264.265,3,0,
6,0.5,2,0.000135794,1,899.584,899.584,290.737,1,0,
6,0.5,3,0.000212425,1,1462.81,1463.43,309.734,2,0,
6,0.5,5,0.00140885,1,778.751,810.513,300.251,26,0,
6,0.5,6,0.000714835,1,1064.05,1078.36,358.714,9,0,
6,0.5,8,0.000129481,1,876.871,876.871,389.675,1,0,
6,0.5,4,0.00852573,1,1250.93,1262.94,370.132,244,0,
6,0.5,7,0.0668359,1,644.348,665.687,266.289,1038,0,
6,0.5,9,0.00026789,1,935.982,936.604,349.015,2,0,
6,0.5,10,0.000372245,1,1217.74,1224.66,313.851,3,0,
6,0.5,12,0.00025687,1,1318.74,1321.94,384.788,3,0,
6,0.5,11,0.000313105,1,1347.39,1353.3,331.313,2,0,
6,0.5,13,0.00038631,1,1199.83,1214.95,335.223,5,0,
6,0.5,14,0.000238536,1,1069.71,1075.04,249.419,2,0,
6,0.5,16,0.000366114,1,1325.12,1333.07,343.161,6,0,
6,0.5,17,0.000228807,1,1281.62,1286.42,301.802,2,0,
6,0.5,18,0.000301712,1,1239.35,1244.47,385.278,4,0,
6,0.5,19,0.000277749,1,1552.45,1553.52,417.555,4,0,
6,0.5,20,9.3604e-05,1,713.621,713.621,231.587,1,0,
6,0.5,21,0.000354511,1,1183.37,1189.15,382.222,3,0,
6,0.5,22,0.000440012,1,1183.65,1213.82,335.109,5,0,
6,0.5,23,0.000159378,1,851.966,851.966,292.962,1,0,
6,0.5,25,0.000275184,1,833.634,867.553,264.265,3,0,
7,0.5,2,0.000244977,1,1231.6,1236.52,336.94,2,0,
7,0.5,3,0.000318264,1,1478.16,1478.79,309.734,2,0,
7,0.5,5,0.00159937,1,883.077,914.838,300.251,26,0,
7,0.5,6,0.00300942,1,1290.46,1333.15,358.714,45,0,
7,0.5,8,0.000164448,1,973.557,973.557,389.675,1,0,
7,0.5,9,0.000412561,1,1370.5,1377.03,434.519,4,0,
7,0.5,7,0.0704789,1,995.761,1017.72,352.035,1039,0,
5,0.5,15,4.90373,1,1230.13,1351.91,359.525,61188,0,
7,0.5,11,0.00033807,1,1562.13,1568.04,331.313,2,0,
7,0.5,12,0.000336457,1,1513.42,1516.61,384.788,3,0,
7,0.5,13,0.00046079,1,1381.35,1396.47,335.223,5,0,
7,0.5,14,0.000308697,1,1406.1,1412.86,336.388,4,0,
7,0.5,16,0.000471541,1,1470.83,1478.78,343.161,6,0,
7,0.5,17,0.000203089,1,1349.82,1354.62,301.802,2,0,
7,0.5,18,0.000394487,1,1239.35,1244.47,385.278,4,0,
7,0.5,19,0.000343441,1,1724.78,1725.85,416.932,4,0,
7,0.5,20,0.000398974,1,940.211,962.135,242.611,6,0,
7,0.5,21,0.000305932,1,1381.08,1386.86,382.222,3,0,
7,0.5,23,0.000143368,1,982.997,982.997,292.962,1,0,
7,0.5,22,0.000629486,1,1338.05,1368.83,335.731,7,0,
7,0.5,25,0.00049819,1,1083.54,1118.08,264.265,6,0,
8,0.5,3,0.000333594,1,1669.23,1669.85,309.734,2,0,
8,0.5,5,0.00193169,1,1260.35,1296.92,382.083,27,0,
7,0.5,4,3.00589,1,1315.16,1336.37,370.132,60408,0,
8,0.5,8,0.000193642,1,1128.07,1128.07,389.675,1,0,
8,0.5,9,0.00110364,1,1627.29,1633.82,434.519,12,0,
8,0.5,7,0.136721,1,1310.06,1343.42,352.035,2078,0,
8,0.5,11,0.000370762,1,1628.42,1634.32,331.313,2,0,
8,0.5,12,0.000366383,1,1653.39,1656.59,384.788,3,0,
8,0.5,13,0.000444761,1,1665.89,1681.01,335.223,5,0,
8,0.5,14,0.000331219,1,1744.12,1750.88,338.021,4,0,
8,0.5,16,0.00057868,1,1573.57,1581.52,343.161,6,0,
8,0.5,17,0.000276587,1,1455.77,1460.58,301.802,2,0,
8,0.5,4,3.03504,1,1555.35,1578.15,370.132,60798,0,
8,0.5,18,0.000436215,1,1239.35,1244.47,385.278,4,0,
8,0.5,20,0.0004656,1,1041.74,1063.67,242.611,6,0,
8,0.5,21,0.000435652,1,1649.15,1654.93,382.222,3,0,
8,0.5,19,0.0200792,1,1932.41,1944.51,416.932,416,0,
8,0.5,23,0.00028327,1,1291.08,1291.7,308.704,2,0,
8,0.5,25,0.000840819,1,1222.16,1268.54,264.265,12,0,
8,0.5,22,0.0212823,1,1617.97,1664.68,335.109,389,0,
9,0.5,3,0.000338872,1,1728.2,1728.82,309.734,2,0,
9,0.5,5,0.001641,1,1405.95,1461.14,382.083,21,0,
5,0.5,1,30.0001,0,1013.73,1078.15,334.922,249176,0,
9,0.5,8,0.000304549,1,1381.54,1382.16,389.675,2,0,
9,0.5,9,0.00433612,1,1761.08,1772.69,434.519,66,0,
5,0.5,24,30,0,1029.8,1044.61,296.278,463497,0,
6,0.5,1,30,0,1172,1236.4,334.908,244502,0,
6,0.5,15,30,0,1443.72,1566.71,326.39,344542,0,
6,0.5,24,30.0001,0,1452.71,1473.17,422.904,455657,0,
7,0.5,1,30.0001,0,1428.37,1492.78,334.909,234016,0,
9,0.5,11,0.000512005,1,1809.23,1815.38,331.313,4,0,
9,0.5,12,0.000675802,1,1822.88,1827.26,384.788,6,0,
9,0.5,13,0.000770488,1,1928.31,1943.44,335.223,8,0,
9,0.5,14,0.00101235,1,2034.6,2041.98,338.021,13,0,
7,0.5,10,30,0,1250.06,1292.36,319.501,397335,0,
7,0.5,15,30.0001,0,1683.93,1806.92,326.39,337470,0,
7,0.5,24,30.0001,0,1469.39,1489.85,428.808,450844,0,
8,0.5,1,30,0,1692.95,1758.8,336.219,240142,0,
8,0.5,2,30,0,1429.5,1441.6,333.018,270771,0,
8,0.5,6,30.0001,0,1629.34,1680.58,358.714,338927,0,
9,0.5,16,0.000592167,1,1682.65,1690.6,343.161,6,0,
9,0.5,18,0.000356135,1,1470.88,1476.01,385.278,4,0,
9,0.5,17,0.000488271,1,1748.96,1754.39,301.802,3,0,
8,0.5,10,30,0,1488.96,1531.26,319.501,392962,0,
9,0.5,20,0.000509992,1,1223.49,1245.41,242.611,6,0,
9,0.5,21,0.000404275,1,1909.09,1914.87,382.222,3,0,
8,0.5,15,30.0001,0,2037.82,2084.75,363.118,341803,0,
9,0.5,23,0.000329625,1,1502.07,1502.69,308.704,2,0,
9,0.5,25,0.000803521,1,1517.33,1563.71,295.169,12,0,
10,0.5,3,0.000308706,1,2044.14,2044.76,315.94,2,0,
10,0.5,5,0.0102807,1,1694.22,1798.82,382.083,117,0,
10,0.5,8,0.000346197,1,1480.32,1480.94,389.675,2,0,
10,0.5,9,0.0046768,1,1842.42,1854.03,434.519,66,0,
8,0.5,24,30,0,1503.31,1523.75,428.808,443136,0,
9,0.5,1,30,0,2012.65,2044.64,322.05,249216,0,
10,0.5,11,0.00055166,1,1946.91,1953.06,331.313,4,0,
10,0.5,12,0.00146434,1,2203.14,2224.27,391.102,16,0,
9,0.5,2,30,0,1600.92,1613.79,333.739,280429,0,
9,0.5,4,30.036,0,1625.6,1659.37,369.509,393218,0,
10,0.5,14,0.0022132,1,2353.06,2366.34,338.021,30,0,
9,0.5,6,30.0001,0,1711.88,1763.12,358.714,341722,0,
9,0.5,7,30.0001,0,1414.12,1444.86,352.809,357054,0,
10,0.5,16,0.000563782,1,1894.37,1902.32,343.161,6,0,
10,0.5,17,0.000414865,1,1821.18,1826.61,301.802,3,0,
10,0.5,18,0.000646758,1,1803.28,1809.02,385.278,6,0,
10,0.5,20,0.000604428,1,1369.99,1391.92,242.611,6,0,
10,0.5,21,0.00135929,1,2124.1,2140.78,382.222,19,0,
10,0.5,23,0.000404484,1,1794.44,1795.07,308.704,2,0,
11,0.5,3,0.000769116,1,2209.12,2214.27,315.94,8,0,
9,0.5,10,30.0001,0,1671.74,1710.16,319.023,392564,0,
11,0.5,5,0.0105604,1,1748.53,1853.13,382.083,117,0,
9,0.5,15,30.0001,0,2142,2188.93,363.118,335990,0,
9,0.5,19,30,0,2087.52,2182.8,456.607,382152,0,
9,0.5,22,30.0001,0,1766.9,1814.38,335.109,359653,0,
9,0.5,24,30.0001,0,1735.06,1755.49,428.808,433730,0,
10,0.5,1,30.0001,0,2281.29,2313.27,322.05,243912,0,
10,0.5,2,30.0001,0,2028.28,2046.06,432.277,265695,0,
10,0.5,4,30.0001,0,1721.82,1755.59,369.509,383412,0,
10,0.5,6,30.0001,0,1899.55,1912.41,358.714,338092,0,
10,0.5,7,30.0001,0,1603.95,1634.69,352.809,342631,0,
11,0.5,8,0.000597405,1,1684.34,1701.37,389.675,4,0,
10,0.5,10,30.0001,0,1940.18,1978.57,318.931,375783,0,
10,0.5,13,30,0,1961.42,1989.56,335.223,405055,0,
11,0.5,11,0.00159493,1,2051.85,2076.48,333.886,16,0,
11,0.5,12,0.00740432,1,2488.44,2567.14,429.506,68,0,
11,0.5,9,0.0805921,1,2074.07,2091.98,434.519,1312,0,
11,0.5,14,0.00387609,1,2430.61,2444.95,338.021,51,0,
11,0.5,18,0.000668838,1,1970.14,1975.88,385.278,6,0,
11,0.5,17,0.17084,1,2181.26,2198.08,360.074,2317,0,
10,0.5,15,30,0,2241.24,2288,364.118,330595,0,
11,0.5,23,0.00112646,1,1868.89,1870.96,308.704,11,0,
11,0.5,21,0.00486926,1,2353.68,2381.11,382.222,97,0,
11,0.5,20,0.0112244,1,1521.18,1554,242.611,186,0,
10,0.5,19,30.0001,0,2116.08,2211.15,456.607,373485,0,
10,0.5,22,30,0,1931.74,1979.22,335.109,350185,0,
10,0.5,24,30,0,1801.77,1822.08,422.904,406658,0,
12,0.5,3,0.25256,1,2427.42,2442.39,318.513,3157,0,
10,0.5,25,30.0001,0,1675.35,1700.59,295.169,398199,0,
11,0.5,1,30.0002,0,2443.75,2475.74,322.05,234896,0,
11,0.5,2,30,0,2237.65,2255.93,432.277,251148,0,
12,0.5,5,0.0116811,1,1772.15,1876.76,382.083,117,0,
11,0.5,4,30,0,2039.77,2072.24,370.132,350235,0,
12,0.5,8,0.000566368,1,1784.59,1801.62,389.675,4,0,
11,0.5,6,30,0,1919.09,1931.9,358.714,332439,0,
11,0.5,7,30.0001,0,1733.71,1763.7,352.809,342620,0,
11,0.5,10,30,0,2074.68,2113.07,318.931,373180,0,
11,0.5,13,30.0001,0,2234.62,2262.76,335.223,393016,0,
11,0.5,15,30.0001,0,2669.8,2721.52,431.566,262935,0,
11,0.5,16,30.0001,0,2109.16,2166.58,342.455,296973,0,
11,0.5,19,30.0001,0,2304.64,2399.75,457.227,368549,0,
11,0.5,22,30.0001,0,2219.22,2269.27,335.109,340594,0,
11,0.5,25,30.0001,0,1789.08,1814.32,295.169,391798,0,
12,0.5,1,30,0,2745.55,2777.65,322.019,221247,0,
12,0.5,2,30.0001,0,2361.9,2380.17,432.277,241800,0,
12,0.5,18,0.0011241,1,2180.15,2197.29,385.278,12,0,
11,0.5,24,30.174,0,1893.92,1914.21,428.808,393218,0,
12,0.5,17,0.476361,1,2467.99,2485.44,360.696,5876,0,
12,0.5,4,30.0001,0,2326.38,2360.56,370.132,346255,0,
12,0.5,23,0.00121484,1,2096.29,2098.36,308.704,11,0,
12,0.5,6,30,0,1992.99,2005.74,358.714,322134,0,
12,0.5,7,30,0,1914.16,2009.36,353.413,244749,0,
12,0.5,9,30,0,2372.13,2391.51,434.519,402777,0,
13,0.5,3,1.37672,1,2707.21,2722.8,318.513,15660,0,
12,0.5,10,30,0,2211.56,2249.94,319.999,356902,0,
12,0.5,11,30.0001,0,2084.28,2115.25,337.492,363642,0,
13,0.5,5,0.0113552,1,1961.04,2065.64,382.083,117,0,
12,0.5,12,30.0001,0,2802.39,2857.67,396.18,288464,0,
12,0.5,13,30.0001,0,2405.43,2433.57,335.223,386707,0,
12,0.5,14,30.0001,0,2482.96,2506.21,338.021,313704,0,
12,0.5,15,30.0001,0,2744.11,2795.82,431.566,257012,0,
12,0.5,16,30.0001,0,2220.75,2278.17,342.455,286543,0,
12,0.5,19,30,0,2549.45,2647.54,456.607,360430,0,
12,0.5,20,30,0,1877.1,1924.83,363.288,418990,0,
12,0.5,21,30.0001,0,2614.79,2638.18,382.222,350575,0,
12,0.5,22,30,0,2461.78,2523.66,335.109,334509,0,
12,0.5,25,30,0,1835.34,1860.57,295.169,379070,0,
13,0.5,1,30,0,3009.2,3041.3,322.019,216065,0,
13,0.5,2,30.0001,0,2370.23,2388.5,432.277,241817,0,
13,0.5,17,0.00139214,1,2659.97,2677.41,360.074,14,0,
12,0.5,24,30.1822,0,1966.05,1986.34,428.808,393218,0,
13,0.5,18,0.00214713,1,2369.2,2387.04,385.278,32,0,
13,0.5,23,0.00124904,1,2209.38,2211.45,308.704,11,0,
13,0.5,4,30,0,2508.45,2542.62,370.132,337463,0,
13,0.5,6,30.0001,0,2229.66,2242.4,358.714,319775,0,
13,0.5,7,30.0001,0,2146.87,2242.07,353.413,240516,0,
13,0.5,8,30.0001,0,2048.07,2152.19,390.675,188288,0,
13,0.5,9,30,0,2402.78,2422.14,440.423,394325,0,
13,0.5,10,30,0,2356.08,2394.44,319.253,348920,0,
13,0.5,11,30,0,2194.38,2225.35,338.382,359397,0,
13,0.5,12,30,0,2993.26,3048.49,396.18,277484,0,
13,0.5,13,30,0,2480.97,2509.11,335.223,387506,0,
13,0.5,14,30.0001,0,2612.53,2635.78,338.021,309505,0,
13,0.5,15,30.0001,0,3021.41,3066.64,429.948,247589,0,
13,0.5,16,30.0001,0,2240.61,2298.03,342.455,282137,0,
14,0.5,3,23.215,1,2961.44,2985.51,318.513,247838,0,
13,0.5,20,30,0,1953.41,2001.14,363.288,414314,0,
13,0.5,21,30,0,3040.8,3064.59,426.015,327892,0,
13,0.5,19,30.0001,0,2690.79,2788.88,456.607,350239,0,
13,0.5,22,30.0001,0,2601.67,2663.51,335.109,324436,0,
13,0.5,24,30.0001,0,2265.27,2285.56,422.904,380843,0,
13,0.5,25,30.0001,0,1882.85,1908.08,295.169,369857,0,
14,0.5,1,30.0001,0,3377.54,3409.64,368.338,208032,0,
14,0.5,2,30.0001,0,2642.71,2660.99,432.277,236096,0,
14,0.5,18,0.0023005,1,2490.3,2508.14,385.278,32,0,
14,0.5,4,30.0001,0,2551.27,2585.43,370.132,329557,0,
14,0.5,5,30.0001,0,2315.15,2328.35,377.275,291115,0,
14,0.5,23,0.562402,1,2381.17,2395.07,308.704,8287,0,
14,0.5,6,30.0001,0,2498.36,2525.14,358.714,290387,0,
14,0.5,17,3.37946,1,2957.93,2987.19,360.696,39661,0,
14,0.5,7,30,0,2323.55,2418.74,353.413,233435,0,
14,0.5,8,30.0002,0,2273.64,2377.77,390.675,185418,0,
14,0.5,9,30,0,2474.88,2494.24,440.423,392664,0,
14,0.5,10,30.0001,0,2511.2,2549.53,318.935,336818,0,
14,0.5,11,30.0001,0,2297.19,2339.1,333.886,325923,0,
14,0.5,12,30.0001,0,3382.93,3436.73,420.771,279669,0,
14,0.5,13,30.0001,0,2598.58,2648.7,335.223,329150,0,
14,0.5,14,30,0,2709.34,2745.37,348.292,343541,0,
14,0.5,15,30.0001,0,3222.75,3267.97,430.725,238950,0,
14,0.5,16,30,0,2519.06,2576.47,342.455,272441,0,
14,0.5,19,30.0001,0,2928.09,3025.37,457.23,325555,0,
14,0.5,21,30.0001,0,3179.85,3219.66,438.7,323890,0,
14,0.5,20,30.0001,0,2296.62,2323.08,363.288,365170,0,
14,0.5,22,30,0,2814.95,2876.49,335.109,320286,0,
14,0.5,24,30.0001,0,2518.07,2538.41,428.808,380224,0,
14,0.5,25,30.0001,0,2317.28,2340.25,444.627,315634,0,
15,0.5,1,30.0001,0,3568.81,3600.91,368.338,199708,0,
15,0.5,2,30.0001,0,2732.28,2750.56,432.277,233598,0,
15,0.5,3,30.0001,0,3173.51,3197.93,318.513,314679,0,
15,0.5,4,30.0001,0,2758.35,2792.6,369.509,332260,0,
15,0.5,5,30.0001,0,2587.23,2602.88,377.275,285443,0,
15,0.5,6,30,0,2711.99,2740.98,358.714,269773,0,
15,0.5,7,30.0001,0,2408.37,2503.57,353.413,231279,0,
15,0.5,8,30.0002,0,2404.43,2508.55,390.675,180119,0,
15,0.5,9,30,0,2731.62,2742.75,434.519,314085,0,
15,0.5,10,30,0,2705,2759.93,313.851,389656,0,
15,0.5,11,30,0,2672.66,2707.48,382.473,307441,0,
15,0.5,12,30,0,3535.37,3589.17,421.771,270024,0,
15,0.5,13,30.0001,0,2877.34,2932.97,346.616,300009,0,
15,0.5,14,30,0,3073.23,3125.18,380.748,331698,0,
15,0.5,15,30.0001,0,3366.78,3414.93,430.725,233871,0,
15,0.5,16,30.0001,0,2840.11,2919.37,342.464,270694,0,
15,0.5,17,30.0001,0,3293.92,3325.22,364.085,323742,0,
15,0.5,18,30,0,2490.3,2514.84,385.278,401676,0,
15,0.5,19,30.0001,0,3246.9,3337.87,456.607,217436,0,
15,0.5,22,30,0,2870.1,2931.59,335.109,312087,0,
15,0.5,20,30.0001,0,2452.93,2479.36,363.288,348248,0,
15,0.5,21,30,0,3203.08,3242.86,437.408,313575,0,
15,0.5,23,30.0001,0,2669.49,2683.21,308.081,280089,0,
15,0.5,24,30.0001,0,2852.61,2873.12,422.904,373493,0,
15,0.5,25,30.0001,0,2399.89,2422.86,444.627,286583,0,
16,0.5,1,30.0001,0,3756.18,3788.28,368.338,193975,0,
16,0.5,2,30.0001,0,3010.57,3028.84,432.277,225219,0,
16,0.5,3,30.0001,0,3329.95,3354.25,325.513,307819,0,
16,0.5,4,30,0,2887.62,2921.84,370.129,318240,0,
16,0.5,5,30,0,2774.05,2789.7,377.275,268749,0,
16,0.5,6,30.0001,0,3068.11,3097.1,358.714,261533,0,
16,0.5,7,30.0001,0,2761.61,2861.62,358.05,226448,0,
16,0.5,8,30.0002,0,2490.09,2594.22,390.675,175848,0,
16,0.5,9,30,0,2896.6,2907.73,434.519,304043,0,
16,0.5,10,30.0001,0,2975.43,3032.57,319.108,344609,0,
16,0.5,11,30.0001,0,2730.89,2765.62,379.473,302959,0,
16,0.5,12,30.0001,0,3724.35,3778.16,420.771,257553,0,
16,0.5,13,30.0001,0,3252.59,3285.45,378.252,231318,0,
16,0.5,14,30,0,3318.69,3370.69,380.748,298839,0,
16,0.5,15,30.0002,0,3613.75,3654.18,428.566,199077,0,
16,0.5,16,30.0001,0,3156.94,3241.17,342.464,256689,0,
16,0.5,17,30,0,3608.32,3639.73,365.453,317481,0,
16,0.5,18,30.0001,0,2580.21,2604.7,380.47,398878,0,
16,0.5,19,30.0001,0,3280.44,3371.4,456.607,216331,0,
16,0.5,20,30,0,2736.98,2762.8,363.288,343131,0,
16,0.5,21,30,0,3358.11,3396.99,441.319,274133,0,
16,0.5,22,30,0,3081.46,3142.88,335.109,286921,0,
16,0.5,23,30.0001,0,2906.04,2919.06,308.081,281839,0,
16,0.5,24,30.0001,0,3041.67,3062.53,428.808,367357,0,
16,0.5,25,30.0001,0,2710.17,2736.59,444.475,274219,0,
17,0.5,1,30.0001,0,3792.29,3824.39,368.338,190175,0,
17,0.5,2,30.0001,0,3173.64,3191.92,432.277,218498,0,
17,0.5,3,30.0001,0,3650.03,3679.5,322.086,184339,0,
17,0.5,4,30.0001,0,3134.13,3170.65,370.132,278432,0,
17,0.5,5,30.0001,0,3062.68,3079.99,382.083,263626,0,
17,0.5,6,30.0001,0,3382.51,3392.53,358.714,287545,0,
17,0.5,7,30,0,2882.41,2982.42,358.05,221348,0,
17,0.5,8,30.0001,0,2890.04,2994.07,399.946,175605,0,
17,0.5,9,30.0001,0,3153.92,3165.3,434.519,291085,0,
17,0.5,10,30.0001,0,3073.87,3131.01,318.658,340627,0,
17,0.5,11,30,0,2993.51,3028.14,394.628,272817,0,
17,0.5,12,30.0001,0,3805.53,3859.34,420.771,251175,0,
17,0.5,13,30.0001,0,3418.14,3450.99,378.274,223488,0,
17,0.5,14,30.0001,0,3350.36,3402.35,380.748,295007,0,
17,0.5,15,30.0001,0,3928.03,3968.46,428.566,194252,0,
17,0.5,16,30.0001,0,3368.94,3453.16,342.445,240141,0,
17,0.5,17,30.0001,0,3822.84,3859.81,371.466,311251,0,
17,0.5,18,30.0001,0,2708.47,2732.95,385.278,393096,0,
17,0.5,19,30.0001,0,3314.66,3405.62,457.23,211673,0,
17,0.5,20,30,0,2835.05,2860.87,363.288,329718,0,
17,0.5,21,30,0,3704,3749.98,437.408,229378,0,
17,0.5,22,30.0001,0,3289.22,3352.1,335.109,285883,0,
17,0.5,23,30,0,3271.79,3285.97,365.755,271974,0,
17,0.5,24,30,0,3214.69,3235.48,422.904,349145,0,
17,0.5,25,30.0001,0,3021.69,3047.83,444.627,256627,0,
18,0.5,1,30.0001,0,4053.61,4085.68,368.338,183083,0,
18,0.5,2,30,0,3451.12,3469.39,432.277,212295,0,
18,0.5,3,30,0,3713.14,3742.61,322.086,180074,0,
18,0.5,4,30.0001,0,3207.54,3243.97,370.132,271232,0,
18,0.5,5,30.0001,0,3347.86,3373.4,377.275,288197,0,
18,0.5,6,30.0001,0,3551.6,3561.62,358.714,279209,0,
18,0.5,7,30,0,2969.24,3069.24,358.05,221100,0,
18,0.5,8,30.0001,0,3151.6,3255.63,399.946,173463,0,
18,0.5,9,30.0001,0,3287.81,3298.94,434.519,272055,0,
18,0.5,10,30,0,3342.13,3361.64,313.851,235409,0,
18,0.5,11,30.0001,0,3077.02,3111.74,379.473,275541,0,
18,0.5,12,30.0001,0,4009.86,4076.36,420.777,237093,0,
18,0.5,13,30.0001,0,3460.88,3493.73,378.274,221166,0,
18,0.5,14,30.0001,0,3692.4,3717.38,363.889,247961,0,
18,0.5,15,30,0,4206.02,4246.45,428.566,189183,0,
18,0.5,16,30.0001,0,3772.25,3880.18,404.307,204819,0,
18,0.5,17,30.0001,0,4075.68,4112.12,372.089,304401,0,
18,0.5,18,30.0001,0,2806.81,2856.58,408.844,244604,0,
18,0.5,19,30.0001,0,3499.34,3589.96,450.521,204387,0,
18,0.5,20,30.0001,0,3075.42,3102.83,355.921,246980,0,
18,0.5,21,30.0001,0,4009.35,4021.27,426.015,218122,0,
18,0.5,22,30.0001,0,3561.04,3610.09,335.109,248173,0,
18,0.5,23,30,0,3419.75,3433.92,366.378,267189,0,
18,0.5,24,30.0001,0,3298.89,3326.29,428.808,301426,0,
18,0.5,25,30.0001,0,3185.16,3211.31,444.627,255293,0,
19,0.5,1,30.0001,0,4171.99,4204.06,368.338,180638,0,
19,0.5,2,30,0,3681.3,3699.57,432.277,204652,0,
19,0.5,3,30.0001,0,3872.43,3901.89,322.086,178116,0,
19,0.5,4,30.0001,0,3243.34,3279.77,370.132,266877,0,
19,0.5,5,30.0001,0,3464.6,3493.4,382.083,264126,0,
19,0.5,6,30.0001,0,3862.36,3872.74,358.714,265231,0,
19,0.5,7,30.0001,0,3129.37,3229.37,358.05,215635,0,
19,0.5,8,30.0001,0,3171.41,3275.35,400.568,165388,0,
19,0.5,9,30.0001,0,3673.28,3743.21,444.272,259717,0,
19,0.5,10,30,0,3349.65,3369.15,313.851,233811,0,
19,0.5,11,30.0001,0,3302.53,3336.25,379.473,258875,0,
19,0.5,12,30,0,4113.78,4180.28,420.777,222177,0,
19,0.5,13,30.0001,0,3698.01,3730.85,378.268,212668,0,
19,0.5,14,30.0001,0,3987.27,4012.28,363.889,234845,0,
19,0.5,15,30.0001,0,4350.92,4391.97,428.566,192512,0,
19,0.5,16,30,0,4012.39,4120.33,404.307,192553,0,
19,0.5,17,30,0,4166.1,4206.02,383.669,218935,0,
19,0.5,18,30,0,3145.88,3169.96,394.079,266523,0,
19,0.5,19,30.0001,0,3563.72,3654.34,450.521,202263,0,
19,0.5,20,30.0001,0,3087.92,3115.33,355.921,244871,0,
19,0.5,21,30.0001,0,4402.67,4414.6,426.015,214388,0,
19,0.5,22,30.0001,0,3742.6,3791.65,335.109,239265,0,
19,0.5,23,30.0001,0,3598.21,3612.3,366.378,250259,0,
19,0.5,24,30.0001,0,3436.15,3463.55,422.904,295014,0,
19,0.5,25,30.0001,0,3328.2,3369.14,444.627,246603,0,
20,0.5,1,30.0001,0,4390.36,4422.43,368.338,177182,0,
20,0.5,2,30.0002,0,3688.36,3706.63,432.277,202618,0,
20,0.5,3,30,0,4030.97,4060.44,322.086,174547,0,
20,0.5,4,30.0001,0,3314.29,3350.72,369.509,256184,0,
20,0.5,5,30.0001,0,3855.34,3891.73,402.14,226313,0,
20,0.5,6,30,0,3890.44,3900.78,358.714,255510,0,
20,0.5,7,30.0001,0,3449.9,3548.89,358.05,203538,0,
20,0.5,8,30.0002,0,3415.43,3519.37,400.568,163849,0,
20,0.5,9,30.0001,0,3782.78,3852.71,444.272,247591,0,
20,0.5,10,30.0002,0,3593.43,3612.79,313.851,227571,0,
20,0.5,12,30.0001,0,4413.62,4480.12,420.777,213125,0,
20,0.5,13,30.0002,0,3805.09,3837.93,378.268,208849,0,
20,0.5,11,30.0001,0,3497.02,3534.34,395.333,252263,0,
20,0.5,14,30.0001,0,4273.33,4298.58,363.889,228626,0,
20,0.5,15,30.0001,0,4587.88,4628.93,428.566,182449,0,
20,0.5,16,30.0001,0,4267.04,4374.97,404.307,191250,0,
20,0.5,17,30.0001,0,4411.11,4449.78,360.074,265133,0,
20,0.5,18,30,0,3420.9,3444.9,394.04,250957,0,
20,0.5,19,30.0001,0,3726.38,3817,450.521,196230,0,
20,0.5,20,30.0001,0,3381.66,3409.07,355.921,232508,0,
20,0.5,21,30.0002,0,4741.96,4753.88,426.015,200844,0,
20,0.5,22,30.0001,0,4049.41,4095.19,346.471,245117,0,
20,0.5,23,30.0001,0,3719.74,3733.82,366.378,246215,0,
20,0.5,24,30.0001,0,3609.35,3650.58,431.618,279171,0,
20,0.5,25,30.0001,0,3571.3,3611.66,444.054,240591,0,
21,0.5,1,30,0,4485.73,4517.8,368.338,173596,0,
21,0.5,2,30.0001,0,3938.25,3956.52,432.277,194318,0,
21,0.5,3,30.0002,0,4030.97,4060.44,322.086,172748,0,
21,0.5,4,30,0,3667.44,3714.8,370.132,246800,0,
21,0.5,5,30.0001,0,3947.63,3984.02,402.14,219276,0,
21,0.5,6,30.0001,0,4052.03,4062.34,359.336,247207,0,
21,0.5,7,30,0,3699.45,3798.43,358.05,195124,0,
21,0.5,8,30,0,3675.8,3780.32,399.946,170276,0,
21,0.5,9,30.0001,0,3885.83,3955.77,444.272,243888,0,
21,0.5,10,30.0001,0,3886,3905.34,313.851,220465,0,
21,0.5,11,30.0001,0,3541.64,3578.96,395.333,247796,0,
21,0.5,12,30.0001,0,4621.61,4705.07,389.67,179327,0,
21,0.5,13,30.0001,0,3812.97,3845.81,378.268,206796,0,
21,0.5,14,30,0,4516.69,4541.91,363.889,218347,0,
21,0.5,15,30.0002,0,4821.44,4862.49,428.566,177567,0,
21,0.5,16,30.0001,0,4416.8,4524.73,404.307,185053,0,
21,0.5,17,30.0002,0,4639.65,4713.26,404.97,131705,0,
21,0.5,18,30.0001,0,3620.94,3644.92,385.278,244859,0,
21,0.5,19,30.0002,0,4056.94,4147.28,456.607,189692,0,
21,0.5,20,30.0001,0,3678.07,3708.15,355.921,229841,0,
21,0.5,21,30.0001,0,4885.26,4897.19,426.015,188831,0,
21,0.5,22,30.0001,0,4215.55,4261.33,345.471,243102,0,
21,0.5,23,30.0001,0,3944.62,3958.68,365.755,232198,0,
21,0.5,24,30,0,3878.07,3922.34,437.521,242647,0,
21,0.5,25,30.0001,0,3906.53,3944.41,445.054,227206,0,
22,0.5,1,30.0001,0,4829.43,4863.98,368.338,167717,0,
22,0.5,2,30,0,4272.01,4290.28,432.277,187799,0,
22,0.5,3,30.0002,0,4108.11,4137.58,322.086,167553,0,
22,0.5,4,30,0,3946.39,3988.18,370.132,235492,0,
22,0.5,5,30.0001,0,4218.06,4254.44,402.14,211845,0,
22,0.5,6,30.0001,0,4052.03,4062.34,359.625,246576,0,
22,0.5,7,30.0001,0,3930.58,4049.16,358.05,190901,0,
22,0.5,8,30.0001,0,3921.4,4025.92,399.946,166104,0,
22,0.5,9,30.0001,0,4094.51,4164.44,444.272,234242,0,
22,0.5,10,30.0001,0,4120.71,4140.06,313.851,216363,0,
22,0.5,11,30.0001,0,3900.06,3937.3,395.333,240126,0,
22,0.5,12,30.0001,0,4737.09,4820.54,389.67,171615,0,
22,0.5,13,30.0001,0,3892.39,3925.24,378.268,197406,0,
22,0.5,14,30,0,4853,4890.34,363.889,208528,0,
22,0.5,15,30.0001,0,5006.34,5047.39,428.566,174595,0,
22,0.5,16,30.0003,0,4698,4806.55,404.307,182469,0,
22,0.5,17,30.0002,0,4989.27,5062.87,404.97,125776,0,
22,0.5,18,30.0001,0,3831.41,3855.36,393.04,238773,0,
22,0.5,19,30.0001,0,4455.61,4539.86,450.521,185224,0,
22,0.5,20,30.0001,0,4008.89,4038.96,355.921,226168,0,
22,0.5,21,30.0001,0,5253.91,5349.9,426.015,163996,0,
22,0.5,22,30.0001,0,4379.57,4425.34,346.471,236456,0,
22,0.5,23,30.0001,0,4303.55,4352.38,365.755,193283,0,
22,0.5,24,30.0001,0,4207.47,4262.54,437.521,227139,0,
22,0.5,25,30,0,4084.9,4122.77,445.054,225570,0,
23,0.5,1,30.0002,0,5021.05,5055.61,368.338,164867,0,
23,0.5,2,30.0001,0,4332.53,4350.81,432.277,179482,0,
23,0.5,3,30.0001,0,4270.28,4299.74,322.086,158208,0,
23,0.5,4,30.0001,0,4238.61,4265,369.509,216175,0,
23,0.5,5,30.0001,0,4488.28,4524.67,402.14,205603,0,
23,0.5,6,30.0001,0,4068.32,4078.58,359.336,235634,0,
23,0.5,7,30.0001,0,4034.29,4152.87,358.05,188655,0,
23,0.5,8,30.0002,0,3995.36,4099.88,399.946,160556,0,
23,0.5,9,30.0001,0,4312.19,4388.14,450.291,235909,0,
23,0.5,10,30.0001,0,4270.29,4289.63,313.851,210886,0,
23,0.5,11,30.0001,0,4049.3,4086.54,395.333,232341,0,
23,0.5,12,30.0001,0,4944.69,5028.15,389.67,167631,0,
23,0.5,13,30.0001,0,3944.17,3977.01,378.268,195437,0,
23,0.5,14,30.0437,0,5173.45,5220.82,363.889,196614,0,
23,0.5,15,30.0001,0,5346.48,5388.15,428.566,166257,0,
23,0.5,17,30.0002,0,5265.91,5339.52,404.97,122478,0,
23,0.5,16,30,0,4995.65,5104.6,404.93,179094,0,
23,0.5,18,30.0001,0,4024.13,4048.01,393.335,229196,0,
23,0.5,19,30.0001,0,4632.07,4716.12,459.607,179978,0,
23,0.5,20,30,0,4337.29,4367.35,355.921,218828,0,
23,0.5,21,30.0002,0,5525.64,5621.63,426.015,158850,0,
23,0.5,22,30.0001,0,4379.57,4425.34,346.471,234107,0,
23,0.5,23,30.0001,0,4667.69,4716.51,365.755,185438,0,
23,0.5,24,30.0001,0,4530.32,4564.57,422.904,182368,0,
23,0.5,25,30.0001,0,4285.57,4323.35,444.054,216537,0,
24,0.5,1,30,0,5258.43,5292.98,368.338,158052,0,
24,0.5,2,30.0001,0,4516.26,4534.54,432.277,174573,0,
24,0.5,3,30.0001,0,4496.28,4525.75,322.086,156486,0,
24,0.5,4,30.0001,0,4358.89,4385.34,369.509,207835,0,
24,0.5,5,30.0001,0,4738.88,4763.3,390.748,182119,0,
24,0.5,6,30.0001,0,4272.57,4293.19,358.714,226806,0,
24,0.5,7,30.0001,0,4246.1,4364.69,358.05,182510,0,
24,0.5,8,30.0002,0,4205.94,4310.46,399.946,160257,0,
24,0.5,9,30.0001,0,4449.15,4525.1,450.291,226323,0,
24,0.5,10,30.0001,0,4343.35,4362.69,313.851,209452,0,
24,0.5,12,30.0001,0,4971.21,5054.67,389.67,166020,0,
24,0.5,11,30.0001,0,4434.55,4472.79,395.333,216336,0,
24,0.5,13,30.0002,0,4126.69,4159.53,378.268,191068,0,
24,0.5,14,30.0002,0,5410.2,5459.45,363.889,210872,0,
24,0.5,16,30.0001,0,4995.65,5104.6,404.704,176008,0,
24,0.5,15,30.0002,0,5419.56,5461.23,428.566,159540,0,
24,0.5,17,30.0003,0,5517.74,5591.35,404.97,121259,0,
24,0.5,18,30.0001,0,4243.15,4266.99,393.279,221232,0,
24,0.5,19,30.0001,0,4880.23,4964.34,416.932,169585,0,
24,0.5,20,30.0001,0,4460.22,4490.26,355.921,215406,0,
24,0.5,21,30,0,5828.88,5924.87,426.015,153305,0,
24,0.5,22,30.0001,0,4663.09,4704.82,335.109,188682,0,
24,0.5,23,30,0,4758.84,4807.66,365.755,182497,0,
24,0.5,24,30,0,4803.53,4837.77,422.904,174925,0,
24,0.5,25,30,0,4407.47,4445.26,444.054,209371,0,
25,0.5,1,30.0002,0,5387.65,5422.21,368.338,155523,0,
25,0.5,2,30.0001,0,4744.99,4763.26,432.277,168509,0,
25,0.5,3,30.0001,0,4612.99,4642.45,322.086,147874,0,
25,0.5,4,30.0001,0,4371.92,4398.37,369.509,204231,0,
25,0.5,5,30.0002,0,4839.13,4863.5,390.748,176262,0,
25,0.5,6,30,0,4411.89,4432.5,359.336,223765,0,
25,0.5,7,30.0002,0,4506.12,4624.71,358.05,177227,0,
25,0.5,8,30.0002,0,4350.62,4455.14,399.946,153704,0,
25,0.5,9,30.0001,0,4774.06,4870.07,450.291,212404,0,
25,0.5,10,30.0001,0,4468.82,4488.08,313.851,202473,0,
25,0.5,11,30.0001,0,4727.92,4768.16,396.333,200731,0,
25,0.5,12,30.0002,0,5269.3,5352.76,389.67,158745,0,
25,0.5,13,30.0001,0,4388.47,4421.31,378.27,182981,0,
25,0.5,14,30.0001,0,5429.77,5478.96,363.889,203165,0,
25,0.5,15,30.0002,0,5819.94,5861.66,428.566,155479,0,
25,0.5,16,30.0001,0,5195.6,5304.55,405.307,168971,0,
25,0.5,17,30.0001,0,5517.74,5591.35,404.97,118057,0,
25,0.5,18,30.0001,0,4506.63,4530.39,393.135,210807,0,
25,0.5,19,30.0001,0,5041.23,5125.34,416.932,167303,0,
25,0.5,20,30.0001,0,4710.82,4740.86,355.921,206541,0,
25,0.5,21,30,0,6102.69,6198.68,426.015,146188,0,
25,0.5,22,30.0002,0,4701.15,4742.75,344.471,182878,0,
25,0.5,23,30.0001,0,4970.91,5019.74,365.755,172949,0,
25,0.5,24,30.0001,0,4944.17,4978.42,422.904,167884,0,
25,0.5,25,30.0001,0,4429.32,4467.1,444.054,206088,0,
26,0.5,1,30.0002,0,5505.73,5540.28,368.338,147850,0,
26,0.5,2,30,0,5040.16,5058.43,432.277,158167,0,
26,0.5,3,30.0001,0,4646.97,4676.43,322.086,141981,0,
26,0.5,4,30.0002,0,4585.09,4611.54,369.509,195020,0,
26,0.5,5,30.0001,0,4877.47,4901.82,390.748,171839,0,
26,0.5,6,30.0001,0,4587.61,4608.18,358.714,213578,0,
26,0.5,7,30.0002,0,4878.2,5002.81,378.096,170457,0,
26,0.5,8,30.0002,0,4635.86,4740.39,399.946,148569,0,
26,0.5,9,30.0001,0,5053.99,5149.89,450.291,206072,0,
26,0.5,10,30.0001,0,4468.82,4488.07,313.851,196074,0,
26,0.5,11,30.0001,0,5031.49,5071.92,386.866,201433,0,
26,0.5,12,30.0002,0,5330.72,5414.13,389.67,154337,0,
26,0.5,13,30.0002,0,4609.53,4642.36,378.264,177188,0,
26,0.5,14,30.0001,0,5623.75,5672.78,364.145,197016,0,
26,0.5,15,30.0001,0,5962.83,6004.55,428.566,150260,0,
26,0.5,16,30.0001,0,5352.55,5461.51,405.317,161969,0,
26,0.5,18,30.0002,0,4906.58,4941.9,411.338,207231,0,
26,0.5,17,30.0002,0,5794.54,5868.14,404.97,119646,0,
26,0.5,19,30.0002,0,5258.12,5342.23,416.932,160910,0,
26,0.5,20,30.0001,0,4754.87,4784.92,355.921,205314,0,
26,0.5,21,30.0002,0,6254.39,6350.38,426.015,143213,0,
26,0.5,22,30.0002,0,4991.75,5033.29,335.109,176213,0,
26,0.5,23,30.0002,0,5159.65,5208.47,365.755,173163,0,
26,0.5,24,30.0001,0,5107.87,5142.12,422.904,168174,0,
26,0.5,25,30.0001,0,4640.1,4688.63,434.432,186660,0,
27,0.5,1,30.0001,0,5611.68,5646.24,368.338,148003,0,
27,0.5,2,30.0001,0,5160.48,5178.75,432.277,158400,0,
27,0.5,3,30.0002,0,4688.86,4718.33,322.086,143573,0,
27,0.5,4,30.0001,0,4872.68,4901.02,380.902,189650,0,
27,0.5,5,30.0001,0,4930.76,4955.1,390.748,166439,0,
27,0.5,6,30.0001,0,4896.5,4952.32,358.714,192511,0,
27,0.5,7,30.0002,0,5106.13,5298.16,372.076,164969,0,
27,0.5,8,30.0001,0,4884.61,4989.14,399.946,143013,0,
27,0.5,9,30.0002,0,5326.3,5383.84,434.519,147516,0,
27,0.5,10,30.0001,0,4800.07,4826.3,331.259,182226,0,
27,0.5,11,30.0001,0,5066.07,5106.45,385.255,198254,0,
27,0.5,12,30.0001,0,5408.4,5491.81,389.67,154621,0,
27,0.5,13,30.0002,0,4952.36,4997.93,375.252,171966,0,
27,0.5,14,30.0001,0,5749.4,5798.3,364.145,193143,0,
27,0.5,15,30.0001,0,6321.01,6362.73,428.566,147854,0,
27,0.5,16,30.0002,0,5575.84,5677.76,429.387,117645,0,
27,0.5,17,30.0001,0,6012.59,6088.14,406.528,110695,0,
27,0.5,18,30.0001,0,5181.58,5216.84,411.338,201352,0,
27,0.5,20,30.0001,0,4877.38,4907.42,355.921,199838,0,
27,0.5,19,30.0001,0,5416.08,5500.19,416.932,157659,0,
27,0.5,21,30.0001,0,6395.06,6491.05,426.015,142377,0,
27,0.5,22,30.0001,0,5116.82,5158.36,335.109,173242,0,
27,0.5,23,30.0001,0,5455.38,5504.2,365.755,168057,0,
27,0.5,24,30.0001,0,5157.31,5191.56,422.904,164807,0,
27,0.5,25,30,0,4701.56,4750.09,434.432,182031,0,
28,0.5,1,30.0002,0,5852.34,5886.9,368.338,143915,0,
28,0.5,2,30.0001,0,5463.87,5482.14,432.277,153072,0,
28,0.5,3,30.0002,0,4855.97,4885.43,322.086,140466,0,
28,0.5,4,30.0002,0,5062.3,5090.64,380.902,189261,0,
28,0.5,5,30.0002,0,5090.75,5115.1,390.748,164991,0,
28,0.5,6,30.0002,0,4910.58,4966.25,358.714,190505,0,
28,0.5,7,30.0001,0,5407.6,5599.63,372.076,156201,0,
28,0.5,8,30.0003,0,4982.22,5086.59,399.946,138274,0,
28,0.5,9,30.0001,0,5501.68,5559.21,434.519,141222,0,
28,0.5,11,30.0001,0,5338.61,5378.93,385.255,195686,0,
28,0.5,10,30.0001,0,4969.16,4995.33,331.259,175268,0,
28,0.5,13,30.0002,0,5286.17,5331.71,375.252,163887,0,
28,0.5,14,30.0001,0,5895.29,5944.14,363.889,189047,0,
28,0.5,12,30.0002,0,5531.38,5614.8,389.67,153123,0,
28,0.5,15,30.0002,0,6588.73,6630.46,428.566,142903,0,
28,0.5,16,30.0002,0,5685.65,5787.57,429.387,116551,0,
28,0.5,17,30.0002,0,6046.29,6121.83,406.51,111284,0,
28,0.5,18,30.0001,0,5476.79,5508.62,399.946,166072,0,
28,0.5,19,30.0001,0,5561.6,5645.71,416.932,154989,0,
28,0.5,20,30.0001,0,5067.22,5097.26,355.921,193158,0,
28,0.5,21,30.0002,0,6558.53,6654.52,426.015,141497,0,
28,0.5,22,30.0001,0,5228.25,5269.79,335.109,171216,0,
28,0.5,23,30.0002,0,5812.92,5862.78,365.755,163211,0,
28,0.5,24,30.0002,0,5503.35,5537.59,422.904,158854,0,
28,0.5,25,30.0001,0,4797.25,4845.78,434.432,181502,0,
29,0.5,1,30.0002,0,5882.76,5917.31,368.338,141381,0,
29,0.5,2,30.0002,0,5838.79,5857.26,432.277,145675,0,
29,0.5,3,30.0004,0,5037.57,5067.03,322.086,134315,0,
29,0.5,4,30.0001,0,5246.71,5286.16,380.902,176774,0,
29,0.5,5,30.0001,0,5335.39,5359.74,390.748,154288,0,
29,0.5,6,30.0002,0,5070.03,5125.7,358.714,183108,0,
29,0.5,7,30.0001,0,5808.99,6018.65,403.01,146183,0,
29,0.5,8,30.0003,0,5200.39,5306.76,400.568,132194,0,
29,0.5,9,30.0001,0,5740.39,5797.92,434.519,137920,0,
29,0.5,10,30.0001,0,5163.51,5189.67,331.259,171215,0,
29,0.5,11,30.0002,0,5629.9,5653.26,385.255,156276,0,
29,0.5,12,30.0001,0,5743.14,5826.55,389.67,151635,0,
29,0.5,13,30.0001,0,5547.5,5604.83,375.252,158038,0,
29,0.5,14,30.0001,0,6104.14,6152.99,363.889,185286,0,
29,0.5,15,30.0001,0,6744.67,6786.39,428.566,140221,0,
29,0.5,16,30.0001,0,5913.81,6015.73,429.387,112308,0,
29,0.5,17,30.0002,0,6227.79,6303.3,406.681,108721,0,
29,0.5,18,30.0001,0,5514.72,5546.55,399.946,161202,0,
29,0.5,19,30.0001,0,5605.17,5689.27,416.932,152873,0,
29,0.5,20,30,0,5144.15,5174.19,355.921,186525,0,
29,0.5,21,30.0001,0,6685.17,6781.16,426.015,139869,0,
29,0.5,22,30.0002,0,5420.23,5461.68,335.109,163421,0,
29,0.5,23,30.0001,0,6007.87,6057.73,365.755,157323,0,
29,0.5,24,30.0002,0,5549.09,5583.33,422.904,155411,0,
29,0.5,25,30.0002,0,4874.45,4922.99,434.432,177646,0,
30,0.5,1,30.0002,0,6125.79,6160.35,368.338,138082,0,
30,0.5,2,30.0001,0,6003.91,6022.37,432.277,144015,0,
30,0.5,3,30.0002,0,5100.4,5129.87,322.086,134348,0,
30,0.5,4,30.0001,0,5538.01,5577.45,380.902,170387,0,
30,0.5,5,30.0001,0,5499.1,5523.45,390.748,153087,0,
30,0.5,6,30.0002,0,5302.59,5369.71,358.714,176639,0,
30,0.5,7,30.0001,0,6225.92,6437.76,417.932,141137,0,
30,0.5,8,30.0001,0,5333.94,5440.31,400.568,131692,0,
30,0.5,9,30.0002,0,5838.45,5895.98,434.519,137267,0,
30,0.5,10,30.0001,0,5608.44,5634.59,444.927,162080,0,
30,0.5,11,30.0002,0,5894.08,5917.36,385.255,149070,0,
30,0.5,12,30.0002,0,6028.46,6111.56,389.67,147369,0,
30,0.5,13,30.0002,0,5874.14,5931.42,375.252,149224,0,
30,0.5,14,30.0002,0,6291.92,6340.76,363.889,184753,0,
30,0.5,15,30.0002,0,7037.18,7078.9,428.566,134799,0,
30,0.5,16,30.0003,0,6193.39,6295.31,429.387,110241,0,
30,0.5,17,30.0002,0,6461.16,6536.6,405.872,105820,0,
30,0.5,18,30.0001,0,5652.65,5684.47,399.946,159507,0,
30,0.5,19,30.0002,0,5741.55,5825.66,416.932,147633,0,
30,0.5,20,30.0002,0,5421.22,5455.6,355.921,179862,0,
30,0.5,21,30.0003,0,6757.91,6853.88,426.015,135623,0,
30,0.5,22,30.0001,0,5594.53,5635.96,342.801,160596,0,
30,0.5,23,30.0001,0,6270.3,6320.15,365.755,153451,0,
30,0.5,24,30.0001,0,5747.69,5781.93,422.904,152461,0,
30,0.5,25,30,0,5061.2,5109.73,434.432,174052,0,
31,0.5,1,30.0002,0,6125.79,6160.35,368.338,136583,0,
31,0.5,2,30.0002,0,6003.91,6022.37,432.277,143738,0,
31,0.5,3,30.0002,0,5100.4,5129.87,322.086,132857,0,
31,0.5,4,30.0001,0,5538.01,5577.45,380.902,170904,0,
31,0.5,5,30.0001,0,5499.1,5523.45,390.748,152523,0,
31,0.5,6,30.0002,0,5302.59,5369.71,358.714,179897,0,
31,0.5,7,30.0002,0,6225.92,6437.76,418.932,139062,0,
31,0.5,8,30.0002,0,5333.94,5440.31,400.568,130290,0,
31,0.5,9,30.0001,0,5838.45,5895.98,434.519,136677,0,
31,0.5,10,30.0001,0,5608.44,5634.59,444.927,158816,0,
31,0.5,11,30.0002,0,5894.08,5917.38,385.255,153031,0,
31,0.5,12,30.0003,0,6028.46,6111.56,389.67,146501,0,
31,0.5,13,30.0002,0,5874.14,5931.42,375.252,149016,0,
31,0.5,14,30.0002,0,6291.92,6340.76,363.889,182204,0,
31,0.5,15,30.0002,0,7037.18,7078.9,428.566,134304,0,
31,0.5,16,30.0002,0,6193.39,6295.31,429.387,110385,0,
31,0.5,17,30.0001,0,6461.16,6536.59,406.574,105618,0,
31,0.5,19,30.0001,0,5741.55,5825.66,416.932,149063,0,
31,0.5,18,30.0002,0,5652.65,5684.47,399.946,158642,0,
31,0.5,20,30,0,5421.22,5455.6,355.921,181816,0,
31,0.5,21,30.0001,0,6757.91,6853.9,426.015,136010,0,
31,0.5,22,30.0002,0,5594.53,5635.98,335.109,162997,0,
31,0.5,23,30.0001,0,6270.3,6320.15,365.755,152046,0,
31,0.5,24,30.0001,0,5747.69,5781.93,422.904,153105,0,
31,0.5,25,30.0001,0,5061.2,5109.73,434.432,174201,0,
32,0.5,1,30.0001,0,6125.79,6160.35,368.338,138770,0,
32,0.5,2,30.0001,0,6003.91,6022.37,432.277,143426,0,
32,0.5,3,30.0001,0,5100.4,5129.87,322.086,137409,0,
32,0.5,4,30.0001,0,5538.01,5577.45,380.902,171253,0,
32,0.5,5,30,0,5499.1,5523.45,390.748,152725,0,
32,0.5,6,30.0001,0,5302.59,5369.71,358.714,178395,0,
32,0.5,7,30.0002,0,6225.92,6437.76,416.932,139022,0,
32,0.5,8,30.0001,0,5333.94,5440.31,400.568,128069,0,
32,0.5,9,30.0001,0,5838.45,5895.98,434.519,134182,0,
32,0.5,10,30.0001,0,5608.44,5634.59,444.927,157008,0,
32,0.5,11,30.0001,0,5894.08,5917.36,385.255,150313,0,
32,0.5,12,30.0002,0,6028.46,6111.56,389.67,145895,0,
32,0.5,13,30.0002,0,5874.14,5931.42,375.252,149313,0,
32,0.5,14,30.0002,0,6291.92,6340.76,363.889,180408,0,
32,0.5,15,30.0001,0,7037.18,7078.9,428.566,131822,0,
32,0.5,16,30.0003,0,6193.39,6295.31,429.387,110898,0,
32,0.5,17,30.0001,0,6461.16,6536.63,406.287,107117,0,
32,0.5,18,30.0002,0,5652.65,5684.47,399.946,159267,0,
32,0.5,19,30.0003,0,5741.55,5825.66,416.932,147623,0,
32,0.5,20,30.0001,0,5421.22,5455.6,355.921,178790,0,
32,0.5,21,30.0002,0,6757.91,6853.88,426.015,135073,0,
32,0.5,22,30.0002,0,5594.53,5635.98,335.109,162166,0,
32,0.5,23,30.0001,0,6270.3,6320.15,365.755,151756,0,
32,0.5,24,30.0001,0,5747.69,5781.93,422.904,150871,0,
32,0.5,25,30.0001,0,5061.2,5109.73,434.432,172161,0,
33,0.5,1,30.0001,0,6125.79,6160.35,368.338,136707,0,
33,0.5,2,30.0001,0,6003.91,6022.37,432.277,142455,0,
33,0.5,3,30.0002,0,5100.4,5129.87,322.086,130584,0,
33,0.5,4,30.0001,0,5538.01,5577.45,380.902,166075,0,
33,0.5,5,30.0002,0,5499.1,5523.45,390.748,150854,0,
33,0.5,6,30.0001,0,5302.59,5369.71,358.714,176980,0,
33,0.5,7,30.0002,0,6225.92,6437.76,417.932,138658,0,
33,0.5,8,30.0002,0,5333.94,5440.31,400.568,130379,0,
33,0.5,9,30.0002,0,5838.45,5895.98,434.519,134842,0,
33,0.5,10,30.0001,0,5608.44,5634.59,444.927,155463,0,
33,0.5,11,30.0002,0,5894.08,5917.38,385.255,152634,0,
33,0.5,12,30.0001,0,6028.46,6111.56,389.67,146133,0,
33,0.5,13,30.0001,0,5874.14,5931.42,375.252,150067,0,
33,0.5,14,30.0001,0,6291.92,6340.76,363.889,181259,0,
33,0.5,15,30.0001,0,7037.18,7078.9,428.566,134533,0,
33,0.5,16,30.0001,0,6193.39,6295.31,429.387,110955,0,
33,0.5,17,30.0003,0,6461.16,6536.6,405.869,105769,0,
33,0.5,18,30.0002,0,5652.65,5684.47,399.946,159319,0,
33,0.5,19,30.0002,0,5741.55,5825.66,416.932,149705,0,
33,0.5,20,30.0001,0,5421.22,5455.6,355.921,179654,0,
33,0.5,21,30.0001,0,6757.91,6853.9,426.015,136061,0,
33,0.5,23,30.0002,0,6270.3,6320.15,365.755,151030,0,
33,0.5,24,30.0002,0,5747.69,5781.93,422.904,151071,0,
33,0.5,22,30.0002,0,5594.53,5635.97,335.109,161709,0,
34,0.5,1,30.0001,0,6125.79,6160.35,368.338,137008,0,
34,0.5,2,30.0002,0,6003.91,6022.33,432.277,141965,0,
33,0.5,25,30,0,5061.2,5109.73,434.432,171928,0,
34,0.5,3,30.0001,0,5100.4,5129.87,322.086,132837,0,
34,0.5,4,30.0001,0,5538.01,5577.45,380.902,169742,0,
34,0.5,5,30.0002,0,5499.1,5523.45,390.748,154102,0,
34,0.5,6,30.0002,0,5302.59,5369.71,358.714,179327,0,
34,0.5,7,30.0001,0,6225.92,6437.76,417.932,139981,0,
34,0.5,8,30.0001,0,5333.94,5440.31,400.568,131454,0,
34,0.5,9,30.0003,0,5838.45,5895.98,434.519,136703,0,
34,0.5,10,30.0001,0,5608.44,5634.59,444.927,160675,0,
34,0.5,11,30.0001,0,5894.08,5917.44,385.255,154131,0,
34,0.5,12,30.0001,0,6028.46,6111.56,389.67,148445,0,
34,0.5,13,30.0003,0,5874.14,5931.42,375.252,150229,0,
34,0.5,14,30.0001,0,6291.92,6340.76,363.889,184797,0,
34,0.5,15,30.0002,0,7037.18,7078.9,428.566,133068,0,
34,0.5,16,30.0001,0,6193.39,6295.31,429.387,111100,0,
34,0.5,17,30.0002,0,6461.16,6536.59,406.195,105588,0,
34,0.5,18,30.0001,0,5652.65,5684.47,399.946,158199,0,
34,0.5,19,30.0001,0,5741.55,5825.66,416.932,148141,0,
34,0.5,20,30.0001,0,5421.22,5455.6,355.921,180538,0,
34,0.5,22,30.0001,0,5594.53,5635.97,335.109,161227,0,
34,0.5,21,30.0003,0,6757.91,6853.9,426.015,136795,0,
34,0.5,23,30.0001,0,6270.3,6320.15,365.755,152416,0,
34,0.5,24,30.0002,0,5747.69,5781.93,422.904,151277,0,
34,0.5,25,30.0001,0,5061.2,5109.73,434.432,174993,0,
35,0.5,1,30.0002,0,6125.79,6160.35,368.338,136633,0,
35,0.5,2,30.0002,0,6003.91,6022.37,432.277,142379,0,
35,0.5,3,30.0001,0,5100.4,5129.87,322.086,132605,0,
35,0.5,4,30.0002,0,5538.01,5577.45,380.902,172145,0,
35,0.5,5,30.0002,0,5499.1,5523.45,390.748,151345,0,
35,0.5,6,30.0002,0,5302.59,5369.71,358.714,178724,0,
35,0.5,7,30.0001,0,6225.92,6437.76,417.932,139576,0,
35,0.5,8,30.0001,0,5333.94,5440.31,400.568,130262,0,
35,0.5,9,30.0002,0,5838.45,5895.98,434.519,136349,0,
35,0.5,10,30.0002,0,5608.44,5634.59,444.927,157413,0,
35,0.5,11,30.0001,0,5894.08,5917.38,385.255,152892,0,
35,0.5,12,30.0001,0,6028.46,6111.56,389.67,145938,0,
35,0.5,13,30.0001,0,5874.14,5931.42,375.252,147761,0,
35,0.5,14,30.0001,0,6291.92,6340.76,363.889,182737,0,
35,0.5,15,30.0001,0,7037.18,7078.9,428.566,134127,0,
35,0.5,16,30.0002,0,6193.39,6295.31,429.387,109769,0,
35,0.5,17,30.0002,0,6461.16,6536.56,406.542,104658,0,
35,0.5,18,30.0002,0,5652.65,5684.47,399.946,158082,0,
35,0.5,19,30.0002,0,5741.55,5825.66,416.932,146959,0,
35,0.5,20,30.0002,0,5421.22,5455.6,355.921,181158,0,
35,0.5,21,30.0001,0,6757.91,6853.87,426.015,134018,0,
35,0.5,22,30.0001,0,5594.53,5635.96,343.801,160880,0,
35,0.5,23,30.0002,0,6270.3,6320.15,365.755,152759,0,
35,0.5,24,30.0001,0,5747.69,5781.93,422.904,152977,0,
35,0.5,25,30.0002,0,5061.2,5109.73,434.432,175245,0,
36,0.5,1,30.0003,0,6125.79,6160.35,368.338,136221,0,
36,0.5,2,30.0002,0,6003.91,6022.33,432.277,142048,0,
36,0.5,3,30.0004,0,5100.4,5129.87,322.086,132477,0,
36,0.5,4,30.0002,0,5538.01,5577.45,380.902,169984,0,
36,0.5,5,30.0001,0,5499.1,5523.45,390.748,151142,0,
36,0.5,6,30.0001,0,5302.59,5369.71,358.714,175644,0,
36,0.5,7,30.0001,0,6225.92,6437.76,417.932,140395,0,
36,0.5,8,30.0002,0,5333.94,5440.31,400.568,128443,0,
36,0.5,9,30.0003,0,5838.45,5895.98,434.519,136765,0,
36,0.5,11,30.0001,0,5894.08,5917.38,385.255,153009,0,
36,0.5,12,30.0002,0,6028.46,6111.56,389.67,147681,0,
36,0.5,10,30.0002,0,5608.44,5634.59,444.927,158348,0,
36,0.5,13,30.0002,0,5874.14,5931.42,375.252,148639,0,
36,0.5,14,30.0001,0,6291.92,6340.76,363.889,182870,0,
36,0.5,15,30.0002,0,7037.18,7078.9,428.566,134506,0,
36,0.5,16,30.0001,0,6193.39,6295.31,429.387,111986,0,
36,0.5,17,30.0001,0,6461.16,6536.63,406.665,106410,0,
36,0.5,18,30.0001,0,5652.65,5684.47,399.946,159979,0,
36,0.5,19,30.0001,0,5741.55,5825.66,416.932,148988,0,
36,0.5,20,30.0002,0,5421.22,5455.6,355.921,180343,0,
36,0.5,21,30.0002,0,6757.91,6853.88,426.015,135144,0,
36,0.5,22,30.0001,0,5594.53,5635.98,335.109,162319,0,
36,0.5,23,30.0002,0,6270.3,6320.15,365.755,150919,0,
36,0.5,24,30.0001,0,5747.69,5781.93,422.904,152359,0,
36,0.5,25,30.0001,0,5061.2,5109.73,434.432,173375,0,
37,0.5,2,30.0002,0,6003.91,6022.37,432.277,143034,0,
37,0.5,3,30.0001,0,5100.4,5129.87,322.086,131412,0,
37,0.5,1,30.0002,0,6125.79,6160.35,368.338,136519,0,
37,0.5,4,30.0002,0,5538.01,5577.45,380.902,167679,0,
37,0.5,5,30.0002,0,5499.1,5523.45,390.748,151866,0,
37,0.5,6,30.0001,0,5302.59,5369.71,358.714,178003,0,
37,0.5,7,30.0001,0,6225.92,6437.76,417.932,139127,0,
37,0.5,8,30.0003,0,5333.94,5440.31,400.568,130271,0,
37,0.5,9,30.0002,0,5838.45,5895.98,434.519,136849,0,
37,0.5,10,30.0001,0,5608.44,5634.59,444.927,160069,0,
37,0.5,11,30.0001,0,5894.08,5917.38,385.255,152519,0,
37,0.5,12,30.0002,0,6028.46,6111.56,389.67,147827,0,
37,0.5,13,30.0002,0,5874.14,5931.42,375.252,151293,0,
37,0.5,14,30.0002,0,6291.92,6340.76,363.889,181960,0,
37,0.5,15,30.0002,0,7037.18,7078.9,428.566,133700,0,
37,0.5,16,30.0001,0,6193.39,6295.31,429.387,110494,0,
37,0.5,17,30.0001,0,6461.16,6536.63,406.665,106924,0,
37,0.5,18,30.0001,0,5652.65,5684.47,399.946,159834,0,
37,0.5,19,30.0001,0,5741.55,5825.66,416.932,149660,0,
37,0.5,20,30.0001,0,5421.22,5455.6,355.921,178965,0,
37,0.5,21,30.0002,0,6757.91,6853.88,426.015,134636,0,
37,0.5,22,30.0001,0,5594.53,5635.97,335.109,161577,0,
37,0.5,23,30.0002,0,6270.3,6320.15,365.755,153086,0,
37,0.5,24,30.0001,0,5747.69,5781.93,422.904,149591,0,
37,0.5,25,30.0002,0,5061.2,5109.73,434.432,170832,0,
38,0.5,1,30.0001,0,6125.79,6160.35,368.338,138208,0,
38,0.5,2,30.0001,0,6003.91,6022.33,432.277,142095,0,
38,0.5,3,30.0001,0,5100.4,5129.87,322.086,133825,0,
38,0.5,4,30.0001,0,5538.01,5577.45,380.902,169834,0,
38,0.5,5,30.0002,0,5499.1,5523.45,390.748,152055,0,
38,0.5,6,30.0001,0,5302.59,5369.71,358.714,178273,0,
38,0.5,7,30.0001,0,6225.92,6437.76,417.932,139057,0,
38,0.5,8,30.0002,0,5333.94,5440.31,400.568,132516,0,
38,0.5,9,30.0002,0,5838.45,5895.98,434.519,135111,0,
38,0.5,10,30.0001,0,5608.44,5634.59,444.927,159982,0,
38,0.5,11,30.0002,0,5894.08,5917.44,385.255,153686,0,
38,0.5,12,30.0001,0,6028.46,6111.56,389.67,147910,0,
38,0.5,13,30.0002,0,5874.14,5931.42,375.252,150662,0,
38,0.5,14,30.0002,0,6291.92,6340.76,363.889,184242,0,
38,0.5,15,30.0002,0,7037.18,7078.9,428.566,133832,0,
38,0.5,16,30.0002,0,6193.39,6295.31,429.387,109128,0,
38,0.5,17,30.0002,0,6461.16,6536.61,406.462,105944,0,
38,0.5,18,30.0001,0,5652.65,5684.47,399.946,158400,0,
38,0.5,19,30.0001,0,5741.55,5825.66,416.932,148662,0,
38,0.5,20,30.0001,0,5421.22,5455.6,355.921,177644,0,
38,0.5,21,30.0001,0,6757.91,6853.88,426.015,135729,0,
38,0.5,22,30.0001,0,5594.53,5635.97,335.109,161618,0,
38,0.5,23,30.0001,0,6270.3,6320.15,365.755,152038,0,
38,0.5,24,30.0002,0,5747.69,5781.93,422.904,152125,0,
38,0.5,25,30.0001,0,5061.2,5109.73,434.432,171464,0,
39,0.5,1,30.0002,0,6125.79,6160.35,368.338,136958,0,
39,0.5,2,30.0001,0,6003.91,6022.33,432.277,141301,0,
39,0.5,3,30.0001,0,5100.4,5129.87,322.086,133705,0,
39,0.5,4,30.0001,0,5538.01,5577.45,380.902,169150,0,
39,0.5,5,30.0001,0,5499.1,5523.45,390.748,152585,0,
39,0.5,6,30.0002,0,5302.59,5369.71,358.714,177296,0,
39,0.5,7,30.0001,0,6225.92,6437.76,417.932,140363,0,
39,0.5,8,30.0002,0,5333.94,5440.31,400.568,131035,0,
39,0.5,9,30.0001,0,5838.45,5895.98,434.519,135156,0,
39,0.5,10,30.0001,0,5608.44,5634.59,444.927,158450,0,
39,0.5,11,30.0001,0,5894.08,5917.37,385.255,152354,0,
39,0.5,12,30.0003,0,6028.46,6111.56,389.67,146724,0,
39,0.5,13,30.0002,0,5874.14,5931.42,375.252,148811,0,
39,0.5,14,30.0002,0,6291.92,6340.76,363.889,180955,0,
39,0.5,15,30.0002,0,7037.18,7078.9,428.566,134784,0,
39,0.5,16,30.0003,0,6193.39,6295.31,429.387,110052,0,
39,0.5,17,30.0003,0,6461.16,6536.61,406.462,106271,0,
39,0.5,18,30.0002,0,5652.65,5684.47,399.946,159792,0,
39,0.5,19,30.0001,0,5741.55,5825.66,416.932,150512,0,
39,0.5,20,30.0001,0,5421.22,5455.6,355.921,179068,0,
39,0.5,21,30.0001,0,6757.91,6853.9,426.015,137123,0,
39,0.5,22,30.0002,0,5594.53,5635.98,335.109,163064,0,
39,0.5,23,30.0001,0,6270.3,6320.15,365.755,152827,0,
39,0.5,24,30.0002,0,5747.69,5781.93,422.904,153396,0,
39,0.5,25,30.0001,0,5061.2,5109.73,434.432,174226,0,
2,4.5,1,8.4227e-05,1,256.194,256.194,147.491,1,0,
2,4.5,2,7.3086e-05,1,305.331,305.331,204.354,1,0,
2,4.5,3,7.4779e-05,1,319.676,319.676,203.093,1,0,
2,4.5,4,7.3617e-05,1,356.498,356.498,331.664,1,0,
2,4.5,5,0.000155971,1,178.643,179.972,112.224,4,0,
2,4.5,6,0.00066443,1,288.505,326.405,326.405,7,0,
2,4.5,7,7.3537e-05,1,269.841,269.841,173.923,1,0,
2,4.5,8,5.0886e-05,1,256.726,256.726,244.146,1,0,
2,4.5,9,8.0581e-05,1,365.555,365.555,349.015,1,0,
2,4.5,10,6.2015e-05,1,314.478,314.478,289.579,1,0,
2,4.5,11,0.000140293,1,643.18,649.083,331.313,2,0,
2,4.5,12,7.004e-05,1,527.546,527.546,265.386,1,0,
2,4.5,13,8.1101e-05,1,375.169,375.169,335.223,1,0,
2,4.5,14,4.1779e-05,1,169.97,169.97,101.556,1,0,
2,4.5,15,0.000248554,1,397.303,430.393,353.558,4,0,
2,4.5,16,6.0483e-05,1,442.93,442.93,236.137,1,0,
2,4.5,17,6.4281e-05,1,377.497,377.497,259.199,1,0,
2,4.5,18,5.388e-05,1,570.996,570.996,380.47,1,0,
2,4.5,19,5.7307e-05,1,432.84,432.84,224.37,1,0,
2,4.5,20,5.4461e-05,1,333.289,333.289,231.587,1,0,
2,4.5,21,7.7354e-05,1,479.721,479.721,381.719,1,0,
2,4.5,22,7.3106e-05,1,587.304,587.304,335.109,1,0,
2,4.5,23,6.7846e-05,1,411.338,411.338,292.962,1,0,
2,4.5,24,0.000108573,1,434.804,434.804,219.325,1,0,
3,4.5,1,0.00116027,1,481.349,512.205,256.011,32,0,
2,4.5,25,0.00328358,1,307.73,369.6,294.198,63,0,
3,4.5,2,7.9169e-05,1,368.435,368.435,204.354,1,0,
3,4.5,3,0.000102301,1,598.52,598.52,278.844,1,0,
3,4.5,4,8.8956e-05,1,726.007,726.007,369.509,1,0,
3,4.5,5,0.000149409,1,283.58,284.909,112.224,4,0,
3,4.5,6,0.00057323,1,359.112,397.012,326.405,7,0,
3,4.5,7,0.000383627,1,289.923,327.823,211.823,6,0,
3,4.5,8,5.93e-05,1,334.581,334.581,244.146,1,0,
3,4.5,9,0.000146273,1,602.435,603.058,349.015,2,0,
3,4.5,10,6.1144e-05,1,628.328,628.328,313.851,1,0,
3,4.5,11,0.0016058,1,905.777,920.919,331.313,24,0,
3,4.5,13,9.4878e-05,1,607.208,607.208,335.223,1,0,
3,4.5,14,0.00201958,1,419.389,439.4,269.43,42,0,
3,4.5,15,0.000516675,1,717.153,789.918,359.525,7,0,
3,4.5,16,0.000140503,1,700.307,706.21,257.376,2,0,
3,4.5,17,9.644e-05,1,629.358,629.358,259.199,1,0,
3,4.5,19,0.000699848,1,522.42,531.017,232.521,16,0,
3,4.5,20,6.5723e-05,1,419.801,419.801,231.587,1,0,
3,4.5,21,0.000274694,1,717.682,734.423,381.719,6,0,
3,4.5,22,0.000308286,1,707.186,736.731,335.109,4,0,
3,4.5,18,0.072272,1,807.662,840.274,380.47,1370,0,
3,4.5,23,0.000362897,1,464.486,475.508,292.962,8,0,
3,4.5,24,0.000101389,1,597.365,597.365,219.325,1,0,
4,4.5,2,6.0904e-05,1,380.852,380.852,204.354,1,0,
4,4.5,3,0.00030579,1,886.282,897.422,289.984,3,0,
4,4.5,5,0.000184606,1,356.057,357.387,112.224,4,0,
4,4.5,4,0.00476997,1,839.282,850.334,369.509,147,0,
4,4.5,6,0.0109261,1,523.749,567.587,332.309,196,0,
4,4.5,1,0.0213753,1,708.022,752.095,235.491,497,0,
3,4.5,25,0.782866,1,538.076,604.557,232.328,11182,0,
4,4.5,8,0.000108553,1,449.769,449.769,244.146,1,0,
4,4.5,9,0.00025122,1,644.675,645.297,349.015,2,0,
4,4.5,10,0.000821945,1,926.552,949.74,321.412,12,0,
4,4.5,11,0.00152228,1,984.985,1000.13,331.313,24,0,
4,4.5,13,8.581e-05,1,769.006,769.006,335.223,1,0,
4,4.5,14,0.00211632,1,656.782,676.793,269.43,42,0,
4,4.5,15,0.00100308,1,903.74,992.427,359.525,12,0,
4,4.5,16,0.00117982,1,964.489,976.796,270.586,20,0,
4,4.5,17,0.000344683,1,931.16,945.475,316.117,4,0,
4,4.5,18,0.0726577,1,862.978,895.59,380.47,1370,0,
4,4.5,19,0.000751995,1,861.664,870.261,339.244,16,0,
4,4.5,20,9.4115e-05,1,460.969,460.969,231.587,1,0,
4,4.5,21,0.000365393,1,830.806,847.548,381.719,6,0,
4,4.5,22,0.000304459,1,936.028,965.572,335.109,4,0,
4,4.5,23,0.000327242,1,713.458,724.479,292.962,8,0,
4,4.5,24,0.000118261,1,893.643,893.643,296.278,1,0,
5,4.5,2,8.6643e-05,1,671.589,671.589,290.737,1,0,
5,4.5,3,0.000691891,1,1196.02,1209.4,311.98,9,0,
5,4.5,4,0.0271748,1,1164.03,1179.45,373.263,819,0,
5,4.5,8,0.000213448,1,487.197,499.588,244.146,5,0,
5,4.5,9,0.00038023,1,910.902,911.524,349.015,3,0,
5,4.5,6,2.01513,1,705.34,770.557,332.309,35649,0,
5,4.5,10,0.00110854,1,1200.02,1223.2,321.412,14,0,
5,4.5,11,0.00144471,1,1262.86,1278,331.313,24,0,
5,4.5,13,0.000231484,1,953.483,954.394,336.134,3,0,
5,4.5,14,0.00875252,1,827.691,854.818,269.43,184,0,
5,4.5,16,0.0012669,1,983.695,996.002,270.586,20,0,
5,4.5,17,0.000325968,1,1009.39,1023.71,316.117,4,0,
5,4.5,18,0.0734869,1,884.888,917.5,380.47,1370,0,
5,4.5,19,0.00250818,1,1135.52,1150.84,339.244,55,0,
5,4.5,20,0.000101398,1,590.637,590.637,231.587,1,0,
5,4.5,21,0.00057227,1,1023.41,1040.16,381.719,8,0,
5,4.5,22,0.000430024,1,1145.69,1175.86,335.109,5,0,
5,4.5,23,0.000485016,1,796.085,807.106,292.962,8,0,
5,4.5,24,0.0333574,1,1029.8,1056.77,296.278,553,0,
6,4.5,2,0.000296964,1,899.584,902.157,290.737,3,0,
6,4.5,3,0.036076,1,1462.81,1482.72,312.032,575,0,
6,4.5,8,0.000291254,1,876.871,889.263,389.675,5,0,
6,4.5,9,0.000220783,1,935.982,936.604,349.015,2,0,
6,4.5,10,0.00186776,1,1217.74,1245.27,321.412,29,0,
6,4.5,6,2.54232,1,1064.05,1129.27,358.714,42159,0,
6,4.5,11,0.00213302,1,1347.39,1362.53,331.313,24,0,
6,4.5,13,0.00358378,1,1199.83,1235.76,336.134,57,0,
6,4.5,16,0.0780189,1,1325.12,1352.19,356.184,1477,0,
6,4.5,14,0.165586,1,1069.71,1096.84,269.43,2490,0,
6,4.5,17,0.00146671,1,1281.62,1307.96,316.117,23,0,
6,4.5,20,8.4637e-05,1,713.621,713.621,231.587,1,0,
6,4.5,19,0.0751949,1,1552.45,1574.39,422.638,1532,0,
6,4.5,18,0.248614,1,1239.35,1276.77,385.278,4428,0,
6,4.5,22,0.000389758,1,1183.65,1213.82,335.109,5,0,
6,4.5,23,0.000527085,1,851.966,862.987,292.962,8,0,
6,4.5,24,0.234073,1,1452.71,1492.88,428.808,3652,0,
3,4.5,12,30.0002,0,912.334,1024.13,386.786,178482,0,
4,4.5,7,30,0,555.589,576.865,271.839,413157,0,
4,4.5,12,30.0001,0,1054.63,1166.42,386.786,175035,0,
7,4.5,3,0.0369988,1,1478.16,1498.08,312.032,575,0,
4,4.5,25,30.0001,0,574.147,643.494,234.509,377998,0,
5,4.5,1,30,0,1013.73,1091.09,310.819,312001,0,
7,4.5,2,6.73964,1,1231.6,1244.69,342.528,70981,0,
5,4.5,15,24.7153,1,1230.13,1360.78,364.947,234172,0,
5,4.5,5,30.0001,0,656.308,690.322,302.372,357875,0,
7,4.5,9,0.00186764,1,1370.5,1383.11,446.504,24,0,
5,4.5,7,30,0,622.438,643.697,271.035,409008,0,
7,4.5,11,0.00586379,1,1562.13,1582.91,331.313,98,0,
7,4.5,13,0.00843585,1,1381.35,1419.83,336.134,144,0,
5,4.5,12,30,0,1167.9,1279.7,386.786,174745,0,
7,4.5,16,0.0808562,1,1470.83,1497.89,356.184,1477,0,
7,4.5,10,5.19328,1,1250.06,1304.85,322.994,68784,0,
7,4.5,17,0.00151571,1,1349.82,1376.16,316.117,23,0,
7,4.5,18,0.249299,1,1239.35,1276.77,385.278,4428,0,
7,4.5,19,0.0793016,1,1724.78,1746.72,422.638,1532,0,
7,4.5,20,0.000618847,1,940.211,962.135,248.515,8,0,
7,4.5,14,6.78928,1,1406.1,1465.03,342.292,98786,0,
7,4.5,22,0.00068576,1,1338.05,1368.83,335.731,7,0,
5,4.5,25,30.0001,0,816.488,885.832,242.341,373753,0,
7,4.5,23,0.000575044,1,982.997,994.018,292.962,8,0,
7,4.5,24,0.223098,1,1469.39,1509.57,428.808,3652,0,
6,4.5,1,30.0001,0,1172,1249.34,310.588,302691,0,
6,4.5,4,30,0,1250.93,1292.54,407.726,266256,0,
6,4.5,5,30,0,778.751,812.757,302.863,349558,0,
6,4.5,7,30,0,644.348,665.607,271.035,402756,0,
8,4.5,3,0.0628227,1,1669.23,1703.96,313.996,900,0,
6,4.5,12,30.0001,0,1318.74,1432.82,389.217,199991,0,
6,4.5,15,30,0,1443.72,1568.71,375.889,273445,0,
6,4.5,21,30,0,1183.37,1406.63,390.719,214214,0,
8,4.5,9,0.0206159,1,1627.29,1646.27,446.504,330,0,
6,4.5,25,30.0001,0,833.634,902.959,242.341,367981,0,
7,4.5,1,30,0,1428.37,1505.69,310.397,290158,0,
8,4.5,11,0.00622573,1,1628.42,1649.19,331.313,98,0,
7,4.5,4,30.0001,0,1315.16,1356.76,407.737,261037,0,
7,4.5,5,30,0,883.077,917.078,302.471,345886,0,
7,4.5,6,30.0001,0,1290.46,1356.91,358.714,363783,0,
7,4.5,7,30,0,995.761,1017.62,352.035,384471,0,
7,4.5,8,30.0001,0,973.557,1051.49,403.207,349740,0,
8,4.5,16,0.0874154,1,1573.57,1601.88,356.806,1480,0,
8,4.5,17,0.00162074,1,1455.77,1482.12,316.117,23,0,
7,4.5,12,30.0001,0,1513.42,1627.47,389.132,196249,0,
8,4.5,20,0.000642189,1,1041.74,1063.67,248.515,8,0,
8,4.5,22,0.00388921,1,1617.97,1673.5,335.109,62,0,
8,4.5,24,0.241129,1,1503.31,1543.48,428.808,3652,0,
8,4.5,10,12.3098,1,1488.96,1543.92,322.994,147212,0,
7,4.5,15,30.0001,0,1683.93,1808.92,375.888,269399,0,
7,4.5,21,30.0002,0,1381.08,1604.34,390.719,209905,0,
9,4.5,3,0.0652391,1,1728.2,1762.93,313.996,900,0,
7,4.5,25,30,0,1083.54,1153.55,249.908,348122,0,
8,4.5,1,30.0001,0,1692.95,1770.25,310.567,277098,0,
8,4.5,2,30,0,1429.5,1443.07,334.867,284569,0,
8,4.5,4,30.0001,0,1555.35,1596.91,407.695,254046,0,
8,4.5,5,30,0,1260.35,1548.33,382.083,332707,0,
8,4.5,6,30.0001,0,1629.34,1695.41,373.795,273609,0,
8,4.5,7,30.0001,0,1310.06,1372.54,375.362,361423,0,
8,4.5,8,30,0,1128.07,1205.99,403.207,341191,0,
9,4.5,11,1.18084,1,1809.23,1842.42,331.313,15666,0,
8,4.5,12,30,0,1653.39,1767.42,388.404,192125,0,
8,4.5,13,30.0001,0,1665.89,1719.23,336.134,306380,0,
8,4.5,14,30.0001,0,1744.12,1834.35,347.021,201382,0,
9,4.5,16,0.0891689,1,1682.65,1710.96,356.806,1480,0,
9,4.5,17,0.0150865,1,1748.96,1780.35,316.117,236,0,
8,4.5,15,30.0001,0,2037.82,2110.83,389.785,317077,0,
9,4.5,13,6.73097,1,1928.31,1998.57,336.134,73510,0,
8,4.5,18,30.0001,0,1239.35,1283.48,385.278,378306,0,
8,4.5,19,30.0001,0,1932.41,1970.36,419.137,362416,0,
9,4.5,20,0.00100471,1,1223.49,1252.71,242.611,14,0,
8,4.5,21,30.0001,0,1649.15,1872.42,390.719,204946,0,
8,4.5,23,30,0,1291.08,1304.81,317.812,333086,0,
8,4.5,25,30.0001,0,1222.16,1292.15,249.908,337048,0,
9,4.5,24,0.241209,1,1735.06,1775.24,428.808,3652,0,
9,4.5,1,30,0,2012.65,2057.79,328.819,219502,0,
9,4.5,2,30,0,1600.92,1621.27,341.638,309472,0,
10,4.5,3,0.238963,1,2044.14,2082.94,317.179,3105,0,
9,4.5,4,30.0001,0,1625.6,1667.16,407.646,246730,0,
9,4.5,5,30,0,1405.95,1693.92,382.083,324480,0,
9,4.5,6,30,0,1711.88,1777.95,373.795,274032,0,
9,4.5,7,30,0,1414.12,1505.95,379.532,265860,0,
9,4.5,8,30.0001,0,1381.54,1459.46,403.207,332095,0,
9,4.5,9,30.0001,0,1761.08,1855.86,434.519,249924,0,
9,4.5,10,30.0001,0,1671.74,1732.98,332.32,339189,0,
9,4.5,12,30.0001,0,1822.88,1936.91,389.017,188877,0,
10,4.5,11,1.22326,1,1946.91,1980.1,331.313,15666,0,
9,4.5,14,30.0002,0,2034.6,2124.83,347.021,198081,0,
9,4.5,15,30,0,2142,2214.93,365.741,309994,0,
9,4.5,18,30,0,1470.88,1515.2,385.278,369515,0,
9,4.5,19,30.0001,0,2087.52,2196.98,458.811,302893,0,
9,4.5,21,30.0002,0,1909.09,2132.35,390.719,197002,0,
9,4.5,22,30.0001,0,1766.9,1828.15,335.731,366786,0,
9,4.5,23,30.0001,0,1502.07,1524.6,308.704,259706,0,
9,4.5,25,30.0001,0,1517.33,1589.89,297.742,334855,0,
10,4.5,1,30.0001,0,2281.29,2326.42,328.951,209912,0,
10,4.5,20,0.0276662,1,1369.99,1417.31,242.611,532,0,
10,4.5,2,30.0001,0,2028.28,2056.61,435.381,268019,0,
10,4.5,4,30.0001,0,1721.82,1763.37,407.754,245136,0,
10,4.5,5,30,0,1694.22,1748.09,377.275,310058,0,
10,4.5,6,30.0001,0,1899.55,1964.28,373.24,253388,0,
10,4.5,7,30.0001,0,1603.95,1695.76,380.087,255830,0,
10,4.5,8,30.0001,0,1480.32,1558.23,403.207,325765,0,
10,4.5,9,30.0001,0,1842.42,1937.2,434.519,250258,0,
10,4.5,10,30.0001,0,1940.18,2001.27,328.126,323335,0,
10,4.5,12,30.0001,0,2203.14,2317.16,389.017,183854,0,
10,4.5,13,30.0001,0,1961.42,2035.47,340.751,295439,0,
10,4.5,14,30.0001,0,2353.06,2443.29,347.021,192769,0,
10,4.5,15,30.0001,0,2241.24,2314.11,370.557,301910,0,
10,4.5,16,30.0001,0,1894.37,1936.72,343.203,253173,0,
10,4.5,17,30.0001,0,1821.18,1868.48,330.558,376451,0,
10,4.5,18,30,0,1803.28,1852.64,381.815,342821,0,
10,4.5,19,30.0001,0,2116.08,2225.53,458.811,299745,0,
10,4.5,21,30,0,2124.1,2362.19,390.719,213800,0,
10,4.5,22,30.0001,0,1931.74,1992.98,335.731,348427,0,
10,4.5,23,30.0001,0,1794.44,1817.09,308.704,252261,0,
11,4.5,3,19.9476,1,2209.12,2262.45,317.179,233434,0,
10,4.5,24,30,0,1801.77,1857.69,430.204,268118,0,
10,4.5,25,30.0001,0,1675.35,1714.2,295.169,353745,0,
11,4.5,1,30.0001,0,2443.75,2488.87,328.741,203193,0,
11,4.5,2,30.0001,0,2237.65,2268.98,435.381,222647,0,
11,4.5,4,30.0001,0,2039.77,2081.3,407.681,233933,0,
11,4.5,5,30.0001,0,1748.53,1802.36,377.275,293670,0,
11,4.5,6,30.0002,0,1919.09,1983.81,373.24,249903,0,
11,4.5,7,30.0001,0,1733.71,1825.49,380.198,251352,0,
11,4.5,8,30,0,1684.34,1762.24,403.207,316519,0,
11,4.5,9,30.0001,0,2074.07,2168.85,434.519,238620,0,
11,4.5,10,30,0,2074.68,2135.75,329.459,321646,0,
11,4.5,11,30.0001,0,2051.85,2111.74,350.294,343615,0,
11,4.5,12,30.0001,0,2488.44,2629.89,416.255,208314,0,
11,4.5,13,30.0001,0,2234.62,2308.29,340.906,286545,0,
11,4.5,14,30,0,2430.61,2520.84,347.021,185318,0,
11,4.5,15,30.0002,0,2669.8,2727.27,482.732,208156,0,
11,4.5,16,30.0001,0,2109.16,2175.91,352.808,224777,0,
11,4.5,17,30.0001,0,2181.26,2233.31,362.77,330425,0,
11,4.5,18,30.0001,0,1970.14,2019.51,408.53,343121,0,
11,4.5,19,30.0001,0,2304.64,2416.29,492.679,284091,0,
11,4.5,20,30.0001,0,1521.18,1576.82,244.826,439731,0,
11,4.5,21,30,0,2353.68,2593.27,391.222,232761,0,
11,4.5,22,30.0001,0,2219.22,2275.64,357.492,278410,0,
11,4.5,23,30.0001,0,1868.89,1891.52,308.704,244099,0,
11,4.5,24,30,0,1893.92,1949.77,428.808,262694,0,
11,4.5,25,30.0001,0,1789.08,1827.9,295.169,344772,0,
12,4.5,1,30.0001,0,2745.55,2789.21,326.299,211473,0,
12,4.5,2,30.0001,0,2361.9,2393.31,435.381,230999,0,
12,4.5,3,30.0001,0,2427.42,2492.85,319.176,317549,0,
12,4.5,4,30.0001,0,2326.38,2369.5,383.043,243156,0,
12,4.5,5,30.0001,0,1772.15,1825.99,377.275,298167,0,
12,4.5,6,30,0,1992.99,2059.07,373.795,262557,0,
12,4.5,7,30.0001,0,1914.16,2008.46,352.926,220876,0,
12,4.5,8,30,0,1784.59,1862.48,403.207,308438,0,
12,4.5,9,30,0,2372.13,2466.67,434.519,224021,0,
12,4.5,10,30.0001,0,2211.56,2272.36,329.902,303888,0,
12,4.5,11,30.0001,0,2084.28,2144.38,347.206,339565,0,
12,4.5,12,30.0002,0,2802.39,2943.84,407.254,201646,0,
12,4.5,13,30,0,2405.43,2479.03,336.134,279831,0,
12,4.5,14,30,0,2482.96,2573.19,347.021,179197,0,
12,4.5,15,30.0001,0,2744.11,2801.56,482.841,203807,0,
12,4.5,16,30.0001,0,2220.75,2287.5,352.808,218557,0,
12,4.5,17,30.0001,0,2467.99,2516.15,396.6,241878,0,
12,4.5,18,30.0001,0,2180.15,2247.56,398.964,314991,0,
12,4.5,19,30,0,2549.45,2664.28,495.85,232035,0,
12,4.5,20,30.0002,0,1877.1,2064.39,382.921,209628,0,
12,4.5,21,30.0001,0,2614.79,2854.69,391.222,279374,0,
12,4.5,22,30,0,2461.78,2511.12,335.109,357233,0,
12,4.5,23,30.0001,0,2096.29,2119.91,308.704,232574,0,
12,4.5,24,30.0001,0,1966.05,2021.85,428.808,258045,0,
12,4.5,25,30.0001,0,1835.34,1874.12,295.169,334823,0,
13,4.5,1,30.0002,0,3009.2,3052.86,326.299,203891,0,
13,4.5,2,30.0001,0,2370.23,2401.59,435.381,226527,0,
13,4.5,3,30.0001,0,2707.21,2772.37,319.357,301535,0,
13,4.5,4,30.0001,0,2508.45,2551.55,383.043,240724,0,
13,4.5,5,30.0001,0,1961.04,2152.51,387.882,231447,0,
13,4.5,6,30.0001,0,2229.66,2278.87,361.055,306632,0,
13,4.5,7,30,0,2146.87,2241.17,352.924,212973,0,
13,4.5,8,30.0002,0,2048.07,2151.52,390.997,171036,0,
13,4.5,9,30.0001,0,2402.78,2497.32,434.519,223137,0,
13,4.5,10,30.0001,0,2356.08,2416.84,331.855,301483,0,
13,4.5,11,30.0001,0,2194.38,2250.24,333.886,307604,0,
13,4.5,12,30.0001,0,2993.26,3134.67,411.73,196427,0,
13,4.5,13,30.0001,0,2480.97,2554.55,338.444,278291,0,
13,4.5,14,30.0001,0,2612.53,2702.76,347.021,178331,0,
13,4.5,15,30,0,3021.41,3076.02,429.478,252043,0,
13,4.5,16,30,0,2240.61,2307.37,352.808,215372,0,
13,4.5,17,30.0001,0,2659.97,2722.3,390,262880,0,
13,4.5,18,30.0001,0,2369.2,2436.52,385.278,313622,0,
13,4.5,19,30,0,2690.79,2805.61,495.187,229379,0,
13,4.5,20,30,0,1953.41,2140.7,382.921,205964,0,
13,4.5,21,30.0001,0,3040.8,3279.79,438.874,237110,0,
13,4.5,22,30,0,2601.67,2651.01,335.109,350602,0,
13,4.5,23,30,0,2209.38,2232.99,308.704,227997,0,
13,4.5,24,30,0,2265.27,2321.09,430.204,259322,0,
13,4.5,25,30.0001,0,1882.85,1921.6,295.169,328433,0,
14,4.5,1,30.0001,0,3377.54,3421.12,368.338,194515,0,
14,4.5,2,30.0002,0,2642.71,2673.96,435.381,216774,0,
14,4.5,3,30.0001,0,2961.44,3025.95,333.94,299101,0,
14,4.5,4,30.0001,0,2551.27,2594.35,383.043,235831,0,
14,4.5,5,30.0001,0,2315.15,2506.19,388.755,232473,0,
14,4.5,6,30,0,2498.36,2556.4,369.732,303798,0,
14,4.5,7,30,0,2323.55,2417.84,352.92,208133,0,
14,4.5,8,30.0001,0,2273.64,2377.09,390.997,168293,0,
14,4.5,9,30,0,2474.88,2569.37,434.519,211613,0,
14,4.5,10,30,0,2511.2,2571.96,331.851,290494,0,
14,4.5,11,30,0,2297.19,2353.08,333.886,299792,0,
14,4.5,12,30.0002,0,3382.93,3523.7,413.689,184484,0,
14,4.5,13,30.0001,0,2598.58,2675.9,336.134,250290,0,
14,4.5,14,30.0001,0,2709.34,2799.57,347.021,173280,0,
14,4.5,15,30,0,3222.75,3277.25,428.566,243429,0,
14,4.5,16,30.0001,0,2519.06,2585.8,352.179,204490,0,
14,4.5,17,30.0001,0,2957.93,3004.89,360.696,267583,0,
14,4.5,18,30,0,2490.3,2557.62,385.278,316134,0,
14,4.5,19,30.0001,0,2928.09,3042.89,495.194,221223,0,
14,4.5,20,30.0001,0,2296.62,2358.74,364.54,281654,0,
14,4.5,21,30.0002,0,3179.85,3434.06,457.574,225098,0,
14,4.5,22,30,0,2814.95,2864.27,335.109,327558,0,
14,4.5,23,30.0001,0,2381.17,2404.77,308.704,218337,0,
14,4.5,24,30.0001,0,2518.07,2547.72,430.204,253957,0,
14,4.5,25,30.0001,0,2317.28,2371.04,464.576,219613,0,
15,4.5,1,30.0002,0,3568.81,3612.34,368.338,183061,0,
15,4.5,2,30,0,2732.28,2763.42,435.381,211031,0,
15,4.5,3,30,0,3173.51,3237.9,327.513,284822,0,
15,4.5,4,30.0001,0,2758.35,2825.17,392.615,234865,0,
15,4.5,5,30.0001,0,2587.23,2799.62,399.444,222555,0,
15,4.5,6,30,0,2711.99,2769.68,369.732,291052,0,
15,4.5,7,30,0,2408.37,2502.66,352.92,200573,0,
15,4.5,8,30.0002,0,2404.43,2507.86,390.985,160791,0,
15,4.5,9,30.0001,0,2731.62,2785.95,439.586,247951,0,
15,4.5,10,30.0001,0,2705,2789.33,328.997,294591,0,
15,4.5,11,30.0001,0,2672.66,2749.62,393.473,271299,0,
15,4.5,12,30.0001,0,3535.37,3675.8,410.231,179661,0,
15,4.5,13,30,0,2877.34,2951.35,336.134,234540,0,
15,4.5,14,30,0,3073.23,3163.46,363.889,165358,0,
15,4.5,15,30.0001,0,3366.78,3421.1,438.189,228793,0,
15,4.5,16,30,0,2840.11,2928.71,352.179,199231,0,
15,4.5,17,30.0001,0,3293.92,3332.5,360.074,266888,0,
15,4.5,18,30.0001,0,2490.3,2557.6,385.278,309212,0,
15,4.5,19,30.0001,0,3246.9,3361.65,495.187,223405,0,
15,4.5,20,30.0001,0,2452.93,2512.85,363.288,269802,0,
15,4.5,21,30.0001,0,3203.08,3457.19,456.609,218277,0,
15,4.5,22,30,0,2870.1,2919.41,335.109,319114,0,
15,4.5,23,30.0001,0,2669.49,2697.67,308.081,246808,0,
15,4.5,24,30,0,2852.61,2882.88,430.204,251379,0,
15,4.5,25,30.0001,0,2399.89,2453.65,464.614,213341,0,
16,4.5,1,30.0001,0,3756.18,3799.63,368.338,176265,0,
16,4.5,2,30.0002,0,3010.57,3036.22,438.621,196520,0,
16,4.5,3,30.0001,0,3329.95,3394.25,315.94,277794,0,
16,4.5,4,30.0001,0,2887.62,2954.75,388.295,222875,0,
16,4.5,5,30.0001,0,2774.05,2978.79,377.581,271170,0,
16,4.5,6,30.0001,0,3068.11,3125.79,369.732,284899,0,
16,4.5,7,30.0001,0,2761.61,2865.49,358.05,199975,0,
16,4.5,8,30,0,2490.09,2593.52,390.98,156315,0,
16,4.5,9,30.0001,0,2896.6,2950.81,437.472,243948,0,
16,4.5,10,30.0001,0,2975.43,3044.24,313.851,262900,0,
16,4.5,11,30,0,2730.89,2807.87,389.651,274210,0,
16,4.5,12,30.0001,0,3724.35,3864.43,407.255,174229,0,
16,4.5,13,30.0001,0,3252.59,3287.13,381.07,223930,0,
16,4.5,14,30.0001,0,3318.69,3408.92,363.889,158957,0,
16,4.5,15,30.0001,0,3613.75,3653.91,428.566,179410,0,
16,4.5,16,30.0001,0,3156.94,3250.5,352.179,193492,0,
16,4.5,17,30.0002,0,3608.32,3641.3,365.34,165922,0,
16,4.5,18,30.0001,0,2580.21,2647.49,380.47,302433,0,
16,4.5,19,30.0001,0,3280.44,3395.17,495.761,219204,0,
16,4.5,20,30.0001,0,2736.98,2776.3,355.921,271188,0,
16,4.5,21,30,0,3358.11,3609.15,446.577,223941,0,
16,4.5,22,30.0001,0,3081.46,3131.57,335.109,301143,0,
16,4.5,23,30,0,2906.04,2934.28,308.081,238460,0,
16,4.5,24,30.0001,0,3041.67,3077.18,422.904,221420,0,
16,4.5,25,30.0002,0,2710.17,2765.97,464.029,199635,0,
17,4.5,1,30.0001,0,3792.29,3835.65,368.338,170223,0,
17,4.5,2,30.0001,0,3173.64,3199.29,438.617,192807,0,
17,4.5,3,30.0001,0,3650.03,3682.16,326.231,170714,0,
17,4.5,4,30.0002,0,3134.13,3224.81,392.615,231169,0,
17,4.5,5,30.0001,0,3062.68,3275.8,400.69,206585,0,
17,4.5,6,30.0001,0,3382.51,3403.73,358.714,247247,0,
17,4.5,7,30.0001,0,2882.41,2986.29,358.05,194677,0,
17,4.5,8,30.0002,0,2890.04,2993.46,399.946,152861,0,
17,4.5,9,30.0001,0,3153.92,3208.05,434.799,231845,0,
17,4.5,10,30.0001,0,3073.87,3142.64,313.851,251499,0,
17,4.5,11,30.0001,0,2993.51,3070.07,385.597,255958,0,
17,4.5,12,30.0002,0,3805.53,3945.52,407.255,170787,0,
17,4.5,13,30,0,3418.14,3452.68,381.063,214906,0,
17,4.5,14,30.0002,0,3350.36,3440.59,363.889,154920,0,
17,4.5,15,30.0002,0,3928.03,3968.2,428.566,170188,0,
17,4.5,16,30.0001,0,3368.94,3462.44,352.746,186673,0,
17,4.5,17,30.0002,0,3822.84,3855.8,365.573,157249,0,
17,4.5,18,30.0001,0,2708.47,2775.64,380.47,287446,0,
17,4.5,19,30.0001,0,3314.66,3429.39,495.783,214992,0,
17,4.5,20,30.0001,0,2835.05,2874.36,355.921,269698,0,
17,4.5,21,30.0001,0,3704,3777.61,439.164,186195,0,
17,4.5,22,30.0001,0,3289.22,3350.65,335.109,271837,0,
17,4.5,23,30.0001,0,3271.79,3299.97,365.755,229885,0,
17,4.5,24,30.0001,0,3214.69,3250.12,422.904,214530,0,
17,4.5,25,30.0002,0,3021.69,3078.04,464.029,196818,0,
18,4.5,1,30.0002,0,4053.61,4113.85,368.338,156858,0,
18,4.5,2,30.0001,0,3451.12,3476.73,438.624,183978,0,
18,4.5,3,30.0001,0,3713.14,3745.26,327.313,169344,0,
18,4.5,4,30,0,3207.54,3298.21,384.442,230898,0,
18,4.5,5,30.0001,0,3347.86,3564.65,400.996,202907,0,
18,4.5,6,30,0,3551.6,3572.82,358.714,243995,0,
18,4.5,7,30,0,2969.24,3073.11,358.05,193825,0,
18,4.5,8,30.0001,0,3151.6,3255.02,399.946,150446,0,
18,4.5,9,30.0001,0,3287.81,3341.96,437.402,225483,0,
18,4.5,10,30.0002,0,3342.13,3380.1,316.224,238483,0,
18,4.5,11,30.0002,0,3077.02,3153.5,395.866,248711,0,
18,4.5,12,30,0,4009.86,4149.63,407.012,165136,0,
18,4.5,13,30,0,3460.88,3495.4,381.055,207955,0,
18,4.5,14,30,0,3692.4,3786.31,363.889,156322,0,
18,4.5,15,30.0001,0,4206.02,4246.19,428.566,168495,0,
18,4.5,16,30.0002,0,3772.25,3815.75,416.316,161898,0,
18,4.5,17,30.0001,0,4075.68,4108.62,365.573,150350,0,
18,4.5,18,30.0001,0,2806.81,2874.22,380.47,257885,0,
18,4.5,19,30.0002,0,3499.34,3614.05,495.194,208049,0,
18,4.5,20,30.0001,0,3075.42,3130.47,355.921,259376,0,
18,4.5,21,30.0001,0,4009.35,4082.88,437.408,176357,0,
18,4.5,22,30.0001,0,3561.04,3601.73,335.109,231878,0,
18,4.5,23,30.0002,0,3419.75,3447.91,365.755,223948,0,
18,4.5,24,30.0001,0,3298.89,3334.27,422.904,208890,0,
18,4.5,25,30,0,3185.16,3241.51,464.029,195937,0,
19,4.5,1,30.0001,0,4171.99,4232.23,368.338,154705,0,
19,4.5,2,30.0001,0,3681.3,3706.89,438.837,176982,0,
19,4.5,3,30.0001,0,3872.43,3904.51,326.666,164050,0,
19,4.5,4,30,0,3243.34,3333.93,383.615,225309,0,
19,4.5,5,30.0001,0,3464.6,3681.17,394.646,196407,0,
19,4.5,6,30.0002,0,3862.36,3878.96,373.347,192243,0,
19,4.5,7,30.0001,0,3129.37,3233.24,358.05,190163,0,
19,4.5,8,30.0002,0,3171.41,3274.83,399.946,145439,0,
19,4.5,9,30,0,3673.28,3792.53,458.726,198865,0,
19,4.5,10,30,0,3349.65,3387.62,316.224,235348,0,
19,4.5,11,30.0001,0,3302.53,3350.72,378.799,224149,0,
19,4.5,12,30.0001,0,4113.78,4252.98,407.255,157544,0,
19,4.5,13,30.0001,0,3698.01,3732.5,381.017,203593,0,
19,4.5,14,30.0001,0,3987.27,4081.09,363.889,149189,0,
19,4.5,15,30,0,4350.92,4391.33,428.566,161390,0,
19,4.5,16,30.0002,0,4012.39,4055.73,413.899,156822,0,
19,4.5,17,30.0001,0,4166.1,4198.99,365.573,145785,0,
19,4.5,18,30.0001,0,3145.88,3187.04,386.991,222634,0,
19,4.5,19,30.0002,0,3563.72,3678.42,495.772,206600,0,
19,4.5,20,30.0001,0,3087.92,3142.94,355.921,255465,0,
19,4.5,21,30,0,4402.67,4484.56,437.676,171910,0,
19,4.5,22,30.0001,0,3742.6,3783.28,335.109,225650,0,
19,4.5,23,30,0,3598.21,3626.68,365.755,213668,0,
19,4.5,24,30.0001,0,3436.15,3471.51,422.904,202937,0,
19,4.5,25,30.0001,0,3328.2,3519.93,435.343,207669,0,
20,4.5,1,30.0002,0,4390.36,4450.6,368.338,149163,0,
20,4.5,2,30.0002,0,3688.36,3713.94,438.91,174124,0,
20,4.5,3,30.0002,0,4030.97,4063.05,326.914,162786,0,
20,4.5,4,30.0001,0,3314.29,3404.66,384.442,213194,0,
20,4.5,5,30,0,3855.34,4081.77,440.246,192462,0,
20,4.5,6,30.0001,0,3890.44,3907.04,373.347,187793,0,
20,4.5,7,30.0001,0,3449.9,3555.37,358.05,191889,0,
20,4.5,8,30.0002,0,3415.43,3519.27,399.946,149029,0,
20,4.5,9,30.025,0,3782.78,3902.01,458.87,196622,0,
20,4.5,10,30.0001,0,3593.43,3631.4,316.224,231586,0,
20,4.5,11,30.0001,0,3497.02,3545.21,378.799,213884,0,
20,4.5,12,30.0001,0,4413.62,4552.58,410.231,153707,0,
20,4.5,13,30.0001,0,3805.09,3839.57,381.017,201446,0,
20,4.5,14,30.0002,0,4273.33,4367.1,363.889,144575,0,
20,4.5,15,30.0001,0,4587.88,4726.55,428.566,155164,0,
20,4.5,16,30.0001,0,4267.04,4310.37,413.899,151751,0,
20,4.5,17,30.0002,0,4411.11,4444,365.573,140754,0,
20,4.5,18,30.0001,0,3420.9,3462,397.495,215689,0,
20,4.5,19,30.0749,0,3726.38,3832.54,470.29,196614,0,
20,4.5,20,30.0001,0,3381.66,3436.63,355.921,247991,0,
20,4.5,21,30.0001,0,4741.96,4826.6,437.408,165190,0,
20,4.5,22,30.0002,0,4049.41,4102.62,335.109,41036,0,
20,4.5,23,30.0002,0,3719.74,3748.19,365.755,205234,0,
20,4.5,24,30,0,3609.35,3687.22,451.486,160796,0,
20,4.5,25,30,0,3571.3,3762.97,435.343,203986,0,
21,4.5,1,30.0001,0,4485.73,4545.97,368.338,142764,0,
21,4.5,2,30.0001,0,3938.25,3963.81,438.579,168781,0,
21,4.5,3,30.0002,0,4030.97,4063.03,325.988,160838,0,
21,4.5,4,30.0001,0,3667.44,3816.08,405.003,183130,0,
21,4.5,5,30.0001,0,3947.63,4173.96,397.159,187988,0,
21,4.5,6,30,0,4052.03,4068.61,373.635,180264,0,
21,4.5,7,30.0001,0,3699.45,3786.23,365.496,140565,0,
21,4.5,8,30.0001,0,3675.8,3779.64,399.946,144804,0,
21,4.5,9,30.0001,0,3885.83,4005.01,457.846,188953,0,
21,4.5,10,30.0001,0,3886,3923.97,316.224,217180,0,
21,4.5,11,30.0001,0,3541.64,3589.83,378.799,208886,0,
21,4.5,12,30.0001,0,4621.61,4760.25,410.259,145475,0,
21,4.5,13,30.0001,0,3812.97,3847.44,380.998,194818,0,
21,4.5,14,30.0001,0,4516.69,4613.84,363.889,134248,0,
21,4.5,15,30.0002,0,4821.44,4969.84,428.566,150763,0,
21,4.5,16,30.0002,0,4416.8,4460.13,413.899,148584,0,
21,4.5,17,30.0001,0,4639.65,4672.55,365.573,135443,0,
21,4.5,18,30.0001,0,3620.94,3661.93,386.991,201200,0,
21,4.5,19,30.0001,0,4056.94,4166.29,469.656,189566,0,
21,4.5,20,30.0001,0,3678.07,3735.61,355.921,233237,0,
21,4.5,21,30.0002,0,4885.26,4969.79,440.048,156227,0,
21,4.5,22,30.0008,0,4215.55,4268.7,335.109,40668,0,
21,4.5,23,30.0001,0,3944.62,3972.98,365.755,197259,0,
21,4.5,24,30.0002,0,3878.07,3956.07,451.486,157373,0,
21,4.5,25,30.0001,0,3906.53,3988.64,434.432,146819,0,
22,4.5,1,30.0001,0,4829.43,4889.66,368.338,139868,0,
22,4.5,2,30.0001,0,4272.01,4365.74,443.298,125968,0,
22,4.5,3,30.0002,0,4108.11,4140.15,327.439,154148,0,
22,4.5,4,30.0001,0,3946.39,4094.88,405.003,174385,0,
22,4.5,5,30.0001,0,4218.06,4444.14,414.074,177135,0,
22,4.5,6,30.0001,0,4052.03,4068.61,373.635,172231,0,
22,4.5,7,30.0001,0,3930.58,4018.7,367.156,137019,0,
22,4.5,8,30.0001,0,3921.4,4025.24,399.946,138232,0,
22,4.5,9,30.0002,0,4094.51,4213.66,458.851,184939,0,
22,4.5,10,30.0001,0,4120.71,4158.69,316.224,206184,0,
22,4.5,11,30,0,3900.06,3948.35,378.799,199408,0,
22,4.5,12,30.0002,0,4737.09,4875.47,404.443,138509,0,
22,4.5,13,30.0001,0,3892.39,3926.86,380.998,188541,0,
22,4.5,14,30.0002,0,4853,4949.99,363.889,126520,0,
22,4.5,15,30.0001,0,5006.34,5154.74,428.566,145455,0,
22,4.5,16,30.0001,0,4698,4741.33,413.899,142957,0,
22,4.5,17,30.0001,0,4989.27,5022.16,365.573,129209,0,
22,4.5,18,30.0001,0,3831.41,3872.37,386.991,192522,0,
22,4.5,19,30.0002,0,4455.61,4573.92,453.008,164189,0,
22,4.5,20,30,0,4008.89,4066.37,355.921,220149,0,
22,4.5,21,30.0001,0,5253.91,5356.58,426.015,138735,0,
22,4.5,22,30.0006,0,4379.57,4432.71,335.109,40703,0,
22,4.5,23,30.0001,0,4303.55,4352.36,365.755,167725,0,
22,4.5,24,30.0003,0,4207.47,4289.19,443.011,155216,0,
22,4.5,25,30.0001,0,4084.9,4167.01,434.432,143012,0,
23,4.5,1,30.0002,0,5021.05,5081.29,368.338,136120,0,
23,4.5,2,30.0002,0,4332.53,4426.26,443.296,121443,0,
23,4.5,3,30.0001,0,4270.28,4302.32,326.643,149897,0,
23,4.5,4,30.0002,0,4238.61,4382.75,428.33,164657,0,
23,4.5,5,30,0,4488.28,4714.22,402.669,170483,0,
23,4.5,6,30.0001,0,4068.32,4084.9,373.635,169702,0,
23,4.5,7,30,0,4034.29,4122.41,360.545,133662,0,
23,4.5,8,30.0002,0,3995.36,4099.2,399.946,133985,0,
23,4.5,9,30.0001,0,4312.19,4524.68,465.206,143399,0,
23,4.5,10,30.0001,0,4270.29,4308.24,315.755,200216,0,
23,4.5,11,30.0001,0,4049.3,4097.59,378.799,191541,0,
23,4.5,12,30.0002,0,4944.69,5082.55,404.443,133630,0,
23,4.5,13,30.0001,0,3944.17,3978.64,380.998,184446,0,
23,4.5,14,30.0001,0,5173.45,5270.36,363.889,123342,0,
23,4.5,15,30.0002,0,5346.48,5498.03,428.566,139383,0,
23,4.5,16,30.0001,0,4995.65,5038.84,413.942,134817,0,
23,4.5,17,30.0001,0,5265.91,5298.8,365.573,124861,0,
23,4.5,18,30.0002,0,4024.13,4065.04,386.991,186847,0,
23,4.5,19,30.0001,0,4632.07,4750.24,459.717,159006,0,
23,4.5,20,30.0001,0,4337.29,4394.86,355.921,209342,0,
23,4.5,21,30.0002,0,5525.64,5631.6,426.015,133667,0,
23,4.5,22,30.0008,0,4379.57,4432.71,335.109,40709,0,
23,4.5,23,30.0001,0,4667.69,4716.49,365.755,163324,0,
23,4.5,24,30.0002,0,4530.32,4570.95,422.904,127774,0,
23,4.5,25,30.0002,0,4285.57,4367.68,434.432,140870,0,
24,4.5,1,30.0002,0,5258.43,5318.67,368.338,129652,0,
24,4.5,2,30.0001,0,4516.26,4609.76,445.619,119608,0,
24,4.5,3,30.0001,0,4496.28,4528.31,325.235,147141,0,
24,4.5,4,30.0001,0,4358.89,4505.82,405.914,162578,0,
24,4.5,5,30.0002,0,4738.88,4770.02,390.748,153821,0,
24,4.5,6,30.0001,0,4272.57,4299.6,373.635,162953,0,
24,4.5,7,30.0003,0,4246.1,4334.18,365.767,131648,0,
24,4.5,8,30.0003,0,4205.94,4309.78,399.946,132921,0,
24,4.5,9,30.0001,0,4449.15,4661.62,457.846,140429,0,
24,4.5,10,30.0001,0,4343.35,4381.24,316.181,197506,0,
24,4.5,11,30.0001,0,4434.55,4482.85,385.255,184684,0,
24,4.5,12,30,0,4971.21,5108.98,405.329,131628,0,
24,4.5,13,30,0,4126.69,4161.15,380.998,179636,0,
24,4.5,14,30.0001,0,5410.2,5507.06,363.889,120399,0,
24,4.5,15,30.0001,0,5419.56,5571.12,428.566,133147,0,
24,4.5,16,30.0001,0,4995.65,5038.84,413.942,134856,0,
24,4.5,17,30.0001,0,5517.74,5550.59,366.733,122669,0,
24,4.5,18,30.0002,0,4243.15,4283.97,391.175,180394,0,
24,4.5,19,30.0002,0,4880.23,5007.88,419.419,156867,0,
24,4.5,20,30.0001,0,4460.22,4517.76,355.921,204267,0,
24,4.5,21,30,0,5828.88,5934.82,426.015,126585,0,
24,4.5,22,30.0012,0,4663.09,4716.22,335.109,40293,0,
24,4.5,23,30.0002,0,4758.84,4807.59,365.755,158935,0,
24,4.5,24,30.0001,0,4803.53,4880.58,422.904,143714,0,
24,4.5,25,30.0001,0,4407.47,4489.58,434.432,136805,0,
25,4.5,1,30.0002,0,5387.65,5447.89,368.338,128329,0,
25,4.5,2,30.0002,0,4744.99,4838.45,441.336,116375,0,
25,4.5,3,30.0002,0,4612.99,4645.01,325.644,142568,0,
25,4.5,4,30,0,4371.92,4518.75,405.003,156485,0,
25,4.5,5,30.0002,0,4839.13,4870.27,390.748,151715,0,
25,4.5,6,30.0001,0,4411.89,4438.92,373.635,160556,0,
25,4.5,7,30.0002,0,4506.12,4594.2,366.971,128132,0,
25,4.5,8,30.0002,0,4350.62,4454.45,399.946,128159,0,
25,4.5,9,30.0001,0,4774.06,4911.65,434.694,130649,0,
25,4.5,10,30.0002,0,4468.82,4507.56,315.918,175108,0,
25,4.5,11,30.0001,0,4727.92,4776.22,385.255,173728,0,
25,4.5,12,30.0002,0,5269.3,5406.64,410.259,126116,0,
25,4.5,13,30.0001,0,4388.47,4422.9,380.952,171826,0,
25,4.5,14,30.0001,0,5429.77,5526.57,363.889,118185,0,
25,4.5,15,30.0001,0,5819.94,5974.75,428.566,130457,0,
25,4.5,16,30.0001,0,5195.6,5238.73,417.609,131346,0,
25,4.5,17,30.0001,0,5517.74,5550.56,365.573,120497,0,
25,4.5,18,30.0001,0,4506.63,4547.41,391.888,172040,0,
25,4.5,19,30.0001,0,5041.23,5168.72,419.419,150236,0,
25,4.5,20,30.0002,0,4710.82,4768.31,355.921,194028,0,
25,4.5,21,30.0001,0,6102.69,6255.72,426.015,127440,0,
25,4.5,22,30.0003,0,4701.15,4754.27,335.109,40164,0,
25,4.5,23,30.0001,0,4970.91,5019.67,365.755,153360,0,
25,4.5,24,30.0001,0,4944.17,5021.22,422.904,140314,0,
25,4.5,25,30.0001,0,4429.32,4511.43,434.432,136748,0,
26,4.5,1,30.0003,0,5505.73,5565.97,368.338,123376,0,
26,4.5,2,30.0001,0,5040.16,5133.57,446.343,110326,0,
26,4.5,3,30.0002,0,4646.97,4678.96,326.914,139837,0,
26,4.5,4,30.0002,0,4585.09,4687.47,369.509,137035,0,
26,4.5,5,30.0001,0,4877.47,4908.61,390.748,147872,0,
26,4.5,6,30.0002,0,4587.61,4665.06,358.714,172215,0,
26,4.5,7,30.0002,0,4878.2,4969.15,379.376,126270,0,
26,4.5,8,30.0002,0,4635.86,4739.7,399.946,123536,0,
26,4.5,9,30.0001,0,5053.99,5191.53,434.694,127068,0,
26,4.5,10,30.0002,0,4468.82,4507.49,316.482,170737,0,
26,4.5,11,30,0,5031.49,5079.71,385.255,164464,0,
26,4.5,12,30.0001,0,5330.72,5467.86,407.255,123297,0,
26,4.5,13,30.0001,0,4609.53,4643.94,380.94,165622,0,
26,4.5,14,30.0001,0,5623.75,5720.53,363.889,116934,0,
26,4.5,15,30.0002,0,5962.83,6117.64,428.566,127268,0,
26,4.5,16,30.0001,0,5352.55,5395.59,413.596,126676,0,
26,4.5,17,30.0003,0,5794.54,5827.36,365.573,121600,0,
26,4.5,18,30.0001,0,4906.58,4948.74,400.857,163114,0,
26,4.5,19,30.0002,0,5258.12,5417.94,440.178,126972,0,
26,4.5,20,30.0001,0,4754.87,4812.35,355.921,191284,0,
26,4.5,21,30.0001,0,6254.39,6407.36,426.015,121739,0,
26,4.5,22,30.0002,0,4991.75,5044.83,335.109,39743,0,
26,4.5,23,30.0002,0,5159.65,5208.4,365.755,147767,0,
26,4.5,24,30.0001,0,5107.87,5184.89,422.904,137553,0,
26,4.5,25,30.0001,0,4640.1,4723.09,434.432,143669,0,
27,4.5,1,30.0001,0,5611.68,5671.92,368.338,122163,0,
27,4.5,2,30.0003,0,5160.48,5253.89,446.343,108463,0,
27,4.5,3,30.0001,0,4688.86,4720.84,327.371,137933,0,
27,4.5,4,30.0001,0,4872.68,4975.05,369.509,134303,0,
27,4.5,5,30.0002,0,4930.76,4961.89,390.748,138846,0,
27,4.5,6,30.0001,0,4896.5,4973.95,369.239,143445,0,
27,4.5,7,30.0001,0,5106.13,5197.08,379.375,124986,0,
27,4.5,8,30.0001,0,4884.61,4988.45,399.946,121416,0,
27,4.5,9,30.0003,0,5326.3,5475.32,442.538,113883,0,
27,4.5,10,30.0002,0,4800.07,4838.49,331.259,161449,0,
27,4.5,11,30.0001,0,5066.07,5114.29,385.255,164141,0,
27,4.5,12,30.0003,0,5408.4,5544.96,404.443,118990,0,
27,4.5,13,30.0001,0,4952.36,4997.14,398.857,137184,0,
27,4.5,14,30.0001,0,5749.4,5846.15,363.889,115131,0,
27,4.5,15,30.0004,0,6321.01,6473.55,428.566,120674,0,
27,4.5,16,30.0001,0,5575.84,5618.77,413.176,121533,0,
27,4.5,17,30.0002,0,6012.59,6045.4,365.573,117260,0,
27,4.5,18,30.0001,0,5181.58,5223.69,400.857,157635,0,
27,4.5,19,30,0,5416.08,5575.9,440.178,122020,0,
27,4.5,20,30.0002,0,4877.38,4934.83,355.921,189236,0,
27,4.5,21,30.0003,0,6395.06,6548.03,426.015,120810,0,
27,4.5,22,30.0003,0,5116.82,5169.92,335.109,40049,0,
27,4.5,23,30.0002,0,5455.38,5504.13,365.755,143603,0,
27,4.5,24,30.0002,0,5157.31,5234.32,422.904,136547,0,
27,4.5,25,30.0001,0,4701.56,4784.53,434.432,140615,0,
28,4.5,1,30.0002,0,5852.34,5912.58,368.338,118721,0,
28,4.5,2,30.0002,0,5463.87,5557.28,446.343,105667,0,
28,4.5,3,30.0001,0,4855.97,4887.93,325.17,133488,0,
28,4.5,4,30.0001,0,5062.3,5164.67,369.509,130653,0,
28,4.5,5,30.0001,0,5090.75,5121.89,390.748,135688,0,
28,4.5,6,30.0002,0,4910.58,4988.02,369.239,144316,0,
28,4.5,7,30.0002,0,5407.6,5498.5,379.328,119455,0,
28,4.5,8,30.0001,0,4982.22,5086.05,399.946,117566,0,
28,4.5,9,30.0003,0,5501.68,5650.69,442.538,109146,0,
28,4.5,10,30.0002,0,4969.16,5007.58,331.259,153262,0,
28,4.5,11,30.0001,0,5338.61,5386.71,385.255,159120,0,
28,4.5,12,30.0001,0,5531.38,5667.54,411.679,116635,0,
28,4.5,13,30.0001,0,5286.17,5330.95,398.857,132527,0,
28,4.5,14,30.0001,0,5895.29,5991.97,363.889,112725,0,
28,4.5,15,30.0001,0,6588.73,6741.14,428.566,116599,0,
28,4.5,16,30.0002,0,5685.65,5728.25,412.822,117561,0,
28,4.5,17,30.0001,0,6046.29,6079.09,365.573,114646,0,
28,4.5,18,30.0002,0,5476.79,5540.7,400.857,150834,0,
28,4.5,19,30.0001,0,5561.6,5721.41,440.178,120353,0,
28,4.5,20,30.0001,0,5067.22,5124.61,355.921,177655,0,
28,4.5,21,30.0001,0,6558.53,6711.48,426.015,116562,0,
28,4.5,22,30.0003,0,5228.25,5281.33,335.109,38659,0,
28,4.5,23,30.0001,0,5812.92,5861.68,365.755,137386,0,
28,4.5,24,30.0002,0,5503.35,5580.31,422.904,127800,0,
28,4.5,25,30.0002,0,4797.25,4880.21,434.432,137248,0,
29,4.5,1,30.0003,0,5882.76,5943,368.338,116724,0,
29,4.5,2,30.0001,0,5838.79,5962.02,444.381,106303,0,
29,4.5,3,30.0001,0,5037.57,5069.5,327.429,125936,0,
29,4.5,4,30.0002,0,5246.71,5349.05,369.509,125123,0,
29,4.5,5,30.0001,0,5335.39,5366.53,390.748,131917,0,
29,4.5,6,30.0002,0,5070.03,5147.47,369.239,139124,0,
29,4.5,7,30.0001,0,5808.99,5832.36,407.746,125483,0,
29,4.5,8,30.0001,0,5200.39,5325.33,409.566,118888,0,
29,4.5,9,30.0001,0,5740.39,5889.4,442.538,102353,0,
29,4.5,10,30.0002,0,5163.51,5201.93,331.259,149588,0,
29,4.5,11,30.0002,0,5629.9,5667.78,386.929,136802,0,
29,4.5,12,30.0001,0,5743.14,5879.12,408.74,113003,0,
29,4.5,13,30.0001,0,5547.5,5592.28,398.857,126148,0,
29,4.5,14,30.0003,0,6104.14,6200.69,363.889,107871,0,
29,4.5,15,30.0001,0,6744.67,6897.02,428.566,110626,0,
29,4.5,16,30.0001,0,5913.81,5956.32,413.421,114594,0,
29,4.5,17,30.0002,0,6227.79,6260.59,365.588,110422,0,
29,4.5,18,30.0002,0,5514.72,5578.61,400.857,148578,0,
29,4.5,19,30.0001,0,5605.17,5764.98,440.178,115757,0,
29,4.5,20,30.0001,0,5144.15,5201.54,355.921,172019,0,
29,4.5,21,30.0002,0,6685.17,6838.08,426.015,113289,0,
29,4.5,22,30.0002,0,5420.23,5473.31,335.109,37322,0,
29,4.5,23,30.0001,0,6007.87,6056.63,365.755,131730,0,
29,4.5,24,30.0002,0,5549.09,5626.05,422.904,127100,0,
29,4.5,25,30.0001,0,4874.45,4957.42,434.432,135364,0,
30,4.5,1,30.0002,0,6125.79,6186.03,368.338,111205,0,
30,4.5,2,30.0001,0,6003.91,6127.11,441.216,104163,0,
30,4.5,3,30.0001,0,5100.4,5132.33,325.554,124115,0,
30,4.5,4,30.0002,0,5538.01,5640.33,369.509,121853,0,
30,4.5,6,30.0001,0,5302.59,5343.06,358.714,125922,0,
30,4.5,5,30.0001,0,5499.1,5530.23,390.748,125206,0,
30,4.5,7,30.0003,0,6225.92,6249.29,416.932,119365,0,
30,4.5,8,30.0001,0,5333.94,5458.73,402.094,116142,0,
30,4.5,9,30.0002,0,5838.45,5987.46,442.538,104318,0,
30,4.5,10,30.0001,0,5608.44,5686.79,449.344,131507,0,
30,4.5,11,30.0001,0,5894.08,5931.89,386.584,131761,0,
30,4.5,12,30.0002,0,6028.46,6164.25,405.329,108923,0,
30,4.5,13,30.0001,0,5874.14,5918.92,398.857,120280,0,
30,4.5,14,30.0002,0,6291.92,6388.45,363.889,106919,0,
30,4.5,15,30.0001,0,7037.18,7189.5,428.566,107862,0,
30,4.5,16,30.0002,0,6193.39,6235.76,412.526,111806,0,
30,4.5,17,30.0001,0,6461.16,6493.95,365.588,107504,0,
30,4.5,18,30.0002,0,5652.65,5716.44,400.857,141763,0,
30,4.5,19,30.0001,0,5741.55,5901.37,440.178,114664,0,
30,4.5,20,30.0002,0,5421.22,5483.15,355.921,161178,0,
30,4.5,21,30.0003,0,6757.91,6910.81,426.015,111018,0,
30,4.5,22,30.0003,0,5594.53,5647.6,335.109,37255,0,
30,4.5,23,30.0003,0,6270.3,6319.04,365.755,127720,0,
30,4.5,24,30.0003,0,5747.69,5824.64,422.904,122557,0,
30,4.5,25,30.0001,0,5061.2,5144.17,434.432,131490,0,
31,4.5,1,30.0002,0,6125.79,6186.03,368.338,111201,0,
31,4.5,2,30.0002,0,6003.91,6127.08,440.564,103346,0,
31,4.5,3,30.0003,0,5100.4,5132.33,325.554,124941,0,
31,4.5,4,30.0001,0,5538.01,5640.34,369.509,123045,0,
31,4.5,5,30.0001,0,5499.1,5530.24,390.748,125745,0,
31,4.5,6,30.0001,0,5302.59,5343.08,358.714,127455,0,
31,4.5,7,30.0003,0,6225.92,6249.29,416.932,121471,0,
31,4.5,8,30.0001,0,5333.94,5458.73,402.094,115863,0,
31,4.5,9,30.0003,0,5838.45,5987.46,442.538,104911,0,
31,4.5,10,30.0001,0,5608.44,5686.78,449.336,129867,0,
31,4.5,11,30.0002,0,5894.08,5931.88,386.848,130253,0,
31,4.5,12,30.0002,0,6028.46,6164,413.206,106983,0,
31,4.5,13,30.0002,0,5874.14,5918.92,398.857,119220,0,
31,4.5,14,30.0003,0,6291.92,6388.47,363.889,108063,0,
31,4.5,15,30.0003,0,7037.18,7189.51,428.566,108067,0,
31,4.5,16,30.0002,0,6193.39,6235.76,412.526,112324,0,
31,4.5,17,30.0001,0,6461.16,6493.95,365.588,107822,0,
31,4.5,18,30.0002,0,5652.65,5716.44,400.857,139914,0,
31,4.5,19,30.0001,0,5741.55,5901.37,440.178,114017,0,
31,4.5,20,30.0002,0,5421.22,5483.15,355.921,161160,0,
31,4.5,21,30.0003,0,6757.91,6910.81,426.015,110523,0,
31,4.5,22,30.0004,0,5594.53,5647.58,335.109,37176,0,
31,4.5,23,30.0002,0,6270.3,6319.04,365.755,128024,0,
31,4.5,24,30.0001,0,5747.69,5824.63,422.904,122156,0,
31,4.5,25,30.0002,0,5061.2,5144.17,434.432,131947,0,
32,4.5,1,30.0001,0,6125.79,6186.03,368.338,111596,0,
32,4.5,2,30.0001,0,6003.91,6127.14,444.381,104596,0,
32,4.5,3,30.0001,0,5100.4,5132.33,325.554,124557,0,
32,4.5,4,30.0002,0,5538.01,5640.33,369.509,119100,0,
32,4.5,5,30.0002,0,5499.1,5530.24,390.748,125606,0,
32,4.5,6,30.0001,0,5302.59,5343.06,358.714,125945,0,
32,4.5,7,30.0002,0,6225.92,6249.29,416.932,121303,0,
32,4.5,8,30.0002,0,5333.94,5458.72,402.094,115187,0,
32,4.5,9,30.0002,0,5838.45,5987.46,442.538,104109,0,
32,4.5,10,30.0001,0,5608.44,5686.8,449.229,133359,0,
32,4.5,11,30.0001,0,5894.08,5931.89,386.584,131697,0,
32,4.5,12,30.0003,0,6028.46,6164.29,413.443,110554,0,
32,4.5,13,30.0001,0,5874.14,5918.92,398.857,119462,0,
32,4.5,14,30.0002,0,6291.92,6388.45,363.889,106746,0,
32,4.5,15,30.0002,0,7037.18,7189.52,428.566,108566,0,
32,4.5,16,30.0001,0,6193.39,6235.76,412.526,112235,0,
32,4.5,17,30.0002,0,6461.16,6493.95,365.588,107538,0,
32,4.5,18,30.0002,0,5652.65,5716.44,400.857,140774,0,
32,4.5,19,30,0,5741.55,5901.37,440.178,113105,0,
32,4.5,20,30.0002,0,5421.22,5483.15,355.921,160884,0,
32,4.5,21,30.0003,0,6757.91,6910.81,426.015,111152,0,
32,4.5,22,30.0022,0,5594.53,5647.58,335.109,37219,0,
32,4.5,23,30.0002,0,6270.3,6319.04,365.755,128134,0,
32,4.5,24,30.0002,0,5747.69,5824.63,422.904,121901,0,
32,4.5,25,30.0003,0,5061.2,5144.17,434.432,131927,0,
33,4.5,1,30.0002,0,6125.79,6186.03,368.338,110702,0,
33,4.5,2,30.0003,0,6003.91,6127.14,444.381,105417,0,
33,4.5,3,30.0002,0,5100.4,5132.33,325.554,123852,0,
33,4.5,4,30.0002,0,5538.01,5640.33,369.509,120686,0,
33,4.5,5,30.0002,0,5499.1,5530.24,390.748,126171,0,
33,4.5,6,30.0001,0,5302.59,5343.07,358.714,126594,0,
33,4.5,7,30.0002,0,6225.92,6249.29,416.932,120236,0,
33,4.5,8,30.0001,0,5333.94,5458.72,402.094,114916,0,
33,4.5,9,30.0002,0,5838.45,5987.46,442.538,103433,0,
33,4.5,10,30.0002,0,5608.44,5686.8,449.229,132765,0,
33,4.5,11,30.0002,0,5894.08,5931.89,386.584,131849,0,
33,4.5,12,30.0002,0,6028.46,6164.13,407.255,108459,0,
33,4.5,13,30.0001,0,5874.14,5918.92,398.857,121403,0,
33,4.5,14,30.0001,0,6291.92,6388.46,363.889,107369,0,
33,4.5,15,30.0001,0,7037.18,7189.52,428.566,108836,0,
33,4.5,16,30.0001,0,6193.39,6235.76,412.526,111776,0,
33,4.5,17,30.0001,0,6461.16,6493.95,365.588,107590,0,
33,4.5,18,30.0001,0,5652.65,5716.44,400.857,142285,0,
33,4.5,19,30.0001,0,5741.55,5901.37,440.178,114712,0,
33,4.5,20,30.0001,0,5421.22,5483.15,355.921,161866,0,
33,4.5,21,30.0001,0,6757.91,6910.81,426.015,110801,0,
33,4.5,22,30.0012,0,5594.53,5647.61,335.109,37318,0,
33,4.5,23,30.0001,0,6270.3,6319.04,365.755,127627,0,
33,4.5,24,30.0003,0,5747.69,5824.63,422.904,121846,0,
33,4.5,25,30.0001,0,5061.2,5144.17,434.432,131883,0,
34,4.5,1,30.0002,0,6125.79,6186.03,368.338,112083,0,
34,4.5,2,30.0001,0,6003.91,6127.14,444.381,104850,0,
34,4.5,3,30.0001,0,5100.4,5132.33,325.554,124444,0,
34,4.5,4,30.0001,0,5538.01,5640.33,369.509,120465,0,
34,4.5,5,30.0001,0,5499.1,5530.24,390.748,125963,0,
34,4.5,6,30.0003,0,5302.59,5343.06,358.714,125689,0,
34,4.5,7,30.0002,0,6225.92,6249.29,416.932,121653,0,
34,4.5,8,30.0001,0,5333.94,5458.73,402.094,116240,0,
34,4.5,9,30.0002,0,5838.45,5987.46,442.538,104219,0,
34,4.5,10,30.0001,0,5608.44,5686.79,449.344,131592,0,
34,4.5,11,30.0001,0,5894.08,5931.88,386.848,131338,0,
34,4.5,12,30.0002,0,6028.46,6164.29,404.443,109700,0,
34,4.5,13,30.0002,0,5874.14,5918.92,398.857,120745,0,
34,4.5,14,30.0002,0,6291.92,6388.42,363.889,104621,0,
34,4.5,16,30.0001,0,6193.39,6235.76,412.526,111832,0,
34,4.5,15,30.0001,0,7037.18,7189.53,428.566,109205,0,
34,4.5,17,30.0003,0,6461.16,6493.95,365.588,107797,0,
34,4.5,18,30,0,5652.65,5716.44,400.857,141538,0,
34,4.5,19,30.0002,0,5741.55,5901.37,440.178,114051,0,
34,4.5,20,30.0002,0,5421.22,5483.14,355.921,159563,0,
34,4.5,21,30.0002,0,6757.91,6910.81,426.015,110604,0,
34,4.5,22,30.0001,0,5594.53,5647.62,335.109,37626,0,
34,4.5,23,30.0001,0,6270.3,6319.04,365.755,127510,0,
34,4.5,24,30.0002,0,5747.69,5824.64,422.904,123618,0,
34,4.5,25,30.0003,0,5061.2,5144.17,434.432,132838,0,
35,4.5,1,30.0001,0,6125.79,6186.03,368.338,110703,0,
35,4.5,2,30.0001,0,6003.91,6127.14,444.381,104818,0,
35,4.5,3,30.0001,0,5100.4,5132.33,325.554,123767,0,
35,4.5,4,30.0002,0,5538.01,5640.33,369.509,119161,0,
35,4.5,5,30.0001,0,5499.1,5530.24,390.748,126453,0,
35,4.5,6,30.0001,0,5302.59,5343.06,358.714,126012,0,
35,4.5,7,30.0001,0,6225.92,6249.29,416.932,121925,0,
35,4.5,8,30.0001,0,5333.94,5458.73,402.094,115610,0,
35,4.5,9,30.0002,0,5838.45,5987.46,442.538,103832,0,
35,4.5,10,30.0001,0,5608.44,5686.79,449.344,131670,0,
35,4.5,11,30.0001,0,5894.08,5931.88,386.848,130486,0,
35,4.5,12,30.0002,0,6028.46,6164.24,405.329,108788,0,
35,4.5,13,30.0002,0,5874.14,5918.92,398.857,119347,0,
35,4.5,14,30.0001,0,6291.92,6388.45,363.889,106697,0,
35,4.5,15,30.0003,0,7037.18,7189.5,428.566,107406,0,
35,4.5,16,30.0001,0,6193.39,6235.76,412.526,111504,0,
35,4.5,17,30.0002,0,6461.16,6493.95,365.588,107890,0,
35,4.5,18,30.0001,0,5652.65,5716.44,400.857,140873,0,
35,4.5,19,30.0002,0,5741.55,5901.37,440.178,113976,0,
35,4.5,20,30.0002,0,5421.22,5483.13,355.921,159556,0,
35,4.5,21,30.0003,0,6757.91,6910.81,426.015,111248,0,
35,4.5,22,30.0002,0,5594.53,5647.62,335.109,37586,0,
35,4.5,23,30.0002,0,6270.3,6319.04,365.755,127401,0,
35,4.5,24,30.0001,0,5747.69,5824.64,422.904,123790,0,
35,4.5,25,30.0001,0,5061.2,5144.17,434.432,131279,0,
36,4.5,1,30.0003,0,6125.79,6186.03,368.338,111100,0,
36,4.5,2,30.0002,0,6003.91,6127.1,438.84,103838,0,
36,4.5,3,30.0003,0,5100.4,5132.33,325.554,124451,0,
36,4.5,5,30.0001,0,5499.1,5530.24,390.748,126292,0,
36,4.5,4,30.0002,0,5538.01,5640.33,369.509,120235,0,
36,4.5,6,30.0001,0,5302.59,5343.07,358.714,126577,0,
36,4.5,7,30.0002,0,6225.92,6249.29,416.932,121139,0,
36,4.5,8,30.0001,0,5333.94,5458.72,409.568,113900,0,
36,4.5,9,30.0001,0,5838.45,5987.46,442.538,104301,0,
36,4.5,10,30.0001,0,5608.44,5686.79,449.344,131680,0,
36,4.5,11,30.0001,0,5894.08,5931.88,386.848,131323,0,
36,4.5,12,30.0001,0,6028.46,6164.18,405.942,108658,0,
36,4.5,13,30.0001,0,5874.14,5918.92,398.857,119872,0,
36,4.5,14,30.0003,0,6291.92,6388.45,363.889,106588,0,
36,4.5,15,30.0002,0,7037.18,7189.49,428.566,106415,0,
36,4.5,16,30.0001,0,6193.39,6235.76,412.526,112594,0,
36,4.5,17,30.0002,0,6461.16,6493.95,365.588,108807,0,
36,4.5,18,30,0,5652.65,5716.44,400.857,139187,0,
36,4.5,19,30.0002,0,5741.55,5901.37,440.178,115660,0,
36,4.5,20,30.0002,0,5421.22,5483.13,355.921,158795,0,
36,4.5,21,30.0002,0,6757.91,6910.81,426.015,110974,0,
36,4.5,22,30.0001,0,5594.53,5647.62,335.109,37884,0,
36,4.5,23,30.0001,0,6270.3,6319.04,365.755,128395,0,
36,4.5,24,30.0003,0,5747.69,5824.64,422.904,122793,0,
36,4.5,25,30.0001,0,5061.2,5144.17,434.432,131907,0,
37,4.5,1,30.0003,0,6125.79,6186.03,368.338,112683,0,
37,4.5,2,30.0003,0,6003.91,6127.1,438.84,103543,0,
37,4.5,3,30.0002,0,5100.4,5132.33,325.554,125264,0,
37,4.5,4,30.0001,0,5538.01,5640.33,369.509,120662,0,
37,4.5,5,30.0001,0,5499.1,5530.24,390.748,126775,0,
37,4.5,6,30.0002,0,5302.59,5343.07,358.714,126514,0,
37,4.5,7,30.0001,0,6225.92,6249.29,416.932,121174,0,
37,4.5,8,30.0001,0,5333.94,5458.73,402.094,116429,0,
37,4.5,9,30.0002,0,5838.45,5987.46,442.538,101277,0,
37,4.5,10,30.0001,0,5608.44,5686.79,449.097,131730,0,
37,4.5,11,30.0001,0,5894.08,5931.9,389.752,132100,0,
37,4.5,12,30.0002,0,6028.46,6164.29,413.443,110521,0,
37,4.5,13,30.0001,0,5874.14,5918.92,398.857,120272,0,
37,4.5,14,30.0003,0,6291.92,6388.47,363.889,107863,0,
37,4.5,15,30.0003,0,7037.18,7189.5,428.566,107643,0,
37,4.5,16,30.0003,0,6193.39,6235.76,412.526,112527,0,
37,4.5,17,30.0001,0,6461.16,6493.95,365.588,107951,0,
37,4.5,18,30.0001,0,5652.65,5716.44,400.857,141185,0,
37,4.5,19,30.0002,0,5741.55,5901.37,440.178,115474,0,
37,4.5,20,30.0001,0,5421.22,5483.19,355.921,163195,0,
37,4.5,21,30.0002,0,6757.91,6910.83,426.015,112440,0,
37,4.5,22,30.0004,0,5594.53,5647.57,335.109,36989,0,
37,4.5,23,30.0002,0,6270.3,6319.04,365.755,129083,0,
37,4.5,24,30.0002,0,5747.69,5824.64,422.904,124140,0,
37,4.5,25,30.0001,0,5061.2,5144.17,434.432,131663,0,
38,4.5,1,30.0002,0,6125.79,6186.03,368.338,111830,0,
38,4.5,2,30.0003,0,6003.91,6127.11,438.254,104315,0,
38,4.5,3,30.0003,0,5100.4,5132.33,325.554,124415,0,
38,4.5,4,30.0005,0,5538.01,5640.33,369.509,121602,0,
38,4.5,5,30.0003,0,5499.1,5530.24,390.748,127604,0,
38,4.5,6,30.0003,0,5302.59,5343.06,358.714,126008,0,
38,4.5,7,30.0002,0,6225.92,6249.29,416.932,121540,0,
38,4.5,8,30.0002,0,5333.94,5458.81,405.901,117412,0,
38,4.5,9,30.0001,0,5838.45,5987.46,442.538,104484,0,
38,4.5,11,30.0001,0,5894.08,5931.9,389.752,132107,0,
38,4.5,10,30.0001,0,5608.44,5686.79,449.344,131584,0,
38,4.5,12,30.0001,0,6028.46,6164.29,404.442,109122,0,
38,4.5,13,30.0001,0,5874.14,5918.92,398.857,120555,0,
38,4.5,14,30.0001,0,6291.92,6388.43,363.889,105899,0,
38,4.5,15,30,0,7037.18,7189.51,428.566,108110,0,
38,4.5,16,30.0003,0,6193.39,6235.76,412.526,112038,0,
38,4.5,17,30.0003,0,6461.16,6493.95,365.588,107952,0,
38,4.5,18,30.0001,0,5652.65,5716.44,400.857,139364,0,
38,4.5,19,30.0001,0,5741.55,5901.37,440.178,115245,0,
38,4.5,20,30.0002,0,5421.22,5483.15,355.921,161969,0,
38,4.5,21,30.0003,0,6757.91,6910.81,426.015,111979,0,
38,4.5,22,30.0013,0,5594.53,5647.61,335.109,37300,0,
38,4.5,23,30.0003,0,6270.3,6319.04,365.755,127823,0,
38,4.5,24,30.0003,0,5747.69,5824.64,422.904,122531,0,
38,4.5,25,30.0002,0,5061.2,5144.17,434.432,133185,0,
39,4.5,1,30.0003,0,6125.79,6186.03,368.338,111353,0,
39,4.5,2,30.0001,0,6003.91,6127.14,444.381,105072,0,
39,4.5,3,30.0001,0,5100.4,5132.33,325.554,123735,0,
39,4.5,4,30.0002,0,5538.01,5640.34,369.509,122474,0,
39,4.5,6,30.0001,0,5302.59,5343.06,358.714,125973,0,
39,4.5,5,30.0002,0,5499.1,5530.24,390.748,125534,0,
39,4.5,7,30.0002,0,6225.92,6249.29,416.932,120980,0,
39,4.5,8,30.0001,0,5333.94,5458.73,402.094,116072,0,
39,4.5,9,30.0001,0,5838.45,5987.46,442.538,104096,0,
39,4.5,10,30.0001,0,5608.44,5686.79,449.097,131986,0,
39,4.5,11,30.0002,0,5894.08,5931.92,386.895,132264,0,
39,4.5,12,30.0002,0,6028.46,6164.29,404.443,109753,0,
39,4.5,13,30.0001,0,5874.14,5918.92,398.857,121206,0,
39,4.5,14,30.0003,0,6291.92,6388.47,363.889,108085,0,
39,4.5,15,30.0003,0,7037.18,7189.53,428.566,109043,0,
39,4.5,16,30.0002,0,6193.39,6235.88,413.05,113139,0,
39,4.5,17,30.0002,0,6461.16,6493.95,365.588,108325,0,
39,4.5,18,30.0002,0,5652.65,5716.44,400.857,142347,0,
39,4.5,19,30.0003,0,5741.55,5901.37,440.178,114560,0,
39,4.5,20,30.0002,0,5421.22,5483.15,355.921,160923,0,
39,4.5,21,30.0002,0,6757.91,6910.81,426.015,111969,0,
39,4.5,22,30.0001,0,5594.53,5647.62,335.109,37546,0,
39,4.5,23,30.0002,0,6270.3,6319.04,365.755,129252,0,
39,4.5,24,30.0001,0,5747.69,5824.64,422.904,124729,0,
39,4.5,25,30.0002,0,5061.2,5144.17,434.432,132946,0,
