2,0,CT_abs,DS,0,0.500000000,1,0.001631019,1,270.928160792,270.928160792,152.388740215,1,0,0,0.000000000,0,0.000000000,0,0.000000000,0,0.000000000,
3,0,CT_abs,DS,0,0.500000000,1,0.121821133,1,432.617821368,433.087112569,162.158951776,22,0,114,1110.161035582,21,336.384501297,1085,1040.507483781,0,0.000000000,
4,0,CT_abs,DS,0,0.500000000,1,0.122406908,1,494.836818290,495.306109491,162.158951776,22,0,114,1110.161035582,21,336.384501297,1085,1040.507483781,0,0.000000000,
5,0,CT_abs,DS,0,0.500000000,1,0.125551787,1,529.416610812,529.885902013,162.158951776,22,0,114,1110.161035582,21,336.384501297,1085,1040.507483781,0,0.000000000,
6,0,CT_abs,DS,0,0.500000000,1,3.518938744,1,850.779313443,851.564430460,321.678528447,219,0,1184,7226.025220274,218,1756.951339069,7671,4736.857696248,0,0.000000000,
7,0,CT_abs,DS,0,0.500000000,1,11.247543599,1,1051.560068741,1052.380250136,321.678528447,750,0,3984,24637.082662206,749,6482.153600509,33788,27185.350713075,0,0.000000000,
8,0,CT_abs,DS,0,0.500000000,1,11.305957108,1,1188.655025008,1189.475206403,321.678528447,750,0,3984,24637.082662206,749,6482.153600509,33788,27185.350713075,0,0.000000000,
2,0,CT_abs,DS,0,0.500000000,2,0.000741495,1,120.463862273,120.463862273,115.523027433,1,0,0,0.000000000,0,0.000000000,0,0.000000000,0,0.000000000,
3,0,CT_abs,DS,0,0.500000000,2,0.269632215,1,293.895241510,293.959115808,173.431379237,63,0,349,819.454354538,62,120.859184973,634,101.595234366,0,0.000000000,
4,0,CT_abs,DS,0,0.500000000,2,0.289274686,1,402.500493239,402.564367536,173.431379237,63,0,349,819.454354538,62,120.859184973,634,101.595234366,0,0.000000000,
5,0,CT_abs,DS,0,0.500000000,2,0.272353883,1,598.423441790,598.487316088,195.922948551,63,0,349,819.454354538,62,120.859184973,634,101.595234366,0,0.000000000,
6,0,CT_abs,DS,0,0.500000000,2,0.280628634,1,867.431996027,867.495870325,269.008554237,63,0,349,819.454354538,62,120.859184973,634,101.595234366,0,0.000000000,
7,0,CT_abs,DS,0,0.500000000,2,0.277124653,1,1014.044161657,1014.108035955,269.008554237,63,0,349,819.454354538,62,120.859184973,634,101.595234366,0,0.000000000,
8,0,CT_abs,DS,0,0.500000000,2,1.469408334,1,1024.337945667,1024.580126229,269.008554237,76,0,414,949.181644754,75,120.859184973,3186,1020.232600772,0,0.000000000,
9,0,CT_abs,DS,0,0.500000000,2,1.625161213,1,1185.348096505,1185.590277068,269.008554237,76,0,420,955.181644851,75,120.859184973,3900,2056.197079882,0,0.000000000,
10,0,CT_abs,DS,0,0.500000000,2,1.665123836,1,1361.259992477,1361.502173039,269.008554237,76,0,420,955.181644851,75,120.859184973,3900,2056.197079882,0,0.000000000,
11,0,CT_abs,DS,0,0.500000000,2,1.689355760,1,1507.418664011,1507.660844573,269.008554237,76,0,420,955.181644851,75,120.859184973,3900,2056.197079882,0,0.000000000,
12,0,CT_abs,DS,0,0.500000000,2,1.668329300,1,1564.528663362,1564.770843925,269.008554237,76,0,420,955.181644851,75,120.859184973,3900,2056.197079882,0,0.000000000,
9,0,CT_abs,DS,0,0.500000000,1,30.013966188,0,1455.697720769,1456.347730674,321.362702631,2860,0,16280,121353.600036452,2859,20526.296665232,10050,5874.822409315,0,0.000000000,
10,0,CT_abs,DS,0,0.500000000,1,30.008968595,0,1741.261553794,1741.485473957,321.362702631,1010,0,10641,66683.790349138,1009,5589.774262423,8987,3187.951683156,0,0.000000000,
13,0,CT_abs,DS,0,0.500000000,2,9.096069350,1,1656.873501402,1657.775071987,269.088434618,572,0,2807,9608.246612591,571,2206.059926600,13294,5946.957438862,0,0.000000000,
14,0,CT_abs,DS,0,0.500000000,2,8.967101656,1,1899.115228129,1900.016798714,269.088434618,572,0,2807,9608.246612591,571,2206.059926600,13294,5946.957438862,0,0.000000000,
15,0,CT_abs,DS,0,0.500000000,2,9.102551347,1,2132.270382912,2133.171953497,269.088434618,572,0,2807,9608.246612591,571,2206.059926600,13294,5946.957438862,0,0.000000000,
16,0,CT_abs,DS,0,0.500000000,2,9.082089151,1,2362.590007237,2363.491577821,269.088434618,572,0,2807,9608.246612591,571,2206.059926600,13294,5946.957438862,0,0.000000000,
17,0,CT_abs,DS,0,0.500000000,2,9.112004821,1,2405.133401300,2406.034971884,269.088434618,572,0,2807,9608.246612591,571,2206.059926600,13294,5946.957438862,0,0.000000000,
2,0,CT_abs,DS,0,0.500000000,3,0.000469608,1,103.095307677,103.095307677,53.173525643,1,0,0,0.000000000,0,0.000000000,0,0.000000000,0,0.000000000,
3,0,CT_abs,DS,0,0.500000000,3,0.001146353,1,217.204673270,217.204673270,114.109365593,1,0,0,0.000000000,0,0.000000000,0,0.000000000,0,0.000000000,
4,0,CT_abs,DS,0,0.500000000,3,0.001269173,1,300.983020560,300.983020560,114.109365593,1,0,0,0.000000000,0,0.000000000,0,0.000000000,0,0.000000000,
11,0,CT_abs,DS,0,0.500000000,1,30.040434091,0,1956.387912942,1956.628818203,321.362702631,880,0,9899,54763.711503528,879,3998.527887894,5595,2181.484930690,0,0.000000000,
5,0,CT_abs,DS,0,0.500000000,3,0.002202308,1,394.775363325,394.775363325,114.109365593,1,0,0,0.000000000,0,0.000000000,0,0.000000000,0,0.000000000,
6,0,CT_abs,DS,0,0.500000000,3,0.003498781,1,571.625976867,571.625976867,176.850613541,1,0,0,0.000000000,0,0.000000000,0,0.000000000,0,0.000000000,
7,0,CT_abs,DS,0,0.500000000,3,0.005138326,1,831.063235461,831.063235461,259.437258595,1,0,0,0.000000000,0,0.000000000,0,0.000000000,0,0.000000000,
12,0,CT_abs,DS,0,0.500000000,1,30.010403468,0,2091.406311334,2091.634320244,321.362702631,838,0,9449,52266.831533053,837,3848.353788747,5459,2177.483252847,0,0.000000000,
8,0,CT_abs,DS,0,0.500000000,3,0.172346523,1,1001.767158386,1002.144194636,259.437258595,2,0,4,6.013989820,1,0.000000000,103,0.000000000,0,0.000000000,
18,0,CT_abs,DS,0,0.500000000,2,9.060747472,1,2445.148062777,2446.049633361,269.088434618,572,0,2807,9608.246612591,571,2206.059926600,13294,5946.957438862,0,0.000000000,
9,0,CT_abs,DS,0,0.500000000,3,2.949688844,1,1162.921577261,1163.427316008,259.437258595,294,0,1535,5457.814110846,293,1089.026522889,4986,2087.422743934,0,0.000000000,
10,0,CT_abs,DS,0,0.500000000,3,2.942907164,1,1407.637936247,1408.143674994,259.437258595,294,0,1535,5457.814110846,293,1089.026522889,4986,2087.422743934,0,0.000000000,
11,0,CT_abs,DS,0,0.500000000,3,3.023182955,1,1449.120793410,1449.626532157,259.437258595,294,0,1535,5457.814110846,293,1089.026522889,4986,2087.422743934,0,0.000000000,
13,0,CT_abs,DS,0,0.500000000,1,30.033261430,0,2269.047016264,2269.450403887,321.362702631,1372,0,14183,101183.580122931,1371,5572.021287382,3698,1586.031727709,0,0.000000000,
14,0,CT_abs,DS,0,0.500000000,1,30.009223811,0,2550.351454954,2551.183187588,321.362702631,743,0,8791,62272.487213353,734,4957.173066005,6332,5099.615408115,0,0.000000000,
15,0,CT_abs,DS,0,0.500000000,1,30.010483265,0,2697.561083539,2698.372999534,321.362702631,736,0,8721,61825.905699106,727,4939.757635552,6332,5099.615408115,0,0.000000000,
16,0,CT_abs,DS,0,0.500000000,1,30.016301373,0,2767.106930668,2767.927451999,321.362702631,735,0,8711,61782.507494462,726,4936.025047250,6332,5099.615408115,0,0.000000000,
18,0,CT_abs,DS,0,0.500000000,1,30.003047454,0,2898.619061520,2899.236098316,321.362702631,565,0,5829,36013.278476882,561,2633.056431566,17529,11800.532863969,0,0.000000000,
17,0,CT_abs,DS,0,0.500000000,1,30.129130004,0,2797.124623436,2797.727073550,321.365216462,402,0,4828,31484.406919691,396,2059.056758954,17495,10436.221628685,0,0.000000000,
19,0,CT_abs,DS,0,0.500000000,1,30.116278656,0,2968.964531500,2969.581568297,321.362702631,566,0,5842,36106.286574417,562,2648.304084045,17592,11863.586224149,0,0.000000000,
2,0,CT_abs,DS,0,0.500000000,4,0.001811346,1,248.335671148,248.335671148,127.063561164,1,0,0,0.000000000,0,0.000000000,0,0.000000000,0,0.000000000,
20,0,CT_abs,DS,0,0.500000000,1,30.030797243,0,3034.341650593,3034.963395350,321.364430626,573,0,5898,36336.263231317,569,2668.881345272,17750,12016.739632644,0,0.000000000,
3,0,CT_abs,DS,0,0.500000000,4,0.002876147,1,419.594172579,419.594172579,171.258501431,1,0,0,0.000000000,0,0.000000000,0,0.000000000,0,0.000000000,
4,0,CT_abs,DS,0,0.500000000,4,0.003272258,1,502.748005742,502.748005742,171.258501431,1,0,0,0.000000000,0,0.000000000,0,0.000000000,0,0.000000000,
21,0,CT_abs,DS,0,0.500000000,1,30.029046211,0,3109.722137706,3110.388965256,321.362702631,692,0,7427,47206.898293701,691,3206.535607951,16881,11569.261183023,0,0.000000000,
5,0,CT_abs,DS,0,0.500000000,4,0.004599698,1,704.228709184,704.228709184,201.480703442,1,0,0,0.000000000,0,0.000000000,0,0.000000000,0,0.000000000,
6,0,CT_abs,DS,0,0.500000000,4,0.005173342,1,713.707813553,713.707813553,201.480703442,1,0,0,0.000000000,0,0.000000000,0,0.000000000,0,0.000000000,
7,0,CT_abs,DS,0,0.500000000,4,0.006874943,1,939.471044601,939.471044601,225.763231048,1,0,0,0.000000000,0,0.000000000,0,0.000000000,0,0.000000000,
22,0,CT_abs,DS,0,0.500000000,1,30.057244689,0,3125.146452259,3125.813279809,321.362702631,692,0,7427,47206.898293701,691,3206.535607951,16881,11569.261183023,0,0.000000000,
23,0,CT_abs,DS,0,0.500000000,1,30.166472146,0,3316.515815535,3317.112831854,321.362702631,114,0,1204,6526.261371689,113,291.856707027,12886,4941.070588034,0,0.000000000,
12,0,CT_abs,DS,0,0.500000000,3,17.428820995,1,1512.185088797,1512.709762736,259.437258595,1619,0,8471,31028.500401494,1618,6460.789684098,26846,9891.784028291,0,0.000000000,
8,0,CT_abs,DS,0,0.500000000,4,6.150004491,1,1196.429399873,1196.624987093,257.153942492,150,0,689,673.901690347,149,151.450749591,8660,5030.051550359,0,0.000000000,
9,0,CT_abs,DS,0,0.500000000,4,6.207827364,1,1268.668427604,1268.864014825,257.153942492,150,0,689,673.901690347,149,151.450749591,8660,5030.051550359,0,0.000000000,
10,0,CT_abs,DS,0,0.500000000,4,6.195567142,1,1347.835425987,1348.031013207,257.153942492,150,0,689,673.901690347,149,151.450749591,8660,5030.051550359,0,0.000000000,
19,0,CT_abs,DS,0,0.500000000,2,30.155841380,0,2605.599571167,2606.306450730,269.013199861,120,0,621,1258.574651031,119,120.630794378,9438,6493.820360524,0,0.000000000,
20,0,CT_abs,DS,0,0.500000000,2,30.264505505,0,2765.376415368,2765.993058303,269.008554237,140,0,786,1863.108419070,139,253.597040256,9378,7278.935992903,0,0.000000000,
21,0,CT_abs,DS,0,0.500000000,2,30.343947966,0,2888.271826129,2888.892052805,269.008554237,141,0,790,1867.088448001,140,253.597040256,9428,7297.019870630,0,0.000000000,
22,0,CT_abs,DS,0,0.500000000,2,30.535026581,0,3057.094132582,3057.814872100,269.013199861,175,0,1221,4194.765855127,174,470.567207023,19043,10950.457539313,0,0.000000000,
23,0,CT_abs,DS,0,0.500000000,2,30.328493264,0,3322.671567429,3323.419803154,269.013199861,354,0,2685,9142.278381903,353,1001.151616945,25020,14616.087317881,0,0.000000000,
13,0,CT_abs,DS,0,0.500000000,3,30.001535955,0,1694.695969100,1695.449991930,259.437258595,2320,0,13582,51876.613391394,2319,9311.300923374,23470,8630.662204581,0,0.000000000,
14,0,CT_abs,DS,0,0.500000000,3,30.000238962,0,1762.448327382,1763.203555995,259.437258595,2307,0,13501,51604.859821208,2306,9254.746987606,23056,8569.909043879,0,0.000000000,
15,0,CT_abs,DS,0,0.500000000,3,30.015087802,0,1963.506070420,1964.239574242,259.437258595,1988,0,15218,92954.050156766,1987,13193.420792236,30575,14815.432491018,0,0.000000000,
16,0,CT_abs,DS,0,0.500000000,3,30.014926739,0,2196.398984409,2197.074718578,259.437258595,1312,0,12213,91663.701593463,1295,9583.108077943,27838,10581.113349174,0,0.000000000,
17,0,CT_abs,DS,0,0.500000000,3,30.037233524,0,2263.810008753,2264.485742921,259.437258595,1312,0,12217,91682.666593303,1295,9583.108077943,27838,10581.113349174,0,0.000000000,
2,0,CT_abs,DS,0,0.500000000,5,0.002203590,1,318.539071397,318.539071397,179.297856041,1,0,0,0.000000000,0,0.000000000,0,0.000000000,0,0.000000000,
3,0,CT_abs,DS,0,0.500000000,5,0.002931280,1,459.956679347,459.956679347,179.297856041,1,0,0,0.000000000,0,0.000000000,0,0.000000000,0,0.000000000,
4,0,CT_abs,DS,0,0.500000000,5,0.003776199,1,588.769134359,588.769134359,179.297856041,1,0,0,0.000000000,0,0.000000000,0,0.000000000,0,0.000000000,
18,0,CT_abs,DS,0,0.500000000,3,30.009862182,0,2423.634846187,2424.315443914,259.437258595,1479,0,15740,128228.893336398,1402,10967.129530849,25057,8735.742867767,0,0.000000000,
5,0,CT_abs,DS,0,0.500000000,5,0.004407690,1,623.965182969,623.965182969,179.297856041,1,0,0,0.000000000,0,0.000000000,0,0.000000000,0,0.000000000,
6,0,CT_abs,DS,0,0.500000000,5,0.004090627,1,665.461034051,665.461034051,179.297856041,1,0,0,0.000000000,0,0.000000000,0,0.000000000,0,0.000000000,
7,0,CT_abs,DS,0,0.500000000,5,0.005393073,1,724.691592206,724.691592206,179.297856041,1,0,0,0.000000000,0,0.000000000,0,0.000000000,0,0.000000000,
8,0,CT_abs,DS,0,0.500000000,5,0.006780156,1,939.227791142,939.227791142,214.536198936,1,0,0,0.000000000,0,0.000000000,0,0.000000000,0,0.000000000,
19,0,CT_abs,DS,0,0.500000000,3,30.012488691,0,2603.495951624,2604.163075923,259.437258595,1341,0,16500,119175.015923872,1284,8290.071171013,11014,5807.410327175,0,0.000000000,
9,0,CT_abs,DS,0,0.500000000,5,0.007197716,1,986.260117651,986.260117651,214.536198936,1,0,0,0.000000000,0,0.000000000,0,0.000000000,0,0.000000000,
10,0,CT_abs,DS,0,0.500000000,5,0.009784873,1,1247.993561569,1247.993561569,261.733443919,1,0,0,0.000000000,0,0.000000000,0,0.000000000,0,0.000000000,
20,0,CT_abs,DS,0,0.500000000,3,30.000042573,0,2666.262586014,2666.948026620,259.437258595,1338,0,16462,118849.705463983,1281,8273.290380707,11014,5807.410327175,0,0.000000000,
21,0,CT_abs,DS,0,0.500000000,3,30.008563473,0,2802.207464723,2803.197069404,259.437258595,1363,0,16587,118044.302960279,1311,7992.332484532,10256,5515.275414996,0,0.000000000,
11,0,CT_abs,DS,0,0.500000000,5,0.270541404,1,1341.059773869,1341.833840747,261.733443919,67,0,280,709.035915510,66,104.579650498,286,36.380272137,0,0.000000000,
23,0,CT_abs,DS,0,0.500000000,3,30.012553733,0,3054.970735120,3055.956722774,259.437258595,982,0,13682,105705.312936526,951,4644.478028818,2633,2477.345393142,0,0.000000000,
22,0,CT_abs,DS,0,0.500000000,3,30.030844349,0,2965.714162287,2966.703726868,259.437258595,997,0,13891,107152.717288585,964,4705.461996291,2706,2550.386996923,0,0.000000000,
12,0,CT_abs,DS,0,0.500000000,5,0.271740306,1,1543.832271680,1544.606338558,261.733443919,67,0,280,709.035915510,66,104.579650498,286,36.380272137,0,0.000000000,
13,0,CT_abs,DS,0,0.500000000,5,2.346298545,1,1629.264533437,1630.470029526,261.733443919,597,0,2574,6327.741907630,596,1006.108780575,1381,258.733995734,0,0.000000000,
14,0,CT_abs,DS,0,0.500000000,5,2.274777442,1,1766.410646217,1767.616142306,261.733443919,597,0,2574,6327.741907630,596,1006.108780575,1381,258.733995734,0,0.000000000,
11,0,CT_abs,DS,0,0.500000000,4,30.007626491,0,1569.282906081,1569.834118211,257.266713617,1041,0,6769,6631.354644831,1039,880.821691519,39555,13520.877351086,0,0.000000000,
12,0,CT_abs,DS,0,0.500000000,4,30.013600380,0,1612.555770590,1613.134571417,257.263152617,1052,0,6838,6698.490712807,1050,894.670842412,39919,13732.964763189,0,0.000000000,
2,0,CT_abs,DS,0,0.500000000,6,0.003092502,1,389.614560908,389.614560908,228.344802699,1,0,0,0.000000000,0,0.000000000,0,0.000000000,0,0.000000000,
3,0,CT_abs,DS,0,0.500000000,6,0.004345475,1,482.963858206,482.963858206,228.344802699,1,0,0,0.000000000,0,0.000000000,0,0.000000000,0,0.000000000,
4,0,CT_abs,DS,0,0.500000000,6,0.004683927,1,666.946724076,666.946724076,228.344802699,1,0,0,0.000000000,0,0.000000000,0,0.000000000,0,0.000000000,
5,0,CT_abs,DS,0,0.500000000,6,0.004869954,1,717.739198756,717.739198756,228.344802699,1,0,0,0.000000000,0,0.000000000,0,0.000000000,0,0.000000000,
6,0,CT_abs,DS,0,0.500000000,6,0.005062003,1,763.741588532,763.741588532,228.344802699,1,0,0,0.000000000,0,0.000000000,0,0.000000000,0,0.000000000,
7,0,CT_abs,DS,0,0.500000000,6,0.005904750,1,825.721953298,825.721953298,228.344802699,1,0,0,0.000000000,0,0.000000000,0,0.000000000,0,0.000000000,
13,0,CT_abs,DS,0,0.500000000,4,30.017142852,0,1764.312953746,1764.903312060,257.263152617,1328,0,5863,7005.433441986,1326,1139.595647852,38773,16049.114668836,0,0.000000000,
8,0,CT_abs,DS,0,0.500000000,6,0.163535080,1,1026.147185786,1026.228120445,228.344802699,28,0,142,1058.997475094,27,216.702920650,264,85.708234018,0,0.000000000,
9,0,CT_abs,DS,0,0.500000000,6,0.161319717,1,1115.789703038,1115.870637697,228.344802699,28,0,142,1058.997475094,27,216.702920650,264,85.708234018,0,0.000000000,
10,0,CT_abs,DS,0,0.500000000,6,0.168344170,1,1392.216676377,1392.297611036,276.426973339,28,0,142,1058.997475094,27,216.702920650,264,85.708234018,0,0.000000000,
14,0,CT_abs,DS,0,0.500000000,4,30.005688246,0,1956.582665980,1958.254262763,257.112225220,1181,0,6493,15296.710291342,1178,2494.425685708,36188,9979.688645528,0,0.000000000,
16,0,CT_abs,DS,0,0.500000000,4,30.002406972,0,2258.574535867,2260.202634202,257.263152617,2137,0,8892,47582.858497639,2135,12157.083206180,30037,9036.785269375,0,0.000000000,
15,0,CT_abs,DS,0,0.500000000,4,30.040921196,0,2090.148868432,2091.814837134,257.231131000,1171,0,6457,15251.803224531,1168,2477.988249992,36172,9963.687116273,0,0.000000000,
17,0,CT_abs,DS,0,0.500000000,4,30.010222934,0,2386.184980414,2387.688385994,256.958355271,993,0,6742,48774.712561157,988,7366.732819002,9452,2812.964666116,0,0.000000000,
18,0,CT_abs,DS,0,0.500000000,4,30.014242699,0,2567.528845316,2568.980786359,257.112225220,865,0,6992,54619.000616583,860,6242.526145046,9206,2616.953293574,0,0.000000000,
19,0,CT_abs,DS,0,0.500000000,4,30.028623274,0,2790.348084490,2791.797962090,256.958355271,855,0,6910,53909.742378409,850,6169.528726752,9196,2606.952710216,0,0.000000000,
20,0,CT_abs,DS,0,0.500000000,4,30.028201905,0,2918.770816008,2920.224240164,257.112225220,858,0,6936,54128.254118966,853,6186.014514306,9200,2610.952880052,0,0.000000000,
21,0,CT_abs,DS,0,0.500000000,4,30.023763178,0,3124.957629130,3126.411302191,256.958355271,862,0,6970,54499.482257839,857,6223.660279903,9206,2616.953293574,0,0.000000000,
22,0,CT_abs,DS,0,0.500000000,4,30.010853902,0,3395.732256056,3396.846102490,270.774626926,662,0,5650,30836.464036093,661,3583.060888946,20931,4885.556161528,0,0.000000000,
23,0,CT_abs,DS,0,0.500000000,4,30.028487228,0,3527.288241605,3528.560663491,270.997183185,676,0,5838,32394.374542702,675,3681.452246327,19442,4281.000366713,0,0.000000000,
15,0,CT_abs,DS,0,0.500000000,5,30.009141740,0,2056.944432251,2058.176544762,290.681242839,1301,0,5064,19829.406495205,1300,4774.283668259,8897,3010.024538061,0,0.000000000,
16,0,CT_abs,DS,0,0.500000000,5,30.018500228,0,2075.464982628,2076.702337527,290.727911888,1299,0,5039,19683.381879252,1298,4732.124214295,10928,3582.310478471,0,0.000000000,
17,0,CT_abs,DS,0,0.500000000,5,30.010476236,0,2095.391153641,2096.634543917,290.681242839,1310,0,5081,19842.667363692,1309,4773.703930647,11061,3590.314614212,0,0.000000000,
18,0,CT_abs,DS,0,0.500000000,5,30.041332122,0,2150.242994059,2151.529343803,290.727911888,1313,0,5097,19930.592321911,1312,4791.794182818,11186,3590.314614212,0,0.000000000,
19,0,CT_abs,DS,0,0.500000000,5,30.069836763,0,2333.605220063,2334.842171050,290.997057128,867,0,3485,13755.831468078,866,3212.527283421,13351,7216.052401529,0,0.000000000,
21,0,CT_abs,DS,0,0.500000000,5,30.031744607,0,2555.592908550,2556.860215445,290.997057128,858,0,3455,13695.426499316,857,3194.264945959,13149,7029.847602981,0,0.000000000,
20,0,CT_abs,DS,0,0.500000000,5,30.053283926,0,2389.562666499,2390.723840396,290.719922063,843,0,3390,13483.965335266,842,3143.530751727,12995,6887.701245645,0,0.000000000,
2,0,CT_abs,DS,0,0.500000000,7,0.000747648,1,134.973331474,134.973331474,128.620364257,1,0,0,0.000000000,0,0.000000000,0,0.000000000,0,0.000000000,
3,0,CT_abs,DS,0,0.500000000,7,0.001618326,1,269.109129434,269.109129434,134.135797960,1,0,0,0.000000000,0,0.000000000,0,0.000000000,0,0.000000000,
4,0,CT_abs,DS,0,0.500000000,7,0.163001542,1,464.284561352,464.415780041,195.306650607,33,0,158,1240.863319937,32,298.331089691,282,114.071393166,0,0.000000000,
5,0,CT_abs,DS,0,0.500000000,7,0.158780290,1,627.691300715,627.822519404,195.306650607,33,0,158,1240.863319937,32,298.331089691,282,114.071393166,0,0.000000000,
6,0,CT_abs,DS,0,0.500000000,7,0.158399369,1,741.299406571,741.430625260,195.306650607,33,0,158,1240.863319937,32,298.331089691,282,114.071393166,0,0.000000000,
7,0,CT_abs,DS,0,0.500000000,7,0.171564771,1,857.649085362,857.780304051,195.306650607,33,0,158,1240.863319937,32,298.331089691,282,114.071393166,0,0.000000000,
8,0,CT_abs,DS,0,0.500000000,7,0.159832648,1,958.992179414,959.123398103,195.306650607,33,0,158,1240.863319937,32,298.331089691,282,114.071393166,0,0.000000000,
9,0,CT_abs,DS,0,0.500000000,7,0.167509901,1,1044.629308536,1044.760527225,195.306650607,33,0,158,1240.863319937,32,298.331089691,282,114.071393166,0,0.000000000,
22,0,CT_abs,DS,0,0.500000000,5,30.000048861,0,2677.680169525,2678.617845220,290.613113283,1122,0,4746,23599.476783883,1121,5741.975753799,15795,7998.658079840,0,0.000000000,
23,0,CT_abs,DS,0,0.500000000,5,30.057291149,0,2828.344492021,2829.332411216,291.130290088,1109,0,4694,23448.357435297,1108,5686.808673316,15693,7904.594585547,0,0.000000000,
10,0,CT_abs,DS,0,0.500000000,7,2.295927785,1,1155.026009844,1155.257341689,195.306650607,602,0,2883,12415.208435172,601,3658.380036169,4790,1062.703506333,0,0.000000000,
11,0,CT_abs,DS,0,0.500000000,7,2.342906695,1,1163.947736016,1164.179067862,195.306650607,602,0,2883,12415.208435172,601,3658.380036169,4790,1062.703506333,0,0.000000000,
12,0,CT_abs,DS,0,0.500000000,7,2.341324206,1,1227.972339156,1228.203671002,195.306650607,602,0,2883,12415.208435172,601,3658.380036169,4790,1062.703506333,0,0.000000000,
13,0,CT_abs,DS,0,0.500000000,7,2.344707790,1,1474.153517496,1474.384849342,246.181178340,602,0,2883,12415.208435172,601,3658.380036169,4790,1062.703506333,0,0.000000000,
14,0,CT_abs,DS,0,0.500000000,7,2.300357996,1,1596.516201770,1596.747533615,246.181178340,602,0,2883,12415.208435172,601,3658.380036169,4790,1062.703506333,0,0.000000000,
15,0,CT_abs,DS,0,0.500000000,7,3.823730501,1,1776.950856359,1777.937404682,246.181178340,672,0,3201,15170.453309101,671,4298.990503190,4790,1062.703506333,0,0.000000000,
2,0,CT_abs,DS,0,0.500000000,8,0.001367857,1,246.943162175,246.943162175,137.030992916,1,0,0,0.000000000,0,0.000000000,0,0.000000000,0,0.000000000,
16,0,CT_abs,DS,0,0.500000000,7,3.793379527,1,1828.253110708,1829.239659031,246.181178340,672,0,3201,15170.453309101,671,4298.990503190,4790,1062.703506333,0,0.000000000,
17,0,CT_abs,DS,0,0.500000000,7,3.821952435,1,1936.131388245,1937.117936568,246.181178340,672,0,3201,15170.453309101,671,4298.990503190,4790,1062.703506333,0,0.000000000,
3,0,CT_abs,DS,0,0.500000000,8,0.001529159,1,282.703854233,282.703854233,137.030992916,1,0,0,0.000000000,0,0.000000000,0,0.000000000,0,0.000000000,
4,0,CT_abs,DS,0,0.500000000,8,0.001973900,1,289.170487592,289.170487592,137.030992916,1,0,0,0.000000000,0,0.000000000,0,0.000000000,0,0.000000000,
5,0,CT_abs,DS,0,0.500000000,8,0.004840490,1,544.361709814,544.361709814,255.191222223,1,0,0,0.000000000,0,0.000000000,0,0.000000000,0,0.000000000,
6,0,CT_abs,DS,0,0.500000000,8,0.005175075,1,591.834523595,591.834523595,255.191222223,1,0,0,0.000000000,0,0.000000000,0,0.000000000,0,0.000000000,
7,0,CT_abs,DS,0,0.500000000,8,0.005423880,1,661.988188858,661.988188858,255.191222223,1,0,0,0.000000000,0,0.000000000,0,0.000000000,0,0.000000000,
8,0,CT_abs,DS,0,0.500000000,8,0.005460028,1,664.854280971,664.854280971,255.191222223,1,0,0,0.000000000,0,0.000000000,0,0.000000000,0,0.000000000,
9,0,CT_abs,DS,0,0.500000000,8,0.006451821,1,818.461276207,818.461276207,255.191222223,1,0,0,0.000000000,0,0.000000000,0,0.000000000,0,0.000000000,
10,0,CT_abs,DS,0,0.500000000,8,0.007101898,1,886.776718147,886.776718147,255.191222223,1,0,0,0.000000000,0,0.000000000,0,0.000000000,0,0.000000000,
11,0,CT_abs,DS,0,0.500000000,8,0.007446471,1,919.556590476,919.556590476,255.191222223,1,0,0,0.000000000,0,0.000000000,0,0.000000000,0,0.000000000,
12,0,CT_abs,DS,0,0.500000000,8,0.008100385,1,1044.490087493,1044.490087493,255.191222223,1,0,0,0.000000000,0,0.000000000,0,0.000000000,0,0.000000000,
18,0,CT_abs,DS,0,0.500000000,7,7.379842219,1,2031.405485535,2032.412853046,246.181178340,1129,0,5381,25369.152755490,1128,6577.994449359,6794,1223.402242735,0,0.000000000,
13,0,CT_abs,DS,0,0.500000000,8,0.767865864,1,1338.873059443,1338.925287967,294.435200474,4,0,6,4.149836222,3,0.000000000,678,0.000000000,0,0.000000000,
11,0,CT_abs,DS,0,0.500000000,6,30.016764200,0,1627.829028618,1628.015332866,276.426973339,2917,0,16376,47022.096610310,2916,8927.059121738,51392,5706.708703262,0,0.000000000,
14,0,CT_abs,DS,0,0.500000000,8,0.761697794,1,1455.671289133,1455.723517658,294.435200474,4,0,6,4.149836222,3,0.000000000,678,0.000000000,0,0.000000000,
12,0,CT_abs,DS,0,0.500000000,6,30.000096900,0,1823.751106768,1823.913375151,276.426973339,3143,0,17060,48189.170937834,3142,9231.053400792,36662,1078.937253334,0,0.000000000,
13,0,CT_abs,DS,0,0.500000000,6,30.006159995,0,1916.300722383,1916.465245486,276.426973339,3062,0,16618,47004.910499591,3061,8999.564518908,35542,1005.756326385,0,0.000000000,
19,0,CT_abs,DS,0,0.500000000,7,7.366606484,1,2191.016857287,2192.024224799,246.181178340,1130,0,5385,25378.764068136,1129,6582.292493016,6794,1223.402242735,0,0.000000000,
14,0,CT_abs,DS,0,0.500000000,6,30.001398452,0,2003.234153827,2003.446927531,276.426973339,3443,0,22119,91479.822230169,3442,12736.517413414,29336,6193.527283384,0,0.000000000,
15,0,CT_abs,DS,0,0.500000000,8,0.771569961,1,1555.278017385,1555.330245910,294.435200474,4,0,6,4.149836222,3,0.000000000,678,0.000000000,0,0.000000000,
15,0,CT_abs,DS,0,0.500000000,6,30.002350582,0,2173.530052558,2173.728805532,276.426973339,3358,0,21542,89306.338480504,3357,12476.690927949,28680,6029.010744752,0,0.000000000,
16,0,CT_abs,DS,0,0.500000000,6,30.001489353,0,2339.950161385,2340.241663698,276.426973339,3192,0,21069,91739.298925348,3191,11906.227202017,23130,5483.896925431,0,0.000000000,
2,0,CT_abs,DS,0,0.500000000,9,0.004171469,1,474.435626950,474.435626950,252.689178428,1,0,0,0.000000000,0,0.000000000,0,0.000000000,0,0.000000000,
3,0,CT_abs,DS,0,0.500000000,9,0.004078354,1,532.647246272,532.647246272,252.689178428,1,0,0,0.000000000,0,0.000000000,0,0.000000000,0,0.000000000,
16,0,CT_abs,DS,0,0.500000000,8,0.769699784,1,1696.978252654,1697.030481179,294.435200474,4,0,6,4.149836222,3,0.000000000,678,0.000000000,0,0.000000000,
18,0,CT_abs,DS,0,0.500000000,8,0.769707036,1,1861.102552036,1861.154780561,294.435200474,4,0,6,4.149836222,3,0.000000000,678,0.000000000,0,0.000000000,
17,0,CT_abs,DS,0,0.500000000,8,0.794497896,1,1830.409457425,1830.461685950,294.435200474,4,0,6,4.149836222,3,0.000000000,678,0.000000000,0,0.000000000,
17,0,CT_abs,DS,0,0.500000000,6,30.000070149,0,2516.084926438,2516.371373827,276.426973339,3139,0,20727,90372.972302753,3138,11741.568217599,23096,5449.888620844,0,0.000000000,
4,0,CT_abs,DS,0,0.500000000,9,4.094344981,1,776.496565183,777.383813626,253.570639959,169,0,821,5572.938000388,168,959.577650658,3147,1644.288491117,0,0.000000000,
5,0,CT_abs,DS,0,0.500000000,9,4.019156903,1,937.883275858,938.770524301,253.570639959,169,0,821,5572.938000388,168,959.577650658,3147,1644.288491117,0,0.000000000,
18,0,CT_abs,DS,0,0.500000000,6,30.004955041,0,2795.810246412,2796.063974221,279.725319974,1388,0,10850,91124.004936896,1387,12882.753700564,10211,6380.413248088,0,0.000000000,
19,0,CT_abs,DS,0,0.500000000,6,30.017943814,0,2873.636463407,2873.890191216,279.725319974,1388,0,10850,91124.004936896,1387,12882.753700564,10211,6380.413248088,0,0.000000000,
20,0,CT_abs,DS,0,0.500000000,6,30.016985533,0,3102.628240418,3102.890813569,279.725319974,1641,0,12986,96297.873180572,1640,13744.170932845,12018,4983.613624743,0,0.000000000,
21,0,CT_abs,DS,0,0.500000000,6,30.004204778,0,3321.464663498,3321.718305588,279.725319974,1445,0,12002,88265.392597160,1444,11820.954268128,12654,6489.521188725,0,0.000000000,
22,0,CT_abs,DS,0,0.500000000,6,30.039054573,0,3505.069012626,3505.341517024,279.727385640,1100,0,10991,86551.420104612,1099,9530.314896108,9425,5695.457467641,0,0.000000000,
23,0,CT_abs,DS,0,0.500000000,6,30.018180266,0,3555.097051761,3555.369253159,279.725319974,1078,0,10752,84667.079080949,1077,9359.368520328,9321,5593.420669774,0,0.000000000,
20,0,CT_abs,DS,0,0.500000000,7,30.014722481,0,2433.223603387,2434.101259697,246.181178340,1350,0,7547,48675.602537664,1349,8372.707865093,11793,5355.656196222,0,0.000000000,
22,0,CT_abs,DS,0,0.500000000,7,30.030068171,0,2668.566949921,2669.448389366,246.181178340,1370,0,7659,49069.797403314,1369,8436.511326028,11995,5559.881910649,0,0.000000000,
21,0,CT_abs,DS,0,0.500000000,7,30.009559007,0,2555.255476521,2556.132845197,246.181178340,1362,0,7609,48820.947433930,1361,8412.967822898,11995,5559.881910649,0,0.000000000,
23,0,CT_abs,DS,0,0.500000000,7,30.023521121,0,2753.966772364,2755.381436858,246.181178340,1674,0,9298,57746.734592002,1673,9281.403012685,6040,3243.680141551,0,0.000000000,
19,0,CT_abs,DS,0,0.500000000,8,26.825881106,1,1985.910443195,1986.643011109,294.435200474,811,0,4823,13045.691765261,810,1774.206889139,21750,459.923332815,0,0.000000000,
20,0,CT_abs,DS,0,0.500000000,8,30.038284430,0,2092.490475028,2093.390018456,294.383209084,3903,0,15708,23739.676660017,3902,4362.518232507,20456,4091.796845146,0,0.000000000,
21,0,CT_abs,DS,0,0.500000000,8,30.201187659,0,2290.502195584,2291.401739012,294.383209084,3903,0,15708,23739.676660017,3902,4362.518232507,20456,4091.796845146,0,0.000000000,
2,0,CT_abs,DS,0,0.500000000,10,0.001493773,1,221.408549047,221.408549047,132.945719372,1,0,0,0.000000000,0,0.000000000,0,0.000000000,0,0.000000000,
22,0,CT_abs,DS,0,0.500000000,8,30.005862354,0,2438.371641543,2439.004002286,294.490895608,1670,0,10850,56063.296107153,1669,9941.922339614,21254,2367.381625064,0,0.000000000,
23,0,CT_abs,DS,0,0.500000000,8,30.013753509,0,2454.293431080,2455.019747593,294.494056533,1651,0,10713,55399.469770558,1650,9831.760964863,21170,2354.961749073,0,0.000000000,
3,0,CT_abs,DS,0,0.500000000,10,0.005308575,1,301.607416628,301.607692970,132.945719372,2,0,6,35.902684124,1,10.798215398,0,0.000000000,0,0.000000000,
6,0,CT_abs,DS,0,0.500000000,9,30.013121165,0,1175.577287263,1176.713120338,252.712204677,1441,0,7168,34111.494963424,1440,5786.192770722,26470,7306.643107725,0,0.000000000,
7,0,CT_abs,DS,0,0.500000000,9,30.009127711,0,1218.605096300,1219.808682104,253.570639959,1429,0,7113,33936.540850699,1428,5755.361958875,26427,7259.354892148,0,0.000000000,
5,0,CT_abs,DS,0,0.500000000,10,0.006200101,1,486.929435977,486.929712319,132.945719372,2,0,6,35.902684124,1,10.798215398,0,0.000000000,0,0.000000000,
8,0,CT_abs,DS,0,0.500000000,9,30.018317620,0,1250.334291021,1251.546681468,253.570639959,1451,0,7215,34267.186349728,1450,5805.156325778,26641,7421.982991058,0,0.000000000,
4,0,CT_abs,DS,0,0.500000000,10,0.007089614,1,404.020939874,404.021216216,132.945719372,2,0,6,35.902684124,1,10.798215398,0,0.000000000,0,0.000000000,
9,0,CT_abs,DS,0,0.500000000,9,30.011191177,0,1375.183272484,1376.397423246,253.612964186,1450,0,7208,34225.850565406,1449,5803.352747264,26524,7306.643107725,0,0.000000000,
6,0,CT_abs,DS,0,0.500000000,10,1.638472540,1,691.255892589,691.343040891,204.413328572,11,0,37,79.999158772,10,10.798215398,3483,869.359571840,0,0.000000000,
10,0,CT_abs,DS,0,0.500000000,9,30.006857084,0,1405.039741774,1406.248898938,253.496297463,1477,0,7343,34678.083760586,1476,5866.054398716,26762,7539.134194187,0,0.000000000,
7,0,CT_abs,DS,0,0.500000000,10,2.446522349,1,751.740289939,751.858092622,204.443982953,16,0,62,112.502162022,15,10.798215398,6977,869.359571839,0,0.000000000,
8,0,CT_abs,DS,0,0.500000000,10,2.434777252,1,833.272027292,833.389829976,204.443982953,16,0,62,112.502162022,15,10.798215398,6977,869.359571839,0,0.000000000,
11,0,CT_abs,DS,0,0.500000000,9,30.007149943,0,1550.284454133,1551.501294142,253.570639959,1456,0,7239,34331.249479746,1455,5816.047988350,26641,7421.982991058,0,0.000000000,
10,0,CT_abs,DS,0,0.500000000,10,3.917893793,1,1231.909358668,1232.315982562,254.412156994,41,0,174,382.157886621,40,10.798215398,12536,869.359571839,0,0.000000000,
9,0,CT_abs,DS,0,0.500000000,10,3.995491267,1,977.497201674,977.903825567,204.443982953,41,0,174,382.157886621,40,10.798215398,12536,869.359571839,0,0.000000000,
11,0,CT_abs,DS,0,0.500000000,10,3.946439892,1,1319.323425481,1319.730049374,254.412156994,41,0,174,382.157886621,40,10.798215398,12536,869.359571839,0,0.000000000,
12,0,CT_abs,DS,0,0.500000000,9,30.036456263,0,1742.484162385,1742.998263870,252.791792637,1258,0,6281,44796.820407689,1257,8146.179426336,22203,19618.414437414,0,0.000000000,
13,0,CT_abs,DS,0,0.500000000,9,30.007670444,0,1854.400508882,1854.782667658,252.846639990,1035,0,6032,38250.355081944,1034,5212.892179363,16091,12050.222527836,0,0.000000000,
12,0,CT_abs,DS,0,0.500000000,10,3.979484521,1,1456.993742906,1457.400366799,254.412156994,41,0,174,382.157886621,40,10.798215398,12536,869.359571839,0,0.000000000,
13,0,CT_abs,DS,0,0.500000000,10,3.967375402,1,1607.742473346,1608.149097239,254.412156994,41,0,174,382.157886621,40,10.798215398,12536,869.359571839,0,0.000000000,
2,0,CT_abs,DS,0,0.500000000,11,0.000933734,1,196.315844921,196.315844921,151.513947780,1,0,0,0.000000000,0,0.000000000,0,0.000000000,0,0.000000000,
3,0,CT_abs,DS,0,0.500000000,11,0.001732490,1,352.635329813,352.635329813,156.319484892,1,0,0,0.000000000,0,0.000000000,0,0.000000000,0,0.000000000,
14,0,CT_abs,DS,0,0.500000000,10,3.992078347,1,1740.936915211,1741.343539104,254.412156994,41,0,174,382.157886621,40,10.798215398,12536,869.359571839,0,0.000000000,
4,0,CT_abs,DS,0,0.500000000,11,0.002113480,1,410.573414594,410.573414594,156.319484892,1,0,0,0.000000000,0,0.000000000,0,0.000000000,0,0.000000000,
5,0,CT_abs,DS,0,0.500000000,11,0.002463285,1,439.331477254,439.331477254,156.319484892,1,0,0,0.000000000,0,0.000000000,0,0.000000000,0,0.000000000,
6,0,CT_abs,DS,0,0.500000000,11,0.002511485,1,483.582467043,483.582467043,156.319484892,1,0,0,0.000000000,0,0.000000000,0,0.000000000,0,0.000000000,
7,0,CT_abs,DS,0,0.500000000,11,0.004480576,1,725.203641324,725.203641324,241.621174281,1,0,0,0.000000000,0,0.000000000,0,0.000000000,0,0.000000000,
8,0,CT_abs,DS,0,0.500000000,11,0.005870325,1,904.464926289,904.464926289,241.621174281,1,0,0,0.000000000,0,0.000000000,0,0.000000000,0,0.000000000,
14,0,CT_abs,DS,0,0.500000000,9,30.003261113,0,2020.764286474,2021.208080757,252.871912652,1563,0,9745,70846.958703609,1562,9663.776029989,14176,4984.639182641,0,0.000000000,
15,0,CT_abs,DS,0,0.500000000,9,30.004469871,0,2056.421184349,2056.848249526,252.846639990,1552,0,9669,70340.417510799,1551,9614.951821164,13944,4756.493337414,0,0.000000000,
9,0,CT_abs,DS,0,0.500000000,11,1.256614392,1,1020.360210574,1020.530172108,241.621174281,157,0,726,1372.209537501,156,338.785918981,206,8.002048305,0,0.000000000,
16,0,CT_abs,DS,0,0.500000000,9,30.005491740,0,2223.425384917,2223.842004807,252.846639990,1390,0,10316,77004.386502139,1389,8904.066331796,12438,3673.740274222,0,0.000000000,
17,0,CT_abs,DS,0,0.500000000,9,30.006592450,0,2237.917959259,2238.342286647,252.697907130,1376,0,10230,76360.494033495,1375,8847.727488973,12396,3631.701125066,0,0.000000000,
18,0,CT_abs,DS,0,0.500000000,9,30.008484385,0,2348.928256808,2349.349016837,252.715048774,1375,0,10220,76302.955786684,1374,8847.123911190,12394,3629.698357814,0,0.000000000,
10,0,CT_abs,DS,0,0.500000000,11,1.271487797,1,1051.288705587,1051.458667120,241.621174281,157,0,726,1372.209537501,156,338.785918981,206,8.002048305,0,0.000000000,
15,0,CT_abs,DS,0,0.500000000,10,15.458403347,1,1813.724984446,1814.163109146,254.412156994,175,0,766,1701.945374336,174,45.176225364,48560,2530.996315613,0,0.000000000,
19,0,CT_abs,DS,0,0.500000000,9,30.006636330,0,2523.621046687,2524.026077751,252.720998522,1304,0,10508,78799.700941601,1303,8623.181330538,12484,3908.884217159,0,0.000000000,
20,0,CT_abs,DS,0,0.500000000,9,30.010498310,0,2636.089908832,2636.502980866,252.690906422,1313,0,10582,79394.117333653,1312,8687.838888862,12645,3926.908067456,0,0.000000000,
22,0,CT_abs,DS,0,0.500000000,9,30.213726487,0,2832.930378064,2833.747326486,252.689178428,305,0,2732,14027.325417930,280,1667.656258549,37811,31867.983606115,0,0.000000000,
21,0,CT_abs,DS,0,0.500000000,9,30.353714125,0,2708.607562659,2709.084155359,252.716688503,154,0,1414,5722.313755888,153,263.932217333,32476,32782.879923042,0,0.000000000,
23,0,CT_abs,DS,0,0.500000000,9,30.319755787,0,3001.333437844,3002.145426088,252.689178428,307,0,2752,14117.230846839,282,1677.232859281,38281,32241.485955685,0,0.000000000,
2,0,CT_abs,DS,0,0.500000000,12,0.003474676,1,418.118189468,418.118189468,226.009705095,1,0,0,0.000000000,0,0.000000000,0,0.000000000,0,0.000000000,
3,0,CT_abs,DS,0,0.500000000,12,0.003874112,1,507.828469835,507.828469835,226.009705095,1,0,0,0.000000000,0,0.000000000,0,0.000000000,0,0.000000000,
4,0,CT_abs,DS,0,0.500000000,12,0.200074561,1,611.637269042,611.687003913,226.059439965,2,0,4,6.467682182,1,0.000000000,146,0.000000000,0,0.000000000,
5,0,CT_abs,DS,0,0.500000000,12,0.202276679,1,728.073249910,728.122984780,226.059439965,2,0,4,6.467682182,1,0.000000000,146,0.000000000,0,0.000000000,
6,0,CT_abs,DS,0,0.500000000,12,2.146510309,1,994.059268626,994.672749883,265.986018716,110,0,468,1123.637611923,109,342.655125203,208,0.000000000,0,0.000000000,
16,0,CT_abs,DS,0,0.500000000,10,30.035849283,0,1970.239632302,1970.584460715,254.434995787,363,0,1592,3757.640392891,362,178.528166927,95650,3875.278963279,0,0.000000000,
17,0,CT_abs,DS,0,0.500000000,10,30.042523482,0,1990.867707095,1991.213524752,254.434995787,360,0,1580,3735.571335538,359,178.528166927,95068,3875.278963279,0,0.000000000,
18,0,CT_abs,DS,0,0.500000000,10,30.053925689,0,2078.209406327,2078.548336888,254.434995787,357,0,1568,3715.187962728,356,178.528166927,94580,3875.278963279,0,0.000000000,
19,0,CT_abs,DS,0,0.500000000,10,30.016410422,0,2110.923959537,2111.265429100,254.412156994,359,0,1576,3729.255031069,358,178.528166927,94862,3875.278963279,0,0.000000000,
20,0,CT_abs,DS,0,0.500000000,10,30.055616048,0,2188.096000762,2188.495140926,254.573139607,333,0,1605,5073.820675364,332,381.484414006,102819,2471.733252073,0,0.000000000,
22,0,CT_abs,DS,0,0.500000000,10,30.010141581,0,2720.349965546,2720.714453629,283.340694276,457,0,2737,11989.513987320,456,1339.168212086,111765,328.204613317,0,0.000000000,
21,0,CT_abs,DS,0,0.500000000,10,30.041833721,0,2471.424828991,2471.810072459,283.330278077,286,0,1455,4897.178619131,285,371.836711544,88064,1986.553025978,0,0.000000000,
23,0,CT_abs,DS,0,0.500000000,10,30.059273997,0,2800.603988807,2801.057179445,283.340694276,331,0,1807,6741.257068139,330,899.672986143,64604,1972.189931478,0,0.000000000,
7,0,CT_abs,DS,0,0.500000000,12,2.119522724,1,1106.818818340,1107.432299598,265.986018716,110,0,468,1123.637611923,109,342.655125203,208,0.000000000,0,0.000000000,
8,0,CT_abs,DS,0,0.500000000,12,2.142619024,1,1372.698583688,1373.312064945,265.986018716,110,0,468,1123.637611923,109,342.655125203,208,0.000000000,0,0.000000000,
9,0,CT_abs,DS,0,0.500000000,12,2.864792403,1,1507.483857317,1508.109751383,265.986018716,111,0,472,1126.754400071,110,342.655125203,336,124.069068519,0,0.000000000,
12,0,CT_abs,DS,0,0.500000000,11,30.000978409,0,1122.120890320,1122.628131493,241.927270413,915,0,4379,7915.127578121,909,1085.073545572,42674,5958.381217724,0,0.000000000,
11,0,CT_abs,DS,0,0.500000000,11,30.142295592,0,1100.237205783,1100.744880061,241.818405614,918,0,4393,7927.974912233,912,1086.672756077,43126,6154.444330018,0,0.000000000,
13,0,CT_abs,DS,0,0.500000000,11,30.006139529,0,1174.374379183,1174.873036105,241.917939198,913,0,4371,7904.881159426,907,1083.417000369,42364,5762.426970229,0,0.000000000,
14,0,CT_abs,DS,0,0.500000000,11,30.250556413,0,1287.664161947,1288.171403121,241.927270413,915,0,4379,7915.127578121,909,1085.073545572,42674,5958.381217724,0,0.000000000,
15,0,CT_abs,DS,0,0.500000000,11,30.036647064,0,1430.581432922,1431.079793707,241.918390025,905,0,4338,7823.820028439,899,1077.796143660,42143,5754.415601147,0,0.000000000,
17,0,CT_abs,DS,0,0.500000000,11,30.002004840,0,1523.727386701,1524.234390461,241.927270413,914,0,4375,7911.713586790,908,1085.073545572,42364,5762.426970229,0,0.000000000,
18,0,CT_abs,DS,0,0.500000000,11,30.006490455,0,1579.721708074,1580.220364996,241.917939198,913,0,4371,7904.881159426,907,1083.417000369,42364,5762.426970229,0,0.000000000,
16,0,CT_abs,DS,0,0.500000000,11,30.143872109,0,1465.827635341,1466.334876514,241.927270413,915,0,4379,7915.127578121,909,1085.073545572,42674,5958.381217724,0,0.000000000,
2,0,CT_abs,DS,0,0.500000000,13,0.002256869,1,268.761669953,268.761669953,229.271877291,1,0,0,0.000000000,0,0.000000000,0,0.000000000,0,0.000000000,
3,0,CT_abs,DS,0,0.500000000,13,0.002375992,1,318.789709088,318.789709088,229.271877291,1,0,0,0.000000000,0,0.000000000,0,0.000000000,0,0.000000000,
4,0,CT_abs,DS,0,0.500000000,13,0.005031025,1,604.630517272,604.630517272,285.840808184,1,0,0,0.000000000,0,0.000000000,0,0.000000000,0,0.000000000,
5,0,CT_abs,DS,0,0.500000000,13,0.005209269,1,684.310659879,684.310659879,285.840808184,1,0,0,0.000000000,0,0.000000000,0,0.000000000,0,0.000000000,
6,0,CT_abs,DS,0,0.500000000,13,0.006440040,1,838.840507490,838.840507490,285.840808184,1,0,0,0.000000000,0,0.000000000,0,0.000000000,0,0.000000000,
7,0,CT_abs,DS,0,0.500000000,13,0.007403310,1,1040.214893953,1040.214893953,285.840808184,1,0,0,0.000000000,0,0.000000000,0,0.000000000,0,0.000000000,
8,0,CT_abs,DS,0,0.500000000,13,0.008481888,1,1215.516765469,1215.516765469,285.840808184,1,0,0,0.000000000,0,0.000000000,0,0.000000000,0,0.000000000,
9,0,CT_abs,DS,0,0.500000000,13,0.009772661,1,1325.113034558,1325.113034558,285.840808184,1,0,0,0.000000000,0,0.000000000,0,0.000000000,0,0.000000000,
19,0,CT_abs,DS,0,0.500000000,11,30.052261281,0,1752.912432527,1753.748954011,241.683356401,905,0,5000,9645.679441212,904,1376.692991022,44632,3175.077561038,0,0.000000000,
20,0,CT_abs,DS,0,0.500000000,11,30.019985378,0,1806.668421689,1807.486310232,241.656292820,906,0,5132,10498.742601132,905,1541.660015751,39122,6179.168574971,0,0.000000000,
21,0,CT_abs,DS,0,0.500000000,11,30.025812543,0,2108.558892921,2109.398547738,302.007913931,236,0,1677,6247.065748361,235,402.523927553,33446,5485.777744769,0,0.000000000,
22,0,CT_abs,DS,0,0.500000000,11,30.065751218,0,2189.348871572,2190.188526389,302.007913931,236,0,1677,6247.065748361,235,402.523927553,33446,5485.777744769,0,0.000000000,
23,0,CT_abs,DS,0,0.500000000,11,30.130049851,0,2308.821797005,2309.661451822,302.007913931,236,0,1677,6247.065748361,235,402.523927553,33446,5485.777744769,0,0.000000000,
10,0,CT_abs,DS,0,0.500000000,12,30.038466352,0,1703.968138472,1704.913417658,266.785888691,702,0,4452,20408.149447974,701,2656.225319981,6326,3437.295651177,0,0.000000000,
11,0,CT_abs,DS,0,0.500000000,12,30.051477568,0,1911.897105901,1912.822098014,265.986018716,633,0,4268,20521.260787921,632,2353.875163833,6040,3284.744876027,0,0.000000000,
12,0,CT_abs,DS,0,0.500000000,12,30.067783562,0,2191.448308117,2192.195481145,279.574653837,327,0,2394,10660.336837169,326,1185.783627527,5508,3002.876161361,0,0.000000000,
14,0,CT_abs,DS,0,0.500000000,12,30.049186974,0,2312.984747894,2313.730923524,279.570202212,333,0,2440,10816.039790247,332,1213.269724338,5510,3004.876254399,0,0.000000000,
13,0,CT_abs,DS,0,0.500000000,12,30.122437531,0,2234.930304937,2235.677477965,279.574653837,327,0,2394,10660.336837169,326,1185.783627527,5508,3002.876161361,0,0.000000000,
15,0,CT_abs,DS,0,0.500000000,12,30.069817354,0,2498.609746156,2499.413543115,279.570202212,326,0,2393,10658.338802995,325,1183.887439361,5468,2996.875442559,0,0.000000000,
16,0,CT_abs,DS,0,0.500000000,12,30.070191897,0,2604.827987525,2605.634798166,279.570202212,325,0,2388,10642.707513022,324,1183.849037315,5576,2990.875105797,0,0.000000000,
2,0,CT_abs,DS,0,0.500000000,14,0.003588870,1,444.686045778,444.686045778,229.493984203,1,0,0,0.000000000,0,0.000000000,0,0.000000000,0,0.000000000,
17,0,CT_abs,DS,0,0.500000000,12,30.036499965,0,2670.264031307,2671.070841948,279.570202212,325,0,2388,10642.707513022,324,1183.849037315,5576,2990.875105797,0,0.000000000,
3,0,CT_abs,DS,0,0.500000000,14,0.014185510,1,678.679312415,678.685180152,233.993266637,2,0,4,34.521241229,1,10.504095605,0,0.000000000,0,0.000000000,
4,0,CT_abs,DS,0,0.500000000,14,0.014057783,1,741.297590011,741.303457747,233.993266637,2,0,4,34.521241229,1,10.504095605,0,0.000000000,0,0.000000000,
18,0,CT_abs,DS,0,0.500000000,12,30.039062694,0,2850.321276580,2851.041959706,279.570202212,299,0,2303,10503.097230373,298,1215.472638625,5487,3385.697568823,0,0.000000000,
19,0,CT_abs,DS,0,0.500000000,12,30.091677206,0,2980.760483683,2981.457459867,279.570202212,342,0,2600,11449.160771494,341,1371.716837709,5152,3053.679519560,0,0.000000000,
20,0,CT_abs,DS,0,0.500000000,12,30.084089540,0,3123.818641806,3124.522493896,279.570202212,250,0,1596,6123.797956529,249,678.121884320,6630,2342.099108465,0,0.000000000,
5,0,CT_abs,DS,0,0.500000000,14,0.014500684,1,856.699383146,856.705250882,233.993266637,2,0,4,34.521241229,1,10.504095605,0,0.000000000,0,0.000000000,
6,0,CT_abs,DS,0,0.500000000,14,0.016485287,1,1047.614547121,1047.620414858,233.993266637,2,0,4,34.521241229,1,10.504095605,0,0.000000000,0,0.000000000,
7,0,CT_abs,DS,0,0.500000000,14,0.129516273,1,1160.910257289,1160.929022973,233.993266637,16,0,74,246.732690624,15,66.831276399,444,8.006528635,0,0.000000000,
8,0,CT_abs,DS,0,0.500000000,14,0.128732769,1,1168.363793698,1168.382559382,233.993266637,16,0,74,246.732690624,15,66.831276399,444,8.006528635,0,0.000000000,
9,0,CT_abs,DS,0,0.500000000,14,0.130085600,1,1384.957549231,1384.976314915,233.993266637,16,0,74,246.732690624,15,66.831276399,444,8.006528635,0,0.000000000,
21,0,CT_abs,DS,0,0.500000000,12,30.024760355,0,3300.021480477,3300.593087218,279.551202216,248,0,1586,6096.085067685,247,668.796638887,6643,2338.098425456,0,0.000000000,
10,0,CT_abs,DS,0,0.500000000,14,0.137021643,1,1594.663480961,1594.682246645,233.993266637,16,0,74,246.732690624,15,66.831276399,444,8.006528635,0,0.000000000,
13,0,CT_abs,DS,0,0.500000000,14,0.068510250,1,1962.688303001,1962.707068685,233.993266637,7,0,44,99.326243365,6,16.662284536,269,0.000000000,0,0.000000000,
11,0,CT_abs,DS,0,0.500000000,14,0.137133110,1,1704.923111236,1704.941876920,233.993266637,16,0,74,246.732690624,15,66.831276399,444,8.006528635,0,0.000000000,
14,0,CT_abs,DS,0,0.500000000,14,0.069222352,1,2086.074029628,2086.092795312,233.993266637,7,0,44,99.326243365,6,16.662284536,269,0.000000000,0,0.000000000,
12,0,CT_abs,DS,0,0.500000000,14,0.139115377,1,1860.287124075,1860.305889759,233.993266637,16,0,74,246.732690624,15,66.831276399,444,8.006528635,0,0.000000000,
22,0,CT_abs,DS,0,0.500000000,12,30.284652225,0,3553.744991150,3554.556026031,279.570202212,195,0,1697,8204.183507658,194,804.053704006,8663,3331.317237149,0,0.000000000,
23,0,CT_abs,DS,0,0.500000000,12,30.248277486,0,3624.494654380,3625.305689261,279.570202212,195,0,1697,8204.183507658,194,804.053704006,8663,3331.317237149,0,0.000000000,
15,0,CT_abs,DS,0,0.500000000,14,0.465011336,1,2198.458204697,2198.556737932,233.993266637,41,0,270,836.932115852,40,119.944404831,273,4.000009358,0,0.000000000,
10,0,CT_abs,DS,0,0.500000000,13,30.013912057,0,1531.504375893,1531.777399460,285.942301253,1899,0,13465,33539.781051559,1898,4639.293919722,24106,18517.402750337,0,0.000000000,
2,0,CT_abs,DS,0,0.500000000,15,0.001187144,1,216.259940054,216.259940054,129.538095442,1,0,0,0.000000000,0,0.000000000,0,0.000000000,0,0.000000000,
11,0,CT_abs,DS,0,0.500000000,13,30.005037368,0,1637.697858296,1637.971892912,285.942301253,1912,0,13557,33757.613833194,1911,4664.929067161,24112,18523.445253915,0,0.000000000,
3,0,CT_abs,DS,0,0.500000000,15,0.001649449,1,279.624404709,279.624404709,129.538095442,1,0,0,0.000000000,0,0.000000000,0,0.000000000,0,0.000000000,
4,0,CT_abs,DS,0,0.500000000,15,0.003723810,1,517.133462337,517.133462337,237.509057628,1,0,0,0.000000000,0,0.000000000,0,0.000000000,0,0.000000000,
12,0,CT_abs,DS,0,0.500000000,13,30.003128390,0,1836.155468223,1836.423903192,285.853970515,1897,0,13449,33510.467590804,1896,4634.990742342,24042,18517.402750337,0,0.000000000,
5,0,CT_abs,DS,0,0.500000000,15,0.004100188,1,605.147760130,605.147760130,237.509057628,1,0,0,0.000000000,0,0.000000000,0,0.000000000,0,0.000000000,
6,0,CT_abs,DS,0,0.500000000,15,0.004574779,1,708.656019580,708.656019580,237.509057628,1,0,0,0.000000000,0,0.000000000,0,0.000000000,0,0.000000000,
7,0,CT_abs,DS,0,0.500000000,15,0.005247598,1,845.777576757,845.777576757,237.509057628,1,0,0,0.000000000,0,0.000000000,0,0.000000000,0,0.000000000,
8,0,CT_abs,DS,0,0.500000000,15,0.005664803,1,903.396585631,903.396585631,237.509057628,1,0,0,0.000000000,0,0.000000000,0,0.000000000,0,0.000000000,
9,0,CT_abs,DS,0,0.500000000,15,0.006368348,1,1107.757714811,1107.757714811,237.509057628,1,0,0,0.000000000,0,0.000000000,0,0.000000000,0,0.000000000,
13,0,CT_abs,DS,0,0.500000000,13,30.005744826,0,1928.020548519,1928.194612859,285.853970515,1673,0,11719,35697.006423804,1672,6198.562829604,24757,28335.736573110,0,0.000000000,
14,0,CT_abs,DS,0,0.500000000,13,30.006638289,0,2016.795582697,2016.966272625,285.853970515,1640,0,11476,35141.775792936,1639,6121.553831437,24178,27684.963197873,0,0.000000000,
15,0,CT_abs,DS,0,0.500000000,13,30.007505171,0,2058.850039830,2059.018651002,285.840808184,1687,0,11818,35963.674982603,1686,6256.140990808,24978,28574.946292855,0,0.000000000,
16,0,CT_abs,DS,0,0.500000000,13,30.000922721,0,2098.590615396,2098.729629543,285.840953356,1129,0,7899,25211.043284637,1128,4504.080873320,26604,20716.157088030,0,0.000000000,
17,0,CT_abs,DS,0,0.500000000,13,30.087603134,0,2142.265295885,2142.410455244,285.840953356,1128,0,7890,25177.944814919,1127,4499.894333883,26516,20716.157088030,0,0.000000000,
10,0,CT_abs,DS,0,0.500000000,15,15.646216113,1,1269.566729791,1271.871634073,237.509057628,944,0,5270,11848.980807895,939,1856.904339467,5769,362.502833064,0,0.000000000,
18,0,CT_abs,DS,0,0.500000000,13,30.002371015,0,2286.746321098,2286.895810935,285.854115687,1115,0,7795,24899.451778022,1114,4452.667487787,26073,20236.148112220,0,0.000000000,
19,0,CT_abs,DS,0,0.500000000,13,30.010566495,0,2577.836499174,2578.213902946,291.098906778,272,0,2622,25351.752056022,271,2685.985354248,34720,7994.176824016,0,0.000000000,
20,0,CT_abs,DS,0,0.500000000,13,30.055690682,0,2731.880046460,2732.223576445,291.192792285,278,0,2679,25938.075906759,277,2748.284178663,35146,8232.524584185,0,0.000000000,
21,0,CT_abs,DS,0,0.500000000,13,30.088886909,0,2897.269093445,2897.608135063,291.192792285,274,0,2643,25577.141172740,273,2702.808934380,34808,7994.176824016,0,0.000000000,
22,0,CT_abs,DS,0,0.500000000,13,30.068527968,0,2924.753845617,2925.133054163,291.098906778,275,0,2652,25666.703641897,274,2709.306148296,34892,8074.292792609,0,0.000000000,
23,0,CT_abs,DS,0,0.500000000,13,30.040550865,0,3018.426720133,3018.804123905,291.098906778,272,0,2622,25351.752056022,271,2685.985354248,34720,7994.176824016,0,0.000000000,
2,0,CT_abs,DS,0,0.500000000,16,0.001742325,1,246.759711067,246.759711067,131.237591623,1,0,0,0.000000000,0,0.000000000,0,0.000000000,0,0.000000000,
3,0,CT_abs,DS,0,0.500000000,16,0.002475123,1,388.971433461,388.971433461,142.211722394,1,0,0,0.000000000,0,0.000000000,0,0.000000000,0,0.000000000,
4,0,CT_abs,DS,0,0.500000000,16,0.002896708,1,486.160210273,486.160210273,142.211722394,1,0,0,0.000000000,0,0.000000000,0,0.000000000,0,0.000000000,
16,0,CT_abs,DS,0,0.500000000,14,30.011593626,0,2397.263499990,2397.758398145,234.001995339,1765,0,9444,86685.398004273,1764,18325.792877461,41327,38968.721767557,0,0.000000000,
17,0,CT_abs,DS,0,0.500000000,14,30.022698003,0,2670.531816218,2670.994560079,273.268316228,1468,0,8192,74125.562651978,1467,15089.338456574,34667,32614.663225884,0,0.000000000,
18,0,CT_abs,DS,0,0.500000000,14,30.010046788,0,2812.266432587,2812.720901351,273.268316228,1472,0,8214,74312.257195927,1471,15131.147922604,34889,32829.449585030,0,0.000000000,
19,0,CT_abs,DS,0,0.500000000,14,30.004160584,0,2989.189492276,2989.536501742,273.320264185,865,0,5686,39998.827723883,864,7057.428123014,18813,10388.964013937,0,0.000000000,
20,0,CT_abs,DS,0,0.500000000,14,30.007247018,0,3167.000682251,3167.291008192,273.320264185,463,0,3414,16184.725027543,462,1900.350310073,14805,1474.619694969,0,0.000000000,
22,0,CT_abs,DS,0,0.500000000,14,30.116292578,0,3615.820672855,3616.069097569,279.844669208,180,0,1574,8480.283360919,179,687.499818715,9883,318.041864158,0,0.000000000,
21,0,CT_abs,DS,0,0.500000000,14,30.229583758,0,3446.845351458,3447.093776171,279.844669208,180,0,1574,8480.283360919,179,687.499818715,9883,318.041864158,0,0.000000000,
23,0,CT_abs,DS,0,0.500000000,14,30.200779991,0,3768.818169685,3769.070158199,279.844669208,197,0,1661,8716.760640183,196,708.058297339,9907,348.070277987,0,0.000000000,
11,0,CT_abs,DS,0,0.500000000,15,30.019481992,0,1473.955350651,1476.102776457,237.554595705,2186,0,14216,42081.254419604,2185,4607.960197648,7404,2410.677927763,0,0.000000000,
12,0,CT_abs,DS,0,0.500000000,15,30.004270693,0,1603.503353650,1605.650981477,237.600240193,2194,0,14276,42247.782344202,2193,4618.516871391,7408,2414.681813615,0,0.000000000,
13,0,CT_abs,DS,0,0.500000000,15,30.012884157,0,1643.916507415,1646.052519670,237.623459533,2178,0,14162,41917.863541804,2177,4590.771746082,7394,2400.666800553,0,0.000000000,
14,0,CT_abs,DS,0,0.500000000,15,30.002028533,0,1677.907080353,1680.038462003,237.586323057,2243,0,14610,43235.635771710,2242,4705.383088709,7519,2468.746057070,0,0.000000000,
15,0,CT_abs,DS,0,0.500000000,15,30.023870163,0,1752.435635845,1754.568441224,237.581038259,2424,0,14705,45605.867278435,2423,5222.040209890,10806,8009.441810868,0,0.000000000,
16,0,CT_abs,DS,0,0.500000000,15,30.017139059,0,1849.015133063,1851.135775991,237.632041855,2414,0,14631,45401.987335970,2413,5206.708936932,10796,7999.428989802,0,0.000000000,
17,0,CT_abs,DS,0,0.500000000,15,30.000485853,0,2006.809577886,2009.098558147,237.546299519,2140,0,13946,88769.986002367,2139,13929.147749210,67671,65716.265287697,0,0.000000000,
18,0,CT_abs,DS,0,0.500000000,15,30.007915236,0,2117.881916603,2120.165166343,237.566253719,2108,0,13771,87628.049714798,2107,13755.621167031,67297,65352.879879514,0,0.000000000,
19,0,CT_abs,DS,0,0.500000000,15,30.004678908,0,2303.871352739,2306.081272907,237.546185759,1622,0,13071,93773.736991578,1621,11670.272679500,66793,59963.664303947,0,0.000000000,
20,0,CT_abs,DS,0,0.500000000,15,30.009575406,0,2401.575534119,2403.782886087,237.560557938,1614,0,12986,93101.262524469,1613,11566.700824615,66378,59567.084812074,0,0.000000000,
21,0,CT_abs,DS,0,0.500000000,15,30.027298304,0,2505.437543101,2507.685999545,237.526246813,1590,0,12755,91314.072535189,1589,11303.367800720,64086,58270.238192798,0,0.000000000,
22,0,CT_abs,DS,0,0.500000000,15,30.018907053,0,2564.616905579,2566.869013746,237.557808178,1604,0,12886,92329.600331693,1603,11451.287952174,65593,59039.835335187,0,0.000000000,
23,0,CT_abs,DS,0,0.500000000,15,30.015421792,0,2660.040905065,2662.218615931,237.538968506,1990,0,13629,89543.147266084,1989,11704.781697167,39958,39066.254502609,0,0.000000000,
2,0,CT_abs,DS,0,0.500000000,17,0.003888421,1,444.087963018,444.087963018,259.069110145,1,0,0,0.000000000,0,0.000000000,0,0.000000000,0,0.000000000,
3,0,CT_abs,DS,0,0.500000000,17,0.004190521,1,502.831061581,502.831061581,259.069110145,1,0,0,0.000000000,0,0.000000000,0,0.000000000,0,0.000000000,
4,0,CT_abs,DS,0,0.500000000,17,0.004540551,1,594.440600715,594.440600715,259.069110145,1,0,0,0.000000000,0,0.000000000,0,0.000000000,0,0.000000000,
5,0,CT_abs,DS,0,0.500000000,17,0.006771843,1,826.963169943,826.963169943,259.069110145,1,0,0,0.000000000,0,0.000000000,0,0.000000000,0,0.000000000,
6,0,CT_abs,DS,0,0.500000000,17,0.008712107,1,1042.308423458,1042.308423458,259.069110145,1,0,0,0.000000000,0,0.000000000,0,0.000000000,0,0.000000000,
5,0,CT_abs,DS,0,0.500000000,16,30.000658084,0,575.539480214,576.230012502,142.211722394,12933,0,49916,37163.757992139,12930,10599.182695418,20736,15607.600023455,0,0.000000000,
6,0,CT_abs,DS,0,0.500000000,16,30.002416159,0,801.604376509,802.289213328,226.064896295,13271,0,51232,38152.824455673,13268,10858.378089725,21112,15984.285778589,0,0.000000000,
7,0,CT_abs,DS,0,0.500000000,16,30.001631847,0,1005.838276477,1006.530616540,226.064896295,13086,0,50512,37620.299104528,13083,10720.598481536,20918,15789.832313985,0,0.000000000,
8,0,CT_abs,DS,0,0.500000000,16,30.002075746,0,1248.160346134,1248.805997476,242.322069657,13021,0,50250,37417.932435216,13018,10667.011376205,20856,15727.783506906,0,0.000000000,
9,0,CT_abs,DS,0,0.500000000,16,30.001636557,0,1389.708368105,1390.393848352,242.322069657,12881,0,49738,37042.411974827,12878,10563.479120489,20672,15543.447170166,0,0.000000000,
10,0,CT_abs,DS,0,0.500000000,16,30.002674363,0,1591.854995965,1592.545553979,242.322069657,12909,0,49836,37109.772323762,12906,10582.633138759,20710,15581.586224448,0,0.000000000,
11,0,CT_abs,DS,0,0.500000000,16,30.000374198,0,1737.335092573,1738.002417320,242.322069657,12880,0,49732,37037.940555119,12877,10562.972428712,20672,15543.447170166,0,0.000000000,
12,0,CT_abs,DS,0,0.500000000,16,30.001018740,0,1888.278762806,1888.826972101,242.322069657,9881,0,38342,47256.688144073,9880,11356.961938149,14883,14017.078118363,0,0.000000000,
13,0,CT_abs,DS,0,0.500000000,16,30.000814947,0,2018.700940450,2019.245263365,242.322069657,9613,0,37359,45581.901917763,9612,10943.906598835,18304,13498.750136609,0,0.000000000,
14,0,CT_abs,DS,0,0.500000000,16,30.001031323,0,2265.661542277,2266.203650250,247.164151259,4221,0,19329,60966.259098977,4220,10133.936358564,19820,12034.548715712,0,0.000000000,
15,0,CT_abs,DS,0,0.500000000,16,30.002794673,0,2440.501314819,2441.105808370,247.164151259,2942,0,16017,69259.457466746,2941,8834.926931965,14352,7675.558713167,0,0.000000000,
16,0,CT_abs,DS,0,0.500000000,16,30.010991494,0,2725.993635226,2726.453064341,285.506770094,1096,0,9760,53485.458188404,1095,5242.461653463,5194,1461.719602761,0,0.000000000,
17,0,CT_abs,DS,0,0.500000000,16,30.011101346,0,2924.988092749,2925.451604051,285.501049109,1104,0,9820,53832.890842387,1103,5277.117516185,5212,1479.734679834,0,0.000000000,
18,0,CT_abs,DS,0,0.500000000,16,30.007788263,0,3055.540428493,3056.007788934,285.526268208,1111,0,9856,53986.017697941,1110,5296.877536174,5305,1481.735803148,0,0.000000000,
19,0,CT_abs,DS,0,0.500000000,16,30.023864648,0,3085.682310001,3086.249095903,285.523881771,248,0,3163,19242.155842744,247,1073.389456856,17823,4567.565880691,0,0.000000000,
2,0,CT_abs,DS,0,0.500000000,18,0.000895473,1,127.458457766,127.458457766,82.873563228,1,0,0,0.000000000,0,0.000000000,0,0.000000000,0,0.000000000,
20,0,CT_abs,DS,0,0.500000000,16,30.049798113,0,3267.908625416,3268.548271577,285.523881771,224,0,3219,20282.777891360,221,983.566893108,19010,3055.860117037,0,0.000000000,
3,0,CT_abs,DS,0,0.500000000,18,0.155593429,1,182.770562002,183.015598962,82.952153895,80,0,346,1891.822836306,79,555.612554176,0,0.000000000,0,0.000000000,
4,0,CT_abs,DS,0,0.500000000,18,0.147824201,1,233.551259887,233.796296847,82.952153895,80,0,346,1891.822836306,79,555.612554176,0,0.000000000,0,0.000000000,
5,0,CT_abs,DS,0,0.500000000,18,0.152032509,1,274.872341689,275.117378649,82.952153895,80,0,346,1891.822836306,79,555.612554176,0,0.000000000,0,0.000000000,
6,0,CT_abs,DS,0,0.500000000,18,0.150965651,1,425.328695347,425.573732307,150.456353658,80,0,346,1891.822836306,79,555.612554176,0,0.000000000,0,0.000000000,
7,0,CT_abs,DS,0,0.500000000,18,0.153458284,1,555.743668767,555.988705727,150.456353658,80,0,346,1891.822836306,79,555.612554176,0,0.000000000,0,0.000000000,
8,0,CT_abs,DS,0,0.500000000,18,1.324577523,1,720.817787370,721.122083268,165.133377541,88,0,378,1931.665295566,87,555.612554176,823,0.000000000,0,0.000000000,
9,0,CT_abs,DS,0,0.500000000,18,1.319078559,1,870.486629241,870.790925139,165.133377541,88,0,378,1931.665295566,87,555.612554176,823,0.000000000,0,0.000000000,
21,0,CT_abs,DS,0,0.500000000,16,30.037720105,0,3368.400460991,3369.040107152,285.505042100,225,0,3230,20362.861609366,222,989.308950543,19044,3057.860542847,0,0.000000000,
22,0,CT_abs,DS,0,0.500000000,16,30.000710151,0,3479.285040969,3479.934687009,285.523881771,219,0,3146,19708.696398644,216,963.966333150,18864,3051.859265417,0,0.000000000,
23,0,CT_abs,DS,0,0.500000000,16,30.050107483,0,3693.049465170,3693.710031575,285.523881771,230,0,3301,20983.956192713,227,1004.589228528,19214,3067.862671898,0,0.000000000,
7,0,CT_abs,DS,0,0.500000000,17,30.009888331,0,1285.988139376,1286.206512933,259.069110145,1839,0,10350,44967.343195663,1838,6669.927613296,1914,524.846959905,0,0.000000000,
8,0,CT_abs,DS,0,0.500000000,17,30.011444161,0,1415.216481680,1416.100132119,259.469693384,2035,0,11848,50244.593754623,1982,7475.177014876,22014,60.303450090,0,0.000000000,
9,0,CT_abs,DS,0,0.500000000,17,30.016636329,0,1627.062418642,1627.646638098,259.471478278,1571,0,9518,47804.512224718,1570,5671.251536919,1678,486.811179803,0,0.000000000,
10,0,CT_abs,DS,0,0.500000000,17,30.011768071,0,1847.160324991,1847.732383710,259.471478278,1593,0,9653,48417.163567692,1592,5742.414001487,1748,530.876978184,0,0.000000000,
10,0,CT_abs,DS,0,0.500000000,18,9.976124010,1,994.293009133,994.765950856,165.133377541,723,0,2813,12552.329202159,722,3455.489269910,5343,426.221229141,0,0.000000000,
11,0,CT_abs,DS,0,0.500000000,17,30.001564395,0,1956.032926688,1956.619110644,259.471478278,1565,0,9482,47610.049449611,1564,5650.765262263,1678,486.811179803,0,0.000000000,
12,0,CT_abs,DS,0,0.500000000,17,30.006428291,0,1998.755794377,1999.330288697,259.471478278,1572,0,9524,47828.733404853,1571,5671.775149783,1678,486.811179803,0,0.000000000,
13,0,CT_abs,DS,0,0.500000000,17,30.000088291,0,2126.268884398,2126.854197969,259.470762430,709,0,4756,26503.884384954,708,4142.713253799,16102,3832.413224577,0,0.000000000,
14,0,CT_abs,DS,0,0.500000000,17,30.001696230,0,2251.019113598,2251.595540258,259.470762430,715,0,4792,26705.392489113,714,4175.949028385,16102,3832.413224577,0,0.000000000,
15,0,CT_abs,DS,0,0.500000000,17,30.032083811,0,2529.575585112,2530.522704920,279.019742607,294,0,2295,12367.261383300,291,1213.184137490,21276,9119.920627812,0,0.000000000,
2,0,CT_abs,DS,0,0.500000000,19,0.001038458,1,206.601005606,206.601005606,117.249481426,1,0,0,0.000000000,0,0.000000000,0,0.000000000,0,0.000000000,
16,0,CT_abs,DS,0,0.500000000,17,30.018541079,0,2693.672243044,2694.676240473,279.019742607,464,0,4267,23469.148067408,450,1861.002478059,16084,5951.083149363,0,0.000000000,
3,0,CT_abs,DS,0,0.500000000,19,0.105031930,1,311.877662396,311.938439284,117.249481426,39,0,188,767.217681161,38,170.696501495,822,0.000000000,0,0.000000000,
4,0,CT_abs,DS,0,0.500000000,19,0.105929168,1,436.695237491,436.756014379,124.817575094,39,0,188,767.217681161,38,170.696501495,822,0.000000000,0,0.000000000,
17,0,CT_abs,DS,0,0.500000000,17,30.028329549,0,2736.201335025,2737.205332453,279.019742607,464,0,4267,23469.148067408,450,1861.002478059,16084,5951.083149363,0,0.000000000,
5,0,CT_abs,DS,0,0.500000000,19,0.107181266,1,573.083852254,573.144629142,136.388614764,39,0,188,767.217681161,38,170.696501495,822,0.000000000,0,0.000000000,
6,0,CT_abs,DS,0,0.500000000,19,0.109710884,1,676.214669242,676.275446130,136.388614764,39,0,188,767.217681161,38,170.696501495,822,0.000000000,0,0.000000000,
18,0,CT_abs,DS,0,0.500000000,17,30.115692972,0,2965.318805413,2966.366639717,278.556471514,462,0,4254,23386.520304136,448,1844.765250550,16014,5880.790515795,0,0.000000000,
19,0,CT_abs,DS,0,0.500000000,17,30.050642496,0,3089.003251585,3090.065740399,278.556471514,460,0,4237,23293.554375173,446,1830.623314241,15944,5810.497882226,0,0.000000000,
20,0,CT_abs,DS,0,0.500000000,17,30.007804910,0,3289.606902685,3290.377042907,278.556471514,185,0,1737,8970.209486439,184,552.981174652,18365,10244.952975064,0,0.000000000,
21,0,CT_abs,DS,0,0.500000000,17,30.006998435,0,3525.828054505,3526.429797242,278.736422567,151,0,1564,8668.479777190,150,356.257746576,18920,11052.748661274,0,0.000000000,
22,0,CT_abs,DS,0,0.500000000,17,30.056790197,0,3601.203153638,3601.775859166,278.736422567,151,0,1707,9168.517121499,150,346.499527243,18850,10982.456027706,0,0.000000000,
23,0,CT_abs,DS,0,0.500000000,17,30.036233331,0,3785.165185447,3785.740423056,278.736422567,156,0,1682,8596.223245772,155,300.975338281,18677,10666.396299753,0,0.000000000,
11,0,CT_abs,DS,0,0.500000000,18,30.039209828,0,1235.843727648,1236.216850330,241.689328830,430,0,1762,5630.855367408,408,1073.301855139,13872,370.098355042,0,0.000000000,
12,0,CT_abs,DS,0,0.500000000,18,30.017062191,0,1479.578322802,1479.867281418,243.768694990,691,0,3378,5907.528032591,675,759.139296222,11417,892.173882171,0,0.000000000,
13,0,CT_abs,DS,0,0.500000000,18,30.157672991,0,1645.626907513,1645.961160869,243.768694990,643,0,3048,7504.200267256,633,1193.371044284,19476,3094.467514952,0,0.000000000,
14,0,CT_abs,DS,0,0.500000000,18,30.006396840,0,1758.172185608,1758.468729941,243.792563450,689,0,3194,7579.918922682,679,1394.738335245,19483,3502.123551151,0,0.000000000,
15,0,CT_abs,DS,0,0.500000000,18,30.021447328,0,1811.783351844,1812.078615554,243.734595154,329,0,2293,5946.644320820,319,872.890606215,27325,2528.460880510,0,0.000000000,
17,0,CT_abs,DS,0,0.500000000,18,30.028929121,0,2118.596859550,2118.892123260,243.734595154,329,0,2293,5946.644320820,319,872.890606215,27325,2528.460880510,0,0.000000000,
19,0,CT_abs,DS,0,0.500000000,18,30.003935532,0,2590.133750802,2590.428797162,243.754750143,442,0,2862,10085.684992367,432,1801.249468451,25126,2765.661849108,0,0.000000000,
18,0,CT_abs,DS,0,0.500000000,18,30.012117781,0,2355.299301846,2355.586700752,243.768694990,468,0,2987,10540.878188860,458,1902.845649299,25740,2808.484377417,0,0.000000000,
16,0,CT_abs,DS,0,0.500000000,18,30.090547714,0,1903.336335576,1903.631599285,243.734595154,328,0,2289,5942.934854116,318,872.890606215,27107,2528.460880510,0,0.000000000,
2,0,CT_abs,DS,0,0.500000000,20,0.444938391,1,309.075332695,310.314371071,171.822877534,78,0,338,1472.271458056,77,326.345396238,0,0.000000000,0,0.000000000,
3,0,CT_abs,DS,0,0.500000000,20,0.443698384,1,559.511126486,560.750164862,250.435793791,78,0,338,1472.271458056,77,326.345396238,0,0.000000000,0,0.000000000,
21,0,CT_abs,DS,0,0.500000000,18,30.018438163,0,2690.412408881,2690.720462838,243.768694990,436,0,2832,9999.324654878,426,1791.238095102,25021,2760.859752576,0,0.000000000,
22,0,CT_abs,DS,0,0.500000000,18,30.021514932,0,2773.902095866,2774.208591976,243.734595154,444,0,2876,10107.379279505,434,1804.264936801,25227,2766.463732222,0,0.000000000,
20,0,CT_abs,DS,0,0.500000000,18,30.091182358,0,2644.788509486,2645.095316951,243.768694990,429,0,2799,9880.962265670,419,1776.356710368,24827,2751.255559511,0,0.000000000,
23,0,CT_abs,DS,0,0.500000000,18,30.096274134,0,2934.527345303,2934.830447428,243.746417067,324,0,2393,7225.332910369,315,1114.878582098,20411,2695.467278504,0,0.000000000,
4,0,CT_abs,DS,0,0.500000000,20,0.454265449,1,659.756241000,660.995279376,250.435793791,78,0,338,1472.271458056,77,326.345396238,0,0.000000000,0,0.000000000,
7,0,CT_abs,DS,0,0.500000000,19,30.460123762,0,975.835480945,975.928723639,299.653277509,145,0,591,1735.762312416,144,382.500374839,8765,1745.002701003,0,0.000000000,
8,0,CT_abs,DS,0,0.500000000,19,30.027892212,0,1189.006365610,1189.076737322,299.626954254,163,0,816,2914.418512077,162,540.968186301,7426,1594.061255199,0,0.000000000,
5,0,CT_abs,DS,0,0.500000000,20,2.279101621,1,895.468769050,896.809300495,250.537286860,306,0,1268,6869.648451218,305,1735.823679529,0,0.000000000,0,0.000000000,
10,0,CT_abs,DS,0,0.500000000,19,30.354222625,0,1286.695048343,1287.061805332,299.626954254,194,0,1020,3374.156651007,193,595.254698877,7540,1616.069090483,0,0.000000000,
9,0,CT_abs,DS,0,0.500000000,19,30.583263073,0,1247.531026653,1247.897783642,299.626954254,194,0,1020,3374.156651007,193,595.254698877,7540,1616.069090483,0,0.000000000,
11,0,CT_abs,DS,0,0.500000000,19,30.504771905,0,1445.054691132,1445.421448121,299.626954254,194,0,1020,3374.156651007,193,595.254698877,7540,1616.069090483,0,0.000000000,
12,0,CT_abs,DS,0,0.500000000,19,30.519379425,0,1468.599788219,1468.966545208,299.626954254,194,0,1020,3374.156651007,193,595.254698877,7540,1616.069090483,0,0.000000000,
13,0,CT_abs,DS,0,0.500000000,19,30.512118510,0,1617.035610485,1617.450702080,299.623709983,195,0,1022,3403.387956804,194,595.254698877,7498,1768.288368807,0,0.000000000,
14,0,CT_abs,DS,0,0.500000000,19,30.311925925,0,1637.291944447,1637.707036042,299.623709983,195,0,1022,3403.387956804,194,595.254698877,7498,1768.288368807,0,0.000000000,
15,0,CT_abs,DS,0,0.500000000,19,30.467857645,0,1650.299948978,1650.715040573,299.623709983,195,0,1022,3403.387956804,194,595.254698877,7498,1768.288368807,0,0.000000000,
16,0,CT_abs,DS,0,0.500000000,19,30.576869594,0,1829.762162031,1830.177253626,299.623709983,195,0,1022,3403.387956804,194,595.254698877,7498,1768.288368807,0,0.000000000,
17,0,CT_abs,DS,0,0.500000000,19,30.134621262,0,1965.562989447,1966.218062773,299.620811703,359,0,1940,6439.413931212,358,1089.059380847,8694,1899.539932798,0,0.000000000,
18,0,CT_abs,DS,0,0.500000000,19,30.230602780,0,2107.615675978,2108.290299539,299.873071096,689,0,4070,12136.356190191,688,1701.761452451,8125,2019.144162630,0,0.000000000,
19,0,CT_abs,DS,0,0.500000000,19,30.046176435,0,2281.205492533,2281.880116093,299.623709983,689,0,4070,12136.356190252,688,1701.761452451,8125,2019.144162630,0,0.000000000,
20,0,CT_abs,DS,0,0.500000000,19,30.154929574,0,2525.809827916,2526.369047441,299.857935973,521,0,3676,16682.385900942,520,2011.220561027,5294,4256.038268313,0,0.000000000,
2,0,CT_abs,DS,0,0.500000000,21,0.001626515,1,256.807245366,256.807245366,185.603301522,1,0,0,0.000000000,0,0.000000000,0,0.000000000,0,0.000000000,
23,0,CT_abs,DS,0,0.500000000,19,30.001201442,0,2918.335059708,2918.877862318,299.870172817,514,0,3904,16778.092289978,513,1980.151062072,5207,4129.869222667,0,0.000000000,
21,0,CT_abs,DS,0,0.500000000,19,30.095040141,0,2724.046536666,2724.605756191,299.857935973,522,0,3682,16734.619331018,521,2014.086116057,5294,4256.038268313,0,0.000000000,
22,0,CT_abs,DS,0,0.500000000,19,30.159914613,0,2757.231279337,2757.790498862,299.857935973,522,0,3682,16734.619331018,521,2014.086116057,5294,4256.038268313,0,0.000000000,
3,0,CT_abs,DS,0,0.500000000,21,0.002273916,1,368.855227433,368.855227433,185.603301522,1,0,0,0.000000000,0,0.000000000,0,0.000000000,0,0.000000000,
4,0,CT_abs,DS,0,0.500000000,21,0.056405578,1,510.734823770,510.796313123,185.603301522,9,0,42,257.840242439,8,62.482358777,0,0.000000000,0,0.000000000,
5,0,CT_abs,DS,0,0.500000000,21,0.237702563,1,581.839150565,581.943955806,185.603301522,62,0,280,1958.558607342,61,452.423550011,0,0.000000000,0,0.000000000,
6,0,CT_abs,DS,0,0.500000000,21,0.238872899,1,619.856246006,619.961051246,185.603301522,62,0,280,1958.558607342,61,452.423550011,0,0.000000000,0,0.000000000,
6,0,CT_abs,DS,0,0.500000000,20,30.013480532,0,1038.721191595,1040.369138144,250.644887968,3184,0,15639,51963.832389334,3183,11087.768333290,28008,4520.464941530,0,0.000000000,
7,0,CT_abs,DS,0,0.500000000,20,30.002324376,0,1278.223215212,1279.901738049,250.537286860,2781,0,14699,65770.409422075,2780,11789.879734650,13468,7725.944746893,0,0.000000000,
8,0,CT_abs,DS,0,0.500000000,20,30.033825883,0,1304.485877102,1306.176834931,250.537286860,2826,0,14909,66418.760384806,2825,11913.691670198,13850,7868.067822859,0,0.000000000,
7,0,CT_abs,DS,0,0.500000000,21,0.238861192,1,634.598254211,634.703059452,185.603301522,62,0,280,1958.558607342,61,452.423550011,0,0.000000000,0,0.000000000,
8,0,CT_abs,DS,0,0.500000000,21,0.235312655,1,744.776893608,744.881698849,185.603301522,62,0,280,1958.558607342,61,452.423550011,0,0.000000000,0,0.000000000,
9,0,CT_abs,DS,0,0.500000000,21,0.241111032,1,777.455290609,777.560095850,185.603301522,62,0,280,1958.558607342,61,452.423550011,0,0.000000000,0,0.000000000,
10,0,CT_abs,DS,0,0.500000000,21,0.237927045,1,850.506848357,850.611653598,185.603301522,62,0,280,1958.558607342,61,452.423550011,0,0.000000000,0,0.000000000,
9,0,CT_abs,DS,0,0.500000000,20,30.006509941,0,1499.604788336,1501.276770872,250.435793791,2805,0,14814,66143.349604903,2804,11862.600201149,13698,7782.005023139,0,0.000000000,
11,0,CT_abs,DS,0,0.500000000,21,0.242991972,1,907.671223442,907.776028683,185.603301522,62,0,280,1958.558607342,61,452.423550011,0,0.000000000,0,0.000000000,
10,0,CT_abs,DS,0,0.500000000,20,30.015992075,0,1578.846868194,1580.536831899,250.537286860,2779,0,14687,65702.805514249,2778,11778.680181469,13468,7725.944746893,0,0.000000000,
12,0,CT_abs,DS,0,0.500000000,21,0.937312490,1,1102.947162114,1103.053695349,195.277666666,69,0,319,2106.899070059,68,482.868062268,979,0.000000000,0,0.000000000,
11,0,CT_abs,DS,0,0.500000000,20,30.006549421,0,1654.735372313,1656.405746258,250.443965804,2736,0,14455,64839.814540150,2735,11679.049086416,13152,7587.767848471,0,0.000000000,
12,0,CT_abs,DS,0,0.500000000,20,30.005390295,0,1687.599804025,1689.284401841,250.537286860,2774,0,14660,65634.746713957,2773,11768.751961708,13333,7677.885395885,0,0.000000000,
13,0,CT_abs,DS,0,0.500000000,20,30.001726549,0,1818.950910017,1820.534739849,250.435793791,2211,0,13596,74373.084554626,2210,12321.245742001,18160,12635.720492466,0,0.000000000,
14,0,CT_abs,DS,0,0.500000000,20,30.007236822,0,1921.263123773,1922.556698288,250.537286860,2728,0,15755,119173.553999130,2430,23807.207738200,25795,12056.883388634,0,0.000000000,
2,0,CT_abs,DS,0,0.500000000,22,0.001133168,1,199.996183968,199.996183968,102.590251229,1,0,0,0.000000000,0,0.000000000,0,0.000000000,0,0.000000000,
3,0,CT_abs,DS,0,0.500000000,22,0.002346981,1,347.563341424,347.563341424,147.567157456,1,0,0,0.000000000,0,0.000000000,0,0.000000000,0,0.000000000,
4,0,CT_abs,DS,0,0.500000000,22,0.003056901,1,461.180422435,461.180422435,147.567157456,1,0,0,0.000000000,0,0.000000000,0,0.000000000,0,0.000000000,
5,0,CT_abs,DS,0,0.500000000,22,0.004385471,1,659.173440494,659.173440494,197.993018059,1,0,0,0.000000000,0,0.000000000,0,0.000000000,0,0.000000000,
15,0,CT_abs,DS,0,0.500000000,20,30.005456045,0,1964.079366121,1965.373165681,250.537286860,2716,0,15699,118919.906942224,2418,23746.453536070,25795,12056.883388634,0,0.000000000,
6,0,CT_abs,DS,0,0.500000000,22,0.004789103,1,737.114609816,737.114609816,197.993018059,1,0,0,0.000000000,0,0.000000000,0,0.000000000,0,0.000000000,
7,0,CT_abs,DS,0,0.500000000,22,0.005289161,1,845.633884731,845.633884731,197.993018059,1,0,0,0.000000000,0,0.000000000,0,0.000000000,0,0.000000000,
8,0,CT_abs,DS,0,0.500000000,22,0.005907071,1,939.126062870,939.126062870,197.993018059,1,0,0,0.000000000,0,0.000000000,0,0.000000000,0,0.000000000,
16,0,CT_abs,DS,0,0.500000000,20,30.001171271,0,2128.378962494,2129.675187402,250.537286860,2752,0,15869,119859.441884643,2454,23983.542288825,25797,12058.883395441,0,0.000000000,
9,0,CT_abs,DS,0,0.500000000,22,0.006288710,1,1020.322029767,1020.322029767,197.993018059,1,0,0,0.000000000,0,0.000000000,0,0.000000000,0,0.000000000,
10,0,CT_abs,DS,0,0.500000000,22,0.007277327,1,1145.412018601,1145.412018601,197.993018059,1,0,0,0.000000000,0,0.000000000,0,0.000000000,0,0.000000000,
11,0,CT_abs,DS,0,0.500000000,22,0.007456160,1,1169.243178438,1169.243178438,197.993018059,1,0,0,0.000000000,0,0.000000000,0,0.000000000,0,0.000000000,
12,0,CT_abs,DS,0,0.500000000,22,0.162440624,1,1401.592638207,1402.055909301,232.812730862,11,0,14,110.180298738,10,19.601527236,34,34.001200543,0,0.000000000,
17,0,CT_abs,DS,0,0.500000000,20,30.009527273,0,2260.393516070,2261.685511974,250.435793791,2706,0,15650,118662.056353468,2410,23696.693784073,25706,11967.795445577,0,0.000000000,
18,0,CT_abs,DS,0,0.500000000,20,30.011811070,0,2294.229886337,2295.511371367,250.537286860,2605,0,15126,115376.463973944,2313,22984.897576866,25331,11967.795445577,0,0.000000000,
13,0,CT_abs,DS,0,0.500000000,22,3.795990101,1,1595.639150504,1596.599849858,232.812730862,565,0,3123,6633.841167076,564,1137.431016179,3847,2623.387018389,0,0.000000000,
14,0,CT_abs,DS,0,0.500000000,22,3.843554740,1,1775.460123388,1776.420822743,232.812730862,565,0,3123,6633.841167076,564,1137.431016179,3847,2623.387018389,0,0.000000000,
19,0,CT_abs,DS,0,0.500000000,20,30.005817705,0,2477.880844247,2479.171871714,250.537286860,2696,0,15596,118290.332553052,2400,23622.732675369,25706,11967.795445577,0,0.000000000,
20,0,CT_abs,DS,0,0.500000000,20,30.023093790,0,2747.837696519,2748.620376249,269.970776073,970,0,9885,83011.083386033,969,5540.937387839,8613,6136.545145821,0,0.000000000,
21,0,CT_abs,DS,0,0.500000000,20,30.028377436,0,2888.886181420,2889.677855920,269.970776073,966,0,9847,82698.448054137,965,5508.108361634,8609,6132.542636969,0,0.000000000,
22,0,CT_abs,DS,0,0.500000000,20,30.007582497,0,2941.316554356,2942.102054837,269.970204522,1090,0,10435,82681.655560078,1089,4707.512383575,5033,4911.327627813,0,0.000000000,
2,0,CT_abs,DS,0,0.500000000,23,0.004253438,1,444.220359106,444.220359106,256.604936907,1,0,0,0.000000000,0,0.000000000,0,0.000000000,0,0.000000000,
23,0,CT_abs,DS,0,0.500000000,20,30.014670334,0,3173.666014124,3174.436428057,270.011698615,1063,0,10699,75493.568512599,1060,4301.705835461,3065,2001.296543184,0,0.000000000,
3,0,CT_abs,DS,0,0.500000000,23,0.005905859,1,660.246360783,660.246360783,256.604936907,1,0,0,0.000000000,0,0.000000000,0,0.000000000,0,0.000000000,
4,0,CT_abs,DS,0,0.500000000,23,0.228207016,1,904.855461757,905.330810586,256.604936907,19,0,82,516.849090727,18,114.978513482,0,0.000000000,0,0.000000000,
5,0,CT_abs,DS,0,0.500000000,23,0.230018358,1,915.515865516,915.991214345,256.604936907,19,0,82,516.849090727,18,114.978513482,0,0.000000000,0,0.000000000,
6,0,CT_abs,DS,0,0.500000000,23,0.229583634,1,1028.871425079,1029.346773908,256.604936907,19,0,82,516.849090727,18,114.978513482,0,0.000000000,0,0.000000000,
14,0,CT_abs,DS,0,0.500000000,21,30.002819141,0,1498.580717361,1498.747877362,250.225998084,1757,0,8877,61840.353546883,1756,10645.330172553,18486,532.305622635,0,0.000000000,
13,0,CT_abs,DS,0,0.500000000,21,30.066258981,0,1353.171432204,1353.352085973,250.224270090,1805,0,8851,61416.179947519,1804,10924.678153477,18906,532.305622635,0,0.000000000,
15,0,CT_abs,DS,0,0.500000000,21,30.022338394,0,1533.457269210,1533.636120351,250.251780166,1760,0,8891,61950.147802565,1759,10662.006787012,18586,532.305622635,0,0.000000000,
16,0,CT_abs,DS,0,0.500000000,21,30.003314439,0,1844.151077687,1844.362438673,310.694594314,1363,0,7923,53623.700033532,1362,8344.334554101,17533,1584.555019009,0,0.000000000,
17,0,CT_abs,DS,0,0.500000000,21,30.001396723,0,1926.168507980,1926.376703301,310.755297830,1358,0,7887,53398.672769378,1357,8326.985012317,17533,1584.555019009,0,0.000000000,
7,0,CT_abs,DS,0,0.500000000,23,0.232215029,1,1161.256639253,1161.731988082,256.604936907,19,0,82,516.849090727,18,114.978513482,0,0.000000000,0,0.000000000,
18,0,CT_abs,DS,0,0.500000000,21,30.034523880,0,2077.132652270,2077.340824413,310.755297830,1355,0,7863,53228.249660387,1354,8306.139752645,17533,1584.555019009,0,0.000000000,
19,0,CT_abs,DS,0,0.500000000,21,30.022803004,0,2324.607789633,2325.036654308,310.755297830,817,0,6753,49574.353512968,816,6188.584393061,20075,9558.758356555,0,0.000000000,
20,0,CT_abs,DS,0,0.500000000,21,30.087509452,0,2570.281298480,2570.733839961,310.693808477,568,0,5076,38295.074583085,567,3917.374134808,17422,1159.266195625,0,0.000000000,
21,0,CT_abs,DS,0,0.500000000,21,30.202157303,0,2681.788711435,2682.241252916,310.693808477,568,0,5096,38342.544039843,567,3917.374134808,17602,1248.349133147,0,0.000000000,
8,0,CT_abs,DS,0,0.500000000,23,2.364640562,1,1367.660251558,1368.342440734,256.604936907,145,0,694,3515.609159496,144,768.830009660,0,0.000000000,0,0.000000000,
22,0,CT_abs,DS,0,0.500000000,21,30.078633197,0,2817.018031960,2817.348502627,310.693808477,549,0,5337,38537.350380465,548,3704.306705538,17311,849.660600309,0,0.000000000,
23,0,CT_abs,DS,0,0.500000000,21,30.142054233,0,3069.076367006,3069.439959348,310.755297830,465,0,4907,34755.959270509,464,3024.027710254,20100,762.776003538,0,0.000000000,
15,0,CT_abs,DS,0,0.500000000,22,30.003370352,0,1928.693674720,1929.639432649,232.595966977,4104,0,13499,34001.315430261,4103,3599.576772442,8781,7557.927711685,0,0.000000000,
16,0,CT_abs,DS,0,0.500000000,22,30.001432178,0,2003.760067757,2004.723728419,232.590652376,4169,0,13705,34454.952864253,4168,3656.243148330,8883,7645.940547955,0,0.000000000,
17,0,CT_abs,DS,0,0.500000000,22,30.004308815,0,2086.396307878,2087.347837707,232.349459769,4098,0,13479,33947.159938713,4097,3590.829727092,8775,7551.927500085,0,0.000000000,
2,0,CT_abs,DS,0,0.500000000,24,0.002059910,1,294.867351253,294.867351253,154.510848952,1,0,0,0.000000000,0,0.000000000,0,0.000000000,0,0.000000000,
18,0,CT_abs,DS,0,0.500000000,22,30.004879680,0,2184.990817146,2186.020700049,232.349459769,4313,0,15667,40724.033717915,4312,5102.925321877,11473,10033.323757725,0,0.000000000,
3,0,CT_abs,DS,0,0.500000000,24,0.002637133,1,416.385057531,416.385057531,154.510848952,1,0,0,0.000000000,0,0.000000000,0,0.000000000,0,0.000000000,
4,0,CT_abs,DS,0,0.500000000,24,0.922683235,1,586.749882418,586.832117872,170.426570312,143,0,783,5492.248173207,142,1277.534143432,11227,2835.928914908,0,0.000000000,
19,0,CT_abs,DS,0,0.500000000,22,30.006891417,0,2387.137445006,2388.168388882,232.349459769,4341,0,15757,41023.095900450,4340,5122.439512887,11509,10069.325101155,0,0.000000000,
20,0,CT_abs,DS,0,0.500000000,22,30.005489186,0,2489.418371258,2490.447008333,232.349459769,4277,0,15566,40449.840844343,4276,5072.939154671,11382,9946.270220319,0,0.000000000,
21,0,CT_abs,DS,0,0.500000000,22,30.019036059,0,2561.774326823,2563.553126954,232.349459769,1344,0,6935,11914.069446303,1343,2255.208178769,74214,5640.055526789,0,0.000000000,
5,0,CT_abs,DS,0,0.500000000,24,0.920064282,1,681.981425930,682.063661383,170.426570312,143,0,783,5492.248173207,142,1277.534143432,11227,2835.928914908,0,0.000000000,
6,0,CT_abs,DS,0,0.500000000,24,0.947352848,1,867.970862066,868.053097520,185.989436136,143,0,783,5492.248173207,142,1277.534143432,11227,2835.928914908,0,0.000000000,
8,0,CT_abs,DS,0,0.500000000,24,0.940232529,1,1171.120259023,1171.202494477,221.887991733,143,0,783,5492.248173207,142,1277.534143432,11227,2835.928914908,0,0.000000000,
7,0,CT_abs,DS,0,0.500000000,24,0.954898719,1,949.232267289,949.314502743,185.989436136,143,0,783,5492.248173207,142,1277.534143432,11227,2835.928914908,0,0.000000000,
9,0,CT_abs,DS,0,0.500000000,24,0.922564018,1,1295.275527154,1295.357762608,221.887991733,143,0,783,5492.248173207,142,1277.534143432,11227,2835.928914908,0,0.000000000,
9,0,CT_abs,DS,0,0.500000000,23,14.923957964,1,1553.931845004,1554.715527249,256.604936907,798,0,3836,20922.656970719,797,4172.275719352,0,0.000000000,0,0.000000000,
12,0,CT_abs,DS,0,0.500000000,23,14.845896937,1,1819.230836327,1820.014518572,256.604936907,798,0,3836,20922.656970719,797,4172.275719352,0,0.000000000,0,0.000000000,
10,0,CT_abs,DS,0,0.500000000,23,14.950624816,1,1695.811441341,1696.595123586,256.604936907,798,0,3836,20922.656970719,797,4172.275719352,0,0.000000000,0,0.000000000,
11,0,CT_abs,DS,0,0.500000000,23,14.895371593,1,1733.333256342,1734.116938588,256.604936907,798,0,3836,20922.656970719,797,4172.275719352,0,0.000000000,0,0.000000000,
10,0,CT_abs,DS,0,0.500000000,24,0.919618625,1,1373.273443441,1373.355678895,221.887991733,143,0,783,5492.248173207,142,1277.534143432,11227,2835.928914908,0,0.000000000,
13,0,CT_abs,DS,0,0.500000000,23,15.018656134,1,1942.290680347,1943.074362593,256.604936907,798,0,3836,20922.656970719,797,4172.275719352,0,0.000000000,0,0.000000000,
14,0,CT_abs,DS,0,0.500000000,23,15.101947519,1,1988.505732456,1989.289414702,256.604936907,798,0,3836,20922.656970719,797,4172.275719352,0,0.000000000,0,0.000000000,
11,0,CT_abs,DS,0,0.500000000,24,0.923688798,1,1571.062113325,1571.144348778,221.887991733,143,0,783,5492.248173207,142,1277.534143432,11227,2835.928914908,0,0.000000000,
12,0,CT_abs,DS,0,0.500000000,24,0.940342976,1,1693.205039616,1693.287275070,221.887991733,143,0,783,5492.248173207,142,1277.534143432,11227,2835.928914908,0,0.000000000,
13,0,CT_abs,DS,0,0.500000000,24,0.968959970,1,1845.280277379,1845.362512833,221.887991733,143,0,783,5492.248173207,142,1277.534143432,11259,2867.958024623,0,0.000000000,
14,0,CT_abs,DS,0,0.500000000,24,0.966391583,1,2026.008896142,2026.091131596,221.887991733,143,0,783,5492.248173207,142,1277.534143432,11259,2867.958024623,0,0.000000000,
15,0,CT_abs,DS,0,0.500000000,23,14.998154541,1,2144.331854774,2145.115537020,256.604936907,798,0,3836,20922.656970719,797,4172.275719352,0,0.000000000,0,0.000000000,
2,0,CT_abs,DS,0,0.500000000,25,0.001207545,1,236.195007099,236.195007099,129.771588073,1,0,0,0.000000000,0,0.000000000,0,0.000000000,0,0.000000000,
3,0,CT_abs,DS,0,0.500000000,25,0.001455737,1,306.410783221,306.410783221,129.771588073,1,0,0,0.000000000,0,0.000000000,0,0.000000000,0,0.000000000,
4,0,CT_abs,DS,0,0.500000000,25,0.001889343,1,381.720641627,381.720641627,129.771588073,1,0,0,0.000000000,0,0.000000000,0,0.000000000,0,0.000000000,
16,0,CT_abs,DS,0,0.500000000,23,15.102325117,1,2149.987397645,2150.771079890,256.604936907,798,0,3836,20922.656970719,797,4172.275719352,0,0.000000000,0,0.000000000,
5,0,CT_abs,DS,0,0.500000000,25,0.002795839,1,526.359421432,526.359421432,144.638779805,1,0,0,0.000000000,0,0.000000000,0,0.000000000,0,0.000000000,
6,0,CT_abs,DS,0,0.500000000,25,0.004755473,1,727.461838643,727.461838643,201.102417211,1,0,0,0.000000000,0,0.000000000,0,0.000000000,0,0.000000000,
7,0,CT_abs,DS,0,0.500000000,25,0.007373622,1,992.994338303,992.994338303,265.532499660,1,0,0,0.000000000,0,0.000000000,0,0.000000000,0,0.000000000,
8,0,CT_abs,DS,0,0.500000000,25,0.008431819,1,1164.634054085,1164.634054085,265.532499660,1,0,0,0.000000000,0,0.000000000,0,0.000000000,0,0.000000000,
9,0,CT_abs,DS,0,0.500000000,25,0.010779353,1,1427.983499334,1427.983499334,265.532499660,1,0,0,0.000000000,0,0.000000000,0,0.000000000,0,0.000000000,
22,0,CT_abs,DS,0,0.500000000,22,30.017950507,0,2662.218985425,2664.091026047,232.349459769,1327,0,6838,11723.047268867,1326,2232.629467300,73712,5563.955277424,0,0.000000000,
15,0,CT_abs,DS,0,0.500000000,24,4.515297104,1,2234.817653147,2235.660301814,221.887991733,425,0,2324,15207.645319916,424,3604.433116107,29916,8372.789875621,0,0.000000000,
17,0,CT_abs,DS,0,0.500000000,24,4.524810920,1,2347.801763315,2348.644411982,221.887991733,425,0,2324,15207.645319916,424,3604.433116107,29916,8372.789875621,0,0.000000000,
16,0,CT_abs,DS,0,0.500000000,24,4.579951463,1,2345.222682471,2346.065331138,221.887991733,425,0,2324,15207.645319916,424,3604.433116107,29916,8372.789875621,0,0.000000000,
23,0,CT_abs,DS,0,0.500000000,22,30.001231588,0,2831.171635386,2833.075200987,232.349459769,1294,0,6649,11390.057612261,1293,2165.684741250,73030,5292.570257652,0,0.000000000,
19,0,CT_abs,DS,0,0.500000000,24,6.386834552,1,2612.661529432,2613.504178099,221.887991733,508,0,2971,17648.111335180,507,3254.364694505,21482,6627.196236478,0,0.000000000,
18,0,CT_abs,DS,0,0.500000000,24,6.506167225,1,2481.108387792,2481.951036459,221.887991733,508,0,2971,17648.111335180,507,3254.364694505,21482,6627.196236478,0,0.000000000,
10,0,CT_abs,DS,0,0.500000000,25,8.286301694,1,1683.042678152,1683.344410998,265.535397939,495,0,2132,4503.558162415,494,1133.197217279,168,168.025969087,0,0.000000000,
11,0,CT_abs,DS,0,0.500000000,25,8.363984114,1,1746.048013696,1746.349746542,265.535397939,495,0,2132,4503.558162415,494,1133.197217279,168,168.025969087,0,0.000000000,
17,0,CT_abs,DS,0,0.500000000,23,30.000683818,0,2358.329778219,2359.370548730,256.604936907,1463,0,7170,44008.814989271,1462,8278.697559551,9756,9595.647204131,0,0.000000000,
18,0,CT_abs,DS,0,0.500000000,23,30.002003963,0,2452.511451672,2453.342910534,256.604936907,1486,0,7274,44677.055929859,1485,8407.368903794,9756,9595.647204131,0,0.000000000,
19,0,CT_abs,DS,0,0.500000000,23,30.007112030,0,2568.279438592,2569.229055764,257.089014438,1454,0,7130,43759.932378953,1453,8238.573742549,9756,9595.647204131,0,0.000000000,
20,0,CT_abs,DS,0,0.500000000,23,30.004532758,0,2638.517571673,2639.487961210,257.089014438,1457,0,7142,43846.056547453,1456,8253.977253373,9756,9595.647204131,0,0.000000000,
21,0,CT_abs,DS,0,0.500000000,23,30.009556795,0,2841.376715673,2841.753330342,256.627963156,958,0,5914,45675.081694196,957,9319.299547774,40704,39587.944514435,0,0.000000000,
22,0,CT_abs,DS,0,0.500000000,23,30.008056502,0,2981.056356486,2981.433279841,256.627963156,955,0,5897,45521.411396942,954,9269.119268983,40463,39347.626969864,0,0.000000000,
23,0,CT_abs,DS,0,0.500000000,23,30.001917191,0,3099.237555969,3099.451343172,256.614963145,1103,0,8305,51166.062325019,1102,6740.018454669,27969,21461.525563781,0,0.000000000,
20,0,CT_abs,DS,0,0.500000000,24,30.004648444,0,2838.490212088,2839.391743145,225.861450429,2493,0,13672,93001.018214690,2492,18673.514228647,101356,39805.150992608,0,0.000000000,
21,0,CT_abs,DS,0,0.500000000,24,30.021421376,0,3013.124836051,3014.085536614,225.843406337,1954,0,10151,72147.041521445,1953,12417.937254250,1661,89.087981827,0,0.000000000,
22,0,CT_abs,DS,0,0.500000000,24,30.010528358,0,3218.682770066,3219.564370996,225.850712970,1773,0,13228,77975.770661698,1772,12402.754980268,10121,6848.317231233,0,0.000000000,
23,0,CT_abs,DS,0,0.500000000,24,30.105631332,0,3300.704478940,3301.476156367,225.840548702,600,0,4400,22306.011981992,599,3115.005784651,19068,2356.911193971,0,0.000000000,
12,0,CT_abs,DS,0,0.500000000,25,30.038068292,0,1929.012203052,1929.498558663,265.959234070,1279,0,7968,23684.184311595,1278,3572.339762775,11295,194.095602834,0,0.000000000,
14,0,CT_abs,DS,0,0.500000000,25,30.016312027,0,2249.980580798,2250.405066904,281.299245548,1525,0,9230,23508.703470854,1524,2725.812510982,9712,2049.382172890,0,0.000000000,
13,0,CT_abs,DS,0,0.500000000,25,30.052892995,0,1968.874822867,1969.361178478,265.959234070,1279,0,7968,23684.184311595,1278,3572.339762775,11295,194.095602834,0,0.000000000,
15,0,CT_abs,DS,0,0.500000000,25,30.009610465,0,2404.436257073,2404.880396854,281.318620572,1514,0,9153,23299.833793181,1513,2706.213774641,9413,1989.216383008,0,0.000000000,
16,0,CT_abs,DS,0,0.500000000,25,30.023159069,0,2606.397576053,2606.817637377,281.294820765,1503,0,9083,23090.896503848,1502,2686.871258484,9236,1973.213672759,0,0.000000000,
17,0,CT_abs,DS,0,0.500000000,25,30.003433335,0,2712.105811066,2712.542980210,281.168277412,1504,0,9087,23104.845515690,1503,2688.906480012,9238,1975.213733736,0,0.000000000,
18,0,CT_abs,DS,0,0.500000000,25,30.002579641,0,2808.870395768,2809.305817040,281.216527019,1467,0,8851,22407.179581684,1466,2623.081693677,8818,1941.204425099,0,0.000000000,
19,0,CT_abs,DS,0,0.500000000,25,30.009362896,0,2949.027676485,2949.248281399,281.105757932,1597,0,9839,31564.618941820,1596,4465.816166726,26517,11586.760406408,0,0.000000000,
20,0,CT_abs,DS,0,0.500000000,25,30.000652814,0,2988.122383551,2988.344360581,281.151185232,1660,0,10195,32559.581650964,1659,4599.267027941,26942,11656.764540551,0,0.000000000,
21,0,CT_abs,DS,0,0.500000000,25,30.026079902,0,3133.685806912,3133.881212220,281.122499365,1540,0,12360,47767.154226892,1539,4895.922133165,20959,11445.332144532,0,0.000000000,
22,0,CT_abs,DS,0,0.500000000,25,30.007789255,0,3211.187384230,3211.386396634,281.108656211,1536,0,12320,47604.500659097,1535,4882.070575555,20953,11439.331925227,0,0.000000000,
23,0,CT_abs,DS,0,0.500000000,25,30.008298025,0,3337.360896580,3337.548969165,281.126924147,1530,0,14105,74602.002063060,1529,5874.995071134,20044,13175.892612159,0,0.000000000,
