2,0,CT_abs,DS,0,0.500000000,1,0.001838102,1,270.928160792,270.928160792,152.388740215,1,0,0,0.000000000,0,0.000000000,0,0.000000000,0,0.000000000,
3,0,CT_abs,DS,0,0.500000000,1,0.240320341,1,432.617821368,433.087112569,162.158951776,22,0,126,1122.161035761,21,336.384501297,2079,0.000000000,0,0.000000000,
4,0,CT_abs,DS,0,0.500000000,1,0.239085030,1,494.836818290,495.306109491,162.158951776,22,0,126,1122.161035761,21,336.384501297,2079,0.000000000,0,0.000000000,
5,0,CT_abs,DS,0,0.500000000,1,0.243019713,1,529.416610812,529.885902013,162.158951776,22,0,126,1122.161035761,21,336.384501297,2079,0.000000000,0,0.000000000,
6,0,CT_abs,DS,0,0.500000000,1,4.232904836,1,850.779313443,851.564430460,321.678528447,219,0,1236,7278.025221181,218,1756.951339069,12161,0.000000000,0,0.000000000,
7,0,CT_abs,DS,0,0.500000000,1,15.000019218,1,1051.560068741,1052.380250136,321.678528447,750,0,4278,24931.082667351,749,6482.153600509,59513,0.000000000,0,0.000000000,
8,0,CT_abs,DS,0,0.500000000,1,15.097540927,1,1188.655025008,1189.475206403,321.678528447,750,0,4278,24931.082667351,749,6482.153600509,59513,0.000000000,0,0.000000000,
2,0,CT_abs,DS,0,0.500000000,2,0.000844826,1,120.463862273,120.463862273,115.523027433,1,0,0,0.000000000,0,0.000000000,0,0.000000000,0,0.000000000,
3,0,CT_abs,DS,0,0.500000000,2,0.304187576,1,293.895241510,293.959115808,173.431379237,63,0,352,822.454354569,62,120.859184973,715,0.000000000,0,0.000000000,
4,0,CT_abs,DS,0,0.500000000,2,0.308380500,1,402.500493239,402.564367536,173.431379237,63,0,352,822.454354569,62,120.859184973,715,0.000000000,0,0.000000000,
5,0,CT_abs,DS,0,0.500000000,2,0.310980584,1,598.423441790,598.487316088,195.922948551,63,0,352,822.454354569,62,120.859184973,715,0.000000000,0,0.000000000,
6,0,CT_abs,DS,0,0.500000000,2,0.314755144,1,867.431996027,867.495870325,269.008554237,63,0,352,822.454354569,62,120.859184973,715,0.000000000,0,0.000000000,
7,0,CT_abs,DS,0,0.500000000,2,0.309709824,1,1014.044161657,1014.108035955,269.008554237,63,0,352,822.454354569,62,120.859184973,715,0.000000000,0,0.000000000,
8,0,CT_abs,DS,0,0.500000000,2,1.653838022,1,1024.337945667,1024.580126229,269.008554237,76,0,419,968.897333709,75,120.859184973,4288,0.000000000,0,0.000000000,
9,0,CT_abs,DS,0,0.500000000,2,1.668869494,1,1185.348096505,1185.590277068,269.008554237,76,0,419,968.897333709,75,120.859184973,4288,0.000000000,0,0.000000000,
10,0,CT_abs,DS,0,0.500000000,2,1.689604542,1,1361.259992477,1361.502173039,269.008554237,76,0,419,968.897333709,75,120.859184973,4288,0.000000000,0,0.000000000,
11,0,CT_abs,DS,0,0.500000000,2,1.717021151,1,1507.418664011,1507.660844573,269.008554237,76,0,419,968.897333709,75,120.859184973,4288,0.000000000,0,0.000000000,
12,0,CT_abs,DS,0,0.500000000,2,1.742876087,1,1564.528663362,1564.770843925,269.008554237,76,0,419,968.897333709,75,120.859184973,4288,0.000000000,0,0.000000000,
13,0,CT_abs,DS,0,0.500000000,2,9.400391077,1,1656.873501402,1657.775071987,269.088434618,572,0,2821,9727.067423186,571,2206.059926600,14605,0.000000000,0,0.000000000,
14,0,CT_abs,DS,0,0.500000000,2,9.500579773,1,1899.115228129,1900.016798714,269.088434618,572,0,2821,9727.067423186,571,2206.059926600,14605,0.000000000,0,0.000000000,
15,0,CT_abs,DS,0,0.500000000,2,9.575543656,1,2132.270382912,2133.171953497,269.088434618,572,0,2821,9727.067423186,571,2206.059926600,14605,0.000000000,0,0.000000000,
17,0,CT_abs,DS,0,0.500000000,2,9.525553529,1,2405.133401300,2406.034971884,269.088434618,572,0,2821,9727.067423186,571,2206.059926600,14605,0.000000000,0,0.000000000,
16,0,CT_abs,DS,0,0.500000000,2,9.586525664,1,2362.590007237,2363.491577821,269.088434618,572,0,2821,9727.067423186,571,2206.059926600,14605,0.000000000,0,0.000000000,
9,0,CT_abs,DS,0,0.500000000,1,60.000602756,0,1455.697720769,1456.336595629,321.364638382,4925,0,28196,195227.355548100,4924,35149.075973113,32315,0.000000000,0,0.000000000,
10,0,CT_abs,DS,0,0.500000000,1,60.019714656,0,1741.261553794,1741.535814393,321.362702631,1916,0,19420,126507.723634055,1915,11922.869941184,22328,0.000000000,0,0.000000000,
2,0,CT_abs,DS,0,0.500000000,3,0.000515487,1,103.095307677,103.095307677,53.173525643,1,0,0,0.000000000,0,0.000000000,0,0.000000000,0,0.000000000,
3,0,CT_abs,DS,0,0.500000000,3,0.001233144,1,217.204673270,217.204673270,114.109365593,1,0,0,0.000000000,0,0.000000000,0,0.000000000,0,0.000000000,
4,0,CT_abs,DS,0,0.500000000,3,0.001667530,1,300.983020560,300.983020560,114.109365593,1,0,0,0.000000000,0,0.000000000,0,0.000000000,0,0.000000000,
5,0,CT_abs,DS,0,0.500000000,3,0.002188276,1,394.775363325,394.775363325,114.109365593,1,0,0,0.000000000,0,0.000000000,0,0.000000000,0,0.000000000,
11,0,CT_abs,DS,0,0.500000000,1,60.020393300,0,1956.387912942,1956.648351741,321.362702631,1857,0,20008,105767.421818698,1856,7421.787562653,10261,0.000000000,0,0.000000000,
18,0,CT_abs,DS,0,0.500000000,2,9.647964649,1,2445.148062777,2446.049633361,269.088434618,572,0,2821,9727.067423186,571,2206.059926600,14605,0.000000000,0,0.000000000,
6,0,CT_abs,DS,0,0.500000000,3,0.003605446,1,571.625976867,571.625976867,176.850613541,1,0,0,0.000000000,0,0.000000000,0,0.000000000,0,0.000000000,
7,0,CT_abs,DS,0,0.500000000,3,0.005298393,1,831.063235461,831.063235461,259.437258595,1,0,0,0.000000000,0,0.000000000,0,0.000000000,0,0.000000000,
8,0,CT_abs,DS,0,0.500000000,3,0.175571038,1,1001.767158386,1002.144194636,259.437258595,2,0,4,6.013989820,1,0.000000000,103,0.000000000,0,0.000000000,
9,0,CT_abs,DS,0,0.500000000,3,3.228340391,1,1162.921577261,1163.427316008,259.437258595,294,0,1658,5574.715393728,293,1085.973508516,6768,0.000000000,0,0.000000000,
10,0,CT_abs,DS,0,0.500000000,3,3.226130790,1,1407.637936247,1408.143674994,259.437258595,294,0,1658,5574.715393728,293,1085.973508516,6768,0.000000000,0,0.000000000,
11,0,CT_abs,DS,0,0.500000000,3,3.303815438,1,1449.120793410,1449.626532157,259.437258595,294,0,1658,5574.715393728,293,1085.973508516,6768,0.000000000,0,0.000000000,
12,0,CT_abs,DS,0,0.500000000,1,60.006227032,0,2091.406311334,2091.680639034,321.362702631,1841,0,19842,104905.130502810,1840,7360.288608041,10261,0.000000000,0,0.000000000,
13,0,CT_abs,DS,0,0.500000000,1,60.007311661,0,2269.047016264,2269.471357415,321.362702631,2842,0,28562,212946.645235336,2841,10927.592151432,7413,0.000000000,0,0.000000000,
14,0,CT_abs,DS,0,0.500000000,1,60.000717032,0,2550.351454954,2551.195481400,321.362702631,1794,0,20020,139481.214077795,1785,9927.609718911,17403,0.000000000,0,0.000000000,
15,0,CT_abs,DS,0,0.500000000,1,60.033203525,0,2697.561083539,2698.410793588,321.362702631,1813,0,20232,140955.468557113,1804,10036.365743605,17857,0.000000000,0,0.000000000,
16,0,CT_abs,DS,0,0.500000000,1,60.006459898,0,2767.106930668,2767.970445179,321.362702631,1827,0,20348,141857.944161951,1818,10061.533050622,17857,0.000000000,0,0.000000000,
17,0,CT_abs,DS,0,0.500000000,1,60.010239911,0,2797.124623436,2797.827773872,321.362702631,717,0,8387,58247.336845656,678,3643.597101142,60686,0.000000000,0,0.000000000,
18,0,CT_abs,DS,0,0.500000000,1,60.126523801,0,2898.619061520,2899.256598913,321.365216462,1037,0,10756,65365.722606689,1028,4682.894899836,65795,0.000000000,0,0.000000000,
19,0,CT_abs,DS,0,0.500000000,1,60.001546055,0,2968.964531500,2969.619915488,321.365216462,1023,0,10597,64522.957300210,1015,4632.451576414,64690,0.000000000,0,0.000000000,
20,0,CT_abs,DS,0,0.500000000,1,60.066407241,0,3034.341650593,3034.978813332,321.362702631,1030,0,10672,64913.147299588,1022,4666.923134516,64960,0.000000000,0,0.000000000,
21,0,CT_abs,DS,0,0.500000000,1,60.072758459,0,3109.722137706,3110.448092218,321.362702631,1075,0,11993,80956.800101362,1074,5152.224059892,55069,0.000000000,0,0.000000000,
2,0,CT_abs,DS,0,0.500000000,4,0.001653272,1,248.335671148,248.335671148,127.063561164,1,0,0,0.000000000,0,0.000000000,0,0.000000000,0,0.000000000,
22,0,CT_abs,DS,0,0.500000000,1,60.071750881,0,3125.146452259,3125.872406771,321.362702631,1075,0,11993,80956.800101362,1074,5152.224059892,55069,0.000000000,0,0.000000000,
3,0,CT_abs,DS,0,0.500000000,4,0.003071553,1,419.594172579,419.594172579,171.258501431,1,0,0,0.000000000,0,0.000000000,0,0.000000000,0,0.000000000,
4,0,CT_abs,DS,0,0.500000000,4,0.003266789,1,502.748005742,502.748005742,171.258501431,1,0,0,0.000000000,0,0.000000000,0,0.000000000,0,0.000000000,
5,0,CT_abs,DS,0,0.500000000,4,0.004445582,1,704.228709184,704.228709184,201.480703442,1,0,0,0.000000000,0,0.000000000,0,0.000000000,0,0.000000000,
23,0,CT_abs,DS,0,0.500000000,1,60.216382137,0,3316.515815535,3317.140875858,321.362702631,229,0,2613,16948.752553657,228,612.262975185,40043,0.000000000,0,0.000000000,
6,0,CT_abs,DS,0,0.500000000,4,0.005373823,1,713.707813553,713.707813553,201.480703442,1,0,0,0.000000000,0,0.000000000,0,0.000000000,0,0.000000000,
7,0,CT_abs,DS,0,0.500000000,4,0.006875421,1,939.471044601,939.471044601,225.763231048,1,0,0,0.000000000,0,0.000000000,0,0.000000000,0,0.000000000,
8,0,CT_abs,DS,0,0.500000000,4,6.631316281,1,1196.429399873,1196.624987093,257.153942492,150,0,821,877.448353167,149,151.449659417,15569,0.000000000,0,0.000000000,
9,0,CT_abs,DS,0,0.500000000,4,6.806952536,1,1268.668427604,1268.864014825,257.153942492,150,0,821,877.448353167,149,151.449659417,15569,0.000000000,0,0.000000000,
12,0,CT_abs,DS,0,0.500000000,3,19.150158845,1,1512.185088797,1512.709762736,259.437258595,1619,0,9116,31641.606690153,1618,6444.825239877,35179,0.000000000,0,0.000000000,
10,0,CT_abs,DS,0,0.500000000,4,6.685392453,1,1347.835425987,1348.031013207,257.153942492,150,0,821,877.448353167,149,151.449659417,15569,0.000000000,0,0.000000000,
19,0,CT_abs,DS,0,0.500000000,2,60.168000183,0,2605.599571167,2606.417521994,269.008554237,208,0,1182,2325.602563771,207,120.630794378,28219,0.000000000,0,0.000000000,
20,0,CT_abs,DS,0,0.500000000,2,60.287915909,0,2765.376415368,2766.132129864,269.008554237,188,0,1124,2484.198538766,187,253.597040256,23154,0.000000000,0,0.000000000,
21,0,CT_abs,DS,0,0.500000000,2,60.063745865,0,2888.271826129,2889.019955665,269.008554237,187,0,1119,2475.279695725,186,253.597040256,23071,0.000000000,0,0.000000000,
22,0,CT_abs,DS,0,0.500000000,2,60.270857658,0,3057.094132582,3057.890421229,269.008554237,337,0,2350,7951.249427733,336,1140.567342909,34888,0.000000000,0,0.000000000,
23,0,CT_abs,DS,0,0.500000000,2,60.600249996,0,3322.671567429,3323.459522947,269.008554237,753,0,5597,18822.589577735,752,2333.711750946,36725,0.000000000,0,0.000000000,
13,0,CT_abs,DS,0,0.500000000,3,60.014292968,0,1694.695969100,1695.460699773,259.437258595,4188,0,27362,93909.746457164,4187,15946.068480803,68093,0.000000000,0,0.000000000,
14,0,CT_abs,DS,0,0.500000000,3,60.008972587,0,1762.448327382,1763.223806195,259.437258595,4186,0,27348,93865.119262688,4185,15933.700430139,67942,0.000000000,0,0.000000000,
15,0,CT_abs,DS,0,0.500000000,3,60.021308207,0,1963.506070420,1964.267123995,259.437258595,3076,0,24492,139362.698888619,3075,19773.632875565,74993,0.000000000,0,0.000000000,
16,0,CT_abs,DS,0,0.500000000,3,60.007290763,0,2196.398984409,2197.115704824,259.437258595,2105,0,20840,140313.971577677,2088,15335.800197182,58896,0.000000000,0,0.000000000,
17,0,CT_abs,DS,0,0.500000000,3,60.022843163,0,2263.810008753,2264.525584217,259.437258595,2073,0,20524,138529.117407606,2056,15119.979410471,58152,0.000000000,0,0.000000000,
2,0,CT_abs,DS,0,0.500000000,5,0.002155372,1,318.539071397,318.539071397,179.297856041,1,0,0,0.000000000,0,0.000000000,0,0.000000000,0,0.000000000,
18,0,CT_abs,DS,0,0.500000000,3,60.000968009,0,2423.634846187,2424.328314797,259.437258595,2421,0,26420,208167.777529487,2324,18109.272798125,54778,0.000000000,0,0.000000000,
20,0,CT_abs,DS,0,0.500000000,3,60.000216031,0,2666.262586014,2666.960106994,259.437258595,2264,0,28366,202815.881628216,2164,15120.095564408,36154,0.000000000,0,0.000000000,
19,0,CT_abs,DS,0,0.500000000,3,60.013948660,0,2603.495951624,2604.190479163,259.437258595,2240,0,28096,200760.542521108,2141,14957.066939443,35980,0.000000000,0,0.000000000,
3,0,CT_abs,DS,0,0.500000000,5,0.003121314,1,459.956679347,459.956679347,179.297856041,1,0,0,0.000000000,0,0.000000000,0,0.000000000,0,0.000000000,
4,0,CT_abs,DS,0,0.500000000,5,0.003860729,1,588.769134359,588.769134359,179.297856041,1,0,0,0.000000000,0,0.000000000,0,0.000000000,0,0.000000000,
5,0,CT_abs,DS,0,0.500000000,5,0.003993709,1,623.965182969,623.965182969,179.297856041,1,0,0,0.000000000,0,0.000000000,0,0.000000000,0,0.000000000,
6,0,CT_abs,DS,0,0.500000000,5,0.004190588,1,665.461034051,665.461034051,179.297856041,1,0,0,0.000000000,0,0.000000000,0,0.000000000,0,0.000000000,
21,0,CT_abs,DS,0,0.500000000,3,60.014004847,0,2802.207464723,2803.206882758,259.437258595,2265,0,28414,200265.181532265,2173,14575.722391384,31054,0.000000000,0,0.000000000,
7,0,CT_abs,DS,0,0.500000000,5,0.004425348,1,724.691592206,724.691592206,179.297856041,1,0,0,0.000000000,0,0.000000000,0,0.000000000,0,0.000000000,
8,0,CT_abs,DS,0,0.500000000,5,0.006975511,1,939.227791142,939.227791142,214.536198936,1,0,0,0.000000000,0,0.000000000,0,0.000000000,0,0.000000000,
9,0,CT_abs,DS,0,0.500000000,5,0.007057004,1,986.260117651,986.260117651,214.536198936,1,0,0,0.000000000,0,0.000000000,0,0.000000000,0,0.000000000,
10,0,CT_abs,DS,0,0.500000000,5,0.009373027,1,1247.993561569,1247.993561569,261.733443919,1,0,0,0.000000000,0,0.000000000,0,0.000000000,0,0.000000000,
22,0,CT_abs,DS,0,0.500000000,3,60.051575629,0,2965.714162287,2966.714424287,259.437258595,1697,0,24956,194181.819056407,1641,8362.524960019,5647,0.000000000,0,0.000000000,
23,0,CT_abs,DS,0,0.500000000,3,60.012376955,0,3054.970735120,3055.970047482,259.437258595,1690,0,24848,193163.097125429,1634,8324.137978742,5647,0.000000000,0,0.000000000,
11,0,CT_abs,DS,0,0.500000000,5,0.279961707,1,1341.059773869,1341.833840747,261.733443919,67,0,316,745.035916444,66,104.443494018,250,0.000000000,0,0.000000000,
12,0,CT_abs,DS,0,0.500000000,5,0.282966707,1,1543.832271680,1544.606338558,261.733443919,67,0,316,745.035916444,66,104.443494018,250,0.000000000,0,0.000000000,
13,0,CT_abs,DS,0,0.500000000,5,2.368650075,1,1629.264533437,1630.470029526,261.733443919,597,0,2830,6591.568149594,596,1005.106979081,1125,0.000000000,0,0.000000000,
14,0,CT_abs,DS,0,0.500000000,5,2.375031973,1,1766.410646217,1767.616142306,261.733443919,597,0,2830,6591.568149594,596,1005.106979081,1125,0.000000000,0,0.000000000,
11,0,CT_abs,DS,0,0.500000000,4,60.028062472,0,1569.282906081,1569.957196495,257.075552757,1929,0,13963,13697.153767363,1927,1773.391171523,97295,0.000000000,0,0.000000000,
13,0,CT_abs,DS,0,0.500000000,4,60.009650040,0,1764.312953746,1764.944832339,257.237727462,2484,0,16000,19059.932086616,2482,2363.639258946,90439,0.000000000,0,0.000000000,
12,0,CT_abs,DS,0,0.500000000,4,60.056101789,0,1612.555770590,1613.229783657,257.265112205,1903,0,13762,13510.446298411,1901,1749.648519006,96603,0.000000000,0,0.000000000,
14,0,CT_abs,DS,0,0.500000000,4,60.004546870,0,1956.582665980,1958.311883742,256.998585030,2214,0,15139,26406.897590525,2211,3748.116723403,82924,0.000000000,0,0.000000000,
2,0,CT_abs,DS,0,0.500000000,6,0.003202384,1,389.614560908,389.614560908,228.344802699,1,0,0,0.000000000,0,0.000000000,0,0.000000000,0,0.000000000,
3,0,CT_abs,DS,0,0.500000000,6,0.003840150,1,482.963858206,482.963858206,228.344802699,1,0,0,0.000000000,0,0.000000000,0,0.000000000,0,0.000000000,
4,0,CT_abs,DS,0,0.500000000,6,0.004697428,1,666.946724076,666.946724076,228.344802699,1,0,0,0.000000000,0,0.000000000,0,0.000000000,0,0.000000000,
5,0,CT_abs,DS,0,0.500000000,6,0.005052823,1,717.739198756,717.739198756,228.344802699,1,0,0,0.000000000,0,0.000000000,0,0.000000000,0,0.000000000,
6,0,CT_abs,DS,0,0.500000000,6,0.005137783,1,763.741588532,763.741588532,228.344802699,1,0,0,0.000000000,0,0.000000000,0,0.000000000,0,0.000000000,
7,0,CT_abs,DS,0,0.500000000,6,0.005405024,1,825.721953298,825.721953298,228.344802699,1,0,0,0.000000000,0,0.000000000,0,0.000000000,0,0.000000000,
8,0,CT_abs,DS,0,0.500000000,6,0.175324343,1,1026.147185786,1026.228120445,228.344802699,28,0,144,1060.997475136,27,216.702920650,334,0.000000000,0,0.000000000,
9,0,CT_abs,DS,0,0.500000000,6,0.177478888,1,1115.789703038,1115.870637697,228.344802699,28,0,144,1060.997475136,27,216.702920650,334,0.000000000,0,0.000000000,
10,0,CT_abs,DS,0,0.500000000,6,0.177177008,1,1392.216676377,1392.297611036,276.426973339,28,0,144,1060.997475136,27,216.702920650,334,0.000000000,0,0.000000000,
15,0,CT_abs,DS,0,0.500000000,4,60.039944433,0,2090.148868432,2091.890834617,257.231131000,2218,0,15172,26527.231089901,2215,3761.180491160,83062,0.000000000,0,0.000000000,
16,0,CT_abs,DS,0,0.500000000,4,60.000139813,0,2258.574535867,2260.282690990,257.265112205,4340,0,24210,88343.864417747,4337,21449.303658553,57482,0.000000000,0,0.000000000,
17,0,CT_abs,DS,0,0.500000000,4,60.020688984,0,2386.184980414,2387.834017788,257.112225220,1840,0,14733,88079.674569462,1830,13227.766164411,18245,0.000000000,0,0.000000000,
18,0,CT_abs,DS,0,0.500000000,4,60.034490204,0,2567.528845316,2569.183629779,256.958355271,1574,0,14822,102569.020443817,1566,11597.115812110,17942,0.000000000,0,0.000000000,
19,0,CT_abs,DS,0,0.500000000,4,60.004333549,0,2790.348084490,2791.990660842,256.958355271,1579,0,14874,102911.260045248,1571,11643.382455697,17942,0.000000000,0,0.000000000,
20,0,CT_abs,DS,0,0.500000000,4,60.351741799,0,2918.770816008,2920.399079252,256.958355271,1561,0,14708,101781.054349571,1553,11501.758276650,17942,0.000000000,0,0.000000000,
21,0,CT_abs,DS,0,0.500000000,4,60.097783622,0,3124.957629130,3126.585892373,256.958355271,1561,0,14708,101781.054349571,1553,11501.758276650,17942,0.000000000,0,0.000000000,
22,0,CT_abs,DS,0,0.500000000,4,60.064918842,0,3395.732256056,3397.062001865,270.798314886,1215,0,11411,61504.021027064,1176,6689.572252041,53842,0.000000000,0,0.000000000,
23,0,CT_abs,DS,0,0.500000000,4,60.060590731,0,3527.288241605,3528.659198884,270.798314886,1329,0,12687,67698.196092250,1312,7852.015060509,47924,0.000000000,0,0.000000000,
15,0,CT_abs,DS,0,0.500000000,5,60.017406577,0,2056.944432251,2058.374696683,291.076384377,2182,0,10620,35282.245589928,2181,8135.605532158,19079,0.000000000,0,0.000000000,
16,0,CT_abs,DS,0,0.500000000,5,60.021356153,0,2075.464982628,2076.876787306,291.042988569,2212,0,10737,35659.259813910,2211,8214.583457056,21879,0.000000000,0,0.000000000,
18,0,CT_abs,DS,0,0.500000000,5,60.041238315,0,2150.242994059,2151.686776168,291.448680873,2205,0,10707,35571.307346665,2204,8193.233626765,21879,0.000000000,0,0.000000000,
17,0,CT_abs,DS,0,0.500000000,5,60.039765599,0,2095.391153641,2096.833359849,291.076384377,2200,0,10683,35487.636679115,2199,8176.880599542,21879,0.000000000,0,0.000000000,
2,0,CT_abs,DS,0,0.500000000,7,0.001212824,1,134.973331474,134.973331474,128.620364257,1,0,0,0.000000000,0,0.000000000,0,0.000000000,0,0.000000000,
3,0,CT_abs,DS,0,0.500000000,7,0.001825431,1,269.109129434,269.109129434,134.135797960,1,0,0,0.000000000,0,0.000000000,0,0.000000000,0,0.000000000,
19,0,CT_abs,DS,0,0.500000000,5,60.068916628,0,2333.605220063,2335.035459619,291.138227079,1771,0,8737,28533.288840694,1770,6450.988245916,29695,0.000000000,0,0.000000000,
4,0,CT_abs,DS,0,0.500000000,7,0.178316473,1,464.284561352,464.415780041,195.306650607,33,0,160,1242.863319967,32,298.331089691,390,0.000000000,0,0.000000000,
5,0,CT_abs,DS,0,0.500000000,7,0.179951055,1,627.691300715,627.822519404,195.306650607,33,0,160,1242.863319967,32,298.331089691,390,0.000000000,0,0.000000000,
6,0,CT_abs,DS,0,0.500000000,7,0.181609832,1,741.299406571,741.430625260,195.306650607,33,0,160,1242.863319967,32,298.331089691,390,0.000000000,0,0.000000000,
7,0,CT_abs,DS,0,0.500000000,7,0.192166413,1,857.649085362,857.780304051,195.306650607,33,0,160,1242.863319967,32,298.331089691,390,0.000000000,0,0.000000000,
8,0,CT_abs,DS,0,0.500000000,7,0.187081533,1,958.992179414,959.123398103,195.306650607,33,0,160,1242.863319967,32,298.331089691,390,0.000000000,0,0.000000000,
9,0,CT_abs,DS,0,0.500000000,7,0.182438283,1,1044.629308536,1044.760527225,195.306650607,33,0,160,1242.863319967,32,298.331089691,390,0.000000000,0,0.000000000,
20,0,CT_abs,DS,0,0.500000000,5,60.009529002,0,2389.562666499,2391.029732548,290.675542560,1774,0,8749,28556.065812404,1773,6454.164124356,29695,0.000000000,0,0.000000000,
21,0,CT_abs,DS,0,0.500000000,5,60.008525676,0,2555.592908550,2557.023985390,290.727911888,1767,0,8714,28414.179619078,1766,6407.062514239,29431,0.000000000,0,0.000000000,
10,0,CT_abs,DS,0,0.500000000,7,2.532008986,1,1155.026009844,1155.257341689,195.306650607,602,0,3040,12572.208438944,601,3658.240604653,5520,0.000000000,0,0.000000000,
11,0,CT_abs,DS,0,0.500000000,7,2.520324838,1,1163.947736016,1164.179067862,195.306650607,602,0,3040,12572.208438944,601,3658.240604653,5520,0.000000000,0,0.000000000,
12,0,CT_abs,DS,0,0.500000000,7,2.519479184,1,1227.972339156,1228.203671002,195.306650607,602,0,3040,12572.208438944,601,3658.240604653,5520,0.000000000,0,0.000000000,
13,0,CT_abs,DS,0,0.500000000,7,2.537098198,1,1474.153517496,1474.384849342,246.181178340,602,0,3040,12572.208438944,601,3658.240604653,5520,0.000000000,0,0.000000000,
14,0,CT_abs,DS,0,0.500000000,7,2.539182610,1,1596.516201770,1596.747533615,246.181178340,602,0,3040,12572.208438944,601,3658.240604653,5520,0.000000000,0,0.000000000,
22,0,CT_abs,DS,0,0.500000000,5,60.036705551,0,2677.680169525,2678.759971036,290.997057128,1902,0,9490,38684.703224439,1901,9049.014131915,35421,0.000000000,0,0.000000000,
15,0,CT_abs,DS,0,0.500000000,7,3.989282730,1,1776.950856359,1777.937404682,246.181178340,672,0,3358,15327.453312873,671,4298.851071674,5520,0.000000000,0,0.000000000,
16,0,CT_abs,DS,0,0.500000000,7,4.017621001,1,1828.253110708,1829.239659031,246.181178340,672,0,3358,15327.453312873,671,4298.851071674,5520,0.000000000,0,0.000000000,
23,0,CT_abs,DS,0,0.500000000,5,60.003494357,0,2828.344492021,2829.431491542,291.042988569,1868,0,9328,38061.516735883,1867,8879.591488979,35159,0.000000000,0,0.000000000,
17,0,CT_abs,DS,0,0.500000000,7,4.077100497,1,1936.131388245,1937.117936568,246.181178340,672,0,3358,15327.453312873,671,4298.851071674,5520,0.000000000,0,0.000000000,
2,0,CT_abs,DS,0,0.500000000,8,0.001397579,1,246.943162175,246.943162175,137.030992916,1,0,0,0.000000000,0,0.000000000,0,0.000000000,0,0.000000000,
3,0,CT_abs,DS,0,0.500000000,8,0.001884711,1,282.703854233,282.703854233,137.030992916,1,0,0,0.000000000,0,0.000000000,0,0.000000000,0,0.000000000,
4,0,CT_abs,DS,0,0.500000000,8,0.001891264,1,289.170487592,289.170487592,137.030992916,1,0,0,0.000000000,0,0.000000000,0,0.000000000,0,0.000000000,
5,0,CT_abs,DS,0,0.500000000,8,0.004767272,1,544.361709814,544.361709814,255.191222223,1,0,0,0.000000000,0,0.000000000,0,0.000000000,0,0.000000000,
18,0,CT_abs,DS,0,0.500000000,7,7.793222940,1,2031.405485535,2032.412853046,246.181178340,1129,0,5618,25606.152761339,1128,6577.805178963,7522,0.000000000,0,0.000000000,
6,0,CT_abs,DS,0,0.500000000,8,0.004899340,1,591.834523595,591.834523595,255.191222223,1,0,0,0.000000000,0,0.000000000,0,0.000000000,0,0.000000000,
7,0,CT_abs,DS,0,0.500000000,8,0.005315480,1,661.988188858,661.988188858,255.191222223,1,0,0,0.000000000,0,0.000000000,0,0.000000000,0,0.000000000,
19,0,CT_abs,DS,0,0.500000000,7,7.870885140,1,2191.016857287,2192.024224799,246.181178340,1130,0,5622,25615.764073985,1129,6582.103222619,7522,0.000000000,0,0.000000000,
8,0,CT_abs,DS,0,0.500000000,8,0.005581969,1,664.854280971,664.854280971,255.191222223,1,0,0,0.000000000,0,0.000000000,0,0.000000000,0,0.000000000,
9,0,CT_abs,DS,0,0.500000000,8,0.006463491,1,818.461276207,818.461276207,255.191222223,1,0,0,0.000000000,0,0.000000000,0,0.000000000,0,0.000000000,
10,0,CT_abs,DS,0,0.500000000,8,0.006971694,1,886.776718147,886.776718147,255.191222223,1,0,0,0.000000000,0,0.000000000,0,0.000000000,0,0.000000000,
12,0,CT_abs,DS,0,0.500000000,8,0.007866379,1,1044.490087493,1044.490087493,255.191222223,1,0,0,0.000000000,0,0.000000000,0,0.000000000,0,0.000000000,
11,0,CT_abs,DS,0,0.500000000,8,0.007857163,1,919.556590476,919.556590476,255.191222223,1,0,0,0.000000000,0,0.000000000,0,0.000000000,0,0.000000000,
13,0,CT_abs,DS,0,0.500000000,8,0.775425413,1,1338.873059443,1338.925287967,294.435200474,4,0,6,4.149836222,3,0.000000000,678,0.000000000,0,0.000000000,
11,0,CT_abs,DS,0,0.500000000,6,60.014517751,0,1627.829028618,1628.069527046,276.426973339,4992,0,28810,84695.464009037,4991,15353.365066738,115112,0.000000000,0,0.000000000,
14,0,CT_abs,DS,0,0.500000000,8,0.751295678,1,1455.671289133,1455.723517658,294.435200474,4,0,6,4.149836222,3,0.000000000,678,0.000000000,0,0.000000000,
12,0,CT_abs,DS,0,0.500000000,6,60.003369087,0,1823.751106768,1823.939134055,276.426973339,5695,0,31294,85842.234034667,5694,16148.427888616,81189,0.000000000,0,0.000000000,
15,0,CT_abs,DS,0,0.500000000,8,0.768759026,1,1555.278017385,1555.330245910,294.435200474,4,0,6,4.149836222,3,0.000000000,678,0.000000000,0,0.000000000,
16,0,CT_abs,DS,0,0.500000000,8,0.777226699,1,1696.978252654,1697.030481179,294.435200474,4,0,6,4.149836222,3,0.000000000,678,0.000000000,0,0.000000000,
17,0,CT_abs,DS,0,0.500000000,8,0.781411701,1,1830.409457425,1830.461685950,294.435200474,4,0,6,4.149836222,3,0.000000000,678,0.000000000,0,0.000000000,
18,0,CT_abs,DS,0,0.500000000,8,0.778562782,1,1861.102552036,1861.154780561,294.435200474,4,0,6,4.149836222,3,0.000000000,678,0.000000000,0,0.000000000,
13,0,CT_abs,DS,0,0.500000000,6,60.002268208,0,1916.300722383,1916.487879386,276.426973339,5573,0,30648,84120.589827599,5572,15825.089028172,78587,0.000000000,0,0.000000000,
2,0,CT_abs,DS,0,0.500000000,9,0.003769453,1,474.435626950,474.435626950,252.689178428,1,0,0,0.000000000,0,0.000000000,0,0.000000000,0,0.000000000,
14,0,CT_abs,DS,0,0.500000000,6,60.022368911,0,2003.234153827,2003.471957145,276.426973339,5639,0,40312,157205.068902454,5638,21743.390722421,69227,0.000000000,0,0.000000000,
3,0,CT_abs,DS,0,0.500000000,9,0.003999332,1,532.647246272,532.647246272,252.689178428,1,0,0,0.000000000,0,0.000000000,0,0.000000000,0,0.000000000,
15,0,CT_abs,DS,0,0.500000000,6,60.002137537,0,2173.530052558,2173.761965162,276.426973339,5494,0,39168,152760.775332178,5493,21093.916439212,66120,0.000000000,0,0.000000000,
16,0,CT_abs,DS,0,0.500000000,6,60.001599327,0,2339.950161385,2340.253532525,276.426973339,5002,0,36212,145604.948696848,5001,19293.686847927,49332,0.000000000,0,0.000000000,
17,0,CT_abs,DS,0,0.500000000,6,60.002734899,0,2516.084926438,2516.389792874,276.426973339,5012,0,36302,145946.165293269,5011,19343.030366706,49618,0.000000000,0,0.000000000,
4,0,CT_abs,DS,0,0.500000000,9,4.301139876,1,776.496565183,777.383813626,253.570639959,169,0,962,5713.938004059,168,959.542793171,4476,0.000000000,0,0.000000000,
5,0,CT_abs,DS,0,0.500000000,9,4.327561471,1,937.883275858,938.770524301,253.570639959,169,0,962,5713.938004059,168,959.542793171,4476,0.000000000,0,0.000000000,
19,0,CT_abs,DS,0,0.500000000,8,26.999423761,1,1985.910443195,1986.643011109,294.435200474,811,0,4886,13105.813108169,810,1774.169173890,22067,0.000000000,0,0.000000000,
18,0,CT_abs,DS,0,0.500000000,6,60.039239328,0,2795.810246412,2796.061747607,279.736112378,2267,0,18390,152452.933029781,2266,21852.872472189,26036,0.000000000,0,0.000000000,
19,0,CT_abs,DS,0,0.500000000,6,60.023314874,0,2873.636463407,2873.900258451,279.744319971,2258,0,18316,151827.305815158,2257,21772.806692169,25780,0.000000000,0,0.000000000,
20,0,CT_abs,DS,0,0.500000000,6,60.006247546,0,3102.628240418,3102.900938303,279.744319971,2615,0,21822,165085.047970592,2614,23124.422204563,25063,0.000000000,0,0.000000000,
21,0,CT_abs,DS,0,0.500000000,6,60.007630308,0,3321.464663498,3321.738663708,279.725319974,2172,0,20236,146015.494110012,2171,18845.401423803,27172,0.000000000,0,0.000000000,
22,0,CT_abs,DS,0,0.500000000,6,60.035617774,0,3505.069012626,3505.353025666,279.747035574,1773,0,19508,148759.561194051,1772,15422.967440477,27381,0.000000000,0,0.000000000,
23,0,CT_abs,DS,0,0.500000000,6,60.037343853,0,3555.097051761,3555.368891048,279.727385640,1740,0,19192,146305.221238684,1739,15168.235944800,26811,0.000000000,0,0.000000000,
20,0,CT_abs,DS,0,0.500000000,7,60.016173836,0,2433.223603387,2434.127110326,246.181178340,2607,0,14624,70499.853691355,2606,12728.012074815,51476,0.000000000,0,0.000000000,
21,0,CT_abs,DS,0,0.500000000,7,60.006181843,0,2555.255476521,2556.164871042,246.181178340,2583,0,14504,70092.924975867,2582,12645.627287527,50920,0.000000000,0,0.000000000,
22,0,CT_abs,DS,0,0.500000000,7,60.011295144,0,2668.566949921,2669.469816266,246.181178340,2611,0,14656,70560.898417751,2610,12736.394668018,51648,0.000000000,0,0.000000000,
23,0,CT_abs,DS,0,0.500000000,7,60.017853373,0,2753.966772364,2755.414420007,246.181178340,2797,0,15496,77971.110352043,2796,13631.604129544,40838,0.000000000,0,0.000000000,
20,0,CT_abs,DS,0,0.500000000,8,60.082516045,0,2092.490475028,2093.491798805,294.382971950,7258,0,35147,47692.287328308,7257,7645.118834998,33463,0.000000000,0,0.000000000,
21,0,CT_abs,DS,0,0.500000000,8,60.010576273,0,2290.502195584,2291.454218342,294.384907701,7300,0,35336,47938.022542167,7299,7686.250055730,33655,0.000000000,0,0.000000000,
22,0,CT_abs,DS,0,0.500000000,8,60.004085731,0,2438.371641543,2439.153834906,294.494056533,4139,0,31548,138798.675041604,4138,23712.825701820,32757,0.000000000,0,0.000000000,
23,0,CT_abs,DS,0,0.500000000,8,60.000303500,0,2454.293431080,2455.124218566,294.494056533,4089,0,31174,137092.724105140,4088,23448.401734895,32628,0.000000000,0,0.000000000,
2,0,CT_abs,DS,0,0.500000000,10,0.001259138,1,221.408549047,221.408549047,132.945719372,1,0,0,0.000000000,0,0.000000000,0,0.000000000,0,0.000000000,
3,0,CT_abs,DS,0,0.500000000,10,0.004805861,1,301.607416628,301.607692970,132.945719372,2,0,6,35.902684124,1,10.798215398,0,0.000000000,0,0.000000000,
4,0,CT_abs,DS,0,0.500000000,10,0.005691098,1,404.020939874,404.021216216,132.945719372,2,0,6,35.902684124,1,10.798215398,0,0.000000000,0,0.000000000,
5,0,CT_abs,DS,0,0.500000000,10,0.006059577,1,486.929435977,486.929712319,132.945719372,2,0,6,35.902684124,1,10.798215398,0,0.000000000,0,0.000000000,
6,0,CT_abs,DS,0,0.500000000,10,1.820949135,1,691.255892589,691.343040891,204.413328572,11,0,42,92.007698395,10,10.798215398,4540,0.000000000,0,0.000000000,
7,0,CT_abs,DS,0,0.500000000,10,2.598659447,1,751.740289939,751.858092622,204.443982953,16,0,67,124.510701661,15,10.798215398,8034,0.000000000,0,0.000000000,
8,0,CT_abs,DS,0,0.500000000,10,2.618887458,1,833.272027292,833.389829976,204.443982953,16,0,67,124.510701661,15,10.798215398,8034,0.000000000,0,0.000000000,
9,0,CT_abs,DS,0,0.500000000,10,4.182408924,1,977.497201674,977.903825567,204.443982953,41,0,179,394.166426260,40,10.798215398,13593,0.000000000,0,0.000000000,
10,0,CT_abs,DS,0,0.500000000,10,4.303974357,1,1231.909358668,1232.315982562,254.412156994,41,0,179,394.166426260,40,10.798215398,13593,0.000000000,0,0.000000000,
11,0,CT_abs,DS,0,0.500000000,10,4.241958951,1,1319.323425481,1319.730049374,254.412156994,41,0,179,394.166426260,40,10.798215398,13593,0.000000000,0,0.000000000,
6,0,CT_abs,DS,0,0.500000000,9,60.006767536,0,1175.577287263,1176.984050803,253.570639959,2966,0,14950,60113.780896588,2965,10178.162119190,61664,0.000000000,0,0.000000000,
12,0,CT_abs,DS,0,0.500000000,10,4.203584374,1,1456.993742906,1457.400366799,254.412156994,41,0,179,394.166426260,40,10.798215398,13593,0.000000000,0,0.000000000,
7,0,CT_abs,DS,0,0.500000000,9,60.002852597,0,1218.605096300,1220.064881305,252.689178428,2961,0,14926,60037.952215657,2960,10165.521288521,61580,0.000000000,0,0.000000000,
13,0,CT_abs,DS,0,0.500000000,10,4.211045467,1,1607.742473346,1608.149097239,254.412156994,41,0,179,394.166426260,40,10.798215398,13593,0.000000000,0,0.000000000,
8,0,CT_abs,DS,0,0.500000000,9,60.006790979,0,1250.334291021,1251.789814545,253.570639959,2985,0,15034,60465.369953607,2984,10243.583417930,61838,0.000000000,0,0.000000000,
9,0,CT_abs,DS,0,0.500000000,9,60.033474517,0,1375.183272484,1376.638576815,253.348683844,2981,0,15016,60395.841252675,2980,10235.621173660,61838,0.000000000,0,0.000000000,
10,0,CT_abs,DS,0,0.500000000,9,60.035430371,0,1405.039741774,1406.486987692,252.689178428,2988,0,15048,60517.316583027,2987,10249.259502465,61838,0.000000000,0,0.000000000,
14,0,CT_abs,DS,0,0.500000000,10,4.249857167,1,1740.936915211,1741.343539104,254.412156994,41,0,179,394.166426260,40,10.798215398,13593,0.000000000,0,0.000000000,
11,0,CT_abs,DS,0,0.500000000,9,60.005154989,0,1550.284454133,1551.742238428,253.570639959,3001,0,15110,60778.710294679,3000,10284.970556076,62184,0.000000000,0,0.000000000,
12,0,CT_abs,DS,0,0.500000000,9,60.029239888,0,1742.484162385,1743.324645119,252.689178428,2130,0,12642,69281.914593285,2129,12016.024818940,53147,0.000000000,0,0.000000000,
13,0,CT_abs,DS,0,0.500000000,9,60.021724749,0,1854.400508882,1854.888497977,252.918567237,1762,0,12606,68258.820459321,1761,9374.820076296,34600,0.000000000,0,0.000000000,
2,0,CT_abs,DS,0,0.500000000,11,0.001087877,1,196.315844921,196.315844921,151.513947780,1,0,0,0.000000000,0,0.000000000,0,0.000000000,0,0.000000000,
14,0,CT_abs,DS,0,0.500000000,9,60.021901258,0,2020.764286474,2021.284331008,252.697907130,2683,0,20754,126016.354323555,2682,16336.656430404,25147,0.000000000,0,0.000000000,
3,0,CT_abs,DS,0,0.500000000,11,0.002011225,1,352.635329813,352.635329813,156.319484892,1,0,0,0.000000000,0,0.000000000,0,0.000000000,0,0.000000000,
4,0,CT_abs,DS,0,0.500000000,11,0.002099231,1,410.573414594,410.573414594,156.319484892,1,0,0,0.000000000,0,0.000000000,0,0.000000000,0,0.000000000,
15,0,CT_abs,DS,0,0.500000000,9,60.008815323,0,2056.421184349,2056.937846545,252.697907130,2690,0,20816,126408.935997199,2689,16406.768451992,25147,0.000000000,0,0.000000000,
5,0,CT_abs,DS,0,0.500000000,11,0.002241216,1,439.331477254,439.331477254,156.319484892,1,0,0,0.000000000,0,0.000000000,0,0.000000000,0,0.000000000,
6,0,CT_abs,DS,0,0.500000000,11,0.002456540,1,483.582467043,483.582467043,156.319484892,1,0,0,0.000000000,0,0.000000000,0,0.000000000,0,0.000000000,
7,0,CT_abs,DS,0,0.500000000,11,0.004494875,1,725.203641324,725.203641324,241.621174281,1,0,0,0.000000000,0,0.000000000,0,0.000000000,0,0.000000000,
8,0,CT_abs,DS,0,0.500000000,11,0.005931765,1,904.464926289,904.464926289,241.621174281,1,0,0,0.000000000,0,0.000000000,0,0.000000000,0,0.000000000,
15,0,CT_abs,DS,0,0.500000000,10,16.371306849,1,1813.724984446,1814.163109146,254.412156994,175,0,787,1742.026600734,174,45.171607354,51644,0.000000000,0,0.000000000,
16,0,CT_abs,DS,0,0.500000000,9,60.021851755,0,2223.425384917,2223.920483923,252.871912652,2312,0,20910,133741.648631820,2311,13924.094879775,21967,0.000000000,0,0.000000000,
9,0,CT_abs,DS,0,0.500000000,11,1.306037938,1,1020.360210574,1020.530172108,241.621174281,157,0,734,1380.209537703,156,338.785885498,198,0.000000000,0,0.000000000,
10,0,CT_abs,DS,0,0.500000000,11,1.308940272,1,1051.288705587,1051.458667120,241.621174281,157,0,734,1380.209537703,156,338.785885498,198,0.000000000,0,0.000000000,
17,0,CT_abs,DS,0,0.500000000,9,60.071756841,0,2237.917959259,2238.398731117,252.690906422,2315,0,20938,133928.684234755,2314,13949.902471333,22110,0.000000000,0,0.000000000,
18,0,CT_abs,DS,0,0.500000000,9,60.004413093,0,2348.928256808,2349.372813908,252.723126229,2276,0,20550,131512.597329843,2275,13699.204625340,21412,0.000000000,0,0.000000000,
19,0,CT_abs,DS,0,0.500000000,9,60.019851937,0,2523.621046687,2524.097593971,252.933778815,2218,0,21216,137696.274982100,2217,13616.803215062,21465,0.000000000,0,0.000000000,
20,0,CT_abs,DS,0,0.500000000,9,60.049668483,0,2636.089908832,2636.581474913,252.918686938,2193,0,20970,136080.232939375,2192,13471.426020511,21249,0.000000000,0,0.000000000,
21,0,CT_abs,DS,0,0.500000000,9,60.263231088,0,2708.607562659,2709.218831248,252.689178428,236,0,2392,10754.990718961,235,371.098080443,124192,0.000000000,0,0.000000000,
22,0,CT_abs,DS,0,0.500000000,9,60.097768483,0,2832.930378064,2833.991895999,252.716688503,517,0,5080,25827.635072066,479,3042.520960626,122000,0.000000000,0,0.000000000,
23,0,CT_abs,DS,0,0.500000000,9,60.009884427,0,3001.333437844,3002.400044818,252.716688503,519,0,5093,25871.847422722,480,3055.538651255,122794,0.000000000,0,0.000000000,
17,0,CT_abs,DS,0,0.500000000,10,43.557373206,1,1990.867707095,1991.328670587,254.434995787,488,0,2135,4712.571419897,487,212.722136551,130544,0.000000000,0,0.000000000,
16,0,CT_abs,DS,0,0.500000000,10,43.619431764,1,1970.239632302,1970.700595795,254.434995787,488,0,2135,4712.571419897,487,212.722136551,130544,0.000000000,0,0.000000000,
18,0,CT_abs,DS,0,0.500000000,10,43.887427511,1,2078.209406327,2078.670369820,254.434995787,488,0,2135,4712.571419897,487,212.722136551,130544,0.000000000,0,0.000000000,
2,0,CT_abs,DS,0,0.500000000,12,0.003563881,1,418.118189468,418.118189468,226.009705095,1,0,0,0.000000000,0,0.000000000,0,0.000000000,0,0.000000000,
19,0,CT_abs,DS,0,0.500000000,10,43.594332236,1,2110.923959537,2111.384923030,254.434995787,488,0,2135,4712.571419897,487,212.722136551,130544,0.000000000,0,0.000000000,
3,0,CT_abs,DS,0,0.500000000,12,0.003856018,1,507.828469835,507.828469835,226.009705095,1,0,0,0.000000000,0,0.000000000,0,0.000000000,0,0.000000000,
4,0,CT_abs,DS,0,0.500000000,12,0.203141677,1,611.637269042,611.687003913,226.059439965,2,0,4,6.467682182,1,0.000000000,146,0.000000000,0,0.000000000,
5,0,CT_abs,DS,0,0.500000000,12,0.202716272,1,728.073249910,728.122984780,226.059439965,2,0,4,6.467682182,1,0.000000000,146,0.000000000,0,0.000000000,
7,0,CT_abs,DS,0,0.500000000,12,2.121026028,1,1106.818818340,1107.432299598,265.986018716,110,0,468,1123.637611923,109,342.655125203,208,0.000000000,0,0.000000000,
6,0,CT_abs,DS,0,0.500000000,12,2.158628280,1,994.059268626,994.672749883,265.986018716,110,0,468,1123.637611923,109,342.655125203,208,0.000000000,0,0.000000000,
8,0,CT_abs,DS,0,0.500000000,12,2.114194329,1,1372.698583688,1373.312064945,265.986018716,110,0,468,1123.637611923,109,342.655125203,208,0.000000000,0,0.000000000,
9,0,CT_abs,DS,0,0.500000000,12,2.970907857,1,1507.483857317,1508.109751383,265.986018716,111,0,472,1126.639311790,110,342.655125203,460,0.000000000,0,0.000000000,
21,0,CT_abs,DS,0,0.500000000,10,60.147141808,0,2471.424828991,2471.841990653,283.328828229,528,0,2594,8041.588741094,527,496.890617538,152556,0.000000000,0,0.000000000,
20,0,CT_abs,DS,0,0.500000000,10,60.208257789,0,2188.096000762,2188.550103967,254.412156994,640,0,2953,8369.005989851,639,551.646969448,191422,0.000000000,0,0.000000000,
22,0,CT_abs,DS,0,0.500000000,10,60.124232350,0,2720.349965546,2720.747490124,283.328828229,824,0,5051,21487.586969942,823,2146.578398609,212787,0.000000000,0,0.000000000,
23,0,CT_abs,DS,0,0.500000000,10,60.149454370,0,2800.603988807,2801.282151833,283.340694276,918,0,5282,21010.974859291,917,2685.569907096,142620,0.000000000,0,0.000000000,
11,0,CT_abs,DS,0,0.500000000,11,60.335763736,0,1100.237205783,1100.897316319,242.054765624,1257,0,6392,14114.403180914,1251,1470.149560723,83583,0.000000000,0,0.000000000,
13,0,CT_abs,DS,0,0.500000000,11,60.019381819,0,1174.374379183,1175.016148663,241.810695156,1252,0,6366,14035.878751148,1246,1464.226050873,82979,0.000000000,0,0.000000000,
14,0,CT_abs,DS,0,0.500000000,11,60.038237741,0,1287.664161947,1288.291889493,241.809627811,1246,0,6337,13929.653002797,1240,1456.700906396,82310,0.000000000,0,0.000000000,
15,0,CT_abs,DS,0,0.500000000,11,60.027283860,0,1430.581432922,1431.240198736,241.806671982,1250,0,6356,14019.504147719,1244,1461.283057776,82843,0.000000000,0,0.000000000,
12,0,CT_abs,DS,0,0.500000000,11,60.298292367,0,1122.120890320,1122.781000856,242.054765624,1257,0,6392,14114.403180914,1251,1470.149560723,83583,0.000000000,0,0.000000000,
16,0,CT_abs,DS,0,0.500000000,11,60.323810176,0,1465.827635341,1466.487745877,242.054765624,1257,0,6392,14114.403180914,1251,1470.149560723,83583,0.000000000,0,0.000000000,
17,0,CT_abs,DS,0,0.500000000,11,60.272706522,0,1523.727386701,1524.386152515,241.806671982,1250,0,6356,14019.504147719,1244,1461.283057776,82843,0.000000000,0,0.000000000,
19,0,CT_abs,DS,0,0.500000000,11,60.032377264,0,1752.912432527,1753.816420228,241.714702759,1832,0,10561,20232.502475967,1831,2705.151205190,82507,0.000000000,0,0.000000000,
18,0,CT_abs,DS,0,0.500000000,11,60.093762005,0,1579.721708074,1580.381818610,242.054765624,1257,0,6392,14114.403180914,1251,1470.149560723,83583,0.000000000,0,0.000000000,
20,0,CT_abs,DS,0,0.500000000,11,60.034171147,0,1806.668421689,1807.528360797,241.623688112,1999,0,11474,23078.819190654,1998,3310.287246523,85809,0.000000000,0,0.000000000,
2,0,CT_abs,DS,0,0.500000000,13,0.002212510,1,268.761669953,268.761669953,229.271877291,1,0,0,0.000000000,0,0.000000000,0,0.000000000,0,0.000000000,
3,0,CT_abs,DS,0,0.500000000,13,0.002558909,1,318.789709088,318.789709088,229.271877291,1,0,0,0.000000000,0,0.000000000,0,0.000000000,0,0.000000000,
4,0,CT_abs,DS,0,0.500000000,13,0.004885943,1,604.630517272,604.630517272,285.840808184,1,0,0,0.000000000,0,0.000000000,0,0.000000000,0,0.000000000,
5,0,CT_abs,DS,0,0.500000000,13,0.005205902,1,684.310659879,684.310659879,285.840808184,1,0,0,0.000000000,0,0.000000000,0,0.000000000,0,0.000000000,
6,0,CT_abs,DS,0,0.500000000,13,0.005904438,1,838.840507490,838.840507490,285.840808184,1,0,0,0.000000000,0,0.000000000,0,0.000000000,0,0.000000000,
7,0,CT_abs,DS,0,0.500000000,13,0.007338102,1,1040.214893953,1040.214893953,285.840808184,1,0,0,0.000000000,0,0.000000000,0,0.000000000,0,0.000000000,
8,0,CT_abs,DS,0,0.500000000,13,0.008940189,1,1215.516765469,1215.516765469,285.840808184,1,0,0,0.000000000,0,0.000000000,0,0.000000000,0,0.000000000,
9,0,CT_abs,DS,0,0.500000000,13,0.009056608,1,1325.113034558,1325.113034558,285.840808184,1,0,0,0.000000000,0,0.000000000,0,0.000000000,0,0.000000000,
21,0,CT_abs,DS,0,0.500000000,11,60.019366747,0,2108.558892921,2109.446660866,302.008407026,549,0,3879,15057.590992494,548,1108.749985310,72993,0.000000000,0,0.000000000,
22,0,CT_abs,DS,0,0.500000000,11,60.295653347,0,2189.348871572,2190.236639518,302.008407026,549,0,3879,15057.590992494,548,1108.749985310,72993,0.000000000,0,0.000000000,
23,0,CT_abs,DS,0,0.500000000,11,60.205096134,0,2308.821797005,2309.700396565,301.892199226,541,0,3820,14817.232450618,540,1085.066827499,71898,0.000000000,0,0.000000000,
10,0,CT_abs,DS,0,0.500000000,12,60.031445419,0,1703.968138472,1705.106149764,266.693250158,1660,0,10003,42445.193878939,1659,5938.198001232,17318,0.000000000,0,0.000000000,
11,0,CT_abs,DS,0,0.500000000,12,60.009069695,0,1911.897105901,1912.947317760,266.349691208,1489,0,9831,45439.819103255,1488,5349.373926926,16134,0.000000000,0,0.000000000,
12,0,CT_abs,DS,0,0.500000000,12,60.010259425,0,2191.448308117,2192.412251951,279.570202212,810,0,6887,27542.996322846,809,3241.203152947,18187,0.000000000,0,0.000000000,
13,0,CT_abs,DS,0,0.500000000,12,60.158560853,0,2234.930304937,2235.894701743,279.570202212,816,0,6950,27818.973764338,815,3288.025928180,18540,0.000000000,0,0.000000000,
14,0,CT_abs,DS,0,0.500000000,12,60.114207705,0,2312.984747894,2313.951561022,279.570202212,817,0,6964,27864.258498369,816,3290.327111991,18540,0.000000000,0,0.000000000,
15,0,CT_abs,DS,0,0.500000000,12,60.039353787,0,2498.609746156,2499.576559283,279.570202212,817,0,6964,27864.258498369,816,3290.327111991,18540,0.000000000,0,0.000000000,
16,0,CT_abs,DS,0,0.500000000,12,60.003059592,0,2604.827987525,2605.771540490,279.635836496,803,0,6837,27345.997562672,802,3221.904136892,18161,0.000000000,0,0.000000000,
17,0,CT_abs,DS,0,0.500000000,12,60.041157303,0,2670.264031307,2671.182473206,279.570202212,802,0,6831,27305.132628623,801,3218.511660858,18161,0.000000000,0,0.000000000,
18,0,CT_abs,DS,0,0.500000000,12,60.007461800,0,2850.321276580,2851.170752287,279.570202212,652,0,5572,21600.777747527,651,2396.851050867,14529,0.000000000,0,0.000000000,
21,0,CT_abs,DS,0,0.500000000,12,60.020990695,0,3300.021480477,3300.823499992,279.570202212,569,0,4455,13576.700971543,568,1417.317135294,14550,0.000000000,0,0.000000000,
20,0,CT_abs,DS,0,0.500000000,12,60.033052408,0,3123.818641806,3124.598653319,279.551202216,571,0,4468,13633.396086518,570,1420.780802222,14579,0.000000000,0,0.000000000,
19,0,CT_abs,DS,0,0.500000000,12,60.172255712,0,2980.760483683,2981.614425371,279.570202212,693,0,5792,22864.468133878,692,2662.673368639,15030,0.000000000,0,0.000000000,
2,0,CT_abs,DS,0,0.500000000,14,0.003355377,1,444.686045778,444.686045778,229.493984203,1,0,0,0.000000000,0,0.000000000,0,0.000000000,0,0.000000000,
3,0,CT_abs,DS,0,0.500000000,14,0.013348091,1,678.679312415,678.685180152,233.993266637,2,0,4,34.521241229,1,10.504095605,0,0.000000000,0,0.000000000,
4,0,CT_abs,DS,0,0.500000000,14,0.014351488,1,741.297590011,741.303457747,233.993266637,2,0,4,34.521241229,1,10.504095605,0,0.000000000,0,0.000000000,
5,0,CT_abs,DS,0,0.500000000,14,0.015138569,1,856.699383146,856.705250882,233.993266637,2,0,4,34.521241229,1,10.504095605,0,0.000000000,0,0.000000000,
22,0,CT_abs,DS,0,0.500000000,12,60.013871479,0,3553.744991150,3554.632218336,279.570202212,357,0,3536,15161.732554989,356,1409.259250905,21692,0.000000000,0,0.000000000,
6,0,CT_abs,DS,0,0.500000000,14,0.017198102,1,1047.614547121,1047.620414858,233.993266637,2,0,4,34.521241229,1,10.504095605,0,0.000000000,0,0.000000000,
7,0,CT_abs,DS,0,0.500000000,14,0.154533979,1,1160.910257289,1160.929022973,233.993266637,16,0,82,251.487424064,15,66.829673889,456,0.000000000,0,0.000000000,
8,0,CT_abs,DS,0,0.500000000,14,0.162132896,1,1168.363793698,1168.382559382,233.993266637,16,0,82,251.487424064,15,66.829673889,456,0.000000000,0,0.000000000,
9,0,CT_abs,DS,0,0.500000000,14,0.161143765,1,1384.957549231,1384.976314915,233.993266637,16,0,82,251.487424064,15,66.829673889,456,0.000000000,0,0.000000000,
10,0,CT_abs,DS,0,0.500000000,14,0.160444868,1,1594.663480961,1594.682246645,233.993266637,16,0,82,251.487424064,15,66.829673889,456,0.000000000,0,0.000000000,
13,0,CT_abs,DS,0,0.500000000,14,0.073016353,1,1962.688303001,1962.707068685,233.993266637,7,0,44,99.326243365,6,16.662284536,269,0.000000000,0,0.000000000,
11,0,CT_abs,DS,0,0.500000000,14,0.161264269,1,1704.923111236,1704.941876920,233.993266637,16,0,82,251.487424064,15,66.829673889,456,0.000000000,0,0.000000000,
14,0,CT_abs,DS,0,0.500000000,14,0.073542316,1,2086.074029628,2086.092795312,233.993266637,7,0,44,99.326243365,6,16.662284536,269,0.000000000,0,0.000000000,
12,0,CT_abs,DS,0,0.500000000,14,0.162054427,1,1860.287124075,1860.305889759,233.993266637,16,0,82,251.487424064,15,66.829673889,456,0.000000000,0,0.000000000,
15,0,CT_abs,DS,0,0.500000000,14,0.462523104,1,2198.458204697,2198.556737932,233.993266637,41,0,274,840.932115940,40,119.944404831,269,0.000000000,0,0.000000000,
23,0,CT_abs,DS,0,0.500000000,12,60.123254758,0,3624.494654380,3625.376343351,279.570202212,353,0,3493,14918.087551007,352,1390.911039803,21498,0.000000000,0,0.000000000,
10,0,CT_abs,DS,0,0.500000000,13,60.018061401,0,1531.504375893,1531.876425366,285.961573749,3544,0,25988,58211.789519720,3543,7323.582607897,55307,0.000000000,0,0.000000000,
11,0,CT_abs,DS,0,0.500000000,13,60.002049736,0,1637.697858296,1638.068579323,285.909192519,3545,0,25996,58221.550720003,3544,7324.472012452,55373,0.000000000,0,0.000000000,
12,0,CT_abs,DS,0,0.500000000,13,60.004458931,0,1836.155468223,1836.526076462,285.853970515,3497,0,25642,57602.976943938,3496,7256.596505139,54697,0.000000000,0,0.000000000,
2,0,CT_abs,DS,0,0.500000000,15,0.001194364,1,216.259940054,216.259940054,129.538095442,1,0,0,0.000000000,0,0.000000000,0,0.000000000,0,0.000000000,
3,0,CT_abs,DS,0,0.500000000,15,0.001506429,1,279.624404709,279.624404709,129.538095442,1,0,0,0.000000000,0,0.000000000,0,0.000000000,0,0.000000000,
4,0,CT_abs,DS,0,0.500000000,15,0.003921825,1,517.133462337,517.133462337,237.509057628,1,0,0,0.000000000,0,0.000000000,0,0.000000000,0,0.000000000,
5,0,CT_abs,DS,0,0.500000000,15,0.004078569,1,605.147760130,605.147760130,237.509057628,1,0,0,0.000000000,0,0.000000000,0,0.000000000,0,0.000000000,
6,0,CT_abs,DS,0,0.500000000,15,0.004734346,1,708.656019580,708.656019580,237.509057628,1,0,0,0.000000000,0,0.000000000,0,0.000000000,0,0.000000000,
7,0,CT_abs,DS,0,0.500000000,15,0.005315082,1,845.777576757,845.777576757,237.509057628,1,0,0,0.000000000,0,0.000000000,0,0.000000000,0,0.000000000,
13,0,CT_abs,DS,0,0.500000000,13,60.007768953,0,1928.020548519,1928.231245488,285.853970515,3095,0,22744,63208.317844965,3094,10135.658335785,73281,0.000000000,0,0.000000000,
8,0,CT_abs,DS,0,0.500000000,15,0.006041060,1,903.396585631,903.396585631,237.509057628,1,0,0,0.000000000,0,0.000000000,0,0.000000000,0,0.000000000,
9,0,CT_abs,DS,0,0.500000000,15,0.007468721,1,1107.757714811,1107.757714811,237.509057628,1,0,0,0.000000000,0,0.000000000,0,0.000000000,0,0.000000000,
14,0,CT_abs,DS,0,0.500000000,13,60.005887626,0,2016.795582697,2016.995641631,285.840808184,3119,0,22924,63668.553822153,3118,10198.195722251,74065,0.000000000,0,0.000000000,
15,0,CT_abs,DS,0,0.500000000,13,60.000752745,0,2058.850039830,2059.051774361,285.840808184,3070,0,22560,62694.791545309,3069,10076.512043906,72696,0.000000000,0,0.000000000,
16,0,CT_abs,DS,0,0.500000000,13,60.034648382,0,2098.590615396,2098.782954790,285.854115687,2223,0,16409,46645.026934237,2222,7636.903942772,71304,0.000000000,0,0.000000000,
17,0,CT_abs,DS,0,0.500000000,13,60.011492035,0,2142.265295885,2142.456570583,285.854115687,2177,0,16060,45773.122328418,2176,7551.739756942,70338,0.000000000,0,0.000000000,
18,0,CT_abs,DS,0,0.500000000,13,60.066560680,0,2286.746321098,2286.934152165,285.854136530,2169,0,15998,45644.522856650,2168,7540.563383976,70281,0.000000000,0,0.000000000,
10,0,CT_abs,DS,0,0.500000000,15,16.104361057,1,1269.566729791,1271.871634073,237.509057628,944,0,5632,12189.007205137,939,1849.298038911,5435,0.000000000,0,0.000000000,
19,0,CT_abs,DS,0,0.500000000,13,60.084970050,0,2577.836499174,2578.375613397,291.113204325,540,0,5263,50106.101020214,539,5904.545462988,80099,0.000000000,0,0.000000000,
20,0,CT_abs,DS,0,0.500000000,13,60.115817638,0,2731.880046460,2732.460012468,291.245775796,530,0,5165,49153.541557337,529,5767.734575726,78393,0.000000000,0,0.000000000,
21,0,CT_abs,DS,0,0.500000000,13,60.214952204,0,2897.269093445,2897.832533234,291.192792285,539,0,5253,49987.314200529,538,5891.374099480,79940,0.000000000,0,0.000000000,
16,0,CT_abs,DS,0,0.500000000,14,48.068711630,1,2397.263499990,2397.834033021,233.993266637,2277,0,13204,113095.966682901,2276,23852.722714526,102117,0.000000000,0,0.000000000,
22,0,CT_abs,DS,0,0.500000000,13,60.008795592,0,2924.753845617,2925.317200540,291.192792285,538,0,5240,49871.540085975,537,5878.740336931,79453,0.000000000,0,0.000000000,
23,0,CT_abs,DS,0,0.500000000,13,60.081629224,0,3018.426720133,3018.988550792,291.192792285,537,0,5230,49770.728011094,536,5864.052448630,79294,0.000000000,0,0.000000000,
17,0,CT_abs,DS,0,0.500000000,14,60.016502473,0,2670.531816218,2671.102686462,273.268316228,2362,0,16726,122205.274759001,2361,24396.053765340,105218,0.000000000,0,0.000000000,
18,0,CT_abs,DS,0,0.500000000,14,60.000321775,0,2812.266432587,2812.826487153,273.268316228,2353,0,16664,121897.154849113,2352,24339.165312124,104899,0.000000000,0,0.000000000,
19,0,CT_abs,DS,0,0.500000000,14,60.013159257,0,2989.189492276,2989.571139128,273.320264185,1690,0,13078,83417.906493719,1689,14688.876126747,60531,0.000000000,0,0.000000000,
2,0,CT_abs,DS,0,0.500000000,16,0.001429273,1,246.759711067,246.759711067,131.237591623,1,0,0,0.000000000,0,0.000000000,0,0.000000000,0,0.000000000,
3,0,CT_abs,DS,0,0.500000000,16,0.002151444,1,388.971433461,388.971433461,142.211722394,1,0,0,0.000000000,0,0.000000000,0,0.000000000,0,0.000000000,
4,0,CT_abs,DS,0,0.500000000,16,0.002940019,1,486.160210273,486.160210273,142.211722394,1,0,0,0.000000000,0,0.000000000,0,0.000000000,0,0.000000000,
20,0,CT_abs,DS,0,0.500000000,14,60.018260546,0,3167.000682251,3167.330902359,273.320264185,1068,0,8695,40863.781402035,1067,5390.223262662,31739,0.000000000,0,0.000000000,
21,0,CT_abs,DS,0,0.500000000,14,60.038163148,0,3446.845351458,3447.136061027,279.856491121,583,0,5230,22510.354658448,582,2421.491910853,22559,0.000000000,0,0.000000000,
22,0,CT_abs,DS,0,0.500000000,14,60.014540862,0,3615.820672855,3616.114365827,279.844669208,592,0,5300,22853.569266588,591,2459.417334858,22735,0.000000000,0,0.000000000,
23,0,CT_abs,DS,0,0.500000000,14,60.029339043,0,3768.818169685,3769.109430857,279.856491121,595,0,5301,22070.331368965,594,2287.800324226,20747,0.000000000,0,0.000000000,
11,0,CT_abs,DS,0,0.500000000,15,60.017565592,0,1473.955350651,1476.141045412,237.654467806,3795,0,28986,76860.438025841,3793,7259.290256083,9101,0.000000000,0,0.000000000,
12,0,CT_abs,DS,0,0.500000000,15,60.031508308,0,1603.503353650,1605.696668959,237.674902605,3748,0,28608,75919.499476014,3746,7186.732856329,9038,0.000000000,0,0.000000000,
13,0,CT_abs,DS,0,0.500000000,15,60.002762323,0,1643.916507415,1646.106057496,237.592219893,3721,0,28376,75308.807229595,3719,7142.833682258,9038,0.000000000,0,0.000000000,
14,0,CT_abs,DS,0,0.500000000,15,60.011338182,0,1677.907080353,1680.103797516,237.664966765,3849,0,29450,78032.270085062,3847,7349.578055224,9164,0.000000000,0,0.000000000,
15,0,CT_abs,DS,0,0.500000000,15,60.002265933,0,1752.435635845,1754.595758066,237.541718267,4344,0,31450,87103.563644835,4343,8905.822296044,23282,0.000000000,0,0.000000000,
16,0,CT_abs,DS,0,0.500000000,15,60.033673418,0,1849.015133063,1851.170050856,237.652340007,4305,0,31146,86294.965396200,4304,8834.665130501,23137,0.000000000,0,0.000000000,
17,0,CT_abs,DS,0,0.500000000,15,60.023139663,0,2006.809577886,2009.125791506,237.570832130,3474,0,24512,132304.913804968,3473,21364.331962587,160739,0.000000000,0,0.000000000,
18,0,CT_abs,DS,0,0.500000000,15,60.006564339,0,2117.881916603,2120.193565450,237.594652826,3377,0,23884,129304.322855204,3376,20846.069915279,158498,0.000000000,0,0.000000000,
19,0,CT_abs,DS,0,0.500000000,15,60.030164823,0,2303.871352739,2306.194408227,237.528996574,2196,0,20358,140689.726004867,2195,17361.530603401,217391,0.000000000,0,0.000000000,
20,0,CT_abs,DS,0,0.500000000,15,60.037754311,0,2401.575534119,2403.904310591,237.541718267,2179,0,20186,139243.957038948,2178,17187.406408700,215053,0.000000000,0,0.000000000,
21,0,CT_abs,DS,0,0.500000000,15,60.056692340,0,2505.437543101,2507.758676341,237.546185759,2172,0,20118,138652.652583708,2171,17118.527692482,213862,0.000000000,0,0.000000000,
22,0,CT_abs,DS,0,0.500000000,15,60.019700762,0,2564.616905579,2566.950882844,237.546185759,2174,0,20138,138835.708023573,2173,17136.090559804,214259,0.000000000,0,0.000000000,
6,0,CT_abs,DS,0,0.500000000,16,51.215690687,1,801.604376509,802.348164686,226.064896295,19631,0,98856,79728.660214675,19626,15636.563088372,11854,0.000000000,0,0.000000000,
7,0,CT_abs,DS,0,0.500000000,16,51.245065191,1,1005.838276477,1006.582064654,226.064896295,19631,0,98856,79728.660214675,19626,15636.563088372,11854,0.000000000,0,0.000000000,
5,0,CT_abs,DS,0,0.500000000,16,51.559775882,1,575.539480214,576.283268391,142.211722394,19631,0,98856,79728.660214675,19626,15636.563088372,11854,0.000000000,0,0.000000000,
8,0,CT_abs,DS,0,0.500000000,16,51.652682085,1,1248.160346134,1248.904134311,242.322069657,19631,0,98856,79728.660214675,19626,15636.563088372,11854,0.000000000,0,0.000000000,
2,0,CT_abs,DS,0,0.500000000,17,0.004023171,1,444.087963018,444.087963018,259.069110145,1,0,0,0.000000000,0,0.000000000,0,0.000000000,0,0.000000000,
3,0,CT_abs,DS,0,0.500000000,17,0.004272928,1,502.831061581,502.831061581,259.069110145,1,0,0,0.000000000,0,0.000000000,0,0.000000000,0,0.000000000,
4,0,CT_abs,DS,0,0.500000000,17,0.004511053,1,594.440600715,594.440600715,259.069110145,1,0,0,0.000000000,0,0.000000000,0,0.000000000,0,0.000000000,
5,0,CT_abs,DS,0,0.500000000,17,0.007020987,1,826.963169943,826.963169943,259.069110145,1,0,0,0.000000000,0,0.000000000,0,0.000000000,0,0.000000000,
6,0,CT_abs,DS,0,0.500000000,17,0.008635074,1,1042.308423458,1042.308423458,259.069110145,1,0,0,0.000000000,0,0.000000000,0,0.000000000,0,0.000000000,
23,0,CT_abs,DS,0,0.500000000,15,60.020336695,0,2660.040905065,2662.224233674,237.541718267,3115,0,24214,147023.721066093,3114,18986.808273760,130400,0.000000000,0,0.000000000,
9,0,CT_abs,DS,0,0.500000000,16,52.350569003,1,1389.708368105,1390.452156281,242.322069657,19631,0,98856,79728.660214675,19626,15636.563088372,11854,0.000000000,0,0.000000000,
10,0,CT_abs,DS,0,0.500000000,16,51.965803515,1,1591.854995965,1592.598784141,242.322069657,19631,0,98856,79728.660214675,19626,15636.563088372,11854,0.000000000,0,0.000000000,
11,0,CT_abs,DS,0,0.500000000,16,51.469186384,1,1737.335092573,1738.078880749,242.322069657,19631,0,98856,79728.660214675,19626,15636.563088372,11854,0.000000000,0,0.000000000,
12,0,CT_abs,DS,0,0.500000000,16,60.000989018,0,1888.278762806,1888.855886655,242.322069657,17589,0,90214,109819.650727124,17588,21682.539766602,11771,0.000000000,0,0.000000000,
13,0,CT_abs,DS,0,0.500000000,16,60.000286773,0,2018.700940450,2019.319222513,242.322069657,17523,0,89958,109771.437331584,17522,21608.924555967,20277,0.000000000,0,0.000000000,
14,0,CT_abs,DS,0,0.500000000,16,60.003497120,0,2265.661542277,2266.344438564,247.178127972,8686,0,48844,114411.970788604,8685,16677.110744493,37828,0.000000000,0,0.000000000,
15,0,CT_abs,DS,0,0.500000000,16,60.003735894,0,2440.501314819,2441.208383462,247.229261840,7027,0,43272,134680.399135318,7026,15206.572360466,27017,0.000000000,0,0.000000000,
16,0,CT_abs,DS,0,0.500000000,16,60.037512046,0,2725.993635226,2726.489781189,285.626495980,2184,0,20024,90657.532249986,2183,9559.794015399,14737,0.000000000,0,0.000000000,
17,0,CT_abs,DS,0,0.500000000,16,60.013426935,0,2924.988092749,2925.484908460,285.557829573,2166,0,19880,90146.554448773,2165,9498.425848227,14677,0.000000000,0,0.000000000,
18,0,CT_abs,DS,0,0.500000000,16,60.010164838,0,3055.540428493,3056.038415929,285.557829573,2215,0,20294,91753.328778276,2214,9693.357875850,15335,0.000000000,0,0.000000000,
19,0,CT_abs,DS,0,0.500000000,16,60.054554996,0,3085.682310001,3086.284523256,285.523881771,495,0,6245,40847.093562222,494,2130.646469398,42886,0.000000000,0,0.000000000,
20,0,CT_abs,DS,0,0.500000000,16,60.144465139,0,3267.908625416,3268.619947624,285.523881771,445,0,6260,42236.666638005,442,1758.147560722,43945,0.000000000,0,0.000000000,
21,0,CT_abs,DS,0,0.500000000,16,60.027744948,0,3368.400460991,3369.109633336,285.492320407,442,0,6227,42080.621302732,439,1755.300012653,43575,0.000000000,0,0.000000000,
2,0,CT_abs,DS,0,0.500000000,18,0.000870387,1,127.458457766,127.458457766,82.873563228,1,0,0,0.000000000,0,0.000000000,0,0.000000000,0,0.000000000,
3,0,CT_abs,DS,0,0.500000000,18,0.159436977,1,182.770562002,183.015598962,82.952153895,80,0,346,1891.822836306,79,555.612554176,0,0.000000000,0,0.000000000,
22,0,CT_abs,DS,0,0.500000000,16,60.140304452,0,3479.285040969,3479.964977350,285.523881771,440,0,6196,41884.086712551,437,1746.205384272,43348,0.000000000,0,0.000000000,
4,0,CT_abs,DS,0,0.500000000,18,0.156305842,1,233.551259887,233.796296847,82.952153895,80,0,346,1891.822836306,79,555.612554176,0,0.000000000,0,0.000000000,
5,0,CT_abs,DS,0,0.500000000,18,0.158576476,1,274.872341689,275.117378649,82.952153895,80,0,346,1891.822836306,79,555.612554176,0,0.000000000,0,0.000000000,
6,0,CT_abs,DS,0,0.500000000,18,0.160075457,1,425.328695347,425.573732307,150.456353658,80,0,346,1891.822836306,79,555.612554176,0,0.000000000,0,0.000000000,
7,0,CT_abs,DS,0,0.500000000,18,0.159987743,1,555.743668767,555.988705727,150.456353658,80,0,346,1891.822836306,79,555.612554176,0,0.000000000,0,0.000000000,
23,0,CT_abs,DS,0,0.500000000,16,60.148465575,0,3693.049465170,3693.729401551,285.523881771,440,0,6196,41884.086712551,437,1746.205384272,43348,0.000000000,0,0.000000000,
7,0,CT_abs,DS,0,0.500000000,17,60.000997254,0,1285.988139376,1286.614924826,259.542471202,3312,0,18744,74394.672071582,3311,11788.148470331,2764,0.000000000,0,0.000000000,
8,0,CT_abs,DS,0,0.500000000,17,60.002038039,0,1415.216481680,1416.153240539,259.469345996,3998,0,23324,97450.596883346,3840,14169.578026332,39718,0.000000000,0,0.000000000,
8,0,CT_abs,DS,0,0.500000000,18,1.358118316,1,720.817787370,721.122083268,165.133377541,88,0,378,1931.665295566,87,555.612554176,823,0.000000000,0,0.000000000,
9,0,CT_abs,DS,0,0.500000000,17,60.017327340,0,1627.062418642,1627.658396465,259.574092487,2857,0,18036,93711.760474183,2855,11458.522032286,6954,0.000000000,0,0.000000000,
9,0,CT_abs,DS,0,0.500000000,18,1.347250753,1,870.486629241,870.790925139,165.133377541,88,0,378,1931.665295566,87,555.612554176,823,0.000000000,0,0.000000000,
10,0,CT_abs,DS,0,0.500000000,17,60.039474247,0,1847.160324991,1847.833171123,259.069110145,2795,0,17674,91685.782600232,2793,11257.356451061,6800,0.000000000,0,0.000000000,
11,0,CT_abs,DS,0,0.500000000,17,60.015486195,0,1956.032926688,1956.709797683,259.471478278,2792,0,17650,91572.316574307,2790,11252.455668938,6800,0.000000000,0,0.000000000,
12,0,CT_abs,DS,0,0.500000000,17,60.011935161,0,1998.755794377,1999.429025955,259.470762430,2731,0,17284,89590.924567495,2730,11064.222281447,6576,0.000000000,0,0.000000000,
13,0,CT_abs,DS,0,0.500000000,17,60.014585781,0,2126.268884398,2126.947104133,259.471478278,1532,0,10107,57089.350337026,1531,8831.477570562,32614,0.000000000,0,0.000000000,
10,0,CT_abs,DS,0,0.500000000,18,10.107817885,1,994.293009133,994.765950856,165.133377541,724,0,3243,13001.027672972,723,3464.360944151,4917,0.000000000,0,0.000000000,
14,0,CT_abs,DS,0,0.500000000,17,60.008597401,0,2251.019113598,2251.696674271,259.471478278,1509,0,9968,56289.073813312,1508,8717.365968072,32270,0.000000000,0,0.000000000,
15,0,CT_abs,DS,0,0.500000000,17,60.047806201,0,2529.575585112,2530.562893915,279.019742607,583,0,4424,21614.156651184,578,2216.549198106,67329,0.000000000,0,0.000000000,
16,0,CT_abs,DS,0,0.500000000,17,60.129235994,0,2693.672243044,2694.872222114,278.556471514,866,0,8162,43952.099278659,818,3865.557558706,47643,0.000000000,0,0.000000000,
17,0,CT_abs,DS,0,0.500000000,17,60.159880557,0,2736.201335025,2737.401314095,278.557257350,865,0,8156,43944.917519186,817,3865.557558706,47366,0.000000000,0,0.000000000,
2,0,CT_abs,DS,0,0.500000000,19,0.001159287,1,206.601005606,206.601005606,117.249481426,1,0,0,0.000000000,0,0.000000000,0,0.000000000,0,0.000000000,
3,0,CT_abs,DS,0,0.500000000,19,0.108225250,1,311.877662396,311.938439284,117.249481426,39,0,188,767.217681161,38,170.696501495,822,0.000000000,0,0.000000000,
4,0,CT_abs,DS,0,0.500000000,19,0.109764056,1,436.695237491,436.756014379,124.817575094,39,0,188,767.217681161,38,170.696501495,822,0.000000000,0,0.000000000,
5,0,CT_abs,DS,0,0.500000000,19,0.111226287,1,573.083852254,573.144629142,136.388614764,39,0,188,767.217681161,38,170.696501495,822,0.000000000,0,0.000000000,
6,0,CT_abs,DS,0,0.500000000,19,0.110978484,1,676.214669242,676.275446130,136.388614764,39,0,188,767.217681161,38,170.696501495,822,0.000000000,0,0.000000000,
18,0,CT_abs,DS,0,0.500000000,17,60.147284448,0,2965.318805413,2966.518784483,278.557257350,865,0,8156,43944.917519186,817,3865.557558706,47366,0.000000000,0,0.000000000,
19,0,CT_abs,DS,0,0.500000000,17,60.116929732,0,3089.003251585,3090.203230655,278.557257350,865,0,8156,43944.917519186,817,3865.557558706,47366,0.000000000,0,0.000000000,
20,0,CT_abs,DS,0,0.500000000,17,60.016885929,0,3289.606902685,3290.794970976,278.556471514,730,0,7091,37312.386117905,696,2920.149944025,49313,0.000000000,0,0.000000000,
21,0,CT_abs,DS,0,0.500000000,17,60.208756860,0,3525.828054505,3526.541012890,278.736422567,341,0,3943,20900.929570314,340,1015.440922883,53670,0.000000000,0,0.000000000,
22,0,CT_abs,DS,0,0.500000000,17,60.016199569,0,3601.203153638,3601.931602361,278.556471514,344,0,4254,22044.676652575,343,1094.980664158,54952,0.000000000,0,0.000000000,
23,0,CT_abs,DS,0,0.500000000,17,60.191632032,0,3785.165185447,3785.783105080,278.736422567,300,0,3094,14452.566805278,299,639.314561351,60227,0.000000000,0,0.000000000,
11,0,CT_abs,DS,0,0.500000000,18,60.056126779,0,1235.843727648,1236.290506352,241.755653457,940,0,4464,14874.339600699,904,2925.497726537,23594,0.000000000,0,0.000000000,
12,0,CT_abs,DS,0,0.500000000,18,60.095337809,0,1479.578322802,1479.895972386,243.768694990,1176,0,7680,13686.055237246,1157,1679.478108054,22237,0.000000000,0,0.000000000,
13,0,CT_abs,DS,0,0.500000000,18,60.031062124,0,1645.626907513,1645.992694923,243.768694990,1068,0,6848,15160.243126102,1055,2134.023455030,35814,0.000000000,0,0.000000000,
15,0,CT_abs,DS,0,0.500000000,18,60.011070818,0,1811.783351844,1812.200187520,243.746417067,943,0,6086,12462.970552545,926,1868.652646268,54954,0.000000000,0,0.000000000,
14,0,CT_abs,DS,0,0.500000000,18,60.019448317,0,1758.172185608,1758.517870991,243.746417067,1207,0,7761,15758.044823990,1189,2214.165233976,37802,0.000000000,0,0.000000000,
16,0,CT_abs,DS,0,0.500000000,18,60.036382353,0,1903.336335576,1903.754013650,243.746417067,960,0,6183,12637.029835678,942,1883.198820975,55219,0.000000000,0,0.000000000,
17,0,CT_abs,DS,0,0.500000000,18,60.002953482,0,2118.596859550,2118.998141603,243.768694990,971,0,6285,12809.469503508,953,1886.692948202,55459,0.000000000,0,0.000000000,
18,0,CT_abs,DS,0,0.500000000,18,60.044313316,0,2355.299301846,2355.618567427,243.768365638,973,0,6345,17601.869324168,963,3310.076897206,62780,0.000000000,0,0.000000000,
19,0,CT_abs,DS,0,0.500000000,18,60.060154207,0,2590.133750802,2590.461092491,243.746417067,968,0,6315,17583.109302250,958,3293.507226236,62641,0.000000000,0,0.000000000,
20,0,CT_abs,DS,0,0.500000000,18,60.043336506,0,2644.788509486,2645.126247820,243.747757484,965,0,6296,17558.485615945,955,3289.014197889,62455,0.000000000,0,0.000000000,
21,0,CT_abs,DS,0,0.500000000,18,60.030121326,0,2690.412408881,2690.739750570,243.746417067,968,0,6315,17583.109302250,958,3293.507226236,62641,0.000000000,0,0.000000000,
2,0,CT_abs,DS,0,0.500000000,20,0.463655609,1,309.075332695,310.314371071,171.822877534,78,0,338,1472.271458056,77,326.345396238,0,0.000000000,0,0.000000000,
3,0,CT_abs,DS,0,0.500000000,20,0.451337287,1,559.511126486,560.750164862,250.435793791,78,0,338,1472.271458056,77,326.345396238,0,0.000000000,0,0.000000000,
4,0,CT_abs,DS,0,0.500000000,20,0.449217272,1,659.756241000,660.995279376,250.435793791,78,0,338,1472.271458056,77,326.345396238,0,0.000000000,0,0.000000000,
5,0,CT_abs,DS,0,0.500000000,20,2.315399623,1,895.468769050,896.809300495,250.537286860,306,0,1268,6869.648451218,305,1735.823679529,0,0.000000000,0,0.000000000,
22,0,CT_abs,DS,0,0.500000000,18,60.001143642,0,2773.902095866,2774.241987346,243.746417067,967,0,6311,17579.648453934,957,3293.507226236,62471,0.000000000,0,0.000000000,
23,0,CT_abs,DS,0,0.500000000,18,60.011227250,0,2934.527345303,2934.841077766,243.746417067,619,0,4849,15254.098588870,601,2298.588173119,46196,0.000000000,0,0.000000000,
8,0,CT_abs,DS,0,0.500000000,19,60.182579586,0,1189.006365610,1189.089911144,299.641977919,244,0,1256,4161.475395836,243,722.311116518,17784,0.000000000,0,0.000000000,
7,0,CT_abs,DS,0,0.500000000,19,60.295363480,0,975.835480945,975.941908358,299.641977919,209,0,879,2097.506639041,208,394.001703131,17530,0.000000000,0,0.000000000,
9,0,CT_abs,DS,0,0.500000000,19,60.044882621,0,1247.531026653,1247.907968861,299.626954254,282,0,1527,4751.806350876,281,803.683693535,17802,0.000000000,0,0.000000000,
10,0,CT_abs,DS,0,0.500000000,19,60.193247650,0,1286.695048343,1287.074979153,299.641977919,283,0,1533,4767.639130075,282,803.683693535,17862,0.000000000,0,0.000000000,
11,0,CT_abs,DS,0,0.500000000,19,60.486534454,0,1445.054691132,1445.434621942,299.641977919,283,0,1533,4767.639130075,282,803.683693535,17862,0.000000000,0,0.000000000,
6,0,CT_abs,DS,0,0.500000000,20,32.769120859,1,1038.721191595,1040.377004518,250.537286860,3315,0,17042,54523.296893711,3314,11458.618659732,33498,0.000000000,0,0.000000000,
12,0,CT_abs,DS,0,0.500000000,19,60.137550031,0,1468.599788219,1468.979719029,299.641977919,283,0,1533,4767.639130075,282,803.683693535,17862,0.000000000,0,0.000000000,
13,0,CT_abs,DS,0,0.500000000,19,60.214662304,0,1617.035610485,1617.464429215,299.620811703,282,0,1522,4763.173328636,281,791.453262710,17453,0.000000000,0,0.000000000,
16,0,CT_abs,DS,0,0.500000000,19,60.337092367,0,1829.762162031,1830.190980761,299.620811703,282,0,1522,4763.173328636,281,791.453262710,17453,0.000000000,0,0.000000000,
15,0,CT_abs,DS,0,0.500000000,19,60.480739459,0,1650.299948978,1650.728767708,299.620811703,283,0,1528,4780.724219092,282,791.453262710,17566,0.000000000,0,0.000000000,
14,0,CT_abs,DS,0,0.500000000,19,60.612298347,0,1637.291944447,1637.720763177,299.620811703,282,0,1522,4763.173328636,281,791.453262710,17453,0.000000000,0,0.000000000,
17,0,CT_abs,DS,0,0.500000000,19,60.547609117,0,1965.562989447,1966.226159997,299.623709983,454,0,2579,8030.026948051,453,1288.764959361,18868,0.000000000,0,0.000000000,
18,0,CT_abs,DS,0,0.500000000,19,60.285409167,0,2107.615675978,2108.300237543,299.620980046,897,0,5473,16215.419792128,896,2398.200137395,19208,0.000000000,0,0.000000000,
19,0,CT_abs,DS,0,0.500000000,19,60.122477074,0,2281.205492533,2281.890054097,299.870341160,897,0,5473,16215.419792128,896,2398.200137395,19208,0.000000000,0,0.000000000,
20,0,CT_abs,DS,0,0.500000000,19,60.143838533,0,2525.809827916,2526.420884698,299.695960750,736,0,5559,27539.013946010,735,3284.799759703,21023,0.000000000,0,0.000000000,
21,0,CT_abs,DS,0,0.500000000,19,60.219423937,0,2724.046536666,2724.657593448,299.695960750,736,0,5561,27557.328888761,735,3284.799759703,21023,0.000000000,0,0.000000000,
2,0,CT_abs,DS,0,0.500000000,21,0.001950574,1,256.807245366,256.807245366,185.603301522,1,0,0,0.000000000,0,0.000000000,0,0.000000000,0,0.000000000,
3,0,CT_abs,DS,0,0.500000000,21,0.002484853,1,368.855227433,368.855227433,185.603301522,1,0,0,0.000000000,0,0.000000000,0,0.000000000,0,0.000000000,
4,0,CT_abs,DS,0,0.500000000,21,0.059657376,1,510.734823770,510.796313123,185.603301522,9,0,42,257.840242439,8,62.482358777,0,0.000000000,0,0.000000000,
22,0,CT_abs,DS,0,0.500000000,19,60.208119306,0,2757.231279337,2757.842772996,299.870172817,735,0,5554,27490.360756447,734,3274.049239081,20947,0.000000000,0,0.000000000,
5,0,CT_abs,DS,0,0.500000000,21,0.241054584,1,581.839150565,581.943955806,185.603301522,62,0,280,1958.558607342,61,452.423550011,0,0.000000000,0,0.000000000,
6,0,CT_abs,DS,0,0.500000000,21,0.239888855,1,619.856246006,619.961051246,185.603301522,62,0,280,1958.558607342,61,452.423550011,0,0.000000000,0,0.000000000,
23,0,CT_abs,DS,0,0.500000000,19,60.078192447,0,2918.335059708,2918.932253156,299.620811703,723,0,5925,27531.031595321,722,3208.973930313,20530,0.000000000,0,0.000000000,
7,0,CT_abs,DS,0,0.500000000,21,0.247544608,1,634.598254211,634.703059452,185.603301522,62,0,280,1958.558607342,61,452.423550011,0,0.000000000,0,0.000000000,
8,0,CT_abs,DS,0,0.500000000,21,0.243859703,1,744.776893608,744.881698849,185.603301522,62,0,280,1958.558607342,61,452.423550011,0,0.000000000,0,0.000000000,
9,0,CT_abs,DS,0,0.500000000,21,0.249191524,1,777.455290609,777.560095850,185.603301522,62,0,280,1958.558607342,61,452.423550011,0,0.000000000,0,0.000000000,
10,0,CT_abs,DS,0,0.500000000,21,0.252222775,1,850.506848357,850.611653598,185.603301522,62,0,280,1958.558607342,61,452.423550011,0,0.000000000,0,0.000000000,
11,0,CT_abs,DS,0,0.500000000,21,0.250160162,1,907.671223442,907.776028683,185.603301522,62,0,280,1958.558607342,61,452.423550011,0,0.000000000,0,0.000000000,
12,0,CT_abs,DS,0,0.500000000,21,0.973122386,1,1102.947162114,1103.053695349,195.277666666,69,0,319,2106.899070059,68,482.868062268,979,0.000000000,0,0.000000000,
7,0,CT_abs,DS,0,0.500000000,20,60.001163611,0,1278.223215212,1279.973559962,250.537286860,5455,0,30094,112015.018593978,5454,18925.993007363,40448,0.000000000,0,0.000000000,
8,0,CT_abs,DS,0,0.500000000,20,60.015905587,0,1304.485877102,1306.212709840,250.582117941,5521,0,30438,113117.429094083,5520,19095.950467010,40810,0.000000000,0,0.000000000,
9,0,CT_abs,DS,0,0.500000000,20,60.000876926,0,1499.604788336,1501.339718091,250.537286860,5417,0,29896,111276.480767704,5416,18810.515167340,40143,0.000000000,0,0.000000000,
10,0,CT_abs,DS,0,0.500000000,20,60.006728899,0,1578.846868194,1580.574910014,250.537286860,5475,0,30190,112330.483473628,5474,18976.586801097,40448,0.000000000,0,0.000000000,
11,0,CT_abs,DS,0,0.500000000,20,60.008638320,0,1654.735372313,1656.481296543,250.473412562,5439,0,30012,111780.912759890,5438,18885.187108284,40448,0.000000000,0,0.000000000,
12,0,CT_abs,DS,0,0.500000000,20,60.006188529,0,1687.599804025,1689.338646308,250.537286860,5427,0,29950,111506.278780871,5426,18841.151522654,40448,0.000000000,0,0.000000000,
13,0,CT_abs,DS,0,0.500000000,20,60.012364489,0,1818.950910017,1820.665131496,250.537286860,4122,0,25982,136277.574383593,4121,24608.663265200,50993,0.000000000,0,0.000000000,
14,0,CT_abs,DS,0,0.500000000,20,60.004268545,0,1921.263123773,1922.761516376,250.537286860,5243,0,28454,197298.026742449,4912,39067.745379810,38520,0.000000000,0,0.000000000,
15,0,CT_abs,DS,0,0.500000000,20,60.005554107,0,1964.079366121,1965.564245395,250.537286860,5166,0,28084,195002.015283284,4837,38647.062952851,38420,0.000000000,0,0.000000000,
2,0,CT_abs,DS,0,0.500000000,22,0.001227633,1,199.996183968,199.996183968,102.590251229,1,0,0,0.000000000,0,0.000000000,0,0.000000000,0,0.000000000,
16,0,CT_abs,DS,0,0.500000000,20,60.001336839,0,2128.378962494,2129.882647328,250.537286860,5279,0,28630,198365.465322570,4945,39253.718642422,38693,0.000000000,0,0.000000000,
3,0,CT_abs,DS,0,0.500000000,22,0.002453021,1,347.563341424,347.563341424,147.567157456,1,0,0,0.000000000,0,0.000000000,0,0.000000000,0,0.000000000,
4,0,CT_abs,DS,0,0.500000000,22,0.003033177,1,461.180422435,461.180422435,147.567157456,1,0,0,0.000000000,0,0.000000000,0,0.000000000,0,0.000000000,
5,0,CT_abs,DS,0,0.500000000,22,0.004344466,1,659.173440494,659.173440494,197.993018059,1,0,0,0.000000000,0,0.000000000,0,0.000000000,0,0.000000000,
6,0,CT_abs,DS,0,0.500000000,22,0.005258582,1,737.114609816,737.114609816,197.993018059,1,0,0,0.000000000,0,0.000000000,0,0.000000000,0,0.000000000,
7,0,CT_abs,DS,0,0.500000000,22,0.005412481,1,845.633884731,845.633884731,197.993018059,1,0,0,0.000000000,0,0.000000000,0,0.000000000,0,0.000000000,
8,0,CT_abs,DS,0,0.500000000,22,0.005908117,1,939.126062870,939.126062870,197.993018059,1,0,0,0.000000000,0,0.000000000,0,0.000000000,0,0.000000000,
9,0,CT_abs,DS,0,0.500000000,22,0.005746684,1,1020.322029767,1020.322029767,197.993018059,1,0,0,0.000000000,0,0.000000000,0,0.000000000,0,0.000000000,
10,0,CT_abs,DS,0,0.500000000,22,0.007473190,1,1145.412018601,1145.412018601,197.993018059,1,0,0,0.000000000,0,0.000000000,0,0.000000000,0,0.000000000,
17,0,CT_abs,DS,0,0.500000000,20,60.007012788,0,2260.393516070,2261.893810459,250.537286860,5226,0,28376,196763.660220683,4895,38930.353156749,38520,0.000000000,0,0.000000000,
11,0,CT_abs,DS,0,0.500000000,22,0.007933720,1,1169.243178438,1169.243178438,197.993018059,1,0,0,0.000000000,0,0.000000000,0,0.000000000,0,0.000000000,
18,0,CT_abs,DS,0,0.500000000,20,60.012768987,0,2294.229886337,2295.454975337,250.537286860,5171,0,28118,195254.470232096,4841,38676.243969153,38420,0.000000000,0,0.000000000,
12,0,CT_abs,DS,0,0.500000000,22,0.165904868,1,1401.592638207,1402.055909301,232.812730862,11,0,48,144.180299618,10,19.601363634,0,0.000000000,0,0.000000000,
19,0,CT_abs,DS,0,0.500000000,20,60.008005761,0,2477.880844247,2479.379927040,250.537286860,5218,0,28340,196537.880166845,4887,38897.089967403,38520,0.000000000,0,0.000000000,
21,0,CT_abs,DS,0,0.500000000,20,60.020018431,0,2888.886181420,2889.704056280,269.984362347,1681,0,19272,148149.210922633,1680,9307.721136468,21896,0.000000000,0,0.000000000,
20,0,CT_abs,DS,0,0.500000000,20,60.110638032,0,2747.837696519,2748.672311792,269.972504068,1661,0,19052,146456.993678765,1660,9186.198794864,21484,0.000000000,0,0.000000000,
22,0,CT_abs,DS,0,0.500000000,20,60.025708301,0,2941.316554356,2942.114983737,270.014542713,1823,0,19830,144666.832633946,1822,8402.981313871,16560,0.000000000,0,0.000000000,
23,0,CT_abs,DS,0,0.500000000,20,60.018495653,0,3173.666014124,3174.457458861,269.970776073,1849,0,20544,135647.985678154,1842,7307.437422657,5942,0.000000000,0,0.000000000,
13,0,CT_abs,DS,0,0.500000000,22,4.308192237,1,1595.639150504,1596.599849858,232.812730862,565,0,3762,7271.168512597,564,1137.287474235,5189,0.000000000,0,0.000000000,
14,0,CT_abs,DS,0,0.500000000,22,4.410182868,1,1775.460123388,1776.420822743,232.812730862,565,0,3762,7271.168512597,564,1137.287474235,5189,0.000000000,0,0.000000000,
13,0,CT_abs,DS,0,0.500000000,21,60.008154093,0,1353.171432204,1353.377024645,250.288109110,3199,0,15695,107789.000088465,3198,18967.781157211,42106,0.000000000,0,0.000000000,
2,0,CT_abs,DS,0,0.500000000,23,0.004101092,1,444.220359106,444.220359106,256.604936907,1,0,0,0.000000000,0,0.000000000,0,0.000000000,0,0.000000000,
14,0,CT_abs,DS,0,0.500000000,21,60.012157457,0,1498.580717361,1498.789583454,250.268734181,3215,0,16047,111051.654837248,3214,19180.353157601,42499,0.000000000,0,0.000000000,
3,0,CT_abs,DS,0,0.500000000,23,0.006036486,1,660.246360783,660.246360783,256.604936907,1,0,0,0.000000000,0,0.000000000,0,0.000000000,0,0.000000000,
15,0,CT_abs,DS,0,0.500000000,21,60.003343464,0,1533.457269210,1533.667677869,250.295687103,3238,0,16162,111812.257086057,3237,19296.086279682,42749,0.000000000,0,0.000000000,
4,0,CT_abs,DS,0,0.500000000,23,0.236874380,1,904.855461757,905.330810586,256.604936907,19,0,82,516.849090727,18,114.978513482,0,0.000000000,0,0.000000000,
5,0,CT_abs,DS,0,0.500000000,23,0.229966997,1,915.515865516,915.991214345,256.604936907,19,0,82,516.849090727,18,114.978513482,0,0.000000000,0,0.000000000,
6,0,CT_abs,DS,0,0.500000000,23,0.232465514,1,1028.871425079,1029.346773908,256.604936907,19,0,82,516.849090727,18,114.978513482,0,0.000000000,0,0.000000000,
7,0,CT_abs,DS,0,0.500000000,23,0.236173079,1,1161.256639253,1161.731988082,256.604936907,19,0,82,516.849090727,18,114.978513482,0,0.000000000,0,0.000000000,
8,0,CT_abs,DS,0,0.500000000,23,2.333648175,1,1367.660251558,1368.342440734,256.604936907,145,0,694,3515.609159496,144,768.830009660,0,0.000000000,0,0.000000000,
16,0,CT_abs,DS,0,0.500000000,21,60.026735401,0,1844.151077687,1844.382554563,310.693808477,2414,0,14506,92568.588051330,2413,14269.889449959,36350,0.000000000,0,0.000000000,
17,0,CT_abs,DS,0,0.500000000,21,60.019500771,0,1926.168507980,1926.398738633,310.693808477,2396,0,14370,91676.980472173,2395,14149.581834519,36250,0.000000000,0,0.000000000,
10,0,CT_abs,DS,0,0.500000000,23,15.018826089,1,1695.811441341,1696.595123586,256.604936907,798,0,3836,20922.656970719,797,4172.275719352,0,0.000000000,0,0.000000000,
9,0,CT_abs,DS,0,0.500000000,23,15.127979530,1,1553.931845004,1554.715527249,256.604936907,798,0,3836,20922.656970719,797,4172.275719352,0,0.000000000,0,0.000000000,
11,0,CT_abs,DS,0,0.500000000,23,14.882909294,1,1733.333256342,1734.116938588,256.604936907,798,0,3836,20922.656970719,797,4172.275719352,0,0.000000000,0,0.000000000,
18,0,CT_abs,DS,0,0.500000000,21,60.002689929,0,2077.132652270,2077.358896385,310.755297830,2409,0,14468,92335.109404484,2408,14232.041993695,36350,0.000000000,0,0.000000000,
19,0,CT_abs,DS,0,0.500000000,21,60.024978391,0,2324.607789633,2325.036592167,310.693808477,1319,0,11161,82890.675879421,1318,11089.989520099,58131,0.000000000,0,0.000000000,
20,0,CT_abs,DS,0,0.500000000,21,60.023928321,0,2570.281298480,2570.789048110,310.693808477,1183,0,10139,74451.817424830,1182,8554.316407823,37330,0.000000000,0,0.000000000,
21,0,CT_abs,DS,0,0.500000000,21,60.026083006,0,2681.788711435,2682.290882427,310.693808477,1175,0,10089,73981.215468713,1174,8498.815893459,37418,0.000000000,0,0.000000000,
22,0,CT_abs,DS,0,0.500000000,21,60.069037684,0,2817.018031960,2817.338034664,310.693808477,1081,0,10580,76189.031012240,1080,7021.118756192,33705,0.000000000,0,0.000000000,
12,0,CT_abs,DS,0,0.500000000,23,15.525313248,1,1819.230836327,1820.014518572,256.604936907,798,0,3836,20922.656970719,797,4172.275719352,0,0.000000000,0,0.000000000,
13,0,CT_abs,DS,0,0.500000000,23,15.683215854,1,1942.290680347,1943.074362593,256.604936907,798,0,3836,20922.656970719,797,4172.275719352,0,0.000000000,0,0.000000000,
14,0,CT_abs,DS,0,0.500000000,23,15.360352156,1,1988.505732456,1989.289414702,256.604936907,798,0,3836,20922.656970719,797,4172.275719352,0,0.000000000,0,0.000000000,
2,0,CT_abs,DS,0,0.500000000,24,0.002094752,1,294.867351253,294.867351253,154.510848952,1,0,0,0.000000000,0,0.000000000,0,0.000000000,0,0.000000000,
15,0,CT_abs,DS,0,0.500000000,23,15.252785807,1,2144.331854774,2145.115537020,256.604936907,798,0,3836,20922.656970719,797,4172.275719352,0,0.000000000,0,0.000000000,
3,0,CT_abs,DS,0,0.500000000,24,0.002655699,1,416.385057531,416.385057531,154.510848952,1,0,0,0.000000000,0,0.000000000,0,0.000000000,0,0.000000000,
4,0,CT_abs,DS,0,0.500000000,24,1.435706465,1,586.749882418,586.832117872,170.426570312,143,0,828,5537.248174197,142,1277.534020828,13905,0.000000000,0,0.000000000,
16,0,CT_abs,DS,0,0.500000000,23,15.160653999,1,2149.987397645,2150.771079890,256.604936907,798,0,3836,20922.656970719,797,4172.275719352,0,0.000000000,0,0.000000000,
5,0,CT_abs,DS,0,0.500000000,24,1.441321886,1,681.981425930,682.063661383,170.426570312,143,0,828,5537.248174197,142,1277.534020828,13905,0.000000000,0,0.000000000,
23,0,CT_abs,DS,0,0.500000000,21,60.119183519,0,3069.076367006,3069.470368815,310.755297830,854,0,8917,62662.183292545,853,5340.285448040,41410,0.000000000,0,0.000000000,
7,0,CT_abs,DS,0,0.500000000,24,1.416734567,1,949.232267289,949.314502743,185.989436136,143,0,828,5537.248174197,142,1277.534020828,13905,0.000000000,0,0.000000000,
6,0,CT_abs,DS,0,0.500000000,24,1.451623218,1,867.970862066,868.053097520,185.989436136,143,0,828,5537.248174197,142,1277.534020828,13905,0.000000000,0,0.000000000,
8,0,CT_abs,DS,0,0.500000000,24,1.445741225,1,1171.120259023,1171.202494477,221.887991733,143,0,828,5537.248174197,142,1277.534020828,13905,0.000000000,0,0.000000000,
9,0,CT_abs,DS,0,0.500000000,24,1.423132187,1,1295.275527154,1295.357762608,221.887991733,143,0,828,5537.248174197,142,1277.534020828,13905,0.000000000,0,0.000000000,
10,0,CT_abs,DS,0,0.500000000,24,1.466590388,1,1373.273443441,1373.355678895,221.887991733,143,0,828,5537.248174197,142,1277.534020828,13905,0.000000000,0,0.000000000,
11,0,CT_abs,DS,0,0.500000000,24,1.442410421,1,1571.062113325,1571.144348778,221.887991733,143,0,828,5537.248174197,142,1277.534020828,13905,0.000000000,0,0.000000000,
12,0,CT_abs,DS,0,0.500000000,24,1.481642394,1,1693.205039616,1693.287275070,221.887991733,143,0,828,5537.248174197,142,1277.534020828,13905,0.000000000,0,0.000000000,
13,0,CT_abs,DS,0,0.500000000,24,1.523444718,1,1845.280277379,1845.362512833,221.887991733,143,0,860,5569.248174408,142,1277.534020828,13905,0.000000000,0,0.000000000,
14,0,CT_abs,DS,0,0.500000000,24,1.508553007,1,2026.008896142,2026.091131596,221.887991733,143,0,860,5569.248174408,142,1277.534020828,13905,0.000000000,0,0.000000000,
15,0,CT_abs,DS,0,0.500000000,22,60.000432339,0,1928.693674720,1929.764070454,232.613678625,7707,0,34886,72280.660136174,7706,6619.172656832,7602,0.000000000,0,0.000000000,
16,0,CT_abs,DS,0,0.500000000,22,60.002606352,0,2003.760067757,2004.824682996,232.613678625,7611,0,34470,71369.623537170,7610,6533.375220175,7525,0.000000000,0,0.000000000,
17,0,CT_abs,DS,0,0.500000000,22,60.029073358,0,2086.396307878,2087.478036061,232.349459769,7634,0,34570,71584.214302343,7633,6555.222444475,7575,0.000000000,0,0.000000000,
19,0,CT_abs,DS,0,0.500000000,22,60.001653794,0,2387.137445006,2388.244286351,232.595966977,7532,0,36574,77682.696195350,7531,7847.883571422,13689,0.000000000,0,0.000000000,
18,0,CT_abs,DS,0,0.500000000,22,60.010741147,0,2184.990817146,2186.102208494,232.349459769,7495,0,36420,77365.628592489,7494,7814.319904031,13689,0.000000000,0,0.000000000,
15,0,CT_abs,DS,0,0.500000000,24,6.199210191,1,2234.817653147,2235.660301814,221.887991733,425,0,2534,15417.645322920,424,3604.432870900,37668,0.000000000,0,0.000000000,
2,0,CT_abs,DS,0,0.500000000,25,0.001293075,1,236.195007099,236.195007099,129.771588073,1,0,0,0.000000000,0,0.000000000,0,0.000000000,0,0.000000000,
20,0,CT_abs,DS,0,0.500000000,22,60.002605143,0,2489.418371258,2490.518602840,232.595966977,7567,0,36726,77981.730757089,7566,7879.945279774,13689,0.000000000,0,0.000000000,
16,0,CT_abs,DS,0,0.500000000,24,6.117494113,1,2345.222682471,2346.065331138,221.887991733,425,0,2534,15417.645322920,424,3604.432870900,37668,0.000000000,0,0.000000000,
3,0,CT_abs,DS,0,0.500000000,25,0.001700997,1,306.410783221,306.410783221,129.771588073,1,0,0,0.000000000,0,0.000000000,0,0.000000000,0,0.000000000,
4,0,CT_abs,DS,0,0.500000000,25,0.001584630,1,381.720641627,381.720641627,129.771588073,1,0,0,0.000000000,0,0.000000000,0,0.000000000,0,0.000000000,
5,0,CT_abs,DS,0,0.500000000,25,0.002469794,1,526.359421432,526.359421432,144.638779805,1,0,0,0.000000000,0,0.000000000,0,0.000000000,0,0.000000000,
21,0,CT_abs,DS,0,0.500000000,22,60.002849658,0,2561.774326823,2563.954621394,232.349459769,2818,0,16887,27199.914374084,2817,4429.218366327,142661,0.000000000,0,0.000000000,
17,0,CT_abs,DS,0,0.500000000,24,6.290766718,1,2347.801763315,2348.644411982,221.887991733,425,0,2534,15417.645322920,424,3604.432870900,37668,0.000000000,0,0.000000000,
6,0,CT_abs,DS,0,0.500000000,25,0.004548365,1,727.461838643,727.461838643,201.102417211,1,0,0,0.000000000,0,0.000000000,0,0.000000000,0,0.000000000,
7,0,CT_abs,DS,0,0.500000000,25,0.007002267,1,992.994338303,992.994338303,265.532499660,1,0,0,0.000000000,0,0.000000000,0,0.000000000,0,0.000000000,
8,0,CT_abs,DS,0,0.500000000,25,0.008331131,1,1164.634054085,1164.634054085,265.532499660,1,0,0,0.000000000,0,0.000000000,0,0.000000000,0,0.000000000,
9,0,CT_abs,DS,0,0.500000000,25,0.010926626,1,1427.983499334,1427.983499334,265.532499660,1,0,0,0.000000000,0,0.000000000,0,0.000000000,0,0.000000000,
22,0,CT_abs,DS,0,0.500000000,22,60.027833583,0,2662.218985425,2664.405121303,232.349459769,2853,0,17107,27542.765325244,2852,4478.172379509,144628,0.000000000,0,0.000000000,
18,0,CT_abs,DS,0,0.500000000,24,7.709421285,1,2481.108387792,2481.951036459,221.887991733,508,0,3126,17803.111336776,507,3254.364694505,27634,0.000000000,0,0.000000000,
23,0,CT_abs,DS,0,0.500000000,22,60.022434057,0,2831.171635386,2833.415678387,232.349459769,2836,0,17015,27393.969604437,2835,4452.512098268,143556,0.000000000,0,0.000000000,
19,0,CT_abs,DS,0,0.500000000,24,7.732167378,1,2612.661529432,2613.504178099,221.887991733,508,0,3126,17803.111336776,507,3254.364694505,27634,0.000000000,0,0.000000000,
10,0,CT_abs,DS,0,0.500000000,25,8.390999088,1,1683.042678152,1683.344410998,265.535397939,495,0,2300,4669.254571609,494,1133.185192376,0,0.000000000,0,0.000000000,
11,0,CT_abs,DS,0,0.500000000,25,8.404662667,1,1746.048013696,1746.349746542,265.535397939,495,0,2300,4669.254571609,494,1133.185192376,0,0.000000000,0,0.000000000,
17,0,CT_abs,DS,0,0.500000000,23,60.003543917,0,2358.329778219,2359.522766069,257.089014438,2675,0,12828,75899.909445461,2674,15128.675853918,18777,0.000000000,0,0.000000000,
18,0,CT_abs,DS,0,0.500000000,23,60.004209587,0,2452.511451672,2453.658919163,257.089014438,2695,0,12926,76450.337577252,2694,15241.496015372,18777,0.000000000,0,0.000000000,
19,0,CT_abs,DS,0,0.500000000,23,60.009965082,0,2568.279438592,2569.486339451,257.089014438,2619,0,12584,74532.641473518,2618,14786.414247426,18777,0.000000000,0,0.000000000,
20,0,CT_abs,DS,0,0.500000000,23,60.011869356,0,2638.517571673,2639.728315476,257.089014438,2649,0,12720,75325.438135062,2648,14954.869407713,18777,0.000000000,0,0.000000000,
21,0,CT_abs,DS,0,0.500000000,23,60.023233933,0,2841.376715673,2841.951302747,256.604936907,1431,0,9872,73076.345923646,1430,16378.831300921,133891,0.000000000,0,0.000000000,
22,0,CT_abs,DS,0,0.500000000,23,60.014012033,0,2981.056356486,2981.626408809,256.613665609,1420,0,9788,72504.239801656,1419,16244.612095412,132671,0.000000000,0,0.000000000,
23,0,CT_abs,DS,0,0.500000000,23,60.011309971,0,3099.237555969,3099.559933176,256.614963145,1714,0,14154,85322.521380217,1713,11929.202446112,74530,0.000000000,0,0.000000000,
20,0,CT_abs,DS,0,0.500000000,24,43.920683648,1,2838.490212088,2839.408652351,225.840548702,3027,0,17868,110589.294553586,3026,21199.821067132,157609,0.000000000,0,0.000000000,
21,0,CT_abs,DS,0,0.500000000,24,60.001729905,0,3013.124836051,3014.139773989,225.861450429,3898,0,19956,157583.017055927,3897,33508.482170758,15954,0.000000000,0,0.000000000,
22,0,CT_abs,DS,0,0.500000000,24,60.004105747,0,3218.682770066,3219.603393430,225.892608204,3233,0,26404,147657.986682929,3232,23478.963432176,31732,0.000000000,0,0.000000000,
23,0,CT_abs,DS,0,0.500000000,24,60.008327471,0,3300.704478940,3301.541958506,225.828682655,1125,0,8287,42544.441176017,1124,6346.585007303,37883,0.000000000,0,0.000000000,
12,0,CT_abs,DS,0,0.500000000,25,60.001007408,0,1929.012203052,1929.524384054,265.927270859,2281,0,14016,35452.839023284,2280,4045.666647849,20194,0.000000000,0,0.000000000,
13,0,CT_abs,DS,0,0.500000000,25,60.024422008,0,1968.874822867,1969.368528121,265.899808306,2296,0,14102,35672.239185055,2295,4071.261941183,20260,0.000000000,0,0.000000000,
15,0,CT_abs,DS,0,0.500000000,25,60.038177914,0,2404.436257073,2405.014981888,281.278079332,2670,0,19614,49072.077854859,2669,5167.915356418,16155,0.000000000,0,0.000000000,
14,0,CT_abs,DS,0,0.500000000,25,60.004710969,0,2249.980580798,2250.550219226,281.274101245,2627,0,19282,48209.322089448,2626,5062.090328486,15966,0.000000000,0,0.000000000,
17,0,CT_abs,DS,0,0.500000000,25,60.011330239,0,2712.105811066,2712.685239703,281.294820765,2686,0,19732,49303.424145006,2685,5196.346352932,16155,0.000000000,0,0.000000000,
16,0,CT_abs,DS,0,0.500000000,25,60.043220114,0,2606.397576053,2606.973588601,281.278079332,2678,0,19672,49180.953781378,2677,5182.022317848,16155,0.000000000,0,0.000000000,
18,0,CT_abs,DS,0,0.500000000,25,60.003524731,0,2808.870395768,2809.427718295,281.247258641,2637,0,19364,48428.953504027,2636,5087.815720359,16053,0.000000000,0,0.000000000,
19,0,CT_abs,DS,0,0.500000000,25,60.021317790,0,2949.027676485,2949.272717197,281.126924147,2738,0,19336,51995.806831146,2737,6728.305738635,40726,0.000000000,0,0.000000000,
20,0,CT_abs,DS,0,0.500000000,25,60.003842117,0,2988.122383551,2988.361087921,281.108656211,2740,0,19348,52020.527030225,2739,6731.179427652,40726,0.000000000,0,0.000000000,
21,0,CT_abs,DS,0,0.500000000,25,60.009299915,0,3133.685806912,3133.898562467,281.140900860,2684,0,23356,75477.441734671,2683,7305.420464446,35257,0.000000000,0,0.000000000,
22,0,CT_abs,DS,0,0.500000000,25,60.009348038,0,3211.187384230,3211.399908437,281.122499365,2632,0,22918,74204.172986061,2631,7182.444696019,35082,0.000000000,0,0.000000000,
23,0,CT_abs,DS,0,0.500000000,25,60.002992497,0,3337.360896580,3337.551818268,281.126924147,2689,0,25844,130946.680077957,2688,10746.417146255,70028,0.000000000,0,0.000000000,
