2,0,CT_abs,DS,ICP,0.500000000,1,0.001839814,1,270.928160792,270.928160792,152.388740215,1,0,0,0.000000000,0,0.000000000,0,0.000000000,0,0.000000000,
3,0,CT_abs,DS,ICP,0.500000000,1,0.165619578,1,432.617821368,433.087112569,162.158951776,22,0,110,1108.658236487,21,336.384501297,13563,0.000000000,0,0.000000000,
4,0,CT_abs,DS,ICP,0.500000000,1,0.164760027,1,494.836818290,495.306109491,162.158951776,22,0,110,1108.658236487,21,336.384501297,13563,0.000000000,0,0.000000000,
5,0,CT_abs,DS,ICP,0.500000000,1,0.164782539,1,529.416610812,529.885902013,162.158951776,22,0,110,1108.658236487,21,336.384501297,13563,0.000000000,0,0.000000000,
6,0,CT_abs,DS,ICP,0.500000000,1,4.469539949,1,850.779313443,851.564430460,321.678528447,219,0,1116,7148.556288777,218,1756.951339069,108572,0.000000000,0,0.000000000,
7,0,CT_abs,DS,ICP,0.500000000,1,13.425843902,1,1051.560068741,1052.380250136,321.678528447,750,0,3680,24315.168977942,749,6482.153600509,371720,0.000000000,0,0.000000000,
8,0,CT_abs,DS,ICP,0.500000000,1,13.177604117,1,1188.655025008,1189.475206403,321.678528447,750,0,3680,24315.168977942,749,6482.153600509,371720,0.000000000,0,0.000000000,
2,0,CT_abs,DS,ICP,0.500000000,2,0.001114947,1,120.463862273,120.463862273,115.523027433,1,0,0,0.000000000,0,0.000000000,0,0.000000000,0,0.000000000,
3,0,CT_abs,DS,ICP,0.500000000,2,0.299700884,1,293.895241510,293.959115808,173.431379237,63,0,332,804.062887810,62,120.859184973,12769,0.000000000,0,0.000000000,
4,0,CT_abs,DS,ICP,0.500000000,2,0.307117113,1,402.500493239,402.564367536,173.431379237,63,0,332,804.062887810,62,120.859184973,12769,0.000000000,0,0.000000000,
5,0,CT_abs,DS,ICP,0.500000000,2,0.317695598,1,598.423441790,598.487316088,195.922948551,63,0,332,804.062887810,62,120.859184973,12769,0.000000000,0,0.000000000,
6,0,CT_abs,DS,ICP,0.500000000,2,0.314997437,1,867.431996027,867.495870325,269.008554237,63,0,332,804.062887810,62,120.859184973,12769,0.000000000,0,0.000000000,
7,0,CT_abs,DS,ICP,0.500000000,2,0.308839926,1,1014.044161657,1014.108035955,269.008554237,63,0,332,804.062887810,62,120.859184973,12769,0.000000000,0,0.000000000,
8,0,CT_abs,DS,ICP,0.500000000,2,1.764256013,1,1024.337945667,1024.580126229,269.008554237,76,0,399,950.505866950,75,120.859184973,26902,0.000000000,0,0.000000000,
9,0,CT_abs,DS,ICP,0.500000000,2,1.696507831,1,1185.348096505,1185.590277068,269.008554237,76,0,399,950.505866950,75,120.859184973,26902,0.000000000,0,0.000000000,
10,0,CT_abs,DS,ICP,0.500000000,2,1.710592356,1,1361.259992477,1361.502173039,269.008554237,76,0,399,950.505866950,75,120.859184973,26902,0.000000000,0,0.000000000,
11,0,CT_abs,DS,ICP,0.500000000,2,1.783435145,1,1507.418664011,1507.660844573,269.008554237,76,0,399,950.505866950,75,120.859184973,26902,0.000000000,0,0.000000000,
12,0,CT_abs,DS,ICP,0.500000000,2,1.792619401,1,1564.528663362,1564.770843925,269.008554237,76,0,399,950.505866950,75,120.859184973,26902,0.000000000,0,0.000000000,
9,0,CT_abs,DS,ICP,0.500000000,1,30.042708401,0,1455.697720769,1456.334897012,321.362939765,2357,0,13462,103217.171496330,2356,16908.946417102,1394116,0.000000000,0,0.000000000,
10,0,CT_abs,DS,ICP,0.500000000,1,30.024699987,0,1741.261553794,1741.491247621,321.362702631,630,0,6752,42161.175013339,629,3423.882043016,719205,0.000000000,0,0.000000000,
11,0,CT_abs,DS,ICP,0.500000000,1,30.000656262,0,1956.387912942,1956.610224998,321.362702631,566,0,6660,37515.561647716,565,2688.187081692,538604,0.000000000,0,0.000000000,
12,0,CT_abs,DS,ICP,0.500000000,1,30.093950866,0,2091.406311334,2091.627509683,321.362702631,555,0,6534,36893.695404884,554,2642.383933316,529937,0.000000000,0,0.000000000,
13,0,CT_abs,DS,ICP,0.500000000,1,30.034867511,0,2269.047016264,2269.444414617,321.362702631,960,0,10124,70647.395890049,959,4031.219258722,915453,0.000000000,0,0.000000000,
14,0,CT_abs,DS,ICP,0.500000000,1,30.016616162,0,2550.351454954,2551.169126396,321.362702631,565,0,6850,49296.262153055,556,4057.673452706,610210,0.000000000,0,0.000000000,
15,0,CT_abs,DS,ICP,0.500000000,1,30.056304385,0,2697.561083539,2698.370967227,321.362702631,564,0,6838,49228.367868662,555,4054.620622066,608880,0.000000000,0,0.000000000,
16,0,CT_abs,DS,ICP,0.500000000,1,30.235599157,0,2767.106930668,2767.917368699,321.362702631,554,0,6720,48449.885786821,545,4001.413304467,598414,0.000000000,0,0.000000000,
13,0,CT_abs,DS,ICP,0.500000000,2,9.848801794,1,1656.873501402,1657.775071987,269.088434618,572,0,2729,9631.244048543,571,2206.059926600,156219,0.000000000,0,0.000000000,
17,0,CT_abs,DS,ICP,0.500000000,1,30.041052687,0,2797.124623436,2797.695841372,321.362702631,269,0,3422,24795.508116526,265,1416.714810238,299078,0.000000000,0,0.000000000,
2,0,CT_abs,DS,ICP,0.500000000,3,0.000449972,1,103.095307677,103.095307677,53.173525643,1,0,0,0.000000000,0,0.000000000,0,0.000000000,0,0.000000000,
3,0,CT_abs,DS,ICP,0.500000000,3,0.001007575,1,217.204673270,217.204673270,114.109365593,1,0,0,0.000000000,0,0.000000000,0,0.000000000,0,0.000000000,
14,0,CT_abs,DS,ICP,0.500000000,2,9.717350811,1,1899.115228129,1900.016798714,269.088434618,572,0,2729,9631.244048543,571,2206.059926600,156219,0.000000000,0,0.000000000,
18,0,CT_abs,DS,ICP,0.500000000,1,30.347301773,0,2898.619061520,2899.223041684,321.364430626,385,0,4286,29470.426992013,384,1732.694202570,336127,0.000000000,0,0.000000000,
16,0,CT_abs,DS,ICP,0.500000000,2,9.626276141,1,2362.590007237,2363.491577821,269.088434618,572,0,2729,9631.244048543,571,2206.059926600,156219,0.000000000,0,0.000000000,
4,0,CT_abs,DS,ICP,0.500000000,3,0.001580777,1,300.983020560,300.983020560,114.109365593,1,0,0,0.000000000,0,0.000000000,0,0.000000000,0,0.000000000,
5,0,CT_abs,DS,ICP,0.500000000,3,0.002104939,1,394.775363325,394.775363325,114.109365593,1,0,0,0.000000000,0,0.000000000,0,0.000000000,0,0.000000000,
15,0,CT_abs,DS,ICP,0.500000000,2,9.753164374,1,2132.270382912,2133.171953497,269.088434618,572,0,2729,9631.244048543,571,2206.059926600,156219,0.000000000,0,0.000000000,
6,0,CT_abs,DS,ICP,0.500000000,3,0.003393381,1,571.625976867,571.625976867,176.850613541,1,0,0,0.000000000,0,0.000000000,0,0.000000000,0,0.000000000,
17,0,CT_abs,DS,ICP,0.500000000,2,9.856590639,1,2405.133401300,2406.034971884,269.088434618,572,0,2729,9631.244048543,571,2206.059926600,156219,0.000000000,0,0.000000000,
7,0,CT_abs,DS,ICP,0.500000000,3,0.005388313,1,831.063235461,831.063235461,259.437258595,1,0,0,0.000000000,0,0.000000000,0,0.000000000,0,0.000000000,
18,0,CT_abs,DS,ICP,0.500000000,2,9.728425226,1,2445.148062777,2446.049633361,269.088434618,572,0,2729,9631.244048543,571,2206.059926600,156219,0.000000000,0,0.000000000,
8,0,CT_abs,DS,ICP,0.500000000,3,0.180171595,1,1001.767158386,1002.144194636,259.437258595,2,0,4,6.013989820,1,0.000000000,142,0.000000000,0,0.000000000,
19,0,CT_abs,DS,ICP,0.500000000,1,30.068784677,0,2968.964531500,2969.568102006,321.362702631,380,0,4225,28956.085743197,379,1692.896614935,329837,0.000000000,0,0.000000000,
9,0,CT_abs,DS,ICP,0.500000000,3,3.273955657,1,1162.921577261,1163.427316008,259.437258595,294,0,1560,5478.491160403,293,1085.973508516,93502,0.000000000,0,0.000000000,
20,0,CT_abs,DS,ICP,0.500000000,1,30.029754406,0,3034.341650593,3034.941727422,321.362702631,381,0,4237,29016.798121108,380,1694.444608350,330352,0.000000000,0,0.000000000,
10,0,CT_abs,DS,ICP,0.500000000,3,3.327333066,1,1407.637936247,1408.143674994,259.437258595,294,0,1560,5478.491160403,293,1085.973508516,93502,0.000000000,0,0.000000000,
11,0,CT_abs,DS,ICP,0.500000000,3,3.312601039,1,1449.120793410,1449.626532157,259.437258595,294,0,1560,5478.491160403,293,1085.973508516,93502,0.000000000,0,0.000000000,
21,0,CT_abs,DS,ICP,0.500000000,1,30.029725735,0,3109.722137706,3110.354540709,321.362702631,482,0,5287,37567.683169323,481,2173.495435129,488819,0.000000000,0,0.000000000,
22,0,CT_abs,DS,ICP,0.500000000,1,30.014937868,0,3125.146452259,3125.765501559,321.362702631,480,0,5260,37359.732204445,479,2142.957871342,486541,0.000000000,0,0.000000000,
23,0,CT_abs,DS,ICP,0.500000000,1,30.414830956,0,3316.515815535,3317.096301384,321.362702631,96,0,1126,9417.270410628,95,254.776760197,133539,0.000000000,0,0.000000000,
2,0,CT_abs,DS,ICP,0.500000000,4,0.001721771,1,248.335671148,248.335671148,127.063561164,1,0,0,0.000000000,0,0.000000000,0,0.000000000,0,0.000000000,
3,0,CT_abs,DS,ICP,0.500000000,4,0.003172185,1,419.594172579,419.594172579,171.258501431,1,0,0,0.000000000,0,0.000000000,0,0.000000000,0,0.000000000,
4,0,CT_abs,DS,ICP,0.500000000,4,0.003292170,1,502.748005742,502.748005742,171.258501431,1,0,0,0.000000000,0,0.000000000,0,0.000000000,0,0.000000000,
5,0,CT_abs,DS,ICP,0.500000000,4,0.004905589,1,704.228709184,704.228709184,201.480703442,1,0,0,0.000000000,0,0.000000000,0,0.000000000,0,0.000000000,
6,0,CT_abs,DS,ICP,0.500000000,4,0.004658136,1,713.707813553,713.707813553,201.480703442,1,0,0,0.000000000,0,0.000000000,0,0.000000000,0,0.000000000,
7,0,CT_abs,DS,ICP,0.500000000,4,0.006631589,1,939.471044601,939.471044601,225.763231048,1,0,0,0.000000000,0,0.000000000,0,0.000000000,0,0.000000000,
12,0,CT_abs,DS,ICP,0.500000000,3,19.130039645,1,1512.185088797,1512.709762736,259.437258595,1619,0,8588,31131.537198258,1618,6444.825239877,480570,0.000000000,0,0.000000000,
19,0,CT_abs,DS,ICP,0.500000000,2,30.079722682,0,2605.599571167,2606.224581957,269.008554237,113,0,627,1457.853265365,112,120.630794378,110505,0.000000000,0,0.000000000,
8,0,CT_abs,DS,ICP,0.500000000,4,6.936325347,1,1196.429399873,1196.624987093,257.153942492,150,0,821,838.321895040,149,151.449659417,44303,0.000000000,0,0.000000000,
21,0,CT_abs,DS,ICP,0.500000000,2,30.042199289,0,2888.271826129,2888.956814595,269.008554237,125,0,755,2029.112538304,124,253.597040256,114540,0.000000000,0,0.000000000,
20,0,CT_abs,DS,ICP,0.500000000,2,30.087774039,0,2765.376415368,2766.052706470,269.013199861,121,0,733,1994.157009124,120,253.597040256,109900,0.000000000,0,0.000000000,
22,0,CT_abs,DS,ICP,0.500000000,2,30.541593994,0,3057.094132582,3057.812119964,269.008554237,170,0,1170,4125.273840838,169,445.789172171,154649,0.000000000,0,0.000000000,
9,0,CT_abs,DS,ICP,0.500000000,4,7.131072894,1,1268.668427604,1268.864014825,257.153942492,150,0,821,838.321895040,149,151.449659417,44303,0.000000000,0,0.000000000,
23,0,CT_abs,DS,ICP,0.500000000,2,30.207702942,0,3322.671567429,3323.418741271,269.013199861,342,0,2563,8872.149769999,341,955.450960763,205861,0.000000000,0,0.000000000,
10,0,CT_abs,DS,ICP,0.500000000,4,6.925299315,1,1347.835425987,1348.031013207,257.153942492,150,0,821,838.321895040,149,151.449659417,44303,0.000000000,0,0.000000000,
13,0,CT_abs,DS,ICP,0.500000000,3,30.035265539,0,1694.695969100,1695.447426049,259.437258595,1931,0,11610,42976.257172490,1930,7729.272129534,731209,0.000000000,0,0.000000000,
14,0,CT_abs,DS,ICP,0.500000000,3,30.008016382,0,1762.448327382,1763.184390465,259.437258595,2003,0,12036,44458.294017622,2002,8001.460063231,759771,0.000000000,0,0.000000000,
15,0,CT_abs,DS,ICP,0.500000000,3,30.022009517,0,1963.506070420,1964.215270164,259.437258595,1531,0,11146,72045.290287185,1530,10377.669995174,1206173,0.000000000,0,0.000000000,
16,0,CT_abs,DS,ICP,0.500000000,3,30.004696200,0,2196.398984409,2197.060570299,259.437258595,1007,0,9322,71247.696484728,990,7694.006657807,1043774,0.000000000,0,0.000000000,
17,0,CT_abs,DS,ICP,0.500000000,3,30.028960238,0,2263.810008753,2264.472571769,259.437258595,1014,0,9396,71807.533641731,997,7762.717658919,1050258,0.000000000,0,0.000000000,
18,0,CT_abs,DS,ICP,0.500000000,3,30.029843958,0,2423.634846187,2424.302365689,259.437258595,1119,0,11792,96695.938114827,1058,8032.102835195,1590328,0.000000000,0,0.000000000,
19,0,CT_abs,DS,ICP,0.500000000,3,30.036789602,0,2603.495951624,2604.175157555,259.437258595,1114,0,14124,99673.077400004,1073,6793.944690599,1679264,0.000000000,0,0.000000000,
20,0,CT_abs,DS,ICP,0.500000000,3,30.025814229,0,2666.262586014,2666.941073243,259.437258595,1095,0,13870,97807.585414390,1055,6676.264471522,1647101,0.000000000,0,0.000000000,
21,0,CT_abs,DS,ICP,0.500000000,3,30.016381736,0,2802.207464723,2803.188506100,259.437258595,1115,0,14050,96598.760360737,1079,6415.897135168,1601833,0.000000000,0,0.000000000,
2,0,CT_abs,DS,ICP,0.500000000,5,0.002056008,1,318.539071397,318.539071397,179.297856041,1,0,0,0.000000000,0,0.000000000,0,0.000000000,0,0.000000000,
3,0,CT_abs,DS,ICP,0.500000000,5,0.002930643,1,459.956679347,459.956679347,179.297856041,1,0,0,0.000000000,0,0.000000000,0,0.000000000,0,0.000000000,
4,0,CT_abs,DS,ICP,0.500000000,5,0.003757491,1,588.769134359,588.769134359,179.297856041,1,0,0,0.000000000,0,0.000000000,0,0.000000000,0,0.000000000,
22,0,CT_abs,DS,ICP,0.500000000,3,30.002177141,0,2965.714162287,2966.699282973,259.437258595,860,0,12444,91398.711352951,835,3956.765655925,1270399,0.000000000,0,0.000000000,
5,0,CT_abs,DS,ICP,0.500000000,5,0.003893935,1,623.965182969,623.965182969,179.297856041,1,0,0,0.000000000,0,0.000000000,0,0.000000000,0,0.000000000,
6,0,CT_abs,DS,ICP,0.500000000,5,0.004409951,1,665.461034051,665.461034051,179.297856041,1,0,0,0.000000000,0,0.000000000,0,0.000000000,0,0.000000000,
7,0,CT_abs,DS,ICP,0.500000000,5,0.004652364,1,724.691592206,724.691592206,179.297856041,1,0,0,0.000000000,0,0.000000000,0,0.000000000,0,0.000000000,
8,0,CT_abs,DS,ICP,0.500000000,5,0.006601992,1,939.227791142,939.227791142,214.536198936,1,0,0,0.000000000,0,0.000000000,0,0.000000000,0,0.000000000,
23,0,CT_abs,DS,ICP,0.500000000,3,30.006919339,0,3054.970735120,3055.948038264,259.437258595,868,0,12568,92308.446391900,843,3985.303987445,1281744,0.000000000,0,0.000000000,
9,0,CT_abs,DS,ICP,0.500000000,5,0.007547762,1,986.260117651,986.260117651,214.536198936,1,0,0,0.000000000,0,0.000000000,0,0.000000000,0,0.000000000,
10,0,CT_abs,DS,ICP,0.500000000,5,0.009350214,1,1247.993561569,1247.993561569,261.733443919,1,0,0,0.000000000,0,0.000000000,0,0.000000000,0,0.000000000,
11,0,CT_abs,DS,ICP,0.500000000,5,0.294411456,1,1341.059773869,1341.833840747,261.733443919,67,0,312,740.496576565,66,104.443494018,4180,0.000000000,0,0.000000000,
12,0,CT_abs,DS,ICP,0.500000000,5,0.296915751,1,1543.832271680,1544.606338558,261.733443919,67,0,312,740.496576565,66,104.443494018,4180,0.000000000,0,0.000000000,
13,0,CT_abs,DS,ICP,0.500000000,5,2.532153974,1,1629.264533437,1630.470029526,261.733443919,597,0,2812,6571.141120141,596,1005.106979081,78865,0.000000000,0,0.000000000,
14,0,CT_abs,DS,ICP,0.500000000,5,2.495931912,1,1766.410646217,1767.616142306,261.733443919,597,0,2812,6571.141120141,596,1005.106979081,78865,0.000000000,0,0.000000000,
11,0,CT_abs,DS,ICP,0.500000000,4,30.026096595,0,1569.282906081,1569.793347906,257.263152617,930,0,6587,6461.090537002,928,769.410305666,149127,0.000000000,0,0.000000000,
12,0,CT_abs,DS,ICP,0.500000000,4,30.063450503,0,1612.555770590,1613.118239845,257.046394488,922,0,6533,6407.179660511,920,760.357734011,148051,0.000000000,0,0.000000000,
13,0,CT_abs,DS,ICP,0.500000000,4,30.005308931,0,1764.312953746,1764.887204465,257.231131000,1165,0,7492,8496.183996995,1163,972.699716259,159641,0.000000000,0,0.000000000,
14,0,CT_abs,DS,ICP,0.500000000,4,30.017904856,0,1956.582665980,1958.236600121,257.112225220,1036,0,7237,15819.361616503,1033,2322.933614855,229544,0.000000000,0,0.000000000,
15,0,CT_abs,DS,ICP,0.500000000,4,30.055807603,0,2090.148868432,2091.798587383,257.263152617,1043,0,7285,15873.665865092,1040,2336.369609142,231085,0.000000000,0,0.000000000,
2,0,CT_abs,DS,ICP,0.500000000,6,0.003076015,1,389.614560908,389.614560908,228.344802699,1,0,0,0.000000000,0,0.000000000,0,0.000000000,0,0.000000000,
16,0,CT_abs,DS,ICP,0.500000000,4,30.012406685,0,2258.574535867,2260.209556413,257.263152617,1916,0,11210,45343.445254169,1914,10351.153650817,410397,0.000000000,0,0.000000000,
3,0,CT_abs,DS,ICP,0.500000000,6,0.003054364,1,482.963858206,482.963858206,228.344802699,1,0,0,0.000000000,0,0.000000000,0,0.000000000,0,0.000000000,
4,0,CT_abs,DS,ICP,0.500000000,6,0.004585769,1,666.946724076,666.946724076,228.344802699,1,0,0,0.000000000,0,0.000000000,0,0.000000000,0,0.000000000,
17,0,CT_abs,DS,ICP,0.500000000,4,30.000917279,0,2386.184980414,2387.652339182,257.082965384,900,0,7367,44946.102694238,895,6577.768858385,519602,0.000000000,0,0.000000000,
5,0,CT_abs,DS,ICP,0.500000000,6,0.004926767,1,717.739198756,717.739198756,228.344802699,1,0,0,0.000000000,0,0.000000000,0,0.000000000,0,0.000000000,
6,0,CT_abs,DS,ICP,0.500000000,6,0.005207492,1,763.741588532,763.741588532,228.344802699,1,0,0,0.000000000,0,0.000000000,0,0.000000000,0,0.000000000,
7,0,CT_abs,DS,ICP,0.500000000,6,0.005618120,1,825.721953298,825.721953298,228.344802699,1,0,0,0.000000000,0,0.000000000,0,0.000000000,0,0.000000000,
18,0,CT_abs,DS,ICP,0.500000000,4,30.017820569,0,2567.528845316,2568.944342637,256.958355271,779,0,7346,50018.945328002,775,5559.787105638,528608,0.000000000,0,0.000000000,
8,0,CT_abs,DS,ICP,0.500000000,6,0.239609604,1,1026.147185786,1026.228120445,228.344802699,28,0,142,1058.321225769,27,216.702920650,13841,0.000000000,0,0.000000000,
9,0,CT_abs,DS,ICP,0.500000000,6,0.233015687,1,1115.789703038,1115.870637697,228.344802699,28,0,142,1058.321225769,27,216.702920650,13841,0.000000000,0,0.000000000,
10,0,CT_abs,DS,ICP,0.500000000,6,0.238155754,1,1392.216676377,1392.297611036,276.426973339,28,0,142,1058.321225769,27,216.702920650,13841,0.000000000,0,0.000000000,
19,0,CT_abs,DS,ICP,0.500000000,4,30.011594248,0,2790.348084490,2791.674962404,256.958355271,786,0,7408,50446.109014174,782,5601.750077453,532872,0.000000000,0,0.000000000,
20,0,CT_abs,DS,ICP,0.500000000,4,30.030052790,0,2918.770816008,2920.183785148,256.958355271,789,0,7434,50636.735347114,785,5623.451883981,534816,0.000000000,0,0.000000000,
21,0,CT_abs,DS,ICP,0.500000000,4,30.001738464,0,3124.957629130,3126.376160747,257.112225220,772,0,7284,49527.141693595,768,5494.634449505,523354,0.000000000,0,0.000000000,
22,0,CT_abs,DS,ICP,0.500000000,4,30.024295958,0,3395.732256056,3396.919555017,270.786448839,587,0,5371,27320.345750556,586,3123.437235109,353203,0.000000000,0,0.000000000,
23,0,CT_abs,DS,ICP,0.500000000,4,30.017397073,0,3527.288241605,3528.528019907,271.009005098,619,0,5743,29907.691910140,618,3339.999274590,376962,0.000000000,0,0.000000000,
15,0,CT_abs,DS,ICP,0.500000000,5,30.041218714,0,2056.944432251,2058.090921425,290.727911888,1043,0,4990,17174.472231611,1042,3896.574434879,196949,0.000000000,0,0.000000000,
17,0,CT_abs,DS,ICP,0.500000000,5,30.062740430,0,2095.391153641,2096.548920580,290.727911888,1053,0,5011,17205.701331423,1052,3896.574434879,221462,0.000000000,0,0.000000000,
16,0,CT_abs,DS,ICP,0.500000000,5,30.208627609,0,2075.464982628,2076.622749567,290.727911888,1053,0,5011,17205.701331423,1052,3896.574434879,221462,0.000000000,0,0.000000000,
18,0,CT_abs,DS,ICP,0.500000000,5,30.144426968,0,2150.242994059,2151.398110634,290.750938137,1031,0,4905,16898.087858656,1030,3813.980138388,218447,0.000000000,0,0.000000000,
19,0,CT_abs,DS,ICP,0.500000000,5,30.005773106,0,2333.605220063,2334.827304979,291.042988569,681,0,3333,12060.237851846,680,2630.539999772,218580,0.000000000,0,0.000000000,
2,0,CT_abs,DS,ICP,0.500000000,7,0.000890446,1,134.973331474,134.973331474,128.620364257,1,0,0,0.000000000,0,0.000000000,0,0.000000000,0,0.000000000,
3,0,CT_abs,DS,ICP,0.500000000,7,0.001794277,1,269.109129434,269.109129434,134.135797960,1,0,0,0.000000000,0,0.000000000,0,0.000000000,0,0.000000000,
4,0,CT_abs,DS,ICP,0.500000000,7,0.210593135,1,464.284561352,464.415780041,195.306650607,33,0,154,1246.803073161,32,298.331089691,13472,0.000000000,0,0.000000000,
5,0,CT_abs,DS,ICP,0.500000000,7,0.227579923,1,627.691300715,627.822519404,195.306650607,33,0,154,1246.803073161,32,298.331089691,13472,0.000000000,0,0.000000000,
6,0,CT_abs,DS,ICP,0.500000000,7,0.214115792,1,741.299406571,741.430625260,195.306650607,33,0,154,1246.803073161,32,298.331089691,13472,0.000000000,0,0.000000000,
7,0,CT_abs,DS,ICP,0.500000000,7,0.214376110,1,857.649085362,857.780304051,195.306650607,33,0,154,1246.803073161,32,298.331089691,13472,0.000000000,0,0.000000000,
8,0,CT_abs,DS,ICP,0.500000000,7,0.210329348,1,958.992179414,959.123398103,195.306650607,33,0,154,1246.803073161,32,298.331089691,13472,0.000000000,0,0.000000000,
9,0,CT_abs,DS,ICP,0.500000000,7,0.218550427,1,1044.629308536,1044.760527225,195.306650607,33,0,154,1246.803073161,32,298.331089691,13472,0.000000000,0,0.000000000,
10,0,CT_abs,DS,ICP,0.500000000,7,2.620925700,1,1155.026009844,1155.257341689,195.306650607,602,0,2908,12524.458548935,601,3658.240604653,137417,0.000000000,0,0.000000000,
20,0,CT_abs,DS,ICP,0.500000000,5,30.192922944,0,2389.562666499,2390.776802937,290.719922063,668,0,3269,11825.546243986,667,2558.628878926,216070,0.000000000,0,0.000000000,
11,0,CT_abs,DS,ICP,0.500000000,7,2.601123381,1,1163.947736016,1164.179067862,195.306650607,602,0,2908,12524.458548935,601,3658.240604653,137417,0.000000000,0,0.000000000,
21,0,CT_abs,DS,ICP,0.500000000,5,30.011390768,0,2555.592908550,2556.805685446,290.667018994,663,0,3247,11722.554596696,662,2525.611216563,214209,0.000000000,0,0.000000000,
12,0,CT_abs,DS,ICP,0.500000000,7,2.634527420,1,1227.972339156,1228.203671002,195.306650607,602,0,2908,12524.458548935,601,3658.240604653,137417,0.000000000,0,0.000000000,
23,0,CT_abs,DS,ICP,0.500000000,5,30.020089865,0,2828.344492021,2829.252895803,290.727911888,858,0,4277,19263.420237730,857,4419.218938603,257837,0.000000000,0,0.000000000,
22,0,CT_abs,DS,ICP,0.500000000,5,30.042380827,0,2677.680169525,2678.588573307,290.727911888,858,0,4277,19263.420237730,857,4419.218938603,257837,0.000000000,0,0.000000000,
13,0,CT_abs,DS,ICP,0.500000000,7,2.607997764,1,1474.153517496,1474.384849342,246.181178340,602,0,2908,12524.458548935,601,3658.240604653,137417,0.000000000,0,0.000000000,
14,0,CT_abs,DS,ICP,0.500000000,7,2.645866706,1,1596.516201770,1596.747533615,246.181178340,602,0,2908,12524.458548935,601,3658.240604653,137417,0.000000000,0,0.000000000,
11,0,CT_abs,DS,ICP,0.500000000,6,30.004548927,0,1627.829028618,1628.030576801,276.426973339,2541,0,13386,39243.572873134,2540,7610.509051983,756086,0.000000000,0,0.000000000,
12,0,CT_abs,DS,ICP,0.500000000,6,30.011274617,0,1823.751106768,1823.914283746,276.426973339,2650,0,13818,40701.518422542,2649,7910.315335125,719209,0.000000000,0,0.000000000,
13,0,CT_abs,DS,ICP,0.500000000,6,30.008762643,0,1916.300722383,1916.454571207,276.426973339,2681,0,13980,41200.330819221,2680,7987.618680596,727311,0.000000000,0,0.000000000,
14,0,CT_abs,DS,ICP,0.500000000,6,30.008697297,0,2003.234153827,2003.449310497,276.426973339,3007,0,19666,78104.972749295,3006,11032.756692166,943516,0.000000000,0,0.000000000,
15,0,CT_abs,DS,ICP,0.500000000,6,30.009095158,0,2173.530052558,2173.739762512,276.426973339,2948,0,19256,76452.891609445,2947,10763.831894814,923923,0.000000000,0,0.000000000,
16,0,CT_abs,DS,ICP,0.500000000,6,30.011626127,0,2339.950161385,2340.233856945,276.426973339,2719,0,18696,78206.808588132,2718,10155.170004628,960563,0.000000000,0,0.000000000,
17,0,CT_abs,DS,ICP,0.500000000,6,30.000752833,0,2516.084926438,2516.370481429,276.426973339,2702,0,18586,77776.499929731,2701,10091.209145480,956184,0.000000000,0,0.000000000,
2,0,CT_abs,DS,ICP,0.500000000,8,0.001531054,1,246.943162175,246.943162175,137.030992916,1,0,0,0.000000000,0,0.000000000,0,0.000000000,0,0.000000000,
3,0,CT_abs,DS,ICP,0.500000000,8,0.001952251,1,282.703854233,282.703854233,137.030992916,1,0,0,0.000000000,0,0.000000000,0,0.000000000,0,0.000000000,
4,0,CT_abs,DS,ICP,0.500000000,8,0.001970085,1,289.170487592,289.170487592,137.030992916,1,0,0,0.000000000,0,0.000000000,0,0.000000000,0,0.000000000,
16,0,CT_abs,DS,ICP,0.500000000,7,4.243451293,1,1828.253110708,1829.239659031,246.181178340,672,0,3226,15279.703422864,671,4298.851071674,168705,0.000000000,0,0.000000000,
17,0,CT_abs,DS,ICP,0.500000000,7,4.250363522,1,1936.131388245,1937.117936568,246.181178340,672,0,3226,15279.703422864,671,4298.851071674,168705,0.000000000,0,0.000000000,
15,0,CT_abs,DS,ICP,0.500000000,7,4.354335239,1,1776.950856359,1777.937404682,246.181178340,672,0,3226,15279.703422864,671,4298.851071674,168705,0.000000000,0,0.000000000,
5,0,CT_abs,DS,ICP,0.500000000,8,0.004737103,1,544.361709814,544.361709814,255.191222223,1,0,0,0.000000000,0,0.000000000,0,0.000000000,0,0.000000000,
6,0,CT_abs,DS,ICP,0.500000000,8,0.004941264,1,591.834523595,591.834523595,255.191222223,1,0,0,0.000000000,0,0.000000000,0,0.000000000,0,0.000000000,
7,0,CT_abs,DS,ICP,0.500000000,8,0.005277704,1,661.988188858,661.988188858,255.191222223,1,0,0,0.000000000,0,0.000000000,0,0.000000000,0,0.000000000,
8,0,CT_abs,DS,ICP,0.500000000,8,0.005506451,1,664.854280971,664.854280971,255.191222223,1,0,0,0.000000000,0,0.000000000,0,0.000000000,0,0.000000000,
9,0,CT_abs,DS,ICP,0.500000000,8,0.006982483,1,818.461276207,818.461276207,255.191222223,1,0,0,0.000000000,0,0.000000000,0,0.000000000,0,0.000000000,
18,0,CT_abs,DS,ICP,0.500000000,6,30.007510869,0,2795.810246412,2796.061470536,279.747035574,1192,0,9784,77316.833236138,1191,10925.073250222,908597,0.000000000,0,0.000000000,
10,0,CT_abs,DS,ICP,0.500000000,8,0.007245454,1,886.776718147,886.776718147,255.191222223,1,0,0,0.000000000,0,0.000000000,0,0.000000000,0,0.000000000,
11,0,CT_abs,DS,ICP,0.500000000,8,0.007267095,1,919.556590476,919.556590476,255.191222223,1,0,0,0.000000000,0,0.000000000,0,0.000000000,0,0.000000000,
12,0,CT_abs,DS,ICP,0.500000000,8,0.008009283,1,1044.490087493,1044.490087493,255.191222223,1,0,0,0.000000000,0,0.000000000,0,0.000000000,0,0.000000000,
19,0,CT_abs,DS,ICP,0.500000000,6,30.031071263,0,2873.636463407,2873.881625684,279.744319971,1159,0,9576,75418.619101070,1158,10606.363630958,887318,0.000000000,0,0.000000000,
13,0,CT_abs,DS,ICP,0.500000000,8,0.811922206,1,1338.873059443,1338.925287967,294.435200474,4,0,6,4.149836222,3,0.000000000,5568,0.000000000,0,0.000000000,
15,0,CT_abs,DS,ICP,0.500000000,8,0.814527551,1,1555.278017385,1555.330245910,294.435200474,4,0,6,4.149836222,3,0.000000000,5568,0.000000000,0,0.000000000,
14,0,CT_abs,DS,ICP,0.500000000,8,0.813920644,1,1455.671289133,1455.723517658,294.435200474,4,0,6,4.149836222,3,0.000000000,5568,0.000000000,0,0.000000000,
16,0,CT_abs,DS,ICP,0.500000000,8,0.798672158,1,1696.978252654,1697.030481179,294.435200474,4,0,6,4.149836222,3,0.000000000,5568,0.000000000,0,0.000000000,
2,0,CT_abs,DS,ICP,0.500000000,9,0.003442360,1,474.435626950,474.435626950,252.689178428,1,0,0,0.000000000,0,0.000000000,0,0.000000000,0,0.000000000,
18,0,CT_abs,DS,ICP,0.500000000,8,0.781043117,1,1861.102552036,1861.154780561,294.435200474,4,0,6,4.149836222,3,0.000000000,5568,0.000000000,0,0.000000000,
17,0,CT_abs,DS,ICP,0.500000000,8,0.804673783,1,1830.409457425,1830.461685950,294.435200474,4,0,6,4.149836222,3,0.000000000,5568,0.000000000,0,0.000000000,
3,0,CT_abs,DS,ICP,0.500000000,9,0.004974024,1,532.647246272,532.647246272,252.689178428,1,0,0,0.000000000,0,0.000000000,0,0.000000000,0,0.000000000,
21,0,CT_abs,DS,ICP,0.500000000,6,30.009323610,0,3321.464663498,3321.728310293,279.725319974,1298,0,11284,77445.753728495,1297,10453.252136435,940495,0.000000000,0,0.000000000,
20,0,CT_abs,DS,ICP,0.500000000,6,30.038264032,0,3102.628240418,3102.894168795,279.725319974,1434,0,11748,82135.318043841,1433,11706.770238094,1005761,0.000000000,0,0.000000000,
22,0,CT_abs,DS,ICP,0.500000000,6,30.025407666,0,3505.069012626,3505.336421040,279.744319971,840,0,8838,63720.154960379,839,7201.958649903,744789,0.000000000,0,0.000000000,
18,0,CT_abs,DS,ICP,0.500000000,7,7.992082963,1,2031.405485535,2032.412853046,246.181178340,1129,0,5422,25504.999198533,1128,6577.805178963,288273,0.000000000,0,0.000000000,
19,0,CT_abs,DS,ICP,0.500000000,7,8.488498984,1,2191.016857287,2192.024224799,246.181178340,1130,0,5426,25514.610511178,1129,6582.103222619,288453,0.000000000,0,0.000000000,
23,0,CT_abs,DS,ICP,0.500000000,6,30.086896627,0,3555.097051761,3555.364460175,279.725319974,843,0,8878,64060.317884415,842,7242.065662578,749136,0.000000000,0,0.000000000,
5,0,CT_abs,DS,ICP,0.500000000,9,4.944139516,1,937.883275858,938.770524301,253.570639959,169,0,926,5675.469285654,168,959.542793171,54933,0.000000000,0,0.000000000,
4,0,CT_abs,DS,ICP,0.500000000,9,5.074993646,1,776.496565183,777.383813626,253.570639959,169,0,926,5675.469285654,168,959.542793171,54933,0.000000000,0,0.000000000,
20,0,CT_abs,DS,ICP,0.500000000,7,30.015062098,0,2433.223603387,2434.098197618,246.181178340,1286,0,7186,47532.010995430,1285,8133.045089125,588625,0.000000000,0,0.000000000,
21,0,CT_abs,DS,ICP,0.500000000,7,30.041359372,0,2555.255476521,2556.135972491,246.181178340,1341,0,7456,48328.762288504,1340,8329.461549507,601312,0.000000000,0,0.000000000,
22,0,CT_abs,DS,ICP,0.500000000,7,30.012489428,0,2668.566949921,2669.446139640,246.181178340,1266,0,7110,47193.221739165,1265,7987.824955155,582920,0.000000000,0,0.000000000,
23,0,CT_abs,DS,ICP,0.500000000,7,30.017248306,0,2753.966772364,2755.375144505,246.181178340,1575,0,8756,55572.439730971,1574,8841.239427870,753956,0.000000000,0,0.000000000,
19,0,CT_abs,DS,ICP,0.500000000,8,28.276759387,1,1985.910443195,1986.643011109,294.435200474,811,0,4816,13050.738026932,810,1774.169173890,288096,0.000000000,0,0.000000000,
20,0,CT_abs,DS,ICP,0.500000000,8,30.000876177,0,2092.490475028,2093.354388034,294.382971950,3730,0,18701,26094.314783161,3729,4204.463705487,275729,0.000000000,0,0.000000000,
22,0,CT_abs,DS,ICP,0.500000000,8,30.005592363,0,2438.371641543,2439.096811866,294.494056533,1474,0,10938,50189.307986580,1473,8694.994006403,661455,0.000000000,0,0.000000000,
23,0,CT_abs,DS,ICP,0.500000000,8,30.007752196,0,2454.293431080,2455.017773063,294.494056533,1433,0,10615,48632.021936267,1432,8433.529790847,642751,0.000000000,0,0.000000000,
21,0,CT_abs,DS,ICP,0.500000000,8,30.115543191,0,2290.502195584,2291.349723419,294.384907701,3775,0,18906,26341.281656793,3774,4244.381174808,278808,0.000000000,0,0.000000000,
6,0,CT_abs,DS,ICP,0.500000000,9,30.006758454,0,1175.577287263,1176.753162101,253.570639959,1209,0,6240,30316.575934310,1208,5188.385591003,405299,0.000000000,0,0.000000000,
7,0,CT_abs,DS,ICP,0.500000000,9,30.042866865,0,1218.605096300,1219.786023182,252.689178428,1220,0,6298,30605.441231510,1219,5243.087430942,410212,0.000000000,0,0.000000000,
8,0,CT_abs,DS,ICP,0.500000000,9,30.011157632,0,1250.334291021,1251.475417039,253.570639959,1204,0,6216,30261.602023958,1203,5178.505841755,403689,0.000000000,0,0.000000000,
9,0,CT_abs,DS,ICP,0.500000000,9,30.014970910,0,1375.183272484,1376.353601721,253.570639959,1210,0,6244,30325.679035279,1209,5190.096371093,405579,0.000000000,0,0.000000000,
2,0,CT_abs,DS,ICP,0.500000000,10,0.001256922,1,221.408549047,221.408549047,132.945719372,1,0,0,0.000000000,0,0.000000000,0,0.000000000,0,0.000000000,
3,0,CT_abs,DS,ICP,0.500000000,10,0.005873476,1,301.607416628,301.607692970,132.945719372,2,0,6,35.902684124,1,10.798215398,345,0.000000000,0,0.000000000,
4,0,CT_abs,DS,ICP,0.500000000,10,0.006571453,1,404.020939874,404.021216216,132.945719372,2,0,6,35.902684124,1,10.798215398,345,0.000000000,0,0.000000000,
5,0,CT_abs,DS,ICP,0.500000000,10,0.006934172,1,486.929435977,486.929712319,132.945719372,2,0,6,35.902684124,1,10.798215398,345,0.000000000,0,0.000000000,
10,0,CT_abs,DS,ICP,0.500000000,9,30.004218704,0,1405.039741774,1406.227453701,253.570639959,1242,0,6412,31024.987674130,1241,5313.187779026,416843,0.000000000,0,0.000000000,
11,0,CT_abs,DS,ICP,0.500000000,9,30.012116190,0,1550.284454133,1551.467567113,253.570639959,1233,0,6364,30824.884180715,1232,5272.096950030,413399,0.000000000,0,0.000000000,
6,0,CT_abs,DS,ICP,0.500000000,10,1.878086588,1,691.255892589,691.343040891,204.413328572,11,0,42,91.133237703,10,10.798215398,17767,0.000000000,0,0.000000000,
12,0,CT_abs,DS,ICP,0.500000000,9,30.000930173,0,1742.484162385,1742.855255835,252.723126229,815,0,4730,29612.825391815,814,5245.455333535,382368,0.000000000,0,0.000000000,
7,0,CT_abs,DS,ICP,0.500000000,10,2.586885789,1,751.740289939,751.858092622,204.443982953,16,0,57,110.051320404,15,10.798215398,32507,0.000000000,0,0.000000000,
8,0,CT_abs,DS,ICP,0.500000000,10,2.650432088,1,833.272027292,833.389829976,204.443982953,16,0,57,110.051320404,15,10.798215398,32507,0.000000000,0,0.000000000,
13,0,CT_abs,DS,ICP,0.500000000,9,30.093192405,0,1854.400508882,1854.742717270,252.844776148,680,0,4962,23982.854355095,679,2656.815315201,311103,0.000000000,0,0.000000000,
14,0,CT_abs,DS,ICP,0.500000000,9,30.010895773,0,2020.764286474,2021.124868897,252.723126229,1282,0,9626,60056.954227057,1281,8375.389949774,764358,0.000000000,0,0.000000000,
9,0,CT_abs,DS,ICP,0.500000000,10,4.252371451,1,977.497201674,977.903825567,204.443982953,41,0,159,279.442721069,40,10.798215398,72452,0.000000000,0,0.000000000,
10,0,CT_abs,DS,ICP,0.500000000,10,4.205045016,1,1231.909358668,1232.315982562,254.412156994,41,0,159,279.442721069,40,10.798215398,72452,0.000000000,0,0.000000000,
11,0,CT_abs,DS,ICP,0.500000000,10,4.195266397,1,1319.323425481,1319.730049374,254.412156994,41,0,159,279.442721069,40,10.798215398,72452,0.000000000,0,0.000000000,
12,0,CT_abs,DS,ICP,0.500000000,10,4.245817231,1,1456.993742906,1457.400366799,254.412156994,41,0,159,279.442721069,40,10.798215398,72452,0.000000000,0,0.000000000,
13,0,CT_abs,DS,ICP,0.500000000,10,4.210668131,1,1607.742473346,1608.149097239,254.412156994,41,0,159,279.442721069,40,10.798215398,72452,0.000000000,0,0.000000000,
14,0,CT_abs,DS,ICP,0.500000000,10,4.215805030,1,1740.936915211,1741.343539104,254.412156994,41,0,159,279.442721069,40,10.798215398,72452,0.000000000,0,0.000000000,
15,0,CT_abs,DS,ICP,0.500000000,10,16.115985781,1,1813.724984446,1814.163109146,254.412156994,175,0,685,1162.173785284,174,45.171607354,275874,0.000000000,0,0.000000000,
2,0,CT_abs,DS,ICP,0.500000000,11,0.001144821,1,196.315844921,196.315844921,151.513947780,1,0,0,0.000000000,0,0.000000000,0,0.000000000,0,0.000000000,
3,0,CT_abs,DS,ICP,0.500000000,11,0.001936532,1,352.635329813,352.635329813,156.319484892,1,0,0,0.000000000,0,0.000000000,0,0.000000000,0,0.000000000,
15,0,CT_abs,DS,ICP,0.500000000,9,30.025530561,0,2056.421184349,2056.834256383,252.690906422,1289,0,9682,60400.537589459,1288,8427.076697991,769048,0.000000000,0,0.000000000,
4,0,CT_abs,DS,ICP,0.500000000,11,0.002081414,1,410.573414594,410.573414594,156.319484892,1,0,0,0.000000000,0,0.000000000,0,0.000000000,0,0.000000000,
5,0,CT_abs,DS,ICP,0.500000000,11,0.002293631,1,439.331477254,439.331477254,156.319484892,1,0,0,0.000000000,0,0.000000000,0,0.000000000,0,0.000000000,
16,0,CT_abs,DS,ICP,0.500000000,9,30.008044723,0,2223.425384917,2223.775603527,252.791792637,1170,0,10008,65559.184203269,1169,7896.783596876,891916,0.000000000,0,0.000000000,
18,0,CT_abs,DS,ICP,0.500000000,9,30.011748668,0,2348.928256808,2349.321568121,252.697907130,1141,0,9722,63869.899059045,1140,7815.802107000,868626,0.000000000,0,0.000000000,
17,0,CT_abs,DS,ICP,0.500000000,9,30.029945686,0,2237.917959259,2238.318992226,252.917901101,1158,0,9894,64847.922655663,1157,7858.976661095,883049,0.000000000,0,0.000000000,
6,0,CT_abs,DS,ICP,0.500000000,11,0.002522498,1,483.582467043,483.582467043,156.319484892,1,0,0,0.000000000,0,0.000000000,0,0.000000000,0,0.000000000,
7,0,CT_abs,DS,ICP,0.500000000,11,0.004631784,1,725.203641324,725.203641324,241.621174281,1,0,0,0.000000000,0,0.000000000,0,0.000000000,0,0.000000000,
8,0,CT_abs,DS,ICP,0.500000000,11,0.005839823,1,904.464926289,904.464926289,241.621174281,1,0,0,0.000000000,0,0.000000000,0,0.000000000,0,0.000000000,
19,0,CT_abs,DS,ICP,0.500000000,9,30.002006325,0,2523.621046687,2524.003529784,252.720998522,1076,0,9780,65784.922554954,1075,7519.397093424,915644,0.000000000,0,0.000000000,
9,0,CT_abs,DS,ICP,0.500000000,11,1.374223661,1,1020.360210574,1020.530172108,241.621174281,157,0,732,1386.249554540,156,338.785885498,34671,0.000000000,0,0.000000000,
10,0,CT_abs,DS,ICP,0.500000000,11,1.391145563,1,1051.288705587,1051.458667120,241.621174281,157,0,732,1386.249554540,156,338.785885498,34671,0.000000000,0,0.000000000,
20,0,CT_abs,DS,ICP,0.500000000,9,30.000545247,0,2636.089908832,2636.473547754,252.781354295,1096,0,9972,66897.980034459,1095,7600.812053437,933393,0.000000000,0,0.000000000,
21,0,CT_abs,DS,ICP,0.500000000,9,30.059318387,0,2708.607562659,2709.097102542,252.689178428,138,0,1290,5508.254414383,137,257.118480975,306771,0.000000000,0,0.000000000,
22,0,CT_abs,DS,ICP,0.500000000,9,30.001014472,0,2832.930378064,2833.691061584,252.689178428,259,0,2416,12070.243534913,236,1418.365830731,422834,0.000000000,0,0.000000000,
23,0,CT_abs,DS,ICP,0.500000000,9,30.087463590,0,3001.333437844,3002.094121364,252.689178428,259,0,2416,12070.243534913,236,1418.365830731,422834,0.000000000,0,0.000000000,
16,0,CT_abs,DS,ICP,0.500000000,10,30.059214053,0,1970.239632302,1970.564645168,254.412156994,326,0,1283,2422.658984222,325,177.798583273,501700,0.000000000,0,0.000000000,
17,0,CT_abs,DS,ICP,0.500000000,10,30.013382148,0,1990.867707095,1991.186910886,254.434995787,339,0,1335,2509.326585031,338,177.798583273,526970,0.000000000,0,0.000000000,
18,0,CT_abs,DS,ICP,0.500000000,10,30.065063723,0,2078.209406327,2078.533937685,254.412156994,345,0,1361,2546.205593250,344,177.928463769,534002,0.000000000,0,0.000000000,
19,0,CT_abs,DS,ICP,0.500000000,10,30.049563597,0,2110.923959537,2111.250749310,254.434995787,350,0,1381,2576.371386317,349,178.514312896,538843,0.000000000,0,0.000000000,
20,0,CT_abs,DS,ICP,0.500000000,10,30.066194873,0,2188.096000762,2188.500004128,254.595978400,361,0,1360,3169.080427136,360,395.100863581,566001,0.000000000,0,0.000000000,
2,0,CT_abs,DS,ICP,0.500000000,12,0.003581448,1,418.118189468,418.118189468,226.009705095,1,0,0,0.000000000,0,0.000000000,0,0.000000000,0,0.000000000,
22,0,CT_abs,DS,ICP,0.500000000,10,30.101810225,0,2720.349965546,2720.724291792,283.340694276,560,0,2658,10376.492297010,559,1574.324051959,684789,0.000000000,0,0.000000000,
21,0,CT_abs,DS,ICP,0.500000000,10,30.168326019,0,2471.424828991,2471.810072459,283.330278077,289,0,1174,3188.883324911,288,371.836711544,469929,0.000000000,0,0.000000000,
23,0,CT_abs,DS,ICP,0.500000000,10,30.212539172,0,2800.603988807,2801.137794987,283.340694276,338,0,1689,6135.803394725,337,911.209118409,416996,0.000000000,0,0.000000000,
3,0,CT_abs,DS,ICP,0.500000000,12,0.003608419,1,507.828469835,507.828469835,226.009705095,1,0,0,0.000000000,0,0.000000000,0,0.000000000,0,0.000000000,
4,0,CT_abs,DS,ICP,0.500000000,12,0.137600856,1,611.637269042,611.687003913,226.059439965,2,0,2,3.889363506,1,0.000000000,330,0.000000000,0,0.000000000,
5,0,CT_abs,DS,ICP,0.500000000,12,0.140514135,1,728.073249910,728.122984780,226.059439965,2,0,2,3.889363506,1,0.000000000,330,0.000000000,0,0.000000000,
6,0,CT_abs,DS,ICP,0.500000000,12,2.219272876,1,994.059268626,994.672749883,265.986018716,110,0,466,1121.059293247,109,342.655125203,32934,0.000000000,0,0.000000000,
8,0,CT_abs,DS,ICP,0.500000000,12,2.217223653,1,1372.698583688,1373.312064945,265.986018716,110,0,466,1121.059293247,109,342.655125203,32934,0.000000000,0,0.000000000,
7,0,CT_abs,DS,ICP,0.500000000,12,2.294925330,1,1106.818818340,1107.432299598,265.986018716,110,0,466,1121.059293247,109,342.655125203,32934,0.000000000,0,0.000000000,
9,0,CT_abs,DS,ICP,0.500000000,12,2.967290998,1,1507.483857317,1508.109751383,265.986018716,111,0,470,1124.060993114,110,342.655125203,33480,0.000000000,0,0.000000000,
12,0,CT_abs,DS,ICP,0.500000000,11,30.031283526,0,1122.120890320,1122.591486488,241.887230710,950,0,4622,8519.315325488,949,1140.682876869,306617,0.000000000,0,0.000000000,
13,0,CT_abs,DS,ICP,0.500000000,11,30.113033038,0,1174.374379183,1174.899359342,241.919635246,943,0,4583,8448.510887534,942,1131.364538661,304002,0.000000000,0,0.000000000,
14,0,CT_abs,DS,ICP,0.500000000,11,30.106083264,0,1287.664161947,1288.194951059,241.925444200,955,0,4644,8564.840873779,954,1147.937853990,309206,0.000000000,0,0.000000000,
11,0,CT_abs,DS,ICP,0.500000000,11,30.217509676,0,1100.237205783,1100.771407763,241.928857068,964,0,4682,8642.140605881,963,1159.128540641,311490,0.000000000,0,0.000000000,
15,0,CT_abs,DS,ICP,0.500000000,11,30.016507421,0,1430.581432922,1431.098564501,241.928029929,946,0,4598,8477.722102502,945,1134.094057408,304556,0.000000000,0,0.000000000,
16,0,CT_abs,DS,ICP,0.500000000,11,30.032554103,0,1465.827635341,1466.298231509,241.887230710,950,0,4622,8519.315325488,949,1140.682876869,306617,0.000000000,0,0.000000000,
17,0,CT_abs,DS,ICP,0.500000000,11,30.016857681,0,1523.727386701,1524.249916877,241.737872141,949,0,4615,8509.641454591,948,1139.040554501,306265,0.000000000,0,0.000000000,
18,0,CT_abs,DS,ICP,0.500000000,11,30.014560434,0,1579.721708074,1580.237875538,242.135613751,952,0,4631,8543.380462115,951,1144.701251389,307295,0.000000000,0,0.000000000,
19,0,CT_abs,DS,ICP,0.500000000,11,30.032426565,0,1752.912432527,1753.735712270,241.623688112,929,0,4984,9856.263390290,928,1412.347098484,429033,0.000000000,0,0.000000000,
20,0,CT_abs,DS,ICP,0.500000000,11,30.015225505,0,1806.668421689,1807.467998255,241.637519750,909,0,5123,10579.364432496,908,1547.403994176,403564,0.000000000,0,0.000000000,
2,0,CT_abs,DS,ICP,0.500000000,13,0.002168336,1,268.761669953,268.761669953,229.271877291,1,0,0,0.000000000,0,0.000000000,0,0.000000000,0,0.000000000,
3,0,CT_abs,DS,ICP,0.500000000,13,0.002479879,1,318.789709088,318.789709088,229.271877291,1,0,0,0.000000000,0,0.000000000,0,0.000000000,0,0.000000000,
4,0,CT_abs,DS,ICP,0.500000000,13,0.004839501,1,604.630517272,604.630517272,285.840808184,1,0,0,0.000000000,0,0.000000000,0,0.000000000,0,0.000000000,
5,0,CT_abs,DS,ICP,0.500000000,13,0.005502522,1,684.310659879,684.310659879,285.840808184,1,0,0,0.000000000,0,0.000000000,0,0.000000000,0,0.000000000,
6,0,CT_abs,DS,ICP,0.500000000,13,0.006166012,1,838.840507490,838.840507490,285.840808184,1,0,0,0.000000000,0,0.000000000,0,0.000000000,0,0.000000000,
7,0,CT_abs,DS,ICP,0.500000000,13,0.008082588,1,1040.214893953,1040.214893953,285.840808184,1,0,0,0.000000000,0,0.000000000,0,0.000000000,0,0.000000000,
8,0,CT_abs,DS,ICP,0.500000000,13,0.008263374,1,1215.516765469,1215.516765469,285.840808184,1,0,0,0.000000000,0,0.000000000,0,0.000000000,0,0.000000000,
21,0,CT_abs,DS,ICP,0.500000000,11,30.105999484,0,2108.558892921,2109.400835618,302.007913931,242,0,1726,5913.293367276,241,408.265937142,262346,0.000000000,0,0.000000000,
9,0,CT_abs,DS,ICP,0.500000000,13,0.010428376,1,1325.113034558,1325.113034558,285.840808184,1,0,0,0.000000000,0,0.000000000,0,0.000000000,0,0.000000000,
22,0,CT_abs,DS,ICP,0.500000000,11,30.048818362,0,2189.348871572,2190.162116784,302.032953206,239,0,1704,5850.270619148,238,403.043869820,260774,0.000000000,0,0.000000000,
23,0,CT_abs,DS,ICP,0.500000000,11,30.296184176,0,2308.821797005,2309.669214024,302.004500091,264,0,1849,6170.377477989,263,447.490531864,268852,0.000000000,0,0.000000000,
10,0,CT_abs,DS,ICP,0.500000000,12,30.025023738,0,1703.968138472,1704.888864822,266.543164696,634,0,3975,18353.224632410,633,2376.281801002,316641,0.000000000,0,0.000000000,
11,0,CT_abs,DS,ICP,0.500000000,12,30.064049335,0,1911.897105901,1912.807148849,266.696768397,602,0,3999,19384.439203189,601,2248.756219175,316674,0.000000000,0,0.000000000,
12,0,CT_abs,DS,ICP,0.500000000,12,30.001594325,0,2191.448308117,2192.242274837,279.570202212,312,0,2664,10531.857305284,311,1146.623239397,171485,0.000000000,0,0.000000000,
13,0,CT_abs,DS,ICP,0.500000000,12,30.068046752,0,2234.930304937,2235.722485613,279.570202212,309,0,2638,10411.543671440,308,1133.805155140,169614,0.000000000,0,0.000000000,
14,0,CT_abs,DS,ICP,0.500000000,12,30.047844856,0,2312.984747894,2313.778714614,279.570202212,312,0,2664,10531.857305284,311,1146.623239397,171485,0.000000000,0,0.000000000,
17,0,CT_abs,DS,ICP,0.500000000,12,30.036668555,0,2670.264031307,2671.060636765,279.570202212,313,0,2679,10561.131365185,312,1146.722695335,172112,0.000000000,0,0.000000000,
16,0,CT_abs,DS,ICP,0.500000000,12,30.101159181,0,2604.827987525,2605.556892618,279.574653837,300,0,2544,10077.998975720,299,1109.238525848,164733,0.000000000,0,0.000000000,
15,0,CT_abs,DS,ICP,0.500000000,12,30.176816474,0,2498.609746156,2499.406351614,279.570202212,313,0,2677,10557.361960117,312,1146.722695335,171912,0.000000000,0,0.000000000,
18,0,CT_abs,DS,ICP,0.500000000,12,30.471504649,0,2850.321276580,2851.011720986,279.570202212,281,0,2360,10098.359938876,280,1153.606586538,160484,0.000000000,0,0.000000000,
19,0,CT_abs,DS,ICP,0.500000000,12,30.153807655,0,2980.760483683,2981.455783142,279.570202212,335,0,2811,11435.646055729,334,1351.850790970,187620,0.000000000,0,0.000000000,
20,0,CT_abs,DS,ICP,0.500000000,12,30.052071196,0,3123.818641806,3124.453623256,279.570202212,238,0,1878,6229.378498268,237,657.635776106,111942,0.000000000,0,0.000000000,
21,0,CT_abs,DS,ICP,0.500000000,12,30.022712721,0,3300.021480477,3300.703480918,279.570202212,234,0,1842,6093.036774344,233,644.569938403,110003,0.000000000,0,0.000000000,
23,0,CT_abs,DS,ICP,0.500000000,12,30.028460197,0,3624.494654380,3625.235621199,279.551202216,182,0,1717,7693.075573776,181,760.992626596,122058,0.000000000,0,0.000000000,
22,0,CT_abs,DS,ICP,0.500000000,12,30.227884690,0,3553.744991150,3554.537026034,279.551202216,183,0,1729,7720.602305103,182,760.992626596,122525,0.000000000,0,0.000000000,
2,0,CT_abs,DS,ICP,0.500000000,14,0.003871110,1,444.686045778,444.686045778,229.493984203,1,0,0,0.000000000,0,0.000000000,0,0.000000000,0,0.000000000,
3,0,CT_abs,DS,ICP,0.500000000,14,0.014644809,1,678.679312415,678.685180152,233.993266637,2,0,4,34.521241229,1,10.504095605,504,0.000000000,0,0.000000000,
4,0,CT_abs,DS,ICP,0.500000000,14,0.015399060,1,741.297590011,741.303457747,233.993266637,2,0,4,34.521241229,1,10.504095605,504,0.000000000,0,0.000000000,
5,0,CT_abs,DS,ICP,0.500000000,14,0.016330593,1,856.699383146,856.705250882,233.993266637,2,0,4,34.521241229,1,10.504095605,504,0.000000000,0,0.000000000,
6,0,CT_abs,DS,ICP,0.500000000,14,0.018224124,1,1047.614547121,1047.620414858,233.993266637,2,0,4,34.521241229,1,10.504095605,504,0.000000000,0,0.000000000,
7,0,CT_abs,DS,ICP,0.500000000,14,0.148611805,1,1160.910257289,1160.929022973,233.993266637,16,0,74,249.804407638,15,66.829673889,5536,0.000000000,0,0.000000000,
8,0,CT_abs,DS,ICP,0.500000000,14,0.149487643,1,1168.363793698,1168.382559382,233.993266637,16,0,74,249.804407638,15,66.829673889,5536,0.000000000,0,0.000000000,
9,0,CT_abs,DS,ICP,0.500000000,14,0.149942513,1,1384.957549231,1384.976314915,233.993266637,16,0,74,249.804407638,15,66.829673889,5536,0.000000000,0,0.000000000,
10,0,CT_abs,DS,ICP,0.500000000,14,0.163793970,1,1594.663480961,1594.682246645,233.993266637,16,0,74,249.804407638,15,66.829673889,5536,0.000000000,0,0.000000000,
11,0,CT_abs,DS,ICP,0.500000000,14,0.152027403,1,1704.923111236,1704.941876920,233.993266637,16,0,74,249.804407638,15,66.829673889,5536,0.000000000,0,0.000000000,
12,0,CT_abs,DS,ICP,0.500000000,14,0.155265809,1,1860.287124075,1860.305889759,233.993266637,16,0,74,249.804407638,15,66.829673889,5536,0.000000000,0,0.000000000,
13,0,CT_abs,DS,ICP,0.500000000,14,0.096177638,1,1962.688303001,1962.707068685,233.993266637,7,0,38,90.638712588,6,16.662284536,2321,0.000000000,0,0.000000000,
14,0,CT_abs,DS,ICP,0.500000000,14,0.096026455,1,2086.074029628,2086.092795312,233.993266637,7,0,38,90.638712588,6,16.662284536,2321,0.000000000,0,0.000000000,
15,0,CT_abs,DS,ICP,0.500000000,14,0.541303060,1,2198.458204697,2198.556737932,233.993266637,41,0,268,832.244585163,40,119.944404831,12526,0.000000000,0,0.000000000,
10,0,CT_abs,DS,ICP,0.500000000,13,30.001573442,0,1531.504375893,1531.725846645,285.853970515,1229,0,8698,22852.951591663,1228,3420.917244201,479395,0.000000000,0,0.000000000,
11,0,CT_abs,DS,ICP,0.500000000,13,30.004363022,0,1637.697858296,1637.906931934,285.853970515,1241,0,8786,23032.409854857,1240,3442.659952003,483459,0.000000000,0,0.000000000,
12,0,CT_abs,DS,ICP,0.500000000,13,30.002427760,0,1836.155468223,1836.377415931,285.853970515,1233,0,8726,22904.783758290,1232,3427.563354022,481096,0.000000000,0,0.000000000,
13,0,CT_abs,DS,ICP,0.500000000,13,30.020739867,0,1928.020548519,1928.165562706,285.840808184,1119,0,7760,24260.113590575,1118,4504.036650571,533276,0.000000000,0,0.000000000,
14,0,CT_abs,DS,ICP,0.500000000,13,30.022634443,0,2016.795582697,2016.936973601,285.853970515,1109,0,7688,24042.835409134,1108,4462.766963963,528745,0.000000000,0,0.000000000,
2,0,CT_abs,DS,ICP,0.500000000,15,0.001174928,1,216.259940054,216.259940054,129.538095442,1,0,0,0.000000000,0,0.000000000,0,0.000000000,0,0.000000000,
3,0,CT_abs,DS,ICP,0.500000000,15,0.001577098,1,279.624404709,279.624404709,129.538095442,1,0,0,0.000000000,0,0.000000000,0,0.000000000,0,0.000000000,
15,0,CT_abs,DS,ICP,0.500000000,13,30.026009955,0,2058.850039830,2058.999032757,285.853970515,1131,0,7846,24488.339537406,1130,4525.364439434,539315,0.000000000,0,0.000000000,
4,0,CT_abs,DS,ICP,0.500000000,15,0.003956689,1,517.133462337,517.133462337,237.509057628,1,0,0,0.000000000,0,0.000000000,0,0.000000000,0,0.000000000,
5,0,CT_abs,DS,ICP,0.500000000,15,0.004210084,1,605.147760130,605.147760130,237.509057628,1,0,0,0.000000000,0,0.000000000,0,0.000000000,0,0.000000000,
16,0,CT_abs,DS,ICP,0.500000000,13,30.005476668,0,2098.590615396,2098.715778625,285.854115687,803,0,5536,17974.317512362,802,3406.014871644,423953,0.000000000,0,0.000000000,
6,0,CT_abs,DS,ICP,0.500000000,15,0.004511137,1,708.656019580,708.656019580,237.509057628,1,0,0,0.000000000,0,0.000000000,0,0.000000000,0,0.000000000,
7,0,CT_abs,DS,ICP,0.500000000,15,0.005772967,1,845.777576757,845.777576757,237.509057628,1,0,0,0.000000000,0,0.000000000,0,0.000000000,0,0.000000000,
8,0,CT_abs,DS,ICP,0.500000000,15,0.005875810,1,903.396585631,903.396585631,237.509057628,1,0,0,0.000000000,0,0.000000000,0,0.000000000,0,0.000000000,
17,0,CT_abs,DS,ICP,0.500000000,13,30.094877195,0,2142.265295885,2142.396841568,285.852775269,792,0,5462,17793.735160304,791,3379.821543569,419935,0.000000000,0,0.000000000,
9,0,CT_abs,DS,ICP,0.500000000,15,0.007880789,1,1107.757714811,1107.757714811,237.509057628,1,0,0,0.000000000,0,0.000000000,0,0.000000000,0,0.000000000,
18,0,CT_abs,DS,ICP,0.500000000,13,30.091324682,0,2286.746321098,2286.877866781,285.852775269,792,0,5462,17793.735160304,791,3379.821543569,419935,0.000000000,0,0.000000000,
20,0,CT_abs,DS,ICP,0.500000000,13,30.025239662,0,2731.880046460,2732.151322031,291.113204325,219,0,2024,19417.688087223,218,2082.985996103,288007,0.000000000,0,0.000000000,
21,0,CT_abs,DS,ICP,0.500000000,13,30.007171317,0,2897.269093445,2897.540369016,291.113204325,219,0,2024,19417.688087223,218,2082.985996103,288007,0.000000000,0,0.000000000,
19,0,CT_abs,DS,ICP,0.500000000,13,30.372378681,0,2577.836499174,2578.107774744,291.113204325,219,0,2024,19417.688087223,218,2082.985996103,288007,0.000000000,0,0.000000000,
22,0,CT_abs,DS,ICP,0.500000000,13,30.064782505,0,2924.753845617,2924.924562669,291.245775796,218,0,2011,19316.900639852,217,2078.044031604,285692,0.000000000,0,0.000000000,
23,0,CT_abs,DS,ICP,0.500000000,13,30.297570273,0,3018.426720133,3018.697995703,291.113204325,219,0,2024,19417.688087223,218,2082.985996103,288007,0.000000000,0,0.000000000,
10,0,CT_abs,DS,ICP,0.500000000,15,15.505066980,1,1269.566729791,1271.871634073,237.509057628,937,0,5370,11817.747144088,936,1848.171904541,120609,0.000000000,0,0.000000000,
16,0,CT_abs,DS,ICP,0.500000000,14,30.065798413,0,2397.263499990,2397.741816816,233.994994631,1619,0,8690,79302.815551976,1618,16730.109595433,971454,0.000000000,0,0.000000000,
17,0,CT_abs,DS,ICP,0.500000000,14,30.017503115,0,2670.531816218,2670.984812000,273.268316228,1354,0,8942,68711.556803429,1353,13824.795331023,828931,0.000000000,0,0.000000000,
18,0,CT_abs,DS,ICP,0.500000000,14,30.019731488,0,2812.266432587,2812.720653879,273.268316228,1351,0,8918,68481.294208804,1350,13785.868358375,827088,0.000000000,0,0.000000000,
19,0,CT_abs,DS,ICP,0.500000000,14,30.008307366,0,2989.189492276,2989.534407271,273.268316228,801,0,5832,37056.531846988,800,6503.009009978,498273,0.000000000,0,0.000000000,
2,0,CT_abs,DS,ICP,0.500000000,16,0.001606695,1,246.759711067,246.759711067,131.237591623,1,0,0,0.000000000,0,0.000000000,0,0.000000000,0,0.000000000,
20,0,CT_abs,DS,ICP,0.500000000,14,30.114360864,0,3167.000682251,3167.286135397,273.320264185,444,0,3668,15716.554567864,443,1809.877519386,326572,0.000000000,0,0.000000000,
3,0,CT_abs,DS,ICP,0.500000000,16,0.002486770,1,388.971433461,388.971433461,142.211722394,1,0,0,0.000000000,0,0.000000000,0,0.000000000,0,0.000000000,
4,0,CT_abs,DS,ICP,0.500000000,16,0.002998287,1,486.160210273,486.160210273,142.211722394,1,0,0,0.000000000,0,0.000000000,0,0.000000000,0,0.000000000,
21,0,CT_abs,DS,ICP,0.500000000,14,30.069884809,0,3446.845351458,3447.100628212,279.844669208,172,0,1816,8488.507792624,171,657.441912898,204483,0.000000000,0,0.000000000,
22,0,CT_abs,DS,ICP,0.500000000,14,30.092591887,0,3615.820672855,3616.078315755,279.856491121,178,0,1873,8761.801521696,177,685.534447157,208802,0.000000000,0,0.000000000,
23,0,CT_abs,DS,ICP,0.500000000,14,30.098095171,0,3768.818169685,3769.074838670,279.856491121,178,0,1833,8357.466959747,177,640.603867008,198038,0.000000000,0,0.000000000,
11,0,CT_abs,DS,ICP,0.500000000,15,30.008687446,0,1473.955350651,1476.100863531,237.546117462,2180,0,15658,43217.009148817,2179,4562.614825816,402279,0.000000000,0,0.000000000,
12,0,CT_abs,DS,ICP,0.500000000,15,30.004130993,0,1603.503353650,1605.641024767,237.605920719,2181,0,15664,43228.114280411,2180,4563.148434660,402322,0.000000000,0,0.000000000,
13,0,CT_abs,DS,ICP,0.500000000,15,30.008694954,0,1643.916507415,1646.058751173,237.596559092,2206,0,15850,43720.572145954,2205,4610.719201273,408128,0.000000000,0,0.000000000,
14,0,CT_abs,DS,ICP,0.500000000,15,30.009982408,0,1677.907080353,1680.031391190,237.557592992,2241,0,16132,44495.910442808,2240,4666.385172522,414605,0.000000000,0,0.000000000,
15,0,CT_abs,DS,ICP,0.500000000,15,30.000811376,0,1752.435635845,1754.566619979,237.582702631,2362,0,16288,46492.394742280,2361,5063.208943749,461547,0.000000000,0,0.000000000,
16,0,CT_abs,DS,ICP,0.500000000,15,30.016730235,0,1849.015133063,1851.146677919,237.574534652,2386,0,16472,46993.299609798,2385,5113.196026822,466419,0.000000000,0,0.000000000,
17,0,CT_abs,DS,ICP,0.500000000,15,30.007618823,0,2006.809577886,2008.951826332,237.546185759,1491,0,10522,66184.517799675,1490,10218.628267454,964648,0.000000000,0,0.000000000,
18,0,CT_abs,DS,ICP,0.500000000,15,30.034578829,0,2117.881916603,2120.024165049,237.546185759,1491,0,10524,66191.245894941,1490,10218.628267454,964669,0.000000000,0,0.000000000,
19,0,CT_abs,DS,ICP,0.500000000,15,30.009030627,0,2303.871352739,2306.045337249,237.558907452,1350,0,10774,71202.361015009,1349,8728.863407810,975724,0.000000000,0,0.000000000,
20,0,CT_abs,DS,ICP,0.500000000,15,30.040790739,0,2401.575534119,2403.737733840,237.546185759,1352,0,10796,71379.055515643,1351,8746.412351327,978050,0.000000000,0,0.000000000,
21,0,CT_abs,DS,ICP,0.500000000,15,30.025582207,0,2505.437543101,2507.604605764,237.541718267,1374,0,11018,72982.138126283,1373,8965.180666382,1000331,0.000000000,0,0.000000000,
22,0,CT_abs,DS,ICP,0.500000000,15,30.001982539,0,2564.616905579,2566.782028049,237.558907452,1328,0,10566,69757.010542558,1327,8537.817839919,954571,0.000000000,0,0.000000000,
23,0,CT_abs,DS,ICP,0.500000000,15,30.008134802,0,2660.040905065,2662.206789607,237.558907452,1599,0,11868,69801.238759664,1598,9271.669429306,905092,0.000000000,0,0.000000000,
5,0,CT_abs,DS,ICP,0.500000000,16,30.002650996,0,575.539480214,576.204844996,142.211722394,10978,0,55368,44553.533968751,10976,8992.831709882,569627,0.000000000,0,0.000000000,
6,0,CT_abs,DS,ICP,0.500000000,16,30.004137604,0,801.604376509,802.272374640,226.064896295,11029,0,55628,44773.810821447,11027,9035.777866895,573505,0.000000000,0,0.000000000,
7,0,CT_abs,DS,ICP,0.500000000,16,30.003592269,0,1005.838276477,1006.491673863,226.064896295,11055,0,55760,44878.424984004,11053,9058.480920353,575210,0.000000000,0,0.000000000,
2,0,CT_abs,DS,ICP,0.500000000,17,0.003799996,1,444.087963018,444.087963018,259.069110145,1,0,0,0.000000000,0,0.000000000,0,0.000000000,0,0.000000000,
3,0,CT_abs,DS,ICP,0.500000000,17,0.003954246,1,502.831061581,502.831061581,259.069110145,1,0,0,0.000000000,0,0.000000000,0,0.000000000,0,0.000000000,
8,0,CT_abs,DS,ICP,0.500000000,16,30.001159481,0,1248.160346134,1248.798693149,242.322069657,10992,0,55436,44612.854300500,10990,9006.338503196,570293,0.000000000,0,0.000000000,
4,0,CT_abs,DS,ICP,0.500000000,17,0.004966628,1,594.440600715,594.440600715,259.069110145,1,0,0,0.000000000,0,0.000000000,0,0.000000000,0,0.000000000,
5,0,CT_abs,DS,ICP,0.500000000,17,0.006712192,1,826.963169943,826.963169943,259.069110145,1,0,0,0.000000000,0,0.000000000,0,0.000000000,0,0.000000000,
6,0,CT_abs,DS,ICP,0.500000000,17,0.008634527,1,1042.308423458,1042.308423458,259.069110145,1,0,0,0.000000000,0,0.000000000,0,0.000000000,0,0.000000000,
9,0,CT_abs,DS,ICP,0.500000000,16,30.000701912,0,1389.708368105,1390.311184149,242.322069657,10822,0,54590,43919.902666307,10820,8864.358203162,560596,0.000000000,0,0.000000000,
10,0,CT_abs,DS,ICP,0.500000000,16,30.002689956,0,1591.854995965,1592.508904588,242.322069657,10497,0,53012,42658.764148990,10495,8608.592856891,543964,0.000000000,0,0.000000000,
11,0,CT_abs,DS,ICP,0.500000000,16,30.000858894,0,1737.335092573,1737.988224640,242.322069657,10964,0,55294,44493.792579511,10962,8981.559783220,569116,0.000000000,0,0.000000000,
12,0,CT_abs,DS,ICP,0.500000000,16,30.002022484,0,1888.278762806,1888.813078849,242.322069657,8250,0,42462,49591.685925784,8249,9446.042553327,636067,0.000000000,0,0.000000000,
13,0,CT_abs,DS,ICP,0.500000000,16,30.002789814,0,2018.700940450,2019.211791343,242.322069657,8183,0,42144,49333.346019244,8182,9368.504274258,638296,0.000000000,0,0.000000000,
14,0,CT_abs,DS,ICP,0.500000000,16,30.001977746,0,2265.661542277,2266.240027529,247.217194174,3476,0,19478,54925.263494175,3475,8962.999608490,707492,0.000000000,0,0.000000000,
15,0,CT_abs,DS,ICP,0.500000000,16,30.038024809,0,2440.501314819,2441.112135109,247.217194174,2525,0,16206,61121.199091871,2524,8000.158896865,818807,0.000000000,0,0.000000000,
17,0,CT_abs,DS,ICP,0.500000000,16,30.024847882,0,2924.988092749,2925.434532710,285.505672658,919,0,9310,46474.559572488,918,4592.228185118,821398,0.000000000,0,0.000000000,
16,0,CT_abs,DS,ICP,0.500000000,16,30.066162303,0,2725.993635226,2726.446169042,285.538989901,923,0,9330,46555.950437679,922,4605.758926349,822712,0.000000000,0,0.000000000,
18,0,CT_abs,DS,ICP,0.500000000,16,30.050606801,0,3055.540428493,3055.989740082,285.526268208,893,0,9090,45630.719315661,892,4529.412408655,803906,0.000000000,0,0.000000000,
19,0,CT_abs,DS,ICP,0.500000000,16,30.082996009,0,3085.682310001,3086.216703953,285.523881771,238,0,3128,19695.381892180,237,1046.646790527,342561,0.000000000,0,0.000000000,
20,0,CT_abs,DS,ICP,0.500000000,16,30.223433135,0,3267.908625416,3268.559963692,285.505042100,210,0,3078,19576.990041724,207,925.079180849,346656,0.000000000,0,0.000000000,
21,0,CT_abs,DS,ICP,0.500000000,16,30.024570581,0,3368.400460991,3369.051799267,285.505042100,210,0,3078,19576.990041724,207,925.079180849,346656,0.000000000,0,0.000000000,
22,0,CT_abs,DS,ICP,0.500000000,16,30.054999986,0,3479.285040969,3479.924660511,285.505042100,208,0,3041,19298.788222691,205,916.313519515,341469,0.000000000,0,0.000000000,
23,0,CT_abs,DS,ICP,0.500000000,16,30.251844011,0,3693.049465170,3693.700803445,285.505042100,210,0,3078,19576.990041724,207,925.079180849,346656,0.000000000,0,0.000000000,
2,0,CT_abs,DS,ICP,0.500000000,18,0.000885586,1,127.458457766,127.458457766,82.873563228,1,0,0,0.000000000,0,0.000000000,0,0.000000000,0,0.000000000,
8,0,CT_abs,DS,ICP,0.500000000,17,30.001684772,0,1415.216481680,1416.098804262,259.553172568,1839,0,10528,46663.319440420,1838,6670.634967779,583842,0.000000000,0,0.000000000,
7,0,CT_abs,DS,ICP,0.500000000,17,30.026704500,0,1285.988139376,1286.176274224,259.071762722,1725,0,9668,41882.786234622,1724,6126.848708935,416056,0.000000000,0,0.000000000,
9,0,CT_abs,DS,ICP,0.500000000,17,30.012131082,0,1627.062418642,1627.637788705,259.470762430,1419,0,8594,42967.653533957,1418,5039.031115845,404851,0.000000000,0,0.000000000,
10,0,CT_abs,DS,ICP,0.500000000,17,30.015094780,0,1847.160324991,1847.735212037,259.471478278,1427,0,8642,43216.719686432,1426,5068.114909531,407173,0.000000000,0,0.000000000,
3,0,CT_abs,DS,ICP,0.500000000,18,0.229674996,1,182.770562002,183.015598962,82.952153895,80,0,346,1891.822836306,79,555.612554176,26390,0.000000000,0,0.000000000,
5,0,CT_abs,DS,ICP,0.500000000,18,0.231228642,1,274.872341689,275.117378649,82.952153895,80,0,346,1891.822836306,79,555.612554176,26390,0.000000000,0,0.000000000,
4,0,CT_abs,DS,ICP,0.500000000,18,0.259550392,1,233.551259887,233.796296847,82.952153895,80,0,346,1891.822836306,79,555.612554176,26390,0.000000000,0,0.000000000,
6,0,CT_abs,DS,ICP,0.500000000,18,0.230712747,1,425.328695347,425.573732307,150.456353658,80,0,346,1891.822836306,79,555.612554176,26390,0.000000000,0,0.000000000,
7,0,CT_abs,DS,ICP,0.500000000,18,0.239987912,1,555.743668767,555.988705727,150.456353658,80,0,346,1891.822836306,79,555.612554176,26390,0.000000000,0,0.000000000,
8,0,CT_abs,DS,ICP,0.500000000,18,1.439973965,1,720.817787370,721.122083268,165.133377541,88,0,378,1931.665295566,87,555.612554176,30184,0.000000000,0,0.000000000,
9,0,CT_abs,DS,ICP,0.500000000,18,1.441886231,1,870.486629241,870.790925139,165.133377541,88,0,378,1931.665295566,87,555.612554176,30184,0.000000000,0,0.000000000,
11,0,CT_abs,DS,ICP,0.500000000,17,30.007916862,0,1956.032926688,1956.610730623,259.471478278,1447,0,8776,43947.968952931,1446,5157.220158295,414108,0.000000000,0,0.000000000,
12,0,CT_abs,DS,ICP,0.500000000,17,30.020701096,0,1998.755794377,1999.320084418,259.471478278,1423,0,8614,43063.579958135,1422,5052.783844036,405785,0.000000000,0,0.000000000,
13,0,CT_abs,DS,ICP,0.500000000,17,30.057073059,0,2126.268884398,2126.848767374,259.471478278,659,0,4418,24562.137233607,658,3833.741034335,408019,0.000000000,0,0.000000000,
14,0,CT_abs,DS,ICP,0.500000000,17,30.108785387,0,2251.019113598,2251.598996574,259.471478278,659,0,4418,24562.137233607,658,3833.741034335,408019,0.000000000,0,0.000000000,
10,0,CT_abs,DS,ICP,0.500000000,18,10.567236878,1,994.293009133,994.765950856,165.133377541,724,0,3205,12977.145793706,723,3464.360944132,207352,0.000000000,0,0.000000000,
15,0,CT_abs,DS,ICP,0.500000000,17,30.239570086,0,2529.575585112,2530.514543786,278.736422567,250,0,2114,11159.231501647,249,1078.837386779,327902,0.000000000,0,0.000000000,
17,0,CT_abs,DS,ICP,0.500000000,17,30.036515830,0,2736.201335025,2737.197146245,278.736422567,381,0,3588,19572.965562632,380,1554.753711257,404405,0.000000000,0,0.000000000,
16,0,CT_abs,DS,ICP,0.500000000,17,30.098262813,0,2693.672243044,2694.668158949,278.556471514,374,0,3525,19224.123760286,373,1523.410170110,398121,0.000000000,0,0.000000000,
18,0,CT_abs,DS,ICP,0.500000000,17,30.192340447,0,2965.318805413,2966.312655191,278.744412393,377,0,3552,19368.822765630,376,1537.240330816,401473,0.000000000,0,0.000000000,
19,0,CT_abs,DS,ICP,0.500000000,17,30.220994395,0,3089.003251585,3089.997101364,278.744412393,377,0,3552,19368.822765630,376,1537.240330816,401473,0.000000000,0,0.000000000,
2,0,CT_abs,DS,ICP,0.500000000,19,0.001198591,1,206.601005606,206.601005606,117.249481426,1,0,0,0.000000000,0,0.000000000,0,0.000000000,0,0.000000000,
3,0,CT_abs,DS,ICP,0.500000000,19,0.150969731,1,311.877662396,311.938439284,117.249481426,39,0,182,762.424551328,38,170.696501495,27210,0.000000000,0,0.000000000,
20,0,CT_abs,DS,ICP,0.500000000,17,30.111715131,0,3289.606902685,3290.355320542,278.556471514,174,0,1732,8409.300908850,173,524.385741592,331395,0.000000000,0,0.000000000,
4,0,CT_abs,DS,ICP,0.500000000,19,0.157052705,1,436.695237491,436.756014379,124.817575094,39,0,182,762.424551328,38,170.696501495,27210,0.000000000,0,0.000000000,
5,0,CT_abs,DS,ICP,0.500000000,19,0.156552799,1,573.083852254,573.144629142,136.388614764,39,0,182,762.424551328,38,170.696501495,27210,0.000000000,0,0.000000000,
21,0,CT_abs,DS,ICP,0.500000000,17,30.185426722,0,3525.828054505,3526.412537477,278.556471514,149,0,1677,8927.154624829,148,354.623411548,342123,0.000000000,0,0.000000000,
6,0,CT_abs,DS,ICP,0.500000000,19,0.165557467,1,676.214669242,676.275446130,136.388614764,39,0,182,762.424551328,38,170.696501495,27210,0.000000000,0,0.000000000,
22,0,CT_abs,DS,ICP,0.500000000,17,30.006539830,0,3601.203153638,3601.787636610,278.556471514,148,0,1806,9412.283547256,147,354.623411548,356613,0.000000000,0,0.000000000,
23,0,CT_abs,DS,ICP,0.500000000,17,30.313131337,0,3785.165185447,3785.733498507,278.556471514,157,0,1788,8968.624756553,156,319.483982675,358002,0.000000000,0,0.000000000,
11,0,CT_abs,DS,ICP,0.500000000,18,30.034174999,0,1235.843727648,1236.210387214,241.616585056,411,0,2033,5685.457688498,389,993.768893001,109340,0.000000000,0,0.000000000,
12,0,CT_abs,DS,ICP,0.500000000,18,30.052597194,0,1479.578322802,1479.871622318,243.774532978,637,0,3937,6382.523137527,621,704.408325113,136841,0.000000000,0,0.000000000,
13,0,CT_abs,DS,ICP,0.500000000,18,30.012420649,0,1645.626907513,1645.955879120,243.746417067,573,0,3714,7735.287969376,563,1070.018760722,177448,0.000000000,0,0.000000000,
14,0,CT_abs,DS,ICP,0.500000000,18,30.176130801,0,1758.172185608,1758.468725208,243.734595154,610,0,4049,8136.864387744,600,1279.521128067,189080,0.000000000,0,0.000000000,
15,0,CT_abs,DS,ICP,0.500000000,18,30.016693432,0,1811.783351844,1812.053394219,243.746417067,286,0,2150,5752.128722034,276,846.470225350,211466,0.000000000,0,0.000000000,
16,0,CT_abs,DS,ICP,0.500000000,18,30.061767115,0,1903.336335576,1903.620469514,243.768365638,284,0,2137,5732.138776851,274,845.064228493,209824,0.000000000,0,0.000000000,
17,0,CT_abs,DS,ICP,0.500000000,18,30.039752326,0,2118.596859550,2118.875813529,243.747757484,285,0,2146,5748.667873718,275,846.470225350,210291,0.000000000,0,0.000000000,
18,0,CT_abs,DS,ICP,0.500000000,18,30.061902354,0,2355.299301846,2355.578815070,243.734595154,368,0,2766,9320.589262798,358,1498.368841449,294795,0.000000000,0,0.000000000,
19,0,CT_abs,DS,ICP,0.500000000,18,30.055115706,0,2590.133750802,2590.435740391,243.768694990,363,0,2729,9237.141790389,353,1487.344673425,289535,0.000000000,0,0.000000000,
20,0,CT_abs,DS,ICP,0.500000000,18,30.054530890,0,2644.788509486,2645.086041753,243.747757484,359,0,2698,9155.832199581,349,1459.659823083,286476,0.000000000,0,0.000000000,
22,0,CT_abs,DS,ICP,0.500000000,18,30.086224314,0,2773.902095866,2774.204085455,243.768694990,363,0,2729,9237.141790389,353,1487.344673425,289535,0.000000000,0,0.000000000,
21,0,CT_abs,DS,ICP,0.500000000,18,30.084336662,0,2690.412408881,2690.714398470,243.768694990,363,0,2729,9237.141790389,353,1487.344673425,289535,0.000000000,0,0.000000000,
23,0,CT_abs,DS,ICP,0.500000000,18,30.095145249,0,2934.527345303,2934.827599231,243.734595154,295,0,2249,6577.098944862,286,980.859864760,182027,0.000000000,0,0.000000000,
2,0,CT_abs,DS,ICP,0.500000000,20,0.536349121,1,309.075332695,310.314371071,171.822877534,78,0,338,1472.271458056,77,326.345396238,17095,0.000000000,0,0.000000000,
3,0,CT_abs,DS,ICP,0.500000000,20,0.519922815,1,559.511126486,560.750164862,250.435793791,78,0,338,1472.271458056,77,326.345396238,17095,0.000000000,0,0.000000000,
4,0,CT_abs,DS,ICP,0.500000000,20,0.537262006,1,659.756241000,660.995279376,250.435793791,78,0,338,1472.271458056,77,326.345396238,17095,0.000000000,0,0.000000000,
8,0,CT_abs,DS,ICP,0.500000000,19,30.171634838,0,1189.006365610,1189.083678270,299.623709983,161,0,794,2870.371740471,160,540.968186301,135162,0.000000000,0,0.000000000,
7,0,CT_abs,DS,ICP,0.500000000,19,30.405202175,0,975.835480945,975.929385761,299.653123038,142,0,579,1723.985234629,141,382.500374839,114356,0.000000000,0,0.000000000,
9,0,CT_abs,DS,ICP,0.500000000,19,30.358372109,0,1247.531026653,1247.904724589,299.623709983,192,0,1020,3353.105089967,191,595.252975791,153109,0.000000000,0,0.000000000,
10,0,CT_abs,DS,ICP,0.500000000,19,30.324281308,0,1286.695048343,1287.068746279,299.623709983,192,0,1020,3353.105089967,191,595.252975791,153109,0.000000000,0,0.000000000,
5,0,CT_abs,DS,ICP,0.500000000,20,2.533421222,1,895.468769050,896.809300495,250.537286860,306,0,1268,6869.648451218,305,1735.823679529,88609,0.000000000,0,0.000000000,
11,0,CT_abs,DS,ICP,0.500000000,19,30.261130439,0,1445.054691132,1445.428389068,299.623709983,192,0,1020,3353.105089967,191,595.252975791,153109,0.000000000,0,0.000000000,
12,0,CT_abs,DS,ICP,0.500000000,19,30.339748270,0,1468.599788219,1468.973486155,299.623709983,192,0,1020,3353.105089967,191,595.252975791,153109,0.000000000,0,0.000000000,
13,0,CT_abs,DS,ICP,0.500000000,19,30.159196018,0,1617.035610485,1617.442095003,299.626954254,188,0,988,3300.210061866,187,583.053176119,146261,0.000000000,0,0.000000000,
14,0,CT_abs,DS,ICP,0.500000000,19,30.264909443,0,1637.291944447,1637.698428965,299.626954254,188,0,988,3300.210061866,187,583.053176119,146261,0.000000000,0,0.000000000,
15,0,CT_abs,DS,ICP,0.500000000,19,30.052217978,0,1650.299948978,1650.706433496,299.626954254,188,0,988,3300.210061866,187,583.053176119,146261,0.000000000,0,0.000000000,
16,0,CT_abs,DS,ICP,0.500000000,19,30.000717423,0,1829.762162031,1830.178676751,299.620811703,189,0,996,3315.187279182,188,584.585141567,146837,0.000000000,0,0.000000000,
18,0,CT_abs,DS,ICP,0.500000000,19,30.004687791,0,2107.615675978,2108.289010424,299.870172817,683,0,4311,12321.197785576,682,1699.448651245,430507,0.000000000,0,0.000000000,
17,0,CT_abs,DS,ICP,0.500000000,19,30.246346806,0,1965.562989447,1966.219159466,299.620811703,345,0,1939,6308.623603174,344,1049.073133907,248480,0.000000000,0,0.000000000,
19,0,CT_abs,DS,ICP,0.500000000,19,30.628906633,0,2281.205492533,2281.880116093,299.623709983,688,0,4345,12412.385438340,687,1701.738826774,434502,0.000000000,0,0.000000000,
20,0,CT_abs,DS,ICP,0.500000000,19,30.080069563,0,2525.809827916,2526.346779975,299.870172817,505,0,3725,16304.395312696,504,1950.352469916,305065,0.000000000,0,0.000000000,
6,0,CT_abs,DS,ICP,0.500000000,20,23.835220179,1,1038.721191595,1040.377004518,250.537286860,2319,0,11086,38186.320507187,2318,8845.922290552,484621,0.000000000,0,0.000000000,
21,0,CT_abs,DS,ICP,0.500000000,19,30.243528610,0,2724.046536666,2724.459987521,299.620811703,506,0,3738,16418.151115893,505,1958.113489302,306373,0.000000000,0,0.000000000,
22,0,CT_abs,DS,ICP,0.500000000,19,30.174808285,0,2757.231279337,2757.768231396,299.870172817,505,0,3727,16322.710255448,504,1950.352469916,305282,0.000000000,0,0.000000000,
23,0,CT_abs,DS,ICP,0.500000000,19,30.198326719,0,2918.335059708,2918.872011767,299.620811703,504,0,3979,16534.376480510,503,1942.755798430,308131,0.000000000,0,0.000000000,
2,0,CT_abs,DS,ICP,0.500000000,21,0.001845180,1,256.807245366,256.807245366,185.603301522,1,0,0,0.000000000,0,0.000000000,0,0.000000000,0,0.000000000,
3,0,CT_abs,DS,ICP,0.500000000,21,0.002482851,1,368.855227433,368.855227433,185.603301522,1,0,0,0.000000000,0,0.000000000,0,0.000000000,0,0.000000000,
4,0,CT_abs,DS,ICP,0.500000000,21,0.071163198,1,510.734823770,510.796313123,185.603301522,9,0,42,257.840242439,8,62.482358777,4301,0.000000000,0,0.000000000,
7,0,CT_abs,DS,ICP,0.500000000,20,30.002872066,0,1278.223215212,1279.882721982,250.537286860,1913,0,10394,48122.066843490,1912,9135.986090253,620820,0.000000000,0,0.000000000,
8,0,CT_abs,DS,ICP,0.500000000,20,30.011314560,0,1304.485877102,1306.150463697,250.537286860,1904,0,10352,48033.915029199,1903,9120.555710720,619099,0.000000000,0,0.000000000,
9,0,CT_abs,DS,ICP,0.500000000,20,30.008183853,0,1499.604788336,1501.261599957,250.537286860,1844,0,10054,47326.111260888,1843,8994.402136817,610322,0.000000000,0,0.000000000,
10,0,CT_abs,DS,ICP,0.500000000,20,30.004989168,0,1578.846868194,1580.505450381,250.537286860,1879,0,10232,47763.139899221,1878,9065.085075513,615727,0.000000000,0,0.000000000,
5,0,CT_abs,DS,ICP,0.500000000,21,0.314714431,1,581.839150565,581.943955806,185.603301522,62,0,280,1958.558607342,61,452.423550011,21677,0.000000000,0,0.000000000,
6,0,CT_abs,DS,ICP,0.500000000,21,0.326357259,1,619.856246006,619.961051246,185.603301522,62,0,280,1958.558607342,61,452.423550011,21677,0.000000000,0,0.000000000,
7,0,CT_abs,DS,ICP,0.500000000,21,0.325125386,1,634.598254211,634.703059452,185.603301522,62,0,280,1958.558607342,61,452.423550011,21677,0.000000000,0,0.000000000,
8,0,CT_abs,DS,ICP,0.500000000,21,0.310023219,1,744.776893608,744.881698849,185.603301522,62,0,280,1958.558607342,61,452.423550011,21677,0.000000000,0,0.000000000,
9,0,CT_abs,DS,ICP,0.500000000,21,0.309774312,1,777.455290609,777.560095850,185.603301522,62,0,280,1958.558607342,61,452.423550011,21677,0.000000000,0,0.000000000,
10,0,CT_abs,DS,ICP,0.500000000,21,0.321768410,1,850.506848357,850.611653598,185.603301522,62,0,280,1958.558607342,61,452.423550011,21677,0.000000000,0,0.000000000,
11,0,CT_abs,DS,ICP,0.500000000,20,30.003642159,0,1654.735372313,1656.394768334,250.537286860,1810,0,9854,46359.800626807,1809,8810.481321010,600630,0.000000000,0,0.000000000,
11,0,CT_abs,DS,ICP,0.500000000,21,0.320917297,1,907.671223442,907.776028683,185.603301522,62,0,280,1958.558607342,61,452.423550011,21677,0.000000000,0,0.000000000,
12,0,CT_abs,DS,ICP,0.500000000,21,1.086133463,1,1102.947162114,1103.053695349,195.277666666,69,0,319,2106.899070059,68,482.868062268,33493,0.000000000,0,0.000000000,
12,0,CT_abs,DS,ICP,0.500000000,20,30.000279654,0,1687.599804025,1689.257267588,250.435793791,1761,0,9602,45678.966059400,1760,8672.532437789,592692,0.000000000,0,0.000000000,
13,0,CT_abs,DS,ICP,0.500000000,20,30.166653049,0,1818.950910017,1820.468194047,250.582117941,1474,0,8468,46992.663602660,1473,8875.243435094,635009,0.000000000,0,0.000000000,
14,0,CT_abs,DS,ICP,0.500000000,20,30.002086731,0,1921.263123773,1922.415191420,250.537286860,2391,0,13890,103818.878251308,2133,20931.300597503,1384952,0.000000000,0,0.000000000,
15,0,CT_abs,DS,ICP,0.500000000,20,30.009523227,0,1964.079366121,1965.363996365,250.537286860,2328,0,13574,101958.807818633,2073,20512.648182498,1363277,0.000000000,0,0.000000000,
16,0,CT_abs,DS,ICP,0.500000000,20,30.000393237,0,2128.378962494,2129.666744934,250.537286860,2351,0,13676,102477.336827160,2095,20626.808792838,1369471,0.000000000,0,0.000000000,
17,0,CT_abs,DS,ICP,0.500000000,20,30.008460479,0,2260.393516070,2261.676729093,250.537286860,2313,0,13492,101433.462739625,2059,20396.065605262,1356255,0.000000000,0,0.000000000,
2,0,CT_abs,DS,ICP,0.500000000,22,0.001262250,1,199.996183968,199.996183968,102.590251229,1,0,0,0.000000000,0,0.000000000,0,0.000000000,0,0.000000000,
18,0,CT_abs,DS,ICP,0.500000000,20,30.003549296,0,2294.229886337,2295.507746103,250.537286860,2268,0,13254,99819.210434461,2018,20041.602978048,1334609,0.000000000,0,0.000000000,
3,0,CT_abs,DS,ICP,0.500000000,22,0.002380931,1,347.563341424,347.563341424,147.567157456,1,0,0,0.000000000,0,0.000000000,0,0.000000000,0,0.000000000,
4,0,CT_abs,DS,ICP,0.500000000,22,0.003149528,1,461.180422435,461.180422435,147.567157456,1,0,0,0.000000000,0,0.000000000,0,0.000000000,0,0.000000000,
19,0,CT_abs,DS,ICP,0.500000000,20,30.000234300,0,2477.880844247,2478.969788562,250.537286860,2357,0,13708,102666.583141835,2101,20661.962011087,1371637,0.000000000,0,0.000000000,
5,0,CT_abs,DS,ICP,0.500000000,22,0.004369970,1,659.173440494,659.173440494,197.993018059,1,0,0,0.000000000,0,0.000000000,0,0.000000000,0,0.000000000,
6,0,CT_abs,DS,ICP,0.500000000,22,0.004899300,1,737.114609816,737.114609816,197.993018059,1,0,0,0.000000000,0,0.000000000,0,0.000000000,0,0.000000000,
7,0,CT_abs,DS,ICP,0.500000000,22,0.005291553,1,845.633884731,845.633884731,197.993018059,1,0,0,0.000000000,0,0.000000000,0,0.000000000,0,0.000000000,
8,0,CT_abs,DS,ICP,0.500000000,22,0.006276606,1,939.126062870,939.126062870,197.993018059,1,0,0,0.000000000,0,0.000000000,0,0.000000000,0,0.000000000,
9,0,CT_abs,DS,ICP,0.500000000,22,0.006338762,1,1020.322029767,1020.322029767,197.993018059,1,0,0,0.000000000,0,0.000000000,0,0.000000000,0,0.000000000,
10,0,CT_abs,DS,ICP,0.500000000,22,0.007497198,1,1145.412018601,1145.412018601,197.993018059,1,0,0,0.000000000,0,0.000000000,0,0.000000000,0,0.000000000,
11,0,CT_abs,DS,ICP,0.500000000,22,0.008979009,1,1169.243178438,1169.243178438,197.993018059,1,0,0,0.000000000,0,0.000000000,0,0.000000000,0,0.000000000,
12,0,CT_abs,DS,ICP,0.500000000,22,0.173227266,1,1401.592638207,1402.055909301,232.812730862,11,0,48,144.180299618,10,19.601363634,825,0.000000000,0,0.000000000,
20,0,CT_abs,DS,ICP,0.500000000,20,30.040851042,0,2747.837696519,2748.611282933,269.970776073,701,0,7694,60307.166960654,700,4248.041837049,789133,0.000000000,0,0.000000000,
13,0,CT_abs,DS,ICP,0.500000000,22,4.014946465,1,1595.639150504,1596.599849858,232.812730862,565,0,3474,6957.229927169,564,1137.287474235,62620,0.000000000,0,0.000000000,
14,0,CT_abs,DS,ICP,0.500000000,22,4.077763986,1,1775.460123388,1776.420822743,232.812730862,565,0,3474,6957.229927169,564,1137.287474235,62620,0.000000000,0,0.000000000,
21,0,CT_abs,DS,ICP,0.500000000,20,30.018913948,0,2888.886181420,2889.655648503,269.972504068,718,0,7886,61790.118700948,717,4327.055001625,808070,0.000000000,0,0.000000000,
22,0,CT_abs,DS,ICP,0.500000000,20,30.027883741,0,2941.316554356,2942.090723277,269.975852268,815,0,8470,61221.770823260,814,3552.431936093,768079,0.000000000,0,0.000000000,
23,0,CT_abs,DS,ICP,0.500000000,20,30.051953788,0,3173.666014124,3174.426203210,269.958580266,886,0,9472,62919.828474845,884,3748.338394376,821462,0.000000000,0,0.000000000,
13,0,CT_abs,DS,ICP,0.500000000,21,30.023735596,0,1353.171432204,1353.348211611,250.268734181,1627,0,8014,55216.652458506,1626,9885.832964235,1125344,0.000000000,0,0.000000000,
14,0,CT_abs,DS,ICP,0.500000000,21,30.011966678,0,1498.580717361,1498.756641695,250.235062494,1569,0,7988,55365.452799589,1568,9551.049857917,1121040,0.000000000,0,0.000000000,
15,0,CT_abs,DS,ICP,0.500000000,21,30.006564916,0,1533.457269210,1533.627680079,250.243270086,1590,0,8079,56057.320891627,1589,9668.981923271,1135623,0.000000000,0,0.000000000,
2,0,CT_abs,DS,ICP,0.500000000,23,0.003673989,1,444.220359106,444.220359106,256.604936907,1,0,0,0.000000000,0,0.000000000,0,0.000000000,0,0.000000000,
16,0,CT_abs,DS,ICP,0.500000000,21,30.003420790,0,1844.151077687,1844.349236415,310.755297830,1199,0,6878,46917.009737944,1198,7353.855881863,950524,0.000000000,0,0.000000000,
17,0,CT_abs,DS,ICP,0.500000000,21,30.005752575,0,1926.168507980,1926.366666708,310.755297830,1208,0,6920,47258.250899958,1207,7405.263174308,959216,0.000000000,0,0.000000000,
3,0,CT_abs,DS,ICP,0.500000000,23,0.006380037,1,660.246360783,660.246360783,256.604936907,1,0,0,0.000000000,0,0.000000000,0,0.000000000,0,0.000000000,
4,0,CT_abs,DS,ICP,0.500000000,23,0.260556750,1,904.855461757,905.330810586,256.604936907,19,0,82,516.849090727,18,114.978513482,8404,0.000000000,0,0.000000000,
5,0,CT_abs,DS,ICP,0.500000000,23,0.269724100,1,915.515865516,915.991214345,256.604936907,19,0,82,516.849090727,18,114.978513482,8404,0.000000000,0,0.000000000,
18,0,CT_abs,DS,ICP,0.500000000,21,30.009558296,0,2077.132652270,2077.338120888,310.693808477,1219,0,6981,47726.409225354,1218,7476.663254592,966881,0.000000000,0,0.000000000,
6,0,CT_abs,DS,ICP,0.500000000,23,0.277110960,1,1028.871425079,1029.346773908,256.604936907,19,0,82,516.849090727,18,114.978513482,8404,0.000000000,0,0.000000000,
7,0,CT_abs,DS,ICP,0.500000000,23,0.269210869,1,1161.256639253,1161.731988082,256.604936907,19,0,82,516.849090727,18,114.978513482,8404,0.000000000,0,0.000000000,
8,0,CT_abs,DS,ICP,0.500000000,23,2.696533142,1,1367.660251558,1368.342440734,256.604936907,145,0,694,3515.609159496,144,768.830009660,52912,0.000000000,0,0.000000000,
19,0,CT_abs,DS,ICP,0.500000000,21,30.039966149,0,2324.607789633,2325.004133001,310.693808477,653,0,5486,39519.307752448,652,4801.370965696,661751,0.000000000,0,0.000000000,
20,0,CT_abs,DS,ICP,0.500000000,21,30.016676108,0,2570.281298480,2570.710283027,310.693808477,503,0,4547,34328.466826779,502,3387.136220650,595133,0.000000000,0,0.000000000,
21,0,CT_abs,DS,ICP,0.500000000,21,30.116978232,0,2681.788711435,2682.209353260,310.693808477,510,0,4611,34704.879619400,509,3440.581661962,603402,0.000000000,0,0.000000000,
22,0,CT_abs,DS,ICP,0.500000000,21,30.125513803,0,2817.018031960,2817.383915955,310.755297830,520,0,5016,36089.536261153,519,3527.024585158,582449,0.000000000,0,0.000000000,
23,0,CT_abs,DS,ICP,0.500000000,21,30.053399573,0,3069.076367006,3069.433270239,310.693808477,454,0,4742,33405.747221183,453,2964.834536378,567039,0.000000000,0,0.000000000,
9,0,CT_abs,DS,ICP,0.500000000,23,14.898035414,1,1553.931845004,1554.715527249,256.604936907,798,0,3836,20922.656970719,797,4172.275719352,324733,0.000000000,0,0.000000000,
15,0,CT_abs,DS,ICP,0.500000000,22,30.006093057,0,1928.693674720,1929.643833886,232.613678625,3929,0,18014,37687.015741437,3928,3455.714506483,217986,0.000000000,0,0.000000000,
16,0,CT_abs,DS,ICP,0.500000000,22,30.001295795,0,2003.760067757,2004.711387260,232.349459769,3950,0,18104,37903.388440163,3949,3472.669466279,219508,0.000000000,0,0.000000000,
10,0,CT_abs,DS,ICP,0.500000000,23,15.302834614,1,1695.811441341,1696.595123586,256.604936907,798,0,3836,20922.656970719,797,4172.275719352,324733,0.000000000,0,0.000000000,
11,0,CT_abs,DS,ICP,0.500000000,23,15.392924500,1,1733.333256342,1734.116938588,256.604936907,798,0,3836,20922.656970719,797,4172.275719352,324733,0.000000000,0,0.000000000,
17,0,CT_abs,DS,ICP,0.500000000,22,30.007104335,0,2086.396307878,2087.328610610,232.595966977,3831,0,17584,36796.596440124,3830,3376.153111331,212046,0.000000000,0,0.000000000,
18,0,CT_abs,DS,ICP,0.500000000,22,30.018747840,0,2184.990817146,2186.017076370,232.595966977,4205,0,20864,45306.038342827,4204,5001.676095484,309326,0.000000000,0,0.000000000,
12,0,CT_abs,DS,ICP,0.500000000,23,15.181088105,1,1819.230836327,1820.014518572,256.604936907,798,0,3836,20922.656970719,797,4172.275719352,324733,0.000000000,0,0.000000000,
13,0,CT_abs,DS,ICP,0.500000000,23,15.396386166,1,1942.290680347,1943.074362593,256.604936907,798,0,3836,20922.656970719,797,4172.275719352,324733,0.000000000,0,0.000000000,
2,0,CT_abs,DS,ICP,0.500000000,24,0.002089988,1,294.867351253,294.867351253,154.510848952,1,0,0,0.000000000,0,0.000000000,0,0.000000000,0,0.000000000,
3,0,CT_abs,DS,ICP,0.500000000,24,0.002252701,1,416.385057531,416.385057531,154.510848952,1,0,0,0.000000000,0,0.000000000,0,0.000000000,0,0.000000000,
19,0,CT_abs,DS,ICP,0.500000000,22,30.003512883,0,2387.137445006,2388.154435828,232.349459769,4238,0,21020,45662.587926765,4237,5031.882566076,311087,0.000000000,0,0.000000000,
14,0,CT_abs,DS,ICP,0.500000000,23,15.352199470,1,1988.505732456,1989.289414702,256.604936907,798,0,3836,20922.656970719,797,4172.275719352,324733,0.000000000,0,0.000000000,
4,0,CT_abs,DS,ICP,0.500000000,24,1.047947358,1,586.749882418,586.832117872,170.426570312,143,0,712,5386.127292078,142,1277.534020828,82384,0.000000000,0,0.000000000,
15,0,CT_abs,DS,ICP,0.500000000,23,15.112834820,1,2144.331854774,2145.115537020,256.604936907,798,0,3836,20922.656970719,797,4172.275719352,324733,0.000000000,0,0.000000000,
20,0,CT_abs,DS,ICP,0.500000000,22,30.008827704,0,2489.418371258,2490.445476945,232.590652376,4240,0,21030,45702.668107797,4239,5033.007171274,311430,0.000000000,0,0.000000000,
5,0,CT_abs,DS,ICP,0.500000000,24,1.092478303,1,681.981425930,682.063661383,170.426570312,143,0,712,5386.127292078,142,1277.534020828,82384,0.000000000,0,0.000000000,
6,0,CT_abs,DS,ICP,0.500000000,24,1.075322768,1,867.970862066,868.053097520,185.989436136,143,0,712,5386.127292078,142,1277.534020828,82384,0.000000000,0,0.000000000,
8,0,CT_abs,DS,ICP,0.500000000,24,1.051294254,1,1171.120259023,1171.202494477,221.887991733,143,0,712,5386.127292078,142,1277.534020828,82384,0.000000000,0,0.000000000,
7,0,CT_abs,DS,ICP,0.500000000,24,1.078610094,1,949.232267289,949.314502743,185.989436136,143,0,712,5386.127292078,142,1277.534020828,82384,0.000000000,0,0.000000000,
21,0,CT_abs,DS,ICP,0.500000000,22,30.038884144,0,2561.774326823,2563.559129537,232.349459769,1035,0,5375,9154.877128974,1034,1695.160374092,477422,0.000000000,0,0.000000000,
16,0,CT_abs,DS,ICP,0.500000000,23,15.583111327,1,2149.987397645,2150.771079890,256.604936907,798,0,3836,20922.656970719,797,4172.275719352,324733,0.000000000,0,0.000000000,
9,0,CT_abs,DS,ICP,0.500000000,24,1.064272014,1,1295.275527154,1295.357762608,221.887991733,143,0,712,5386.127292078,142,1277.534020828,82384,0.000000000,0,0.000000000,
10,0,CT_abs,DS,ICP,0.500000000,24,1.043990735,1,1373.273443441,1373.355678895,221.887991733,143,0,712,5386.127292078,142,1277.534020828,82384,0.000000000,0,0.000000000,
11,0,CT_abs,DS,ICP,0.500000000,24,1.095952535,1,1571.062113325,1571.144348778,221.887991733,143,0,712,5386.127292078,142,1277.534020828,82384,0.000000000,0,0.000000000,
12,0,CT_abs,DS,ICP,0.500000000,24,1.087873058,1,1693.205039616,1693.287275070,221.887991733,143,0,712,5386.127292078,142,1277.534020828,82384,0.000000000,0,0.000000000,
13,0,CT_abs,DS,ICP,0.500000000,24,1.088943178,1,1845.280277379,1845.362512833,221.887991733,143,0,712,5386.127292078,142,1277.534020828,82384,0.000000000,0,0.000000000,
14,0,CT_abs,DS,ICP,0.500000000,24,1.088592684,1,2026.008896142,2026.091131596,221.887991733,143,0,712,5386.127292078,142,1277.534020828,82384,0.000000000,0,0.000000000,
15,0,CT_abs,DS,ICP,0.500000000,24,4.755847429,1,2234.817653147,2235.660301814,221.887991733,425,0,2126,14917.904182136,424,3604.432870900,230547,0.000000000,0,0.000000000,
16,0,CT_abs,DS,ICP,0.500000000,24,4.844238938,1,2345.222682471,2346.065331138,221.887991733,425,0,2126,14917.904182136,424,3604.432870900,230547,0.000000000,0,0.000000000,
23,0,CT_abs,DS,ICP,0.500000000,22,30.004980997,0,2831.171635386,2833.002869861,232.349459769,993,0,5119,8717.927825630,992,1646.101665175,460781,0.000000000,0,0.000000000,
22,0,CT_abs,DS,ICP,0.500000000,22,30.019038798,0,2662.218985425,2664.051602390,232.349459769,1000,0,5165,8801.016126554,999,1658.158940290,463292,0.000000000,0,0.000000000,
2,0,CT_abs,DS,ICP,0.500000000,25,0.001130293,1,236.195007099,236.195007099,129.771588073,1,0,0,0.000000000,0,0.000000000,0,0.000000000,0,0.000000000,
3,0,CT_abs,DS,ICP,0.500000000,25,0.001415807,1,306.410783221,306.410783221,129.771588073,1,0,0,0.000000000,0,0.000000000,0,0.000000000,0,0.000000000,
4,0,CT_abs,DS,ICP,0.500000000,25,0.001813029,1,381.720641627,381.720641627,129.771588073,1,0,0,0.000000000,0,0.000000000,0,0.000000000,0,0.000000000,
5,0,CT_abs,DS,ICP,0.500000000,25,0.002903909,1,526.359421432,526.359421432,144.638779805,1,0,0,0.000000000,0,0.000000000,0,0.000000000,0,0.000000000,
17,0,CT_abs,DS,ICP,0.500000000,24,4.809677192,1,2347.801763315,2348.644411982,221.887991733,425,0,2126,14917.904182136,424,3604.432870900,230547,0.000000000,0,0.000000000,
6,0,CT_abs,DS,ICP,0.500000000,25,0.004733500,1,727.461838643,727.461838643,201.102417211,1,0,0,0.000000000,0,0.000000000,0,0.000000000,0,0.000000000,
7,0,CT_abs,DS,ICP,0.500000000,25,0.007102870,1,992.994338303,992.994338303,265.532499660,1,0,0,0.000000000,0,0.000000000,0,0.000000000,0,0.000000000,
8,0,CT_abs,DS,ICP,0.500000000,25,0.008221211,1,1164.634054085,1164.634054085,265.532499660,1,0,0,0.000000000,0,0.000000000,0,0.000000000,0,0.000000000,
9,0,CT_abs,DS,ICP,0.500000000,25,0.010626927,1,1427.983499334,1427.983499334,265.532499660,1,0,0,0.000000000,0,0.000000000,0,0.000000000,0,0.000000000,
18,0,CT_abs,DS,ICP,0.500000000,24,6.771966535,1,2481.108387792,2481.951036459,221.887991733,508,0,2752,17183.188993486,507,3254.364694505,270150,0.000000000,0,0.000000000,
19,0,CT_abs,DS,ICP,0.500000000,24,6.744588077,1,2612.661529432,2613.504178099,221.887991733,508,0,2752,17183.188993486,507,3254.364694505,270150,0.000000000,0,0.000000000,
10,0,CT_abs,DS,ICP,0.500000000,25,8.277475433,1,1683.042678152,1683.344410998,265.535397939,485,0,2248,4610.929547348,483,1118.724654674,69134,0.000000000,0,0.000000000,
17,0,CT_abs,DS,ICP,0.500000000,23,30.004398324,0,2358.329778219,2359.161237081,256.604936907,1486,0,7256,44806.233797620,1485,8407.368903794,654128,0.000000000,0,0.000000000,
11,0,CT_abs,DS,ICP,0.500000000,25,8.455300307,1,1746.048013696,1746.349746542,265.535397939,485,0,2248,4610.929547348,483,1118.724654674,69134,0.000000000,0,0.000000000,
18,0,CT_abs,DS,ICP,0.500000000,23,30.004665165,0,2452.511451672,2453.344012518,256.604936907,1495,0,7296,45056.918186801,1494,8467.640164057,657648,0.000000000,0,0.000000000,
19,0,CT_abs,DS,ICP,0.500000000,23,30.025009858,0,2568.279438592,2569.326459585,257.089014438,1485,0,7252,44778.122329879,1484,8398.810068918,653656,0.000000000,0,0.000000000,
20,0,CT_abs,DS,ICP,0.500000000,23,30.006836229,0,2638.517571673,2639.564592665,257.089014438,1485,0,7252,44778.122329879,1484,8398.810068918,653656,0.000000000,0,0.000000000,
21,0,CT_abs,DS,ICP,0.500000000,23,30.054280499,0,2841.376715673,2841.693101631,256.627963156,756,0,5252,35658.764309274,755,6482.188164314,542975,0.000000000,0,0.000000000,
22,0,CT_abs,DS,ICP,0.500000000,23,30.035492206,0,2981.056356486,2981.449130114,256.606664901,772,0,5340,36485.440604770,771,6681.286500169,557540,0.000000000,0,0.000000000,
23,0,CT_abs,DS,ICP,0.500000000,23,30.009621543,0,3099.237555969,3099.478729506,256.621710255,1062,0,8196,48582.224838758,1061,6416.910112071,728975,0.000000000,0,0.000000000,
20,0,CT_abs,DS,ICP,0.500000000,24,30.004548641,0,2838.490212088,2839.401626423,225.850712970,2464,0,12624,90570.231945860,2463,18467.996975536,1285876,0.000000000,0,0.000000000,
21,0,CT_abs,DS,ICP,0.500000000,24,30.013478106,0,3013.124836051,3014.072515688,225.861450429,1805,0,9404,66085.241612648,1804,11152.264412461,804677,0.000000000,0,0.000000000,
22,0,CT_abs,DS,ICP,0.500000000,24,30.031821017,0,3218.682770066,3219.551887730,225.840548702,1542,0,11726,66602.169563027,1541,10668.846840842,933315,0.000000000,0,0.000000000,
23,0,CT_abs,DS,ICP,0.500000000,24,30.016409281,0,3300.704478940,3301.460239421,225.892608204,577,0,4237,20927.677080294,576,3021.263664337,363606,0.000000000,0,0.000000000,
12,0,CT_abs,DS,ICP,0.500000000,25,30.008839161,0,1929.012203052,1929.472610349,265.941103142,1089,0,6794,18339.864904517,1088,2233.402995933,347872,0.000000000,0,0.000000000,
13,0,CT_abs,DS,ICP,0.500000000,25,30.010328984,0,1968.874822867,1969.343650056,265.895480217,1113,0,6930,18716.640876766,1112,2278.805648964,355505,0.000000000,0,0.000000000,
14,0,CT_abs,DS,ICP,0.500000000,25,30.003822939,0,2249.980580798,2250.409834248,281.487070250,1445,0,10164,23521.809930073,1444,2595.229354754,422444,0.000000000,0,0.000000000,
15,0,CT_abs,DS,ICP,0.500000000,25,30.003274515,0,2404.436257073,2404.813422211,281.108656211,1430,0,10056,23281.955800031,1429,2573.293219651,418474,0.000000000,0,0.000000000,
16,0,CT_abs,DS,ICP,0.500000000,25,30.027049954,0,2606.397576053,2606.803564098,281.280977612,1408,0,9894,22848.761358364,1407,2537.247942463,410155,0.000000000,0,0.000000000,
17,0,CT_abs,DS,ICP,0.500000000,25,30.028699718,0,2712.105811066,2712.538598266,281.395858945,1440,0,10124,23445.201285519,1439,2587.226487559,421033,0.000000000,0,0.000000000,
18,0,CT_abs,DS,ICP,0.500000000,25,30.023501777,0,2808.870395768,2809.274909707,281.462330740,1410,0,9914,22886.555046399,1409,2541.603209763,410941,0.000000000,0,0.000000000,
19,0,CT_abs,DS,ICP,0.500000000,25,30.040685276,0,2949.027676485,2949.252349905,281.105757932,1643,0,11258,32257.871892624,1642,4568.140784792,684394,0.000000000,0,0.000000000,
20,0,CT_abs,DS,ICP,0.500000000,25,30.023359810,0,2988.122383551,2988.347949356,281.105757932,1677,0,11492,32769.029035443,1676,4630.320253071,693565,0.000000000,0,0.000000000,
21,0,CT_abs,DS,ICP,0.500000000,25,30.025557354,0,3133.685806912,3133.883020782,281.108656211,1440,0,12604,45405.490203408,1439,4671.243568932,917230,0.000000000,0,0.000000000,
22,0,CT_abs,DS,ICP,0.500000000,25,30.008293196,0,3211.187384230,3211.384598100,281.108656211,1441,0,12620,45455.015579468,1440,4675.454991260,918200,0.000000000,0,0.000000000,
23,0,CT_abs,DS,ICP,0.500000000,25,30.015307662,0,3337.360896580,3337.546685325,281.108656211,1389,0,13102,67020.214707993,1388,5308.185709549,1377203,0.000000000,0,0.000000000,
