5,0,CT_abs,DS,0,0.500000000,1,0.000397673,1,323.136811231,323.136811231,161.953909422,1,0,0,0.000000000,0,0.000000000,0,0.000000000,0,0.000000000,
6,0,CT_abs,DS,0,0.500000000,1,0.000664642,1,575.621642566,575.621642566,252.484831335,1,0,0,0.000000000,0,0.000000000,0,0.000000000,0,0.000000000,
7,0,CT_abs,DS,0,0.500000000,1,0.000695760,1,590.704047515,590.704047515,252.484831335,1,0,0,0.000000000,0,0.000000000,0,0.000000000,0,0.000000000,
8,0,CT_abs,DS,0,0.500000000,1,0.000787070,1,759.800111479,759.800111479,252.484831335,1,0,0,0.000000000,0,0.000000000,0,0.000000000,0,0.000000000,
9,0,CT_abs,DS,0,0.500000000,1,0.029010773,1,1000.865930601,1001.326850403,252.484831335,4,0,14,11.041527608,3,0.000000000,484,0.000000000,0,0.000000000,
10,0,CT_abs,DS,0,0.500000000,1,0.022951529,1,1283.393797383,1283.854717184,282.527866781,4,0,14,11.041527608,3,0.000000000,484,0.000000000,0,0.000000000,
11,0,CT_abs,DS,0,0.500000000,1,0.060631577,1,1492.275150399,1497.058526966,282.527866781,12,0,58,413.014210066,11,80.208970168,1096,0.000000000,0,0.000000000,
13,0,CT_abs,DS,0,0.500000000,1,0.427513435,1,1780.786607553,1787.132451754,282.527866781,230,0,1055,8685.088716270,229,2017.981034075,5858,0.000000000,0,0.000000000,
12,0,CT_abs,DS,0,0.500000000,1,0.524353720,1,1677.982691563,1684.328535764,282.527866781,230,0,1055,8685.088716270,229,2017.981034075,5858,0.000000000,0,0.000000000,
14,0,CT_abs,DS,0,0.500000000,1,0.807828764,1,1845.389537814,1851.735382015,282.527866781,440,0,2057,15480.958768444,439,3165.774533305,11152,0.000000000,0,0.000000000,
15,0,CT_abs,DS,0,0.500000000,1,3.240947848,1,2058.210652483,2065.961427101,282.527866781,974,0,5277,32687.689555646,961,4854.393514837,54900,0.000000000,0,0.000000000,
16,0,CT_abs,DS,0,0.500000000,1,5.758088828,1,2285.026351654,2293.549893270,282.527866781,1792,0,9870,65752.901788013,1771,9856.114486088,98210,0.000000000,0,0.000000000,
18,0,CT_abs,DS,0,0.500000000,1,2.573940655,1,2576.230951475,2584.998704087,282.527866781,1015,0,5637,48297.969851679,1012,7935.726477860,32580,0.000000000,0,0.000000000,
5,0,CT_abs,DS,0,0.500000000,2,0.005435118,1,761.036362729,762.810819941,249.747561110,8,0,38,440.658337313,7,76.044957829,0,0.000000000,0,0.000000000,
6,0,CT_abs,DS,0,0.500000000,2,0.005732184,1,1062.933615655,1064.708072867,301.897252926,8,0,38,440.658337313,7,76.044957829,0,0.000000000,0,0.000000000,
7,0,CT_abs,DS,0,0.500000000,2,0.006294324,1,1195.972302398,1197.746759609,301.897252926,8,0,38,440.658337313,7,76.044957829,0,0.000000000,0,0.000000000,
17,0,CT_abs,DS,0,0.500000000,1,10.621883262,1,2445.882619022,2454.650371633,282.527866781,3201,0,17441,114134.809309332,3158,18315.272683471,165432,0.000000000,0,0.000000000,
8,0,CT_abs,DS,0,0.500000000,2,0.031608939,1,1318.024342210,1320.177418384,301.897252926,25,0,152,1309.490391979,23,258.260730848,491,0.000000000,0,0.000000000,
9,0,CT_abs,DS,0,0.500000000,2,0.062016265,1,1624.230845353,1626.753448321,306.576029937,62,0,378,3426.765048579,60,697.926522867,889,0.000000000,0,0.000000000,
10,0,CT_abs,DS,0,0.500000000,2,0.045504532,1,1815.420661162,1821.242030482,306.206503143,37,0,260,3024.169202048,36,604.549075340,202,0.000000000,0,0.000000000,
12,0,CT_abs,DS,0,0.500000000,2,0.045117989,1,2169.290340435,2175.111709754,306.206503143,40,0,294,3584.170297848,39,707.430188390,202,0.000000000,0,0.000000000,
13,0,CT_abs,DS,0,0.500000000,2,0.044030576,1,2272.094256424,2277.915625744,306.206503143,40,0,294,3584.170297848,39,707.430188390,202,0.000000000,0,0.000000000,
14,0,CT_abs,DS,0,0.500000000,2,0.044042829,1,2373.765186658,2379.623348744,306.206503143,43,0,302,3754.268159109,42,803.468217586,202,0.000000000,0,0.000000000,
11,0,CT_abs,DS,0,0.500000000,2,0.051719850,1,2015.000135799,2020.821505119,306.206503143,39,0,290,3559.867831338,38,699.951273129,202,0.000000000,0,0.000000000,
15,0,CT_abs,DS,0,0.500000000,2,0.056009106,1,2390.444282045,2396.302444131,306.206503143,43,0,302,3754.268159109,42,803.468217586,202,0.000000000,0,0.000000000,
16,0,CT_abs,DS,0,0.500000000,2,0.233645409,1,2552.552091218,2558.970880075,306.206503143,266,0,1552,12542.890980080,263,2946.582658789,1850,0.000000000,0,0.000000000,
17,0,CT_abs,DS,0,0.500000000,2,0.857668078,1,2778.929164093,2785.717479745,306.576029937,772,0,5688,48650.506351526,767,7849.582213990,8109,0.000000000,0,0.000000000,
18,0,CT_abs,DS,0,0.500000000,2,0.920912328,1,2826.794010474,2833.582326125,306.576029937,772,0,5688,48650.506351526,767,7849.582213990,8109,0.000000000,0,0.000000000,
19,0,CT_abs,DS,0,0.500000000,1,11.315266629,1,2736.571007979,2745.872933620,283.606785703,7358,0,55167,318570.478409340,7357,33143.377069260,75265,0.000000000,0,0.000000000,
20,0,CT_abs,DS,0,0.500000000,1,11.580531615,1,2758.629458282,2767.931383924,283.606785703,7358,0,55167,318570.478409340,7357,33143.377069260,75265,0.000000000,0,0.000000000,
19,0,CT_abs,DS,0,0.500000000,2,1.592842323,1,3087.744187044,3096.435035100,306.206503143,1122,0,8660,64054.408685512,1111,9707.117382758,13507,0.000000000,0,0.000000000,
20,0,CT_abs,DS,0,0.500000000,2,1.664505980,1,3115.463630276,3124.154478333,306.206503143,1122,0,8660,64054.408685512,1111,9707.117382758,13507,0.000000000,0,0.000000000,
21,0,CT_abs,DS,0,0.500000000,2,1.675041923,1,3303.862813203,3312.553661259,306.206503143,1122,0,8660,64054.408685512,1111,9707.117382758,13507,0.000000000,0,0.000000000,
22,0,CT_abs,DS,0,0.500000000,2,1.861018903,1,3556.918200959,3567.207244001,306.206503143,1147,0,9123,71092.643652625,1136,10158.988195998,14891,0.000000000,0,0.000000000,
5,0,CT_abs,DS,0,0.500000000,3,0.002112398,1,600.459682699,601.864613117,199.988295758,3,0,10,176.599705141,2,34.086667294,0,0.000000000,0,0.000000000,
6,0,CT_abs,DS,0,0.500000000,3,0.002123138,1,712.021759752,713.426690169,199.988295758,3,0,10,176.599705141,2,34.086667294,0,0.000000000,0,0.000000000,
7,0,CT_abs,DS,0,0.500000000,3,0.004965401,1,904.059079169,906.868940003,199.988295758,5,0,24,424.405893645,4,65.311705227,0,0.000000000,0,0.000000000,
8,0,CT_abs,DS,0,0.500000000,3,0.066310221,1,1151.379011898,1155.327810149,248.458870146,46,0,234,769.387124258,45,85.203139039,2564,0.000000000,0,0.000000000,
9,0,CT_abs,DS,0,0.500000000,3,0.069519870,1,1252.947896844,1256.896695095,248.458870146,46,0,234,769.387124258,45,85.203139039,2564,0.000000000,0,0.000000000,
10,0,CT_abs,DS,0,0.500000000,3,0.331430937,1,1439.867476377,1444.147107126,248.510819312,186,0,1242,5858.462020931,185,569.029691198,6426,0.000000000,0,0.000000000,
12,0,CT_abs,DS,0,0.500000000,3,0.442879255,1,1652.629491695,1656.909122444,248.510819312,302,0,1984,7564.273568003,301,601.376709873,12471,0.000000000,0,0.000000000,
11,0,CT_abs,DS,0,0.500000000,3,0.447552641,1,1511.538711461,1515.818342209,248.510819312,302,0,1976,7559.909594749,301,601.376709873,11791,0.000000000,0,0.000000000,
23,0,CT_abs,DS,0,0.500000000,2,2.595124451,1,3623.388660585,3636.156234452,306.206503143,1447,0,11933,100706.085922825,1431,14431.193510045,17938,0.000000000,0,0.000000000,
13,0,CT_abs,DS,0,0.500000000,3,2.621138564,1,1893.350271889,1898.561596138,248.510819312,1765,0,11775,44902.566403106,1756,3898.382399487,63719,0.000000000,0,0.000000000,
24,0,CT_abs,DS,0,0.500000000,2,3.880671098,1,3685.617073212,3698.670477215,306.206503143,1840,0,14099,116798.642174261,1822,16868.131927285,34862,0.000000000,0,0.000000000,
19,0,CT_abs,DS,0,0.500000000,3,2.624656871,1,2724.930628512,2736.746745592,247.333206569,1674,0,12763,101689.845969256,1666,17082.352747866,23931,0.000000000,0,0.000000000,
18,0,CT_abs,DS,0,0.500000000,3,2.753625055,1,2605.176116143,2616.992233223,247.333206569,1674,0,12763,101689.845969256,1666,17082.352747866,23931,0.000000000,0,0.000000000,
14,0,CT_abs,DS,0,0.500000000,3,14.328712400,1,2093.559278252,2103.645879587,248.458870146,8191,0,55836,268763.903010530,8115,32009.004826386,291436,0.000000000,0,0.000000000,
15,0,CT_abs,DS,0,0.500000000,3,14.668487635,1,2170.902271225,2180.988872559,248.458870146,8191,0,55836,268763.903010530,8115,32009.004826386,291436,0.000000000,0,0.000000000,
16,0,CT_abs,DS,0,0.500000000,3,14.891297459,1,2351.412678371,2362.904210123,248.458870146,8279,0,56253,274274.236384259,8203,33078.542329302,291536,0.000000000,0,0.000000000,
5,0,CT_abs,DS,0,0.500000000,4,0.000411870,1,495.026182736,495.026182736,240.651774800,1,0,0,0.000000000,0,0.000000000,0,0.000000000,0,0.000000000,
6,0,CT_abs,DS,0,0.500000000,4,0.000604330,1,703.036645236,703.036645236,240.651774800,1,0,0,0.000000000,0,0.000000000,0,0.000000000,0,0.000000000,
7,0,CT_abs,DS,0,0.500000000,4,0.000877640,1,846.020544357,846.020544357,240.651774800,1,0,0,0.000000000,0,0.000000000,0,0.000000000,0,0.000000000,
17,0,CT_abs,DS,0,0.500000000,3,15.003388248,1,2482.912327460,2494.403859211,248.458870146,8279,0,56253,274274.236384259,8203,33078.542329302,291536,0.000000000,0,0.000000000,
8,0,CT_abs,DS,0,0.500000000,4,0.000758899,1,928.118087337,928.118087337,240.651774800,1,0,0,0.000000000,0,0.000000000,0,0.000000000,0,0.000000000,
9,0,CT_abs,DS,0,0.500000000,4,0.001047789,1,1160.006751250,1160.006751250,240.651774800,1,0,0,0.000000000,0,0.000000000,0,0.000000000,0,0.000000000,
10,0,CT_abs,DS,0,0.500000000,4,0.001239638,1,1288.069424293,1288.069424293,240.651774800,1,0,0,0.000000000,0,0.000000000,0,0.000000000,0,0.000000000,
11,0,CT_abs,DS,0,0.500000000,4,0.004495502,1,1564.812781292,1566.217711709,276.743356999,3,0,10,176.599705120,2,34.086667285,0,0.000000000,0,0.000000000,
12,0,CT_abs,DS,0,0.500000000,4,0.011873553,1,1573.582691896,1575.900997446,276.743356999,9,0,28,203.760208739,8,34.086667285,304,0.000000000,0,0.000000000,
13,0,CT_abs,DS,0,0.500000000,4,0.016357664,1,1641.339139536,1643.657445087,276.743356999,9,0,28,203.760208739,8,34.086667285,304,0.000000000,0,0.000000000,
14,0,CT_abs,DS,0,0.500000000,4,0.028240203,1,1779.540918266,1785.154723526,276.743356999,15,0,56,444.578421256,14,57.384872467,572,0.000000000,0,0.000000000,
15,0,CT_abs,DS,0,0.500000000,4,0.062221108,1,1974.697645097,1982.124891754,276.743356999,35,0,183,1398.497755955,34,212.276949669,1087,0.000000000,0,0.000000000,
16,0,CT_abs,DS,0,0.500000000,4,0.070924646,1,2102.406400089,2109.833646746,276.743356999,35,0,183,1398.497755955,34,212.276949669,1087,0.000000000,0,0.000000000,
17,0,CT_abs,DS,0,0.500000000,4,0.148228904,1,2162.119414267,2170.392887346,276.743356999,51,0,266,1627.232643404,50,225.299022042,2380,0.000000000,0,0.000000000,
18,0,CT_abs,DS,0,0.500000000,4,0.150385807,1,2336.200732097,2344.645825328,276.743356999,57,0,302,1880.991604267,56,272.731433653,2460,0.000000000,0,0.000000000,
5,0,CT_abs,DS,0,0.500000000,5,0.005652626,1,773.039607771,773.329165554,273.685062957,6,0,36,404.454212870,5,30.994969222,0,0.000000000,0,0.000000000,
19,0,CT_abs,DS,0,0.500000000,4,1.557230984,1,2497.538977356,2510.182622549,276.743356999,518,0,2824,16566.705168340,514,2274.692746404,26846,0.000000000,0,0.000000000,
6,0,CT_abs,DS,0,0.500000000,5,0.004138455,1,863.792930280,864.082488062,273.685062957,5,0,30,357.005183103,4,24.991917160,0,0.000000000,0,0.000000000,
8,0,CT_abs,DS,0,0.500000000,5,0.005229655,1,1054.694101133,1054.983658915,273.685062957,5,0,30,357.005183103,4,24.991917160,0,0.000000000,0,0.000000000,
7,0,CT_abs,DS,0,0.500000000,5,0.004980770,1,889.732921562,890.022479344,273.685062957,5,0,30,357.005183103,4,24.991917160,0,0.000000000,0,0.000000000,
10,0,CT_abs,DS,0,0.500000000,5,0.004218476,1,1239.087898304,1239.377456086,273.685062957,5,0,30,357.005183103,4,24.991917160,0,0.000000000,0,0.000000000,
9,0,CT_abs,DS,0,0.500000000,5,0.005377211,1,1225.238134046,1225.527691828,273.685062957,5,0,30,357.005183103,4,24.991917160,0,0.000000000,0,0.000000000,
11,0,CT_abs,DS,0,0.500000000,5,0.004424811,1,1246.248990168,1246.538547951,273.685062957,5,0,30,357.005183103,4,24.991917160,0,0.000000000,0,0.000000000,
12,0,CT_abs,DS,0,0.500000000,5,0.005399292,1,1374.507793985,1374.797351767,273.685062957,5,0,30,357.005183103,4,24.991917160,0,0.000000000,0,0.000000000,
13,0,CT_abs,DS,0,0.500000000,5,0.008476834,1,1396.192241130,1396.721251755,273.685062957,9,0,41,366.054585915,8,24.991917160,136,0.000000000,0,0.000000000,
14,0,CT_abs,DS,0,0.500000000,5,0.008317886,1,1589.070471999,1589.599482624,273.685062957,9,0,41,366.054585915,8,24.991917160,136,0.000000000,0,0.000000000,
15,0,CT_abs,DS,0,0.500000000,5,0.053860110,1,1771.993005452,1772.894713175,273.685062957,45,0,301,3181.995548952,43,478.591638455,528,0.000000000,0,0.000000000,
16,0,CT_abs,DS,0,0.500000000,5,0.058158445,1,1901.990983190,1902.892690914,273.685062957,45,0,317,3259.616740114,43,478.591638455,688,0.000000000,0,0.000000000,
20,0,CT_abs,DS,0,0.500000000,4,4.106625101,1,2693.830132559,2707.848990636,276.743356999,995,0,5758,35721.525580586,991,5326.308987919,59926,0.000000000,0,0.000000000,
18,0,CT_abs,DS,0,0.500000000,5,0.190792872,1,2228.500907662,2234.339915213,273.685062957,88,0,630,5650.665741669,85,794.865080598,2462,0.000000000,0,0.000000000,
17,0,CT_abs,DS,0,0.500000000,5,0.200077697,1,2167.703783328,2173.542790879,273.685062957,88,0,630,5650.665741669,85,794.865080598,2462,0.000000000,0,0.000000000,
19,0,CT_abs,DS,0,0.500000000,5,0.226261557,1,2446.723095689,2452.562103240,273.685062957,88,0,630,5650.665741669,85,794.865080598,2462,0.000000000,0,0.000000000,
20,0,CT_abs,DS,0,0.500000000,5,0.224964021,1,2470.665165473,2476.504173024,273.685062957,88,0,630,5650.665741669,85,794.865080598,2462,0.000000000,0,0.000000000,
21,0,CT_abs,DS,0,0.500000000,5,0.447978248,1,2654.668944672,2662.082689837,273.685062957,199,0,1470,14451.921618582,191,1840.069302858,5766,0.000000000,0,0.000000000,
22,0,CT_abs,DS,0,0.500000000,5,0.843278354,1,2884.050498377,2891.976033907,273.685062957,411,0,2971,30478.390233359,395,3619.129546472,9888,0.000000000,0,0.000000000,
23,0,CT_abs,DS,0,0.500000000,5,0.851007309,1,2921.118512475,2929.044048005,273.685062957,411,0,2971,30478.390233359,395,3619.129546472,9888,0.000000000,0,0.000000000,
5,0,CT_abs,DS,0,0.500000000,6,0.000526794,1,711.122407060,711.122407060,256.766012359,1,0,0,0.000000000,0,0.000000000,0,0.000000000,0,0.000000000,
6,0,CT_abs,DS,0,0.500000000,6,0.001123199,1,852.900563608,853.096174155,256.766012359,2,0,6,86.713949670,1,7.867115849,0,0.000000000,0,0.000000000,
9,0,CT_abs,DS,0,0.500000000,6,0.029500088,1,1163.590429632,1165.092555722,256.766012359,58,0,322,1754.798885082,57,295.599722300,32,0.000000000,0,0.000000000,
7,0,CT_abs,DS,0,0.500000000,6,0.035595813,1,1012.332616249,1013.834742339,256.766012359,58,0,320,1751.336899840,57,295.599722300,32,0.000000000,0,0.000000000,
10,0,CT_abs,DS,0,0.500000000,6,0.029731782,1,1265.223445202,1266.725571292,256.766012359,58,0,322,1754.798885082,57,295.599722300,32,0.000000000,0,0.000000000,
8,0,CT_abs,DS,0,0.500000000,6,0.035609479,1,1146.979535137,1148.481661227,256.766012359,58,0,322,1754.798885082,57,295.599722300,32,0.000000000,0,0.000000000,
24,0,CT_abs,DS,0,0.500000000,5,1.071244486,1,3119.876162719,3127.890475767,273.773840475,440,0,3230,32372.881304910,424,3649.369091758,11607,0.000000000,0,0.000000000,
11,0,CT_abs,DS,0,0.500000000,6,0.726191516,1,1472.367292058,1474.543081648,256.766012359,751,0,4612,22161.611548892,744,3559.966527159,6877,0.000000000,0,0.000000000,
12,0,CT_abs,DS,0,0.500000000,6,0.755488976,1,1505.041123182,1507.216912772,256.766012359,751,0,4612,22161.611548892,744,3559.966527159,6877,0.000000000,0,0.000000000,
14,0,CT_abs,DS,0,0.500000000,6,1.494430734,1,1741.055656499,1744.379069961,256.766012359,1557,0,9866,50393.631215951,1544,6754.704785188,9865,0.000000000,0,0.000000000,
13,0,CT_abs,DS,0,0.500000000,6,1.503346729,1,1673.667520545,1676.990934007,256.766012359,1557,0,9866,50393.631215951,1544,6754.704785188,9865,0.000000000,0,0.000000000,
18,0,CT_abs,DS,0,0.500000000,6,1.594554967,1,2524.917960243,2530.382272429,304.734407221,1687,0,10864,62722.019190794,1664,8068.749451743,9203,0.000000000,0,0.000000000,
19,0,CT_abs,DS,0,0.500000000,6,2.325855541,1,2585.529505548,2591.689024567,304.734407221,1822,0,11340,67464.403277695,1797,8094.810799233,25942,0.000000000,0,0.000000000,
16,0,CT_abs,DS,0,0.500000000,6,2.990086469,1,2108.733492798,2112.865623541,304.734407221,3114,0,19726,100624.521697895,3089,13506.419517192,19730,0.000000000,0,0.000000000,
17,0,CT_abs,DS,0,0.500000000,6,3.057038890,1,2257.322115300,2261.454246043,304.734407221,3114,0,19726,100624.521697895,3089,13506.419517192,19730,0.000000000,0,0.000000000,
15,0,CT_abs,DS,0,0.500000000,6,3.074697034,1,2045.790063720,2049.922194464,304.734407221,3114,0,19726,100624.521697895,3089,13506.419517192,19730,0.000000000,0,0.000000000,
5,0,CT_abs,DS,0,0.500000000,7,0.029849673,1,816.370646774,818.884851457,217.284696828,39,0,208,1812.890023779,38,408.153221723,132,0.000000000,0,0.000000000,
6,0,CT_abs,DS,0,0.500000000,7,0.029609613,1,1018.984724979,1021.498929662,217.284696828,39,0,208,1812.890023779,38,408.153221723,132,0.000000000,0,0.000000000,
7,0,CT_abs,DS,0,0.500000000,7,0.101610070,1,1262.927101892,1266.846236992,245.347307330,85,0,568,4363.207539081,84,748.254396609,514,0.000000000,0,0.000000000,
8,0,CT_abs,DS,0,0.500000000,7,0.211881748,1,1454.201103416,1459.872772350,245.694910746,121,0,950,7333.373501729,120,1182.301227190,3268,0.000000000,0,0.000000000,
21,0,CT_abs,DS,0,0.500000000,4,15.069891029,1,2795.134407213,2810.864767442,276.743356999,5203,0,34623,202552.617210259,5194,31427.145738835,220864,0.000000000,0,0.000000000,
20,0,CT_abs,DS,0,0.500000000,6,7.900599159,1,2857.271300331,2865.561972146,304.734407221,4935,0,30645,177278.082873963,4886,23092.369627018,111952,0.000000000,0,0.000000000,
21,0,CT_abs,DS,0,0.500000000,1,54.388975978,1,2846.655839647,2856.382814585,283.606785703,37645,0,275061,1575570.382510165,37626,173653.124233040,351593,0.000000000,0,0.000000000,
22,0,CT_abs,DS,0,0.500000000,1,60.000713904,0,3052.142794257,3062.277030730,282.537245802,22516,0,163247,774987.163974584,22452,67078.010534836,605786,0.000000000,0,0.000000000,
23,0,CT_abs,DS,0,0.500000000,1,60.001642540,0,3109.334025618,3119.528179957,282.537245802,23281,0,168720,802309.350811003,23217,69487.249852893,619988,0.000000000,0,0.000000000,
24,0,CT_abs,DS,0,0.500000000,1,60.000634599,0,3270.404971059,3280.904057400,282.527866781,22086,0,156202,730994.527725257,22022,68546.896196335,654117,0.000000000,0,0.000000000,
22,0,CT_abs,DS,0,0.500000000,4,34.400383759,1,2891.020594968,2909.814178887,276.743356999,11849,0,77251,487385.713422482,11833,80365.470709849,452088,0.000000000,0,0.000000000,
22,0,CT_abs,DS,0,0.500000000,6,27.102594446,1,3102.209053558,3118.867771172,309.028927401,15962,0,93508,498839.063520245,15827,60768.412623474,357994,0.000000000,0,0.000000000,
23,0,CT_abs,DS,0,0.500000000,6,27.166248934,1,3319.975416179,3336.634133793,309.028927401,15962,0,93508,498839.063520245,15827,60768.412623474,357994,0.000000000,0,0.000000000,
21,0,CT_abs,DS,0,0.500000000,6,27.582077400,1,3024.473204576,3041.131922190,309.028927401,15962,0,93508,498839.063520245,15827,60768.412623474,357994,0.000000000,0,0.000000000,
24,0,CT_abs,DS,0,0.500000000,6,27.370283165,1,3411.448175712,3428.106893326,309.028927401,15962,0,93508,498839.063520245,15827,60768.412623474,357994,0.000000000,0,0.000000000,
20,0,CT_abs,DS,0,0.500000000,3,60.000719670,0,2953.857788078,2966.517736686,248.647707266,31606,0,264492,2202755.773066810,30719,295672.593249099,247509,0.000000000,0,0.000000000,
21,0,CT_abs,DS,0,0.500000000,3,60.001493508,0,3095.224737614,3107.963566110,247.698551692,28295,0,256741,2143902.461764915,27488,267069.291837402,217786,0.000000000,0,0.000000000,
22,0,CT_abs,DS,0,0.500000000,3,60.002240375,0,3381.931173533,3394.961441497,287.822906269,14972,0,161562,1334620.183283519,14619,158777.158092406,669520,0.000000000,0,0.000000000,
23,0,CT_abs,DS,0,0.500000000,3,60.001614045,0,3576.440652741,3589.503819078,287.585233387,15511,0,160858,1420081.377492042,15099,179891.881539491,626919,0.000000000,0,0.000000000,
5,0,CT_abs,DS,0,0.500000000,8,0.000405467,1,582.843979021,582.843979021,154.579263975,1,0,0,0.000000000,0,0.000000000,0,0.000000000,0,0.000000000,
6,0,CT_abs,DS,0,0.500000000,8,0.001173594,1,722.743833440,722.868765746,154.579263975,2,0,6,6.000000044,1,0.166429130,0,0.000000000,0,0.000000000,
7,0,CT_abs,DS,0,0.500000000,8,0.007284395,1,892.641318887,893.228048120,170.232366666,13,0,80,408.819159092,12,66.490818667,0,0.000000000,0,0.000000000,
8,0,CT_abs,DS,0,0.500000000,8,0.007512823,1,1111.809718662,1112.396447894,219.168399775,13,0,80,408.819159092,12,66.490818667,0,0.000000000,0,0.000000000,
9,0,CT_abs,DS,0,0.500000000,8,0.244975976,1,1302.183948594,1304.791247254,219.168399775,380,0,2174,16142.993091316,378,2439.841799616,2168,0.000000000,0,0.000000000,
10,0,CT_abs,DS,0,0.500000000,8,0.273696377,1,1357.938341623,1360.545640282,219.168399775,380,0,2174,16142.993091316,378,2439.841799616,2168,0.000000000,0,0.000000000,
11,0,CT_abs,DS,0,0.500000000,8,0.435834089,1,1483.178957735,1485.902961827,219.168399775,642,0,3798,29720.599643829,640,4018.039777185,3480,0.000000000,0,0.000000000,
12,0,CT_abs,DS,0,0.500000000,8,0.882951758,1,1798.906695982,1802.245788171,316.307267266,1078,0,6485,48187.315594628,1061,6094.256715276,8113,0.000000000,0,0.000000000,
13,0,CT_abs,DS,0,0.500000000,8,1.360998407,1,1849.385424735,1861.418541663,320.015954738,1423,0,8351,70473.075296762,1388,6911.691888885,14532,0.000000000,0,0.000000000,
14,0,CT_abs,DS,0,0.500000000,8,2.665871501,1,1932.638963061,1945.075138671,320.015954738,2557,0,15635,135886.300344432,2504,15202.114639604,25080,0.000000000,0,0.000000000,
10,0,CT_abs,DS,0,0.500000000,7,41.214558723,1,1632.035316884,1649.773108569,246.804185012,10682,0,61022,232489.838980616,10336,27542.142294654,1083237,0.000000000,0,0.000000000,
9,0,CT_abs,DS,0,0.500000000,7,42.849692248,1,1539.760251234,1557.498042918,246.804185012,10682,0,61022,232489.838980616,10336,27542.142294654,1083237,0.000000000,0,0.000000000,
24,0,CT_abs,DS,0,0.500000000,3,60.006717314,0,3715.219686928,3728.299028549,287.855166299,15120,0,157023,1388257.609589403,14720,175700.055818913,614064,0.000000000,0,0.000000000,
23,0,CT_abs,DS,0,0.500000000,4,59.264294856,1,3103.118160821,3122.083859508,276.743356999,19837,0,134795,824598.945865487,19820,136214.681847128,719368,0.000000000,0,0.000000000,
24,0,CT_abs,DS,0,0.500000000,4,58.352463972,1,3204.444635982,3223.410334670,276.743356999,19837,0,134795,824598.945865487,19820,136214.681847128,719368,0.000000000,0,0.000000000,
11,0,CT_abs,DS,0,0.500000000,7,60.000923439,0,1915.941353667,1937.316142642,284.001391440,11800,0,79927,398919.692275371,11305,39304.228741538,1428632,0.000000000,0,0.000000000,
12,0,CT_abs,DS,0,0.500000000,7,60.003623340,0,2003.029158943,2024.382111309,288.200556962,11277,0,76577,382799.362504612,10799,37597.842445425,1372596,0.000000000,0,0.000000000,
13,0,CT_abs,DS,0,0.500000000,7,60.000651558,0,2166.101028532,2187.382764251,288.200556962,11431,0,77582,387875.095312592,10943,38107.823358275,1387590,0.000000000,0,0.000000000,
14,0,CT_abs,DS,0,0.500000000,7,60.009066495,0,2401.028152621,2421.495871320,283.971959148,8380,0,72171,379560.457011014,7878,30765.373336416,1416944,0.000000000,0,0.000000000,
5,0,CT_abs,DS,0,0.500000000,9,0.005812213,1,1080.927704488,1082.311025913,318.852845701,5,0,20,158.829800175,4,33.159437019,0,0.000000000,0,0.000000000,
6,0,CT_abs,DS,0,0.500000000,9,0.006190000,1,1221.736945862,1223.120267286,318.852845701,5,0,20,158.829800175,4,33.159437019,0,0.000000000,0,0.000000000,
7,0,CT_abs,DS,0,0.500000000,9,0.007183246,1,1356.405087505,1358.123912824,318.852845701,12,0,54,490.264743715,11,109.388207980,0,0.000000000,0,0.000000000,
8,0,CT_abs,DS,0,0.500000000,9,0.018030631,1,1641.705781192,1646.201934999,318.852845701,16,0,92,1050.622082755,15,201.884012961,30,0.000000000,0,0.000000000,
9,0,CT_abs,DS,0,0.500000000,9,0.018354106,1,1712.632184415,1717.128338223,318.852845701,16,0,92,1050.622082755,15,201.884012961,30,0.000000000,0,0.000000000,
10,0,CT_abs,DS,0,0.500000000,9,0.049920928,1,1933.665143082,1939.922982147,319.683171975,45,0,248,2160.022198513,44,507.790204662,146,0.000000000,0,0.000000000,
11,0,CT_abs,DS,0,0.500000000,9,0.062012699,1,2129.956298285,2136.214137350,319.683171975,45,0,248,2160.022198513,44,507.790204662,146,0.000000000,0,0.000000000,
12,0,CT_abs,DS,0,0.500000000,9,0.059245004,1,2348.204793372,2354.462632437,319.683171975,45,0,248,2160.022198513,44,507.790204662,146,0.000000000,0,0.000000000,
13,0,CT_abs,DS,0,0.500000000,9,0.131564559,1,2651.030003897,2657.938852167,319.683171975,73,0,488,4421.426951883,72,871.192662259,146,0.000000000,0,0.000000000,
15,0,CT_abs,DS,0,0.500000000,7,60.000329310,0,2426.566939072,2446.837262222,284.053276341,8351,0,72064,375751.875616572,7835,28744.134495242,1470385,0.000000000,0,0.000000000,
14,0,CT_abs,DS,0,0.500000000,9,0.581848176,1,2789.893435723,2798.128829314,319.683171975,461,0,2828,17183.524698157,449,3338.706086512,847,0.000000000,0,0.000000000,
15,0,CT_abs,DS,0,0.500000000,9,1.306540100,1,3042.749373220,3053.877302548,319.683171975,894,0,5558,36061.589260956,870,8080.687759064,4711,0.000000000,0,0.000000000,
16,0,CT_abs,DS,0,0.500000000,9,1.535955353,1,3232.067820183,3243.195749510,319.683171975,1149,0,7724,57119.953282024,1125,9902.012010448,5231,0.000000000,0,0.000000000,
16,0,CT_abs,DS,0,0.500000000,7,60.003794787,0,2459.240770195,2479.479730294,287.614724254,7734,0,66514,348727.231538888,7243,27169.030840222,1358001,0.000000000,0,0.000000000,
17,0,CT_abs,DS,0,0.500000000,7,60.005826618,0,2539.577016568,2560.180601793,287.742338942,7933,0,68386,357824.190804317,7435,27831.423995229,1392400,0.000000000,0,0.000000000,
18,0,CT_abs,DS,0,0.500000000,7,60.001453345,0,2740.006391701,2759.408714144,284.033651470,7785,0,68060,369692.555389296,7344,29767.551668293,1442886,0.000000000,0,0.000000000,
19,0,CT_abs,DS,0,0.500000000,7,60.010514128,0,2783.995615212,2803.335423768,287.742338942,7422,0,64934,354082.377364528,6999,28906.091297505,1376128,0.000000000,0,0.000000000,
20,0,CT_abs,DS,0,0.500000000,7,60.000510103,0,2965.600213734,2984.041399210,287.614724254,7365,0,64382,351037.540641721,6946,28786.959897703,1364373,0.000000000,0,0.000000000,
22,0,CT_abs,DS,0,0.500000000,7,60.005144286,0,3211.017187087,3229.518391895,287.614724254,8045,0,75017,439472.584597827,7724,32474.885675382,1341326,0.000000000,0,0.000000000,
21,0,CT_abs,DS,0,0.500000000,7,60.008699550,0,3067.600897124,3086.491341014,287.614724254,7353,0,64272,350611.855417286,6934,28783.682546942,1361624,0.000000000,0,0.000000000,
5,0,CT_abs,DS,0,0.500000000,10,0.000580664,1,692.689308624,692.689308624,238.171405458,1,0,0,0.000000000,0,0.000000000,0,0.000000000,0,0.000000000,
6,0,CT_abs,DS,0,0.500000000,10,0.000633023,1,727.779451517,727.779451517,238.171405458,1,0,0,0.000000000,0,0.000000000,0,0.000000000,0,0.000000000,
23,0,CT_abs,DS,0,0.500000000,7,60.009815218,0,3233.590280934,3251.196292390,287.680646619,8016,0,74780,438217.412810117,7696,32392.473591921,1338228,0.000000000,0,0.000000000,
7,0,CT_abs,DS,0,0.500000000,10,0.001084035,1,1013.149438789,1013.149438789,285.369987272,1,0,0,0.000000000,0,0.000000000,0,0.000000000,0,0.000000000,
8,0,CT_abs,DS,0,0.500000000,10,0.001184784,1,1119.167165418,1119.167165418,285.369987272,1,0,0,0.000000000,0,0.000000000,0,0.000000000,0,0.000000000,
9,0,CT_abs,DS,0,0.500000000,10,0.001337439,1,1360.366873466,1360.366873466,285.369987272,1,0,0,0.000000000,0,0.000000000,0,0.000000000,0,0.000000000,
10,0,CT_abs,DS,0,0.500000000,10,0.001535239,1,1579.396205504,1579.396205504,285.369987272,1,0,0,0.000000000,0,0.000000000,0,0.000000000,0,0.000000000,
11,0,CT_abs,DS,0,0.500000000,10,0.013514800,1,1650.249226342,1650.651709611,285.369987272,8,0,22,30.308447736,7,0.000000000,736,0.000000000,0,0.000000000,
12,0,CT_abs,DS,0,0.500000000,10,0.022054342,1,1931.707788040,1932.564087322,285.369987272,12,0,40,180.355496856,11,24.706183586,736,0.000000000,0,0.000000000,
13,0,CT_abs,DS,0,0.500000000,10,0.026031516,1,2146.350160940,2147.230295229,285.369987272,13,0,50,186.891608760,12,25.816376547,801,0.000000000,0,0.000000000,
14,0,CT_abs,DS,0,0.500000000,10,0.040854672,1,2338.310395050,2339.496040226,285.675498159,16,0,62,199.552072573,15,25.816376547,1132,0.000000000,0,0.000000000,
15,0,CT_abs,DS,0,0.500000000,10,0.043685262,1,2468.427199916,2469.612845093,285.675498159,16,0,62,199.552072573,15,25.816376547,1132,0.000000000,0,0.000000000,
16,0,CT_abs,DS,0,0.500000000,10,0.043718234,1,2561.661737678,2562.847382855,285.675498159,16,0,62,199.552072573,15,25.816376547,1132,0.000000000,0,0.000000000,
17,0,CT_abs,DS,0,0.500000000,10,0.166555931,1,2668.258327225,2670.266506607,285.675498159,101,0,412,2116.037077442,100,498.135971037,5498,0.000000000,0,0.000000000,
18,0,CT_abs,DS,0,0.500000000,10,0.164721852,1,2778.206176267,2780.214355649,285.675498159,101,0,412,2116.037077442,100,498.135971037,5498,0.000000000,0,0.000000000,
17,0,CT_abs,DS,0,0.500000000,9,17.463355018,1,3562.277088477,3576.230881285,331.972683126,10305,0,68508,566759.475331563,10178,100345.893925530,48924,0.000000000,0,0.000000000,
24,0,CT_abs,DS,0,0.500000000,7,60.001321696,0,3439.739033830,3458.347565128,287.614724254,9261,0,83996,511316.661464477,8972,46087.236385647,1266544,0.000000000,0,0.000000000,
20,0,CT_abs,DS,0,0.500000000,10,5.761108400,1,2969.442414474,2977.555068243,285.675498159,3684,0,19795,144634.067825088,3667,34556.921174786,87423,0.000000000,0,0.000000000,
19,0,CT_abs,DS,0,0.500000000,10,5.838386651,1,2913.768401162,2921.881054931,285.675498159,3684,0,19795,144634.067825088,3667,34556.921174786,87423,0.000000000,0,0.000000000,
5,0,CT_abs,DS,0,0.500000000,11,0.001520361,1,789.991377159,790.562512478,283.207108168,2,0,4,105.211599132,1,20.452676132,0,0.000000000,0,0.000000000,
15,0,CT_abs,DS,0,0.500000000,8,60.000366210,0,2216.544999844,2234.640748591,320.015954738,52097,0,308423,2344063.183712647,50444,418072.121733438,389507,0.000000000,0,0.000000000,
6,0,CT_abs,DS,0,0.500000000,11,0.001253444,1,847.288466678,847.859601996,283.207108168,2,0,4,105.211599132,1,20.452676132,0,0.000000000,0,0.000000000,
16,0,CT_abs,DS,0,0.500000000,8,60.000277626,0,2300.513374219,2318.398583742,320.730873246,30311,0,194676,1401046.971017761,29682,234119.208676095,1023286,0.000000000,0,0.000000000,
7,0,CT_abs,DS,0,0.500000000,11,0.001170217,1,931.057292041,931.628427360,283.207108168,2,0,4,105.211599132,1,20.452676132,0,0.000000000,0,0.000000000,
8,0,CT_abs,DS,0,0.500000000,11,0.002709004,1,1028.186526814,1030.324752840,283.207108168,3,0,12,225.566277633,2,27.967154832,0,0.000000000,0,0.000000000,
17,0,CT_abs,DS,0,0.500000000,8,60.000143817,0,2468.340644155,2486.021649858,319.542216008,30075,0,194712,1391163.604590637,29489,232246.839551848,1021658,0.000000000,0,0.000000000,
9,0,CT_abs,DS,0,0.500000000,11,0.002904719,1,1365.069415954,1367.207641980,336.882889140,3,0,12,225.566277633,2,27.967154832,0,0.000000000,0,0.000000000,
21,0,CT_abs,DS,0,0.500000000,10,10.245767431,1,3100.879465156,3109.396812004,285.675498159,6674,0,36797,254266.029250207,6622,56521.744765672,129844,0.000000000,0,0.000000000,
10,0,CT_abs,DS,0,0.500000000,11,1.071752009,1,1506.258524596,1510.542658293,338.241618031,706,0,3612,17113.632650455,703,2514.287241906,18059,0.000000000,0,0.000000000,
18,0,CT_abs,DS,0,0.500000000,8,60.001524241,0,2588.095156524,2605.984367794,320.746949593,30082,0,194752,1391485.650676519,29494,232310.813709692,1022028,0.000000000,0,0.000000000,
19,0,CT_abs,DS,0,0.500000000,8,60.002121800,0,2897.908858812,2917.168937394,319.542216008,22576,0,178903,1415720.233092734,22370,171581.176325593,1093464,0.000000000,0,0.000000000,
11,0,CT_abs,DS,0,0.500000000,11,4.538384260,1,1648.579931737,1653.531986040,338.241618031,2804,0,17560,84378.441145020,2772,13751.348171024,74869,0.000000000,0,0.000000000,
20,0,CT_abs,DS,0,0.500000000,8,60.003429108,0,3088.730113331,3110.104544879,319.542216008,18159,0,162789,1282892.757148286,18155,138999.858495678,1264814,0.000000000,0,0.000000000,
21,0,CT_abs,DS,0,0.500000000,8,60.005839779,0,3151.105039330,3182.133952714,320.730873246,14410,0,144400,1173642.641877071,14406,110962.230423338,957422,0.000000000,0,0.000000000,
12,0,CT_abs,DS,0,0.500000000,11,7.797038380,1,1820.536460421,1825.510187269,338.241618031,4876,0,30468,151842.013564899,4844,27180.594586318,110133,0.000000000,0,0.000000000,
22,0,CT_abs,DS,0,0.500000000,8,60.007265386,0,3338.995329981,3372.086663836,319.542216008,12042,0,105275,922097.559671114,11867,80124.582239613,971601,0.000000000,0,0.000000000,
13,0,CT_abs,DS,0,0.500000000,11,9.573157554,1,2138.910288740,2144.458619731,338.816222173,6892,0,38157,187882.351320855,6836,38286.865054788,159733,0.000000000,0,0.000000000,
14,0,CT_abs,DS,0,0.500000000,11,9.670369856,1,2160.971114124,2166.519445115,338.816222173,6892,0,38157,187882.351320855,6836,38286.865054788,159733,0.000000000,0,0.000000000,
23,0,CT_abs,DS,0,0.500000000,8,60.005206039,0,3615.728104341,3657.241317772,319.542216008,10593,0,90550,776627.699486100,10468,65183.413691226,899995,0.000000000,0,0.000000000,
5,0,CT_abs,DS,0,0.500000000,12,0.000580996,1,682.243410719,682.243410719,210.398882842,1,0,0,0.000000000,0,0.000000000,0,0.000000000,0,0.000000000,
6,0,CT_abs,DS,0,0.500000000,12,0.000708734,1,920.976434430,920.976434430,238.733023710,1,0,0,0.000000000,0,0.000000000,0,0.000000000,0,0.000000000,
24,0,CT_abs,DS,0,0.500000000,8,60.003279842,0,3814.072353449,3855.605354023,319.938232719,10705,0,91423,784031.576265589,10580,65796.890532966,908726,0.000000000,0,0.000000000,
7,0,CT_abs,DS,0,0.500000000,12,0.001426116,1,1128.986896930,1129.913213700,238.733023710,2,0,6,8.677698022,1,2.036113128,0,0.000000000,0,0.000000000,
8,0,CT_abs,DS,0,0.500000000,12,0.002081111,1,1174.136285776,1175.062602546,238.733023710,2,0,6,8.677698022,1,2.036113128,0,0.000000000,0,0.000000000,
9,0,CT_abs,DS,0,0.500000000,12,0.001593247,1,1331.661095231,1332.587412001,238.733023710,2,0,6,8.677698022,1,2.036113128,0,0.000000000,0,0.000000000,
10,0,CT_abs,DS,0,0.500000000,12,0.001699407,1,1507.753546786,1508.679863556,238.733023710,2,0,6,8.677698022,1,2.036113128,0,0.000000000,0,0.000000000,
11,0,CT_abs,DS,0,0.500000000,12,0.002302052,1,1562.757294492,1563.683611262,238.733023710,2,0,6,8.677698022,1,2.036113128,0,0.000000000,0,0.000000000,
12,0,CT_abs,DS,0,0.500000000,12,0.002700046,1,1593.800165219,1594.726481989,238.733023710,2,0,6,8.677698022,1,2.036113128,0,0.000000000,0,0.000000000,
13,0,CT_abs,DS,0,0.500000000,12,0.002670291,1,1747.644502643,1748.570819413,238.733023710,2,0,6,8.677698022,1,2.036113128,0,0.000000000,0,0.000000000,
14,0,CT_abs,DS,0,0.500000000,12,0.039439296,1,1859.238404274,1862.882400970,238.733023710,11,0,48,200.160018830,10,17.295516411,589,0.000000000,0,0.000000000,
15,0,CT_abs,DS,0,0.500000000,12,0.037340704,1,1919.826064541,1923.470061237,238.733023710,11,0,48,200.160018830,10,17.295516411,589,0.000000000,0,0.000000000,
16,0,CT_abs,DS,0,0.500000000,12,0.040742932,1,2204.149951758,2209.198878872,285.728817635,13,0,60,412.551765526,12,63.863350308,589,0.000000000,0,0.000000000,
17,0,CT_abs,DS,0,0.500000000,12,0.034368729,1,2392.442305323,2397.491232437,285.728817635,13,0,60,412.551765526,12,63.863350308,589,0.000000000,0,0.000000000,
18,0,CT_abs,DS,0,0.500000000,9,60.000717503,0,3740.215875950,3755.492773909,332.068037784,33413,0,223318,1944034.908930467,32981,326310.284017990,101989,0.000000000,0,0.000000000,
18,0,CT_abs,DS,0,0.500000000,12,0.045773406,1,2467.327613597,2472.376540711,285.728817635,13,0,60,412.551765526,12,63.863350308,589,0.000000000,0,0.000000000,
19,0,CT_abs,DS,0,0.500000000,9,60.001019898,0,3940.162828176,3955.432172820,332.100297814,34794,0,232134,2014611.453069588,34348,338888.518584200,106005,0.000000000,0,0.000000000,
19,0,CT_abs,DS,0,0.500000000,12,0.083127895,1,2670.885285164,2676.880378636,285.728817635,34,0,150,677.784317604,33,102.678817863,1536,0.000000000,0,0.000000000,
21,0,CT_abs,DS,0,0.500000000,12,0.168501628,1,3066.776128132,3073.342356922,285.728817635,65,0,296,1552.867612532,64,270.022937850,3054,0.000000000,0,0.000000000,
20,0,CT_abs,DS,0,0.500000000,12,0.215466030,1,2866.346752999,2872.912981789,285.728817635,65,0,296,1552.867612532,64,270.022937850,3054,0.000000000,0,0.000000000,
5,0,CT_abs,DS,0,0.500000000,13,0.000543896,1,690.227073743,690.227073743,248.515435359,1,0,0,0.000000000,0,0.000000000,0,0.000000000,0,0.000000000,
22,0,CT_abs,DS,0,0.500000000,12,0.166891438,1,3232.635958100,3239.202186890,285.728817635,64,0,294,1572.568747002,63,270.022937850,2994,0.000000000,0,0.000000000,
23,0,CT_abs,DS,0,0.500000000,12,0.199772616,1,3251.280631683,3257.846860473,285.728817635,64,0,294,1572.568747002,63,270.022937850,2994,0.000000000,0,0.000000000,
24,0,CT_abs,DS,0,0.500000000,12,0.385041162,1,3291.440737979,3298.856476730,285.728817635,139,0,645,3074.850824921,138,409.990713842,11607,0.000000000,0,0.000000000,
20,0,CT_abs,DS,0,0.500000000,9,60.002650698,0,4198.629298149,4213.767867418,332.038605491,31178,0,214370,2021005.263239999,30651,337597.412863331,109158,0.000000000,0,0.000000000,
6,0,CT_abs,DS,0,0.500000000,13,0.000686131,1,802.215864382,802.215864382,248.515435359,1,0,0,0.000000000,0,0.000000000,0,0.000000000,0,0.000000000,
7,0,CT_abs,DS,0,0.500000000,13,0.000840651,1,981.541737741,981.541737741,248.515435359,1,0,0,0.000000000,0,0.000000000,0,0.000000000,0,0.000000000,
8,0,CT_abs,DS,0,0.500000000,13,0.003133657,1,1191.940620583,1193.345551000,248.515435359,3,0,10,176.599705137,2,34.086667290,0,0.000000000,0,0.000000000,
9,0,CT_abs,DS,0,0.500000000,13,0.003043980,1,1271.160984613,1272.565915030,248.515435359,3,0,10,176.599705137,2,34.086667290,0,0.000000000,0,0.000000000,
21,0,CT_abs,DS,0,0.500000000,9,60.001767161,0,4445.436864742,4460.574286864,332.038605491,30065,0,209439,1983354.382006610,29552,326544.801861524,106206,0.000000000,0,0.000000000,
10,0,CT_abs,DS,0,0.500000000,13,0.012122778,1,1497.075092905,1499.978943581,248.876643286,9,0,52,660.175653333,8,93.715310210,66,0.000000000,0,0.000000000,
11,0,CT_abs,DS,0,0.500000000,13,0.015239654,1,1685.857350597,1688.767466305,248.876643286,11,0,72,883.379465019,10,109.960249138,66,0.000000000,0,0.000000000,
13,0,CT_abs,DS,0,0.500000000,13,0.015318813,1,1982.808751971,1985.718867678,248.876643286,11,0,72,883.379465019,10,109.960249138,66,0.000000000,0,0.000000000,
12,0,CT_abs,DS,0,0.500000000,13,0.019140436,1,1825.283942516,1828.194058223,248.876643286,11,0,72,883.379465019,10,109.960249138,66,0.000000000,0,0.000000000,
14,0,CT_abs,DS,0,0.500000000,13,0.020459601,1,2142.857919634,2146.742480966,248.876643286,18,0,110,1273.758210605,17,201.887164987,66,0.000000000,0,0.000000000,
22,0,CT_abs,DS,0,0.500000000,9,60.001512887,0,4532.094625592,4547.222709927,332.068037784,29747,0,207291,1963436.881794327,29242,323086.671520983,105059,0.000000000,0,0.000000000,
15,0,CT_abs,DS,0,0.500000000,13,0.207974266,1,2241.612531683,2248.710096706,248.876643286,225,0,1476,12098.186744224,224,2494.064762543,1285,0.000000000,0,0.000000000,
16,0,CT_abs,DS,0,0.500000000,13,2.338163758,1,2416.161433833,2424.361839590,248.876643286,970,0,5658,38130.224723867,956,7945.635878004,49050,0.000000000,0,0.000000000,
23,0,CT_abs,DS,0,0.500000000,9,60.001812433,0,4774.968563674,4790.346241135,332.119922684,30078,0,217862,2045248.729507676,29686,317699.600647453,113256,0.000000000,0,0.000000000,
15,0,CT_abs,DS,0,0.500000000,11,41.890866616,1,2352.160929934,2358.087879887,338.816222173,27450,0,151292,746319.253361464,27273,145598.588683713,587880,0.000000000,0,0.000000000,
5,0,CT_abs,DS,0,0.500000000,14,0.042696364,1,713.883297185,714.649658791,207.478720000,6,0,18,23.306117454,5,0.000000000,1264,0.000000000,0,0.000000000,
24,0,CT_abs,DS,0,0.500000000,9,60.000404695,0,4949.328882485,4964.614383261,331.972683126,26164,0,203778,1892265.594821539,25661,257260.024026108,106819,0.000000000,0,0.000000000,
6,0,CT_abs,DS,0,0.500000000,14,0.040879678,1,833.299140049,834.065501654,207.478720000,6,0,18,23.306117454,5,0.000000000,1264,0.000000000,0,0.000000000,
7,0,CT_abs,DS,0,0.500000000,14,0.041144924,1,900.193277989,900.959639595,207.478720000,6,0,18,23.306117454,5,0.000000000,1264,0.000000000,0,0.000000000,
22,0,CT_abs,DS,0,0.500000000,10,55.016266988,1,3415.286483574,3425.650267446,316.239205701,29302,0,184215,1127655.155481704,28557,210516.474798612,518899,0.000000000,0,0.000000000,
8,0,CT_abs,DS,0,0.500000000,14,0.041973713,1,1090.235826135,1091.002187740,207.478720000,6,0,18,23.306117454,5,0.000000000,1264,0.000000000,0,0.000000000,
9,0,CT_abs,DS,0,0.500000000,14,0.041526728,1,1148.486575061,1149.252936666,207.478720000,6,0,18,23.306117454,5,0.000000000,1264,0.000000000,0,0.000000000,
10,0,CT_abs,DS,0,0.500000000,14,0.081137515,1,1325.059203423,1326.928405761,207.478720000,10,0,40,106.090976719,9,0.000000000,2594,0.000000000,0,0.000000000,
11,0,CT_abs,DS,0,0.500000000,14,0.121646420,1,1472.412190539,1475.027982681,207.478720000,20,0,100,506.506711816,19,62.184270680,3995,0.000000000,0,0.000000000,
13,0,CT_abs,DS,0,0.500000000,14,0.155743883,1,1734.454286725,1737.111835687,207.478720000,25,0,124,709.602448151,24,77.717749344,5069,0.000000000,0,0.000000000,
12,0,CT_abs,DS,0,0.500000000,14,0.166949687,1,1582.594792493,1585.252341456,207.478720000,25,0,124,709.602448151,24,77.717749344,5069,0.000000000,0,0.000000000,
14,0,CT_abs,DS,0,0.500000000,14,0.167298429,1,1798.851672141,1801.509221103,207.478720000,25,0,124,709.602448151,24,77.717749344,5069,0.000000000,0,0.000000000,
18,0,CT_abs,DS,0,0.500000000,13,10.075267543,1,2705.030791467,2718.591414776,249.687683223,2792,0,18246,154712.603764011,2737,20905.239415766,192073,0.000000000,0,0.000000000,
15,0,CT_abs,DS,0,0.500000000,14,0.525651959,1,1971.941725089,1977.138749670,207.478720000,142,0,695,3576.772731045,141,525.128554959,13962,0.000000000,0,0.000000000,
19,0,CT_abs,DS,0,0.500000000,13,10.702810157,1,2711.006124298,2724.760012176,249.687683223,3238,0,20632,173856.009573226,3178,23743.278431204,204844,0.000000000,0,0.000000000,
17,0,CT_abs,DS,0,0.500000000,13,11.059168840,1,2512.152560599,2523.142208768,249.687683223,3063,0,19664,160499.313881522,2994,20025.403634090,218160,0.000000000,0,0.000000000,
20,0,CT_abs,DS,0,0.500000000,13,11.519615594,1,2858.553231391,2872.307119269,249.687683223,3245,0,20635,173090.204755412,3187,23578.044405619,209667,0.000000000,0,0.000000000,
16,0,CT_abs,DS,0,0.500000000,14,1.481160477,1,2207.068572628,2214.744128034,235.126847539,370,0,1810,9473.937302308,369,1369.841446273,38294,0.000000000,0,0.000000000,
21,0,CT_abs,DS,0,0.500000000,13,11.491247803,1,3021.899525632,3035.653413510,249.687683223,3245,0,20635,173090.204755412,3187,23578.044405619,209667,0.000000000,0,0.000000000,
23,0,CT_abs,DS,0,0.500000000,10,60.001264535,0,3580.907521620,3590.931461955,315.738715439,31118,0,208767,1622019.259346317,30369,279509.725355832,555675,0.000000000,0,0.000000000,
16,0,CT_abs,DS,0,0.500000000,11,50.979818280,1,2448.123479348,2454.179326446,338.816222173,31597,0,174149,858892.494749042,31398,164155.965573984,716596,0.000000000,0,0.000000000,
5,0,CT_abs,DS,0,0.500000000,15,0.000543116,1,657.625676044,657.625676044,248.520317226,1,0,0,0.000000000,0,0.000000000,0,0.000000000,0,0.000000000,
7,0,CT_abs,DS,0,0.500000000,15,0.011613737,1,898.443582097,899.757148985,248.520317226,19,0,100,571.129120540,18,149.869813949,78,0.000000000,0,0.000000000,
6,0,CT_abs,DS,0,0.500000000,15,0.015221201,1,817.643391156,818.956958044,248.520317226,19,0,100,571.129120540,18,149.869813949,78,0.000000000,0,0.000000000,
24,0,CT_abs,DS,0,0.500000000,10,60.004343156,0,3854.578414951,3866.305978228,315.738715439,31194,0,218060,2008037.541130525,30506,308293.352988899,463405,0.000000000,0,0.000000000,
8,0,CT_abs,DS,0,0.500000000,15,0.033621221,1,1048.193259488,1049.966509867,248.520317226,44,0,236,958.465838204,43,212.866368025,244,0.000000000,0,0.000000000,
9,0,CT_abs,DS,0,0.500000000,15,0.034090629,1,1251.908209025,1253.681459404,248.520317226,44,0,236,958.465838204,43,212.866368025,244,0.000000000,0,0.000000000,
10,0,CT_abs,DS,0,0.500000000,15,0.046416458,1,1534.529541685,1538.145762347,282.621332660,71,0,372,1625.811166525,69,282.356195139,138,0.000000000,0,0.000000000,
17,0,CT_abs,DS,0,0.500000000,14,8.868520977,1,2496.461746380,2507.818029519,290.201891034,2120,0,10303,52685.040132780,2105,7297.885519523,241003,0.000000000,0,0.000000000,
11,0,CT_abs,DS,0,0.500000000,15,1.600969754,1,1848.936560102,1856.415872472,315.215735699,1256,0,7572,31301.419140586,1212,7462.852509310,18498,0.000000000,0,0.000000000,
18,0,CT_abs,DS,0,0.500000000,14,9.195823931,1,2505.176166136,2516.532449275,290.201891034,2120,0,10303,52685.040132780,2105,7297.885519523,241003,0.000000000,0,0.000000000,
12,0,CT_abs,DS,0,0.500000000,15,1.770871209,1,2032.128170826,2039.607483195,315.215735699,1256,0,7572,31301.419140586,1212,7462.852509310,18498,0.000000000,0,0.000000000,
17,0,CT_abs,DS,0,0.500000000,11,60.002879161,0,2670.653520354,2679.445876361,337.941602706,38185,0,211018,1051896.293412292,37978,195751.928219344,907386,0.000000000,0,0.000000000,
18,0,CT_abs,DS,0,0.500000000,11,60.002258985,0,2909.971656671,2920.456310960,338.036115741,27400,0,196557,925035.792544998,27343,154965.815893703,906882,0.000000000,0,0.000000000,
19,0,CT_abs,DS,0,0.500000000,11,60.003525903,0,3177.215459202,3191.311182351,337.579404961,25513,0,181684,856169.686200158,25345,140241.676217973,857160,0.000000000,0,0.000000000,
20,0,CT_abs,DS,0,0.500000000,11,60.003104380,0,3243.346896381,3257.524923663,337.530882378,25879,0,184272,868657.355018790,25692,142196.010433400,868110,0.000000000,0,0.000000000,
21,0,CT_abs,DS,0,0.500000000,11,60.000042699,0,3526.228652679,3540.719619122,337.784349849,27295,0,197742,871405.396255360,24629,111938.343912423,827199,0.000000000,0,0.000000000,
22,0,CT_abs,DS,0,0.500000000,11,60.000326659,0,3636.176501720,3650.634795345,337.778746020,24502,0,177010,796485.872502325,22555,105445.380071396,750450,0.000000000,0,0.000000000,
23,0,CT_abs,DS,0,0.500000000,11,60.002519112,0,3888.810379191,3906.464550302,337.100365761,24320,0,176707,851958.946123806,23334,123836.068603138,744781,0.000000000,0,0.000000000,
24,0,CT_abs,DS,0,0.500000000,11,60.002682568,0,3965.595935999,3983.240173983,337.689269189,23126,0,168073,815235.947154003,22238,118929.089980053,718857,0.000000000,0,0.000000000,
5,0,CT_abs,DS,0,0.500000000,16,0.002985050,1,595.713254116,595.826895606,180.524871844,8,0,32,339.095771637,7,71.806215669,0,0.000000000,0,0.000000000,
6,0,CT_abs,DS,0,0.500000000,16,0.003723370,1,765.655080846,765.768722335,180.524871844,8,0,32,339.095771637,7,71.806215669,0,0.000000000,0,0.000000000,
7,0,CT_abs,DS,0,0.500000000,16,0.005697398,1,978.476387971,980.864632981,215.095910645,10,0,48,605.026933720,9,86.553108421,0,0.000000000,0,0.000000000,
8,0,CT_abs,DS,0,0.500000000,16,0.005063965,1,1133.227904597,1135.616149607,215.095910645,10,0,48,605.026933720,9,86.553108421,0,0.000000000,0,0.000000000,
9,0,CT_abs,DS,0,0.500000000,16,0.004923393,1,1244.332912795,1246.721157805,215.095910645,10,0,48,605.026933720,9,86.553108421,0,0.000000000,0,0.000000000,
10,0,CT_abs,DS,0,0.500000000,16,0.005117285,1,1342.472639600,1344.860884610,215.095910645,10,0,48,605.026933720,9,86.553108421,0,0.000000000,0,0.000000000,
11,0,CT_abs,DS,0,0.500000000,16,0.045331279,1,1454.337271543,1457.183852868,215.095910645,42,0,220,3064.548748994,41,675.663084558,720,0.000000000,0,0.000000000,
12,0,CT_abs,DS,0,0.500000000,16,0.038450357,1,1543.302067173,1546.148648497,215.095910645,42,0,220,3064.548748994,41,675.663084558,720,0.000000000,0,0.000000000,
13,0,CT_abs,DS,0,0.500000000,16,0.052464341,1,1783.281293482,1786.747057922,240.598409425,53,0,290,3710.127650102,52,765.569629887,1159,0.000000000,0,0.000000000,
14,0,CT_abs,DS,0,0.500000000,16,0.059102288,1,1826.015798796,1829.481563236,240.598409425,53,0,290,3710.127650102,52,765.569629887,1159,0.000000000,0,0.000000000,
15,0,CT_abs,DS,0,0.500000000,16,0.052592802,1,1981.124080734,1984.589845175,240.598409425,53,0,296,3859.770233352,52,765.569629887,1159,0.000000000,0,0.000000000,
16,0,CT_abs,DS,0,0.500000000,16,0.053945149,1,2065.779819245,2069.245583685,240.598409425,53,0,296,3859.770233352,52,765.569629887,1159,0.000000000,0,0.000000000,
17,0,CT_abs,DS,0,0.500000000,16,0.178519493,1,2338.436984925,2342.864011359,273.231769824,168,0,916,12345.018413585,167,2491.840606959,3509,0.000000000,0,0.000000000,
18,0,CT_abs,DS,0,0.500000000,16,0.168133962,1,2432.665656247,2437.092682680,273.231769824,168,0,916,12345.018413585,167,2491.840606959,3509,0.000000000,0,0.000000000,
19,0,CT_abs,DS,0,0.500000000,16,0.359589962,1,2574.956114871,2581.543022196,273.231769824,392,0,2386,26031.629369545,391,4240.529034246,5544,0.000000000,0,0.000000000,
20,0,CT_abs,DS,0,0.500000000,16,1.437143736,1,2723.311170583,2730.340317827,273.231769824,1158,0,7767,90723.639669050,1157,17185.176607636,35442,0.000000000,0,0.000000000,
21,0,CT_abs,DS,0,0.500000000,16,1.306599975,1,2885.450156086,2892.479303330,273.231769824,1069,0,7483,79893.707787735,1065,13883.487639488,27672,0.000000000,0,0.000000000,
22,0,CT_abs,DS,0,0.500000000,16,1.330457217,1,2917.341626161,2924.583836918,273.231769824,1077,0,7508,79934.707788208,1073,13883.487639488,28156,0.000000000,0,0.000000000,
23,0,CT_abs,DS,0,0.500000000,16,1.369520932,1,2982.958550402,2990.200761159,273.231769824,1078,0,7518,80081.838814057,1074,13906.722255327,28198,0.000000000,0,0.000000000,
22,0,CT_abs,DS,0,0.500000000,13,60.001918503,0,3331.713227921,3347.432427108,311.785357710,16009,0,106734,858626.544549236,15658,113499.229332591,1048340,0.000000000,0,0.000000000,
5,0,CT_abs,DS,0,0.500000000,17,0.000626903,1,483.728538532,483.728538532,282.527866781,1,0,0,0.000000000,0,0.000000000,0,0.000000000,0,0.000000000,
6,0,CT_abs,DS,0,0.500000000,17,0.000522377,1,570.584339264,570.584339264,282.527866781,1,0,0,0.000000000,0,0.000000000,0,0.000000000,0,0.000000000,
23,0,CT_abs,DS,0,0.500000000,13,60.008590557,0,3448.580550695,3463.294364609,311.577117120,15953,0,105923,784802.533277959,15664,94553.657690694,1075107,0.000000000,0,0.000000000,
7,0,CT_abs,DS,0,0.500000000,17,0.000629707,1,650.457421104,650.457421104,282.527866781,1,0,0,0.000000000,0,0.000000000,0,0.000000000,0,0.000000000,
8,0,CT_abs,DS,0,0.500000000,17,0.008151296,1,850.492614045,850.895672728,282.527866781,3,0,8,6.042615206,2,0.000000000,200,0.000000000,0,0.000000000,
24,0,CT_abs,DS,0,0.500000000,13,60.012547937,0,3542.028782188,3558.539862466,311.785357710,14475,0,95519,714039.927299645,14421,90694.704274652,1268511,0.000000000,0,0.000000000,
9,0,CT_abs,DS,0,0.500000000,17,0.041116782,1,1114.392930309,1115.779967159,282.527866781,9,0,33,30.726197102,8,0.000000000,1186,0.000000000,0,0.000000000,
10,0,CT_abs,DS,0,0.500000000,17,0.048905730,1,1120.636769913,1122.023806763,282.527866781,9,0,33,30.726197102,8,0.000000000,1186,0.000000000,0,0.000000000,
11,0,CT_abs,DS,0,0.500000000,17,0.109671427,1,1211.620145831,1214.251122670,282.527866781,26,0,106,395.712523841,25,75.671241228,2598,0.000000000,0,0.000000000,
12,0,CT_abs,DS,0,0.500000000,17,0.112151202,1,1315.942979398,1318.573956237,282.527866781,26,0,106,395.712523841,25,75.671241228,2598,0.000000000,0,0.000000000,
13,0,CT_abs,DS,0,0.500000000,17,0.437799024,1,1563.738195428,1570.371765529,282.527866781,80,0,368,2122.307199720,79,234.774901077,10196,0.000000000,0,0.000000000,
14,0,CT_abs,DS,0,0.500000000,17,0.717572450,1,1662.480968881,1669.308523672,282.527866781,129,0,626,3839.753536794,128,441.719219077,16699,0.000000000,0,0.000000000,
15,0,CT_abs,DS,0,0.500000000,17,0.710730192,1,1746.334700765,1753.162255556,282.527866781,129,0,626,3839.753536794,128,441.719219077,16699,0.000000000,0,0.000000000,
16,0,CT_abs,DS,0,0.500000000,17,0.770166346,1,1804.258233215,1811.085788006,282.527866781,129,0,626,3843.462224247,128,441.719219077,16711,0.000000000,0,0.000000000,
19,0,CT_abs,DS,0,0.500000000,14,60.001193282,0,2755.363202462,2766.671239522,290.201891034,11234,0,61219,377381.288576641,11193,48600.651011328,1339878,0.000000000,0,0.000000000,
20,0,CT_abs,DS,0,0.500000000,14,60.005127576,0,2914.808253780,2926.220934197,289.393173752,11348,0,61843,380705.501638020,11307,49125.681947952,1350708,0.000000000,0,0.000000000,
21,0,CT_abs,DS,0,0.500000000,14,60.003854248,0,3176.816236192,3188.920062040,290.393173777,13437,0,79371,419059.753295554,13207,53808.129943984,1376857,0.000000000,0,0.000000000,
23,0,CT_abs,DS,0,0.500000000,14,60.000844633,0,3474.020956603,3486.296538578,291.058485150,13382,0,78555,422306.294113368,13198,57702.534775647,1339725,0.000000000,0,0.000000000,
22,0,CT_abs,DS,0,0.500000000,14,60.009635985,0,3250.909244843,3263.041543724,292.810448726,13034,0,77005,405732.976395622,12815,52253.271745990,1335663,0.000000000,0,0.000000000,
24,0,CT_abs,DS,0,0.500000000,14,60.003609843,0,3696.184438152,3711.018479014,291.058485150,11142,0,75214,513845.777356077,10995,63935.961808868,1319547,0.000000000,0,0.000000000,
5,0,CT_abs,DS,0,0.500000000,18,0.027628290,1,871.396863255,873.096603497,262.749244788,6,0,24,224.389772977,5,28.096108222,511,0.000000000,0,0.000000000,
17,0,CT_abs,DS,0,0.500000000,17,7.298233171,1,2058.527781367,2066.308559263,282.527866781,2089,0,12855,115919.935572778,2088,16834.592517936,157737,0.000000000,0,0.000000000,
18,0,CT_abs,DS,0,0.500000000,17,6.542060662,1,2316.994251339,2325.035812583,282.527866781,1782,0,11072,99120.077577736,1779,13428.387123718,132708,0.000000000,0,0.000000000,
6,0,CT_abs,DS,0,0.500000000,18,0.024081531,1,1101.688020703,1103.387760946,262.749244788,6,0,24,224.389772977,5,28.096108222,511,0.000000000,0,0.000000000,
8,0,CT_abs,DS,0,0.500000000,18,0.023943803,1,1394.814309078,1396.514049321,262.749244788,6,0,24,224.389772977,5,28.096108222,511,0.000000000,0,0.000000000,
7,0,CT_abs,DS,0,0.500000000,18,0.031662070,1,1278.388531900,1280.088272143,262.749244788,6,0,24,224.389772977,5,28.096108222,511,0.000000000,0,0.000000000,
9,0,CT_abs,DS,0,0.500000000,18,0.028430560,1,1456.473114656,1458.172854898,262.749244788,6,0,24,224.389772977,5,28.096108222,511,0.000000000,0,0.000000000,
11,0,CT_abs,DS,0,0.500000000,18,0.025730292,1,1815.877708855,1817.620275654,262.749244788,8,0,36,299.310830131,7,55.772720448,511,0.000000000,0,0.000000000,
10,0,CT_abs,DS,0,0.500000000,18,0.031213882,1,1637.355430371,1639.097997170,262.749244788,8,0,36,299.310830131,7,55.772720448,511,0.000000000,0,0.000000000,
24,0,CT_abs,DS,0,0.500000000,16,20.091540859,1,3002.855161090,3013.460780881,274.876779793,8415,0,55154,617611.033384670,8405,108585.712633554,516871,0.000000000,0,0.000000000,
14,0,CT_abs,DS,0,0.500000000,18,0.025481357,1,2022.016580755,2023.759147555,262.749244788,8,0,36,299.310830131,7,55.772720448,511,0.000000000,0,0.000000000,
12,0,CT_abs,DS,0,0.500000000,18,0.030778479,1,1845.955160284,1847.697727084,262.749244788,8,0,36,299.310830131,7,55.772720448,511,0.000000000,0,0.000000000,
13,0,CT_abs,DS,0,0.500000000,18,0.030396514,1,1921.320517407,1923.063084206,262.749244788,8,0,36,299.310830131,7,55.772720448,511,0.000000000,0,0.000000000,
15,0,CT_abs,DS,0,0.500000000,18,0.032336943,1,2142.888439159,2144.631005958,262.749244788,8,0,40,358.149123133,7,55.772720448,511,0.000000000,0,0.000000000,
16,0,CT_abs,DS,0,0.500000000,18,0.048839968,1,2282.717458196,2284.968745860,263.257965653,37,0,180,1048.726054945,36,133.929219062,511,0.000000000,0,0.000000000,
18,0,CT_abs,DS,0,0.500000000,18,0.064199646,1,2575.924990021,2579.770844571,262.749244788,46,0,272,1973.999954346,45,308.572951617,741,0.000000000,0,0.000000000,
17,0,CT_abs,DS,0,0.500000000,18,0.068635107,1,2536.822882752,2540.668737301,262.749244788,46,0,272,1973.999954346,45,308.572951617,741,0.000000000,0,0.000000000,
19,0,CT_abs,DS,0,0.500000000,18,0.066771073,1,2663.054503494,2666.900358043,262.749244788,46,0,272,1973.999954346,45,308.572951617,741,0.000000000,0,0.000000000,
22,0,CT_abs,DS,0,0.500000000,18,0.121715140,1,3086.972856159,3092.542725524,263.257965653,49,0,314,2667.494402968,48,433.200786711,1861,0.000000000,0,0.000000000,
21,0,CT_abs,DS,0,0.500000000,18,0.133169378,1,2914.229182312,2919.799051676,263.257965653,49,0,314,2667.494402968,48,433.200786711,1861,0.000000000,0,0.000000000,
20,0,CT_abs,DS,0,0.500000000,18,0.145626862,1,2880.206665030,2885.776534395,263.257965653,49,0,314,2667.494402968,48,433.200786711,1861,0.000000000,0,0.000000000,
14,0,CT_abs,DS,0,0.500000000,15,60.000963106,0,2369.740193378,2380.459898147,318.281307137,36567,0,261060,2056432.734815195,35602,161736.360735111,308863,0.000000000,0,0.000000000,
13,0,CT_abs,DS,0,0.500000000,15,60.001133374,0,2280.551436165,2291.447555099,318.281307121,34819,0,248474,1959378.928362295,33914,153106.972678274,294437,0.000000000,0,0.000000000,
5,0,CT_abs,DS,0,0.500000000,19,0.002927151,1,719.673766417,721.078696834,262.145438339,3,0,12,212.391746724,2,10.484801894,0,0.000000000,0,0.000000000,
6,0,CT_abs,DS,0,0.500000000,19,0.002958799,1,800.987092998,802.392023415,262.145438339,3,0,12,212.391746724,2,10.484801894,0,0.000000000,0,0.000000000,
23,0,CT_abs,DS,0,0.500000000,18,0.355656111,1,3217.305228238,3224.200153569,263.257965653,194,0,1345,10200.433509756,193,1512.729795294,3813,0.000000000,0,0.000000000,
15,0,CT_abs,DS,0,0.500000000,15,60.000602001,0,2524.649648470,2535.074125002,318.719293389,38140,0,266408,2255491.137618874,37394,187153.763369113,231212,0.000000000,0,0.000000000,
7,0,CT_abs,DS,0,0.500000000,19,0.010367367,1,993.616656298,995.265797711,262.145438339,4,0,16,218.391746794,3,10.484801894,140,0.000000000,0,0.000000000,
8,0,CT_abs,DS,0,0.500000000,19,0.009947143,1,1041.517365303,1043.166506716,262.145438339,4,0,16,218.391746794,3,10.484801894,140,0.000000000,0,0.000000000,
9,0,CT_abs,DS,0,0.500000000,19,0.020853247,1,1204.858607329,1206.684809426,262.145438339,6,0,26,264.512667683,5,10.484801894,293,0.000000000,0,0.000000000,
10,0,CT_abs,DS,0,0.500000000,19,0.022326552,1,1322.929984390,1324.756186487,262.145438339,6,0,26,264.512667683,5,10.484801894,293,0.000000000,0,0.000000000,
11,0,CT_abs,DS,0,0.500000000,19,0.021818011,1,1379.197731257,1381.023933354,262.145438339,6,0,26,264.512667683,5,10.484801894,293,0.000000000,0,0.000000000,
16,0,CT_abs,DS,0,0.500000000,15,60.001142554,0,2681.967038444,2692.371253290,318.281307151,36955,0,258006,2186822.086261865,36244,181621.708818554,220776,0.000000000,0,0.000000000,
17,0,CT_abs,DS,0,0.500000000,15,60.000373266,0,2838.248436454,2848.615695461,318.281307134,37598,0,262536,2224598.220779046,36867,184415.944443552,224992,0.000000000,0,0.000000000,
12,0,CT_abs,DS,0,0.500000000,19,0.045884563,1,1653.480134496,1656.102173159,275.078239805,11,0,50,341.773239160,10,10.484801894,734,0.000000000,0,0.000000000,
13,0,CT_abs,DS,0,0.500000000,19,0.045027492,1,1782.324387324,1784.946425987,275.078239805,11,0,50,341.773239160,10,10.484801894,734,0.000000000,0,0.000000000,
14,0,CT_abs,DS,0,0.500000000,19,0.148726364,1,1929.182818617,1933.344938581,275.078239805,59,0,336,1557.165485634,58,214.550552520,2337,0.000000000,0,0.000000000,
24,0,CT_abs,DS,0,0.500000000,18,2.165729715,1,3389.610055605,3400.738544063,263.257965653,1393,0,10549,67796.539256313,1374,9365.836861327,14179,0.000000000,0,0.000000000,
15,0,CT_abs,DS,0,0.500000000,19,0.306999035,1,2100.742859485,2106.377202089,275.078239805,120,0,671,2844.436179968,119,401.944490859,4989,0.000000000,0,0.000000000,
16,0,CT_abs,DS,0,0.500000000,19,0.750157757,1,2276.136899695,2283.104698363,275.078239805,271,0,1542,7015.974721519,270,1051.195715862,11746,0.000000000,0,0.000000000,
5,0,CT_abs,DS,0,0.500000000,20,0.000818129,1,894.576902097,894.576902097,259.851580080,1,0,0,0.000000000,0,0.000000000,0,0.000000000,0,0.000000000,
17,0,CT_abs,DS,0,0.500000000,19,1.885332271,1,2435.047274978,2443.461919417,275.078239805,563,0,3569,25003.485706663,559,2452.254617899,35000,0.000000000,0,0.000000000,
6,0,CT_abs,DS,0,0.500000000,20,0.000891236,1,1159.959052655,1159.959052655,265.382150558,1,0,0,0.000000000,0,0.000000000,0,0.000000000,0,0.000000000,
7,0,CT_abs,DS,0,0.500000000,20,0.001055442,1,1330.728034726,1330.728034726,265.382150558,1,0,0,0.000000000,0,0.000000000,0,0.000000000,0,0.000000000,
19,0,CT_abs,DS,0,0.500000000,19,1.950103655,1,2487.199348743,2495.613993182,275.078239805,563,0,3569,25003.485706663,559,2452.254617899,35000,0.000000000,0,0.000000000,
18,0,CT_abs,DS,0,0.500000000,19,1.982801362,1,2450.248783870,2458.663428308,275.078239805,563,0,3569,25003.485706663,559,2452.254617899,35000,0.000000000,0,0.000000000,
8,0,CT_abs,DS,0,0.500000000,20,0.001572528,1,1447.344229226,1447.368195856,265.382150558,2,0,4,18.784470215,1,2.005319905,0,0.000000000,0,0.000000000,
9,0,CT_abs,DS,0,0.500000000,20,0.001620260,1,1529.748660392,1529.772627022,265.382150558,2,0,4,18.784470215,1,2.005319905,0,0.000000000,0,0.000000000,
10,0,CT_abs,DS,0,0.500000000,20,0.001782702,1,1757.029594242,1757.053560872,265.382150558,2,0,4,18.784470215,1,2.005319905,0,0.000000000,0,0.000000000,
11,0,CT_abs,DS,0,0.500000000,20,0.002628924,1,1962.145863743,1962.324532643,265.382150558,3,0,8,92.264141635,2,20.271394606,0,0.000000000,0,0.000000000,
20,0,CT_abs,DS,0,0.500000000,19,2.875977816,1,2558.651978165,2567.066622604,275.078239805,808,0,4806,32042.174923301,806,2914.270607638,58124,0.000000000,0,0.000000000,
21,0,CT_abs,DS,0,0.500000000,19,2.954784534,1,2630.376624550,2638.791268989,275.078239805,808,0,4806,32042.174923301,806,2914.270607638,58124,0.000000000,0,0.000000000,
12,0,CT_abs,DS,0,0.500000000,20,0.069396810,1,2065.520674965,2069.342982467,265.382150558,16,0,81,684.995665946,15,65.262503174,1368,0.000000000,0,0.000000000,
13,0,CT_abs,DS,0,0.500000000,20,0.127670840,1,2258.816778432,2263.776798267,265.382150558,33,0,184,1768.772365968,32,137.011081380,3311,0.000000000,0,0.000000000,
18,0,CT_abs,DS,0,0.500000000,15,60.002022305,0,3048.472357386,3058.726778730,318.281307131,31834,0,257932,2053673.784668038,31305,143850.648959361,366138,0.000000000,0,0.000000000,
19,0,CT_abs,DS,0,0.500000000,15,60.001618599,0,3147.409203847,3157.701109486,314.407018417,31702,0,256599,2030774.865513867,31138,141141.127906180,387708,0.000000000,0,0.000000000,
20,0,CT_abs,DS,0,0.500000000,15,60.001567676,0,3336.615810865,3348.251011635,318.955545391,30349,0,245841,1919705.276050749,29601,141630.735224809,391952,0.000000000,0,0.000000000,
17,0,CT_abs,DS,0,0.500000000,20,3.327761870,1,2489.083884958,2497.280661556,266.461069480,628,0,3686,14346.304459418,626,513.638040345,84995,0.000000000,0,0.000000000,
16,0,CT_abs,DS,0,0.500000000,20,3.375296497,1,2401.261595006,2409.458371605,266.461069480,628,0,3686,14346.304459418,626,513.638040345,84995,0.000000000,0,0.000000000,
14,0,CT_abs,DS,0,0.500000000,20,3.409537657,1,2313.416962054,2321.613738652,266.461069480,661,0,3877,15245.264187432,659,519.654000059,89995,0.000000000,0,0.000000000,
15,0,CT_abs,DS,0,0.500000000,20,3.508515407,1,2339.998605324,2348.195381923,266.461069480,661,0,3877,15245.264187432,659,519.654000059,89995,0.000000000,0,0.000000000,
21,0,CT_abs,DS,0,0.500000000,15,60.000402252,0,3456.367271790,3468.393426718,317.955545368,29852,0,231555,1714661.549504594,28744,182974.958202029,344131,0.000000000,0,0.000000000,
5,0,CT_abs,DS,0,0.500000000,21,0.230204788,1,813.571306103,816.910876121,271.885320933,73,0,321,1504.317924429,72,217.897705292,5009,0.000000000,0,0.000000000,
22,0,CT_abs,DS,0,0.500000000,15,60.003529829,0,3526.484141282,3540.553269924,317.955545368,29456,0,254688,2031895.331700931,27108,238971.195510489,283271,0.000000000,0,0.000000000,
6,0,CT_abs,DS,0,0.500000000,21,0.851039326,1,1007.862436803,1011.788866372,272.263939896,266,0,1192,5222.859743998,263,720.259540067,17588,0.000000000,0,0.000000000,
23,0,CT_abs,DS,0,0.500000000,15,60.002449111,0,3641.402440060,3655.007476027,317.955545368,25936,0,220117,1674524.989132553,23516,158840.881176443,244048,0.000000000,0,0.000000000,
24,0,CT_abs,DS,0,0.500000000,15,60.002814925,0,3821.873127708,3836.557516702,318.163785948,24765,0,210559,1603102.112519760,22414,151989.525588043,233120,0.000000000,0,0.000000000,
7,0,CT_abs,DS,0,0.500000000,21,7.309369630,1,1227.683895233,1232.827167312,272.263939896,1536,0,7728,29687.908190701,1517,3424.055749928,142802,0.000000000,0,0.000000000,
9,0,CT_abs,DS,0,0.500000000,21,6.425732094,1,1493.667599399,1498.810871478,272.263939896,1536,0,7728,29687.908190701,1517,3424.055749928,142802,0.000000000,0,0.000000000,
8,0,CT_abs,DS,0,0.500000000,21,6.517724948,1,1330.321305157,1335.464577237,272.263939896,1536,0,7728,29687.908190701,1517,3424.055749928,142802,0.000000000,0,0.000000000,
10,0,CT_abs,DS,0,0.500000000,21,6.842962825,1,1526.432669222,1531.575941302,272.263939896,1536,0,7728,29687.908190701,1517,3424.055749928,142802,0.000000000,0,0.000000000,
19,0,CT_abs,DS,0,0.500000000,17,29.199133469,1,2517.292998794,2530.102336391,282.527866781,6780,0,44544,367612.006986212,6760,40504.807473587,579645,0.000000000,0,0.000000000,
11,0,CT_abs,DS,0,0.500000000,21,6.711176540,1,1609.774960983,1614.918233062,272.263939896,1536,0,7728,29687.908190701,1517,3424.055749928,142802,0.000000000,0,0.000000000,
12,0,CT_abs,DS,0,0.500000000,21,7.205423815,1,1768.672492696,1773.815764776,272.263939896,1536,0,7728,29687.908190701,1517,3424.055749928,142802,0.000000000,0,0.000000000,
20,0,CT_abs,DS,0,0.500000000,17,28.791446059,1,2637.385555783,2650.194893380,282.527866781,6780,0,44544,367612.006986212,6760,40504.807473587,579645,0.000000000,0,0.000000000,
15,0,CT_abs,DS,0,0.500000000,21,6.195582790,1,2028.316943682,2037.043431639,273.730043232,1769,0,9612,46057.625613341,1759,6591.883863694,112434,0.000000000,0,0.000000000,
13,0,CT_abs,DS,0,0.500000000,21,6.284472425,1,1921.482758671,1930.209246628,273.730043232,1769,0,9612,46057.625613341,1759,6591.883863694,112434,0.000000000,0,0.000000000,
14,0,CT_abs,DS,0,0.500000000,21,6.285219572,1,1996.360567718,2005.087055675,273.730043232,1769,0,9612,46057.625613341,1759,6591.883863694,112434,0.000000000,0,0.000000000,
16,0,CT_abs,DS,0,0.500000000,21,18.435689251,1,2286.204213314,2295.365688044,273.730043232,5856,0,33203,175454.424729281,5727,25548.748305548,304782,0.000000000,0,0.000000000,
17,0,CT_abs,DS,0,0.500000000,21,19.262196834,1,2357.944844762,2367.106319493,273.730043232,5856,0,33203,175454.424729281,5727,25548.748305548,304782,0.000000000,0,0.000000000,
5,0,CT_abs,DS,0,0.500000000,22,0.000535982,1,634.321720443,634.321720443,247.795216030,1,0,0,0.000000000,0,0.000000000,0,0.000000000,0,0.000000000,
18,0,CT_abs,DS,0,0.500000000,21,20.555569099,1,2415.186813854,2424.348288584,273.730043232,5856,0,33203,175454.424729281,5727,25548.748305548,304782,0.000000000,0,0.000000000,
6,0,CT_abs,DS,0,0.500000000,22,0.000668650,1,795.392665884,795.392665884,247.795216030,1,0,0,0.000000000,0,0.000000000,0,0.000000000,0,0.000000000,
7,0,CT_abs,DS,0,0.500000000,22,0.000873011,1,882.107619764,882.107619764,247.795216030,1,0,0,0.000000000,0,0.000000000,0,0.000000000,0,0.000000000,
19,0,CT_abs,DS,0,0.500000000,21,19.195836731,1,2454.985783407,2464.147258137,273.730043232,5856,0,33203,175454.424729281,5727,25548.748305548,304782,0.000000000,0,0.000000000,
8,0,CT_abs,DS,0,0.500000000,22,0.000870737,1,1109.431396969,1109.431396969,247.795216030,1,0,0,0.000000000,0,0.000000000,0,0.000000000,0,0.000000000,
9,0,CT_abs,DS,0,0.500000000,22,0.014403292,1,1360.116278576,1360.536160023,251.104763054,4,0,10,10.085108539,3,0.000000000,203,0.000000000,0,0.000000000,
10,0,CT_abs,DS,0,0.500000000,22,0.016901119,1,1447.066368859,1447.486250305,251.104763054,4,0,10,10.085108539,3,0.000000000,203,0.000000000,0,0.000000000,
11,0,CT_abs,DS,0,0.500000000,22,0.014523035,1,1514.415853779,1514.835735226,251.104763054,4,0,10,10.085108539,3,0.000000000,203,0.000000000,0,0.000000000,
12,0,CT_abs,DS,0,0.500000000,22,0.017645472,1,1559.035432666,1559.455314113,251.104763054,4,0,10,10.085108539,3,0.000000000,203,0.000000000,0,0.000000000,
13,0,CT_abs,DS,0,0.500000000,22,0.015340964,1,1564.374463890,1564.794345337,251.104763054,4,0,10,10.085108539,3,0.000000000,203,0.000000000,0,0.000000000,
14,0,CT_abs,DS,0,0.500000000,22,0.032202640,1,1617.195722822,1624.404817318,251.189822555,10,0,46,46.830133214,9,0.000000000,1343,0.000000000,0,0.000000000,
15,0,CT_abs,DS,0,0.500000000,22,0.038689626,1,1694.378160751,1701.587255247,251.189822555,10,0,46,46.830133214,9,0.000000000,1343,0.000000000,0,0.000000000,
16,0,CT_abs,DS,0,0.500000000,22,0.039521620,1,1772.337807553,1779.795687478,251.189822555,12,0,70,307.949464082,11,0.000000000,1575,0.000000000,0,0.000000000,
17,0,CT_abs,DS,0,0.500000000,22,0.190440003,1,1980.820668611,1989.504161883,251.755772259,93,0,751,6643.684759607,92,821.583714250,3415,0.000000000,0,0.000000000,
19,0,CT_abs,DS,0,0.500000000,22,0.190743300,1,2133.741747354,2142.425240627,251.755772259,93,0,751,6643.684759607,92,821.583714250,3415,0.000000000,0,0.000000000,
18,0,CT_abs,DS,0,0.500000000,22,0.209450576,1,2072.013596991,2080.697090264,251.755772259,93,0,751,6643.684759607,92,821.583714250,3415,0.000000000,0,0.000000000,
23,0,CT_abs,DS,0,0.500000000,17,55.121975115,1,2967.532955681,2981.213875198,282.527866781,10154,0,70160,505120.376211956,10078,47933.629714649,1108442,0.000000000,0,0.000000000,
22,0,CT_abs,DS,0,0.500000000,17,56.590509487,1,2842.126692628,2855.807612145,282.527866781,10154,0,70156,504914.967164060,10078,47933.629714649,1108366,0.000000000,0,0.000000000,
21,0,CT_abs,DS,0,0.500000000,22,5.966143377,1,2278.447340345,2288.416224608,251.755772259,3158,0,21737,139714.182389550,3157,18389.007847923,111366,0.000000000,0,0.000000000,
21,0,CT_abs,DS,0,0.500000000,17,58.288970107,1,2662.542071559,2676.222991076,282.527866781,10519,0,69430,492979.768800806,10494,50515.099535486,1176389,0.000000000,0,0.000000000,
5,0,CT_abs,DS,0,0.500000000,23,0.000614028,1,621.294300014,621.294300014,199.500779712,1,0,0,0.000000000,0,0.000000000,0,0.000000000,0,0.000000000,
20,0,CT_abs,DS,0,0.500000000,22,6.443573257,1,2232.963037500,2242.931921763,251.755772259,3313,0,22940,146748.083916163,3312,18972.952732622,121906,0.000000000,0,0.000000000,
6,0,CT_abs,DS,0,0.500000000,23,0.009288651,1,789.011980586,791.666751800,199.500779712,12,0,62,496.940105635,10,83.868407247,133,0.000000000,0,0.000000000,
7,0,CT_abs,DS,0,0.500000000,23,0.021897459,1,983.153734406,987.529592942,199.816936617,41,0,212,1950.319262695,39,377.578711658,237,0.000000000,0,0.000000000,
8,0,CT_abs,DS,0,0.500000000,23,0.027120902,1,1112.000186090,1116.376044626,199.816936617,41,0,212,1950.319262695,39,377.578711658,237,0.000000000,0,0.000000000,
18,0,CT_abs,DS,0,0.500000000,20,45.861177152,1,2720.749352811,2728.946129409,266.461069480,11373,0,83229,112996.136147926,11011,3964.460080562,940966,0.000000000,0,0.000000000,
24,0,CT_abs,DS,0,0.500000000,17,60.001402541,0,3060.098128888,3073.062975090,282.527866781,12297,0,81859,629771.392135062,12279,72427.403636199,1168198,0.000000000,0,0.000000000,
11,0,CT_abs,DS,0,0.500000000,23,0.048462041,1,1606.885372056,1612.666161010,257.724184247,80,0,434,4088.368105783,77,800.440546672,474,0.000000000,0,0.000000000,
9,0,CT_abs,DS,0,0.500000000,23,0.057178834,1,1257.340443612,1263.121232565,201.221867034,80,0,434,4088.368105783,77,800.440546672,474,0.000000000,0,0.000000000,
13,0,CT_abs,DS,0,0.500000000,23,0.049562609,1,1792.844557104,1798.625346057,257.724184247,80,0,434,4088.368105783,77,800.440546672,474,0.000000000,0,0.000000000,
10,0,CT_abs,DS,0,0.500000000,23,0.056685751,1,1515.064627859,1520.845416812,257.724184247,80,0,434,4088.368105783,77,800.440546672,474,0.000000000,0,0.000000000,
12,0,CT_abs,DS,0,0.500000000,23,0.058211404,1,1667.758945273,1673.539734226,257.724184247,80,0,434,4088.368105783,77,800.440546672,474,0.000000000,0,0.000000000,
15,0,CT_abs,DS,0,0.500000000,23,0.050347504,1,1979.045703043,1984.826491996,257.724184247,80,0,434,4088.368105783,77,800.440546672,474,0.000000000,0,0.000000000,
16,0,CT_abs,DS,0,0.500000000,23,0.050227882,1,2099.945501378,2105.726290331,257.724184247,80,0,434,4088.368105783,77,800.440546672,474,0.000000000,0,0.000000000,
14,0,CT_abs,DS,0,0.500000000,23,0.055967370,1,1814.722674069,1820.503463023,257.724184247,80,0,434,4088.368105783,77,800.440546672,474,0.000000000,0,0.000000000,
17,0,CT_abs,DS,0,0.500000000,23,1.220330332,1,2176.530057636,2188.760695837,262.173772420,1933,0,10136,92686.089117669,1919,11988.150001731,9517,0.000000000,0,0.000000000,
18,0,CT_abs,DS,0,0.500000000,23,1.236901846,1,2238.258207998,2250.488846200,262.173772420,1933,0,10136,92686.089117669,1919,11988.150001731,9517,0.000000000,0,0.000000000,
20,0,CT_abs,DS,0,0.500000000,23,2.833742928,1,2612.864002010,2629.789928160,285.784584557,3873,0,20120,167288.145006954,3840,23126.833662730,21927,0.000000000,0,0.000000000,
19,0,CT_abs,DS,0,0.500000000,23,3.358181070,1,2519.840275752,2536.766201902,285.784584557,3873,0,20120,167288.145006954,3840,23126.833662730,21927,0.000000000,0,0.000000000,
5,0,CT_abs,DS,0,0.500000000,24,0.016096548,1,699.675249263,700.113444930,212.054603652,8,0,20,28.358951197,7,0.000000000,652,0.000000000,0,0.000000000,
6,0,CT_abs,DS,0,0.500000000,24,0.099033615,1,805.384219223,807.218034043,212.054603652,74,0,250,1635.092721767,73,516.501587551,3487,0.000000000,0,0.000000000,
7,0,CT_abs,DS,0,0.500000000,24,0.100108323,1,959.836976869,961.670791689,212.054603652,74,0,250,1635.092721767,73,516.501587551,3487,0.000000000,0,0.000000000,
8,0,CT_abs,DS,0,0.500000000,24,0.150659129,1,1146.237139190,1148.495708989,212.054603652,119,0,483,3306.504233716,118,916.482940616,4284,0.000000000,0,0.000000000,
23,0,CT_abs,DS,0,0.500000000,19,60.002881738,0,2893.747382360,2903.489915670,274.362055792,14511,0,84706,582614.151855974,14490,60404.243651577,1013539,0.000000000,0,0.000000000,
22,0,CT_abs,DS,0,0.500000000,19,60.002594402,0,2775.296990912,2784.866632708,274.484298159,16298,0,95285,596301.153527466,15994,60554.373730335,1106751,0.000000000,0,0.000000000,
24,0,CT_abs,DS,0,0.500000000,19,60.001102864,0,2991.137009803,3000.753982798,274.611912847,17045,0,110957,746201.785351516,17042,68084.064282415,1141747,0.000000000,0,0.000000000,
10,0,CT_abs,DS,0,0.500000000,24,0.534010596,1,1456.580753715,1459.348711605,220.707136085,449,0,2092,13255.699400905,448,3657.676166283,15136,0.000000000,0,0.000000000,
9,0,CT_abs,DS,0,0.500000000,24,0.566742766,1,1366.892326107,1369.660283998,220.707136085,449,0,2092,13255.699400905,448,3657.676166283,15136,0.000000000,0,0.000000000,
12,0,CT_abs,DS,0,0.500000000,24,0.584812789,1,1653.841319333,1656.643558554,220.707136085,550,0,2650,17140.857002607,549,4644.413583948,16213,0.000000000,0,0.000000000,
11,0,CT_abs,DS,0,0.500000000,24,0.657290848,1,1574.391520982,1577.193760203,220.707136085,550,0,2650,17140.857002607,549,4644.413583948,16213,0.000000000,0,0.000000000,
13,0,CT_abs,DS,0,0.500000000,24,0.620645716,1,1661.562553303,1664.364792524,220.707136085,550,0,2650,17140.857002607,549,4644.413583948,16213,0.000000000,0,0.000000000,
16,0,CT_abs,DS,0,0.500000000,24,0.647595457,1,2269.657880421,2273.865050060,243.389698961,591,0,2874,18228.363238654,590,4825.609883030,17825,0.000000000,0,0.000000000,
14,0,CT_abs,DS,0,0.500000000,24,0.664534288,1,1904.952252264,1907.754491485,243.389698961,587,0,2848,17875.046970876,586,4760.018639686,17825,0.000000000,0,0.000000000,
15,0,CT_abs,DS,0,0.500000000,24,0.669180111,1,2130.878846234,2135.086015873,243.389698961,591,0,2874,18228.363238654,590,4825.609883030,17825,0.000000000,0,0.000000000,
17,0,CT_abs,DS,0,0.500000000,24,0.770662664,1,2405.333951369,2409.541121007,243.389698961,591,0,2874,18228.363238654,590,4825.609883030,17825,0.000000000,0,0.000000000,
19,0,CT_abs,DS,0,0.500000000,20,60.002392309,0,2976.039597615,2986.756459983,265.458218100,11702,0,76119,480906.786821141,11697,39313.088255543,1223944,0.000000000,0,0.000000000,
21,0,CT_abs,DS,0,0.500000000,20,60.003079954,0,3119.647322561,3131.501743099,265.956754701,11619,0,75193,475054.099680399,11614,41047.259719985,1199641,0.000000000,0,0.000000000,
22,0,CT_abs,DS,0,0.500000000,20,60.001626326,0,3305.183305768,3317.017274194,265.382150558,11487,0,74389,471337.043550442,11482,40763.172911952,1186214,0.000000000,0,0.000000000,
20,0,CT_abs,DS,0,0.500000000,20,60.006401934,0,3011.793537109,3023.667033249,265.382150558,11936,0,77223,484855.470246640,11931,42046.347932128,1234345,0.000000000,0,0.000000000,
5,0,CT_abs,DS,0,0.500000000,25,0.014891264,1,1010.176721070,1011.960270450,287.018501511,19,0,96,1059.493694037,18,239.972607405,68,0.000000000,0,0.000000000,
6,0,CT_abs,DS,0,0.500000000,25,0.028767249,1,1313.001931596,1316.190411392,302.825210525,26,0,158,1871.068533363,25,375.544747278,68,0.000000000,0,0.000000000,
7,0,CT_abs,DS,0,0.500000000,25,0.028886562,1,1396.855663480,1400.044143277,302.825210525,26,0,158,1871.068533363,25,375.544747278,68,0.000000000,0,0.000000000,
23,0,CT_abs,DS,0,0.500000000,20,60.001477284,0,3485.173877519,3497.946073125,265.956754701,16888,0,97262,689779.573931081,16883,93524.665622465,1228770,0.000000000,0,0.000000000,
24,0,CT_abs,DS,0,0.500000000,20,60.003638883,0,3693.766256805,3708.290963857,265.391529579,15401,0,89321,713132.259703564,15396,83790.665936670,1103671,0.000000000,0,0.000000000,
9,0,CT_abs,DS,0,0.500000000,25,0.016882895,1,1668.973129827,1672.892264927,302.825210525,8,0,68,879.068998985,7,125.671025795,96,0.000000000,0,0.000000000,
8,0,CT_abs,DS,0,0.500000000,25,0.029333879,1,1472.206963709,1475.395443506,302.825210525,26,0,158,1871.068533363,25,375.544747278,68,0.000000000,0,0.000000000,
10,0,CT_abs,DS,0,0.500000000,25,0.032436868,1,1815.658335640,1819.871273609,302.825210525,17,0,142,1879.868879631,16,306.354653841,132,0.000000000,0,0.000000000,
13,0,CT_abs,DS,0,0.500000000,25,0.097263897,1,2388.601280530,2399.325520991,304.230140943,50,0,387,4798.368592056,49,703.081774731,529,0.000000000,0,0.000000000,
12,0,CT_abs,DS,0,0.500000000,25,0.245669784,1,2230.420101670,2238.208072906,302.825210525,58,0,427,5565.730666575,57,530.735527223,4443,0.000000000,0,0.000000000,
11,0,CT_abs,DS,0,0.500000000,25,0.249436444,1,2101.204255103,2108.992226339,302.825210525,58,0,427,5565.730666575,57,530.735527223,4443,0.000000000,0,0.000000000,
14,0,CT_abs,DS,0,0.500000000,25,0.095638719,1,2597.193659817,2607.917900277,304.230140943,50,0,387,4798.368592056,49,703.081774731,529,0.000000000,0,0.000000000,
15,0,CT_abs,DS,0,0.500000000,25,0.277780894,1,2672.351871124,2683.575607161,304.230140943,114,0,871,9561.465561215,113,1255.152782200,3185,0.000000000,0,0.000000000,
16,0,CT_abs,DS,0,0.500000000,25,0.345786905,1,2774.116560478,2785.361363396,304.230140943,138,0,1049,11294.647244403,137,1484.768999333,3887,0.000000000,0,0.000000000,
17,0,CT_abs,DS,0,0.500000000,25,0.342449917,1,2997.682258196,3008.927061115,304.230140943,138,0,1049,11294.647244403,137,1484.768999333,3887,0.000000000,0,0.000000000,
18,0,CT_abs,DS,0,0.500000000,24,10.449697968,1,2642.713376412,2652.011031676,243.389698961,5832,0,34785,243521.158131553,5785,53670.938031657,121585,0.000000000,0,0.000000000,
20,0,CT_abs,DS,0,0.500000000,21,60.003524593,0,2715.063109725,2726.740839009,273.730043232,16484,0,119444,818446.078360581,16433,110926.150519850,687239,0.000000000,0,0.000000000,
19,0,CT_abs,DS,0,0.500000000,25,9.581018472,1,3410.802674515,3423.746317599,302.825210525,3782,0,27740,211831.337306188,3578,23648.243252926,130767,0.000000000,0,0.000000000,
21,0,CT_abs,DS,0,0.500000000,21,60.005424830,0,2787.752007038,2799.257678235,273.730043232,16207,0,117679,808742.940410089,16159,109663.520665332,674280,0.000000000,0,0.000000000,
23,0,CT_abs,DS,0,0.500000000,21,60.000439503,0,2984.902021680,2996.531290202,272.983654050,16395,0,137796,1084879.177201373,16036,126622.541321707,702663,0.000000000,0,0.000000000,
22,0,CT_abs,DS,0,0.500000000,21,60.004584319,0,2949.148082186,2960.758479380,273.730043232,15153,0,128027,1014380.947089116,14823,117852.767619738,658697,0.000000000,0,0.000000000,
20,0,CT_abs,DS,0,0.500000000,25,17.825261345,1,3515.947467590,3529.416617247,302.825210525,5939,0,46991,400791.485380843,5667,39608.623632551,240215,0.000000000,0,0.000000000,
19,0,CT_abs,DS,0,0.500000000,24,27.290058122,1,2952.402935503,2963.470071653,311.459039977,11151,0,73368,463374.639493344,10935,70308.061244359,318374,0.000000000,0,0.000000000,
21,0,CT_abs,DS,0,0.500000000,24,26.655167844,1,3074.070107942,3085.141382850,311.459039977,11211,0,78107,530123.078477364,10993,70701.320454403,320185,0.000000000,0,0.000000000,
20,0,CT_abs,DS,0,0.500000000,24,29.361611726,1,3030.702288215,3041.773563123,311.459039977,11211,0,78107,530123.078477364,10993,70701.320454403,320185,0.000000000,0,0.000000000,
18,0,CT_abs,DS,0,0.500000000,25,23.348829815,1,3223.608852167,3236.552495251,302.825210525,13338,0,92719,683671.553668194,12949,91855.260761970,201784,0.000000000,0,0.000000000,
24,0,CT_abs,DS,0,0.500000000,21,60.000140637,0,3209.302976421,3222.399381386,272.983654050,14865,0,123689,977746.196059413,14539,112892.091350394,643573,0.000000000,0,0.000000000,
22,0,CT_abs,DS,0,0.500000000,22,60.000521189,0,2518.605187394,2533.466557215,252.775727845,25648,0,174377,1228710.527458238,25472,128458.767861372,935276,0.000000000,0,0.000000000,
23,0,CT_abs,DS,0,0.500000000,22,60.004117033,0,2799.185480262,2820.690342878,287.240659340,10195,0,104360,1076904.305626626,10152,59698.128559611,832282,0.000000000,0,0.000000000,
24,0,CT_abs,DS,0,0.500000000,22,60.009869799,0,3040.358030396,3061.850720162,286.051713153,9494,0,103964,1100346.585436643,9413,64202.520796335,768431,0.000000000,0,0.000000000,
21,0,CT_abs,DS,0,0.500000000,23,60.004180317,0,2668.383930205,2686.600336310,285.784584557,24443,0,132466,918680.795054075,24198,104102.039881617,1400042,0.000000000,0,0.000000000,
22,0,CT_abs,DS,0,0.500000000,23,60.001176453,0,2941.959486928,2964.212333110,285.784584557,23665,0,125416,789361.221178077,23523,87984.750263782,1298914,0.000000000,0,0.000000000,
23,0,CT_abs,DS,0,0.500000000,23,60.001690806,0,3138.084945809,3162.814438637,285.784584557,20052,0,112262,717039.976070727,19956,79420.383086780,1155827,0.000000000,0,0.000000000,
24,0,CT_abs,DS,0,0.500000000,23,60.001826261,0,3148.838067604,3173.672100162,285.784584557,21442,0,120113,764727.235468913,21341,83644.801730457,1256171,0.000000000,0,0.000000000,
22,0,CT_abs,DS,0,0.500000000,24,60.003220810,0,3314.721882742,3327.766336502,311.086094725,22873,0,172697,1270212.176362369,22442,181587.324854043,463464,0.000000000,0,0.000000000,
23,0,CT_abs,DS,0,0.500000000,24,60.001919536,0,3578.533976793,3591.662631516,313.845626623,15784,0,147761,1191053.792975547,15586,115309.664327544,366678,0.000000000,0,0.000000000,
24,0,CT_abs,DS,0,0.500000000,24,60.002067002,0,3606.339518605,3619.397185893,313.675248250,13762,0,130598,1057342.868974123,13596,99955.242685457,337792,0.000000000,0,0.000000000,
21,0,CT_abs,DS,0,0.500000000,25,53.206853930,1,3794.717759987,3809.093428040,302.825210525,14723,0,121246,1066112.918285732,14440,98580.466741388,718913,0.000000000,0,0.000000000,
22,0,CT_abs,DS,0,0.500000000,25,55.221896816,1,3826.583183769,3840.958851823,302.825210525,14723,0,121246,1066112.918285732,14440,98580.466741388,718913,0.000000000,0,0.000000000,
23,0,CT_abs,DS,0,0.500000000,25,54.325989819,1,3924.490989225,3938.866657279,302.825210525,14723,0,121246,1066112.918285732,14440,98580.466741388,718913,0.000000000,0,0.000000000,
24,0,CT_abs,DS,0,0.500000000,25,60.007482564,0,4197.886494400,4215.579795885,304.152985062,13771,0,131356,1046939.623759901,13526,84011.003442984,403011,0.000000000,0,0.000000000,
