5,0,CT_abs,DS,ICP,0.500000000,1,0.001311410,1,900.609391262,910.600880754,261.332925771,7,0,16,221.512131831,6,131.288101367,148,0.000000000,0,0.000000000,
6,0,CT_abs,DS,ICP,0.500000000,1,0.002049600,1,1084.721725393,1096.947616139,261.332925771,13,0,42,887.348989239,12,232.417755161,344,0.000000000,0,0.000000000,
7,0,CT_abs,DS,ICP,0.500000000,1,0.003127234,1,1366.660456167,1378.886346913,281.938730775,13,0,42,887.348989239,12,232.417755161,344,0.000000000,0,0.000000000,
8,0,CT_abs,DS,ICP,0.500000000,1,0.006588212,1,1376.610083610,1395.482143165,281.938730775,42,0,126,2028.749469117,40,825.704121837,1026,0.000000000,0,0.000000000,
9,0,CT_abs,DS,ICP,0.500000000,1,0.013683560,1,1653.005308881,1677.780744634,282.298601469,90,0,284,4994.387891755,87,1860.934875294,2304,0.000000000,0,0.000000000,
10,0,CT_abs,DS,ICP,0.500000000,1,0.014168978,1,1903.406419759,1928.181855513,282.298601469,87,0,284,5079.521876744,84,2385.529814805,2700,0.000000000,0,0.000000000,
11,0,CT_abs,DS,ICP,0.500000000,1,0.089327098,1,1956.966501792,2000.100306993,282.298601469,469,0,1726,31741.867858414,462,13239.099204275,17586,0.000000000,0,0.000000000,
12,0,CT_abs,DS,ICP,0.500000000,1,0.096400646,1,2029.176885846,2072.310691047,282.298601469,469,0,1726,31741.867858414,462,13239.099204275,17586,0.000000000,0,0.000000000,
13,0,CT_abs,DS,ICP,0.500000000,1,0.115193584,1,2250.271514756,2295.421180692,282.298601469,655,0,2434,41693.301107199,643,16654.914843903,23460,0.000000000,0,0.000000000,
14,0,CT_abs,DS,ICP,0.500000000,1,0.250835451,1,2501.353571513,2564.997790544,282.298601469,1190,0,4652,82092.261515455,1152,28490.028309030,43894,0.000000000,0,0.000000000,
15,0,CT_abs,DS,ICP,0.500000000,1,3.892993962,1,2826.757466663,2897.483978212,331.307271347,16641,0,72252,1267223.853715769,15761,388435.492161828,679747,0.000000000,0,0.000000000,
5,0,CT_abs,DS,ICP,0.500000000,2,0.000495967,1,1122.558893383,1123.181416822,445.156383234,2,0,2,115.736087788,1,82.463171363,30,0.000000000,0,0.000000000,
6,0,CT_abs,DS,ICP,0.500000000,2,0.000540700,1,1402.072575315,1402.695098754,444.533859795,2,0,2,115.736087788,1,82.463171363,30,0.000000000,0,0.000000000,
7,0,CT_abs,DS,ICP,0.500000000,2,0.000829000,1,1494.424367477,1495.046890915,444.533859795,3,0,6,280.313520111,2,171.844551559,86,0.000000000,0,0.000000000,
8,0,CT_abs,DS,ICP,0.500000000,2,0.001338752,1,1665.536884567,1666.944270962,444.533859795,5,0,18,430.420727247,4,175.684770313,202,0.000000000,0,0.000000000,
16,0,CT_abs,DS,ICP,0.500000000,1,39.537828866,1,2997.347723218,3074.538996681,331.307271347,140080,0,606142,8936078.699396523,127021,2306338.128090359,5170848,0.000000000,0,0.000000000,
9,0,CT_abs,DS,ICP,0.500000000,2,0.002256537,1,1749.661867504,1762.461881204,455.926487099,7,0,32,729.186134142,6,175.684770313,290,0.000000000,0,0.000000000,
10,0,CT_abs,DS,ICP,0.500000000,2,0.002323963,1,1759.172066828,1771.972080527,455.926487099,7,0,32,729.186134142,6,175.684770313,290,0.000000000,0,0.000000000,
17,0,CT_abs,DS,ICP,0.500000000,1,60.000027620,0,3021.147016452,3098.459054079,351.516354572,213239,0,945386,12487310.562898748,196069,3291398.914789550,7790127,0.000000000,0,0.000000000,
18,0,CT_abs,DS,ICP,0.500000000,1,60.000119882,0,3183.291691866,3257.033270302,333.058166493,209112,0,1002732,11745928.631421750,190121,3061413.202845948,7728831,0.000000000,0,0.000000000,
19,0,CT_abs,DS,ICP,0.500000000,1,60.000111977,0,3421.612852709,3495.325296358,333.880734929,203893,0,974446,13281045.804718126,184788,3494625.301007958,7836548,0.000000000,0,0.000000000,
20,0,CT_abs,DS,ICP,0.500000000,1,60.000075561,0,3435.495832599,3508.922326174,339.628956713,193957,0,929367,12693504.780114932,175902,3330524.803550893,7479350,0.000000000,0,0.000000000,
21,0,CT_abs,DS,ICP,0.500000000,1,60.000229080,0,3698.188169432,3776.647884174,344.187119797,137899,0,607701,6249193.018172291,114714,568898.001624548,3974904,0.000000000,0,0.000000000,
5,0,CT_abs,DS,ICP,0.500000000,3,0.000332091,1,961.631652878,961.631652878,308.961501374,1,0,0,0.000000000,0,0.000000000,0,0.000000000,0,0.000000000,
6,0,CT_abs,DS,ICP,0.500000000,3,0.000327843,1,977.493647866,977.493647866,308.961501374,1,0,0,0.000000000,0,0.000000000,0,0.000000000,0,0.000000000,
7,0,CT_abs,DS,ICP,0.500000000,3,0.000465540,1,1274.470689322,1274.470689322,308.961501374,1,0,0,0.000000000,0,0.000000000,0,0.000000000,0,0.000000000,
8,0,CT_abs,DS,ICP,0.500000000,3,0.000512468,1,1391.595795789,1391.595795789,308.961501374,1,0,0,0.000000000,0,0.000000000,0,0.000000000,0,0.000000000,
9,0,CT_abs,DS,ICP,0.500000000,3,0.000565286,1,1439.680907073,1439.680907073,308.961501374,1,0,0,0.000000000,0,0.000000000,0,0.000000000,0,0.000000000,
10,0,CT_abs,DS,ICP,0.500000000,3,0.000574384,1,1444.902005593,1444.902005593,308.961501374,1,0,0,0.000000000,0,0.000000000,0,0.000000000,0,0.000000000,
11,0,CT_abs,DS,ICP,0.500000000,3,0.000634956,1,1567.956018161,1567.956018161,308.961501374,1,0,0,0.000000000,0,0.000000000,0,0.000000000,0,0.000000000,
12,0,CT_abs,DS,ICP,0.500000000,3,0.000693255,1,1616.509308282,1616.509308282,308.961501374,1,0,0,0.000000000,0,0.000000000,0,0.000000000,0,0.000000000,
13,0,CT_abs,DS,ICP,0.500000000,3,0.000802219,1,1734.816369137,1734.816369137,308.961501374,1,0,0,0.000000000,0,0.000000000,0,0.000000000,0,0.000000000,
14,0,CT_abs,DS,ICP,0.500000000,3,0.000848855,1,1864.582754150,1864.582754150,308.961501374,1,0,0,0.000000000,0,0.000000000,0,0.000000000,0,0.000000000,
15,0,CT_abs,DS,ICP,0.500000000,3,0.000950907,1,1902.057108371,1902.057108371,308.961501374,1,0,0,0.000000000,0,0.000000000,0,0.000000000,0,0.000000000,
16,0,CT_abs,DS,ICP,0.500000000,3,0.000915310,1,2067.115574630,2067.115574630,308.961501374,1,0,0,0.000000000,0,0.000000000,0,0.000000000,0,0.000000000,
17,0,CT_abs,DS,ICP,0.500000000,3,0.001078074,1,2397.179062100,2403.082438298,330.063487470,2,0,2,114.066544052,1,88.133971809,38,0.000000000,0,0.000000000,
18,0,CT_abs,DS,ICP,0.500000000,3,0.003265121,1,2442.166258195,2512.859696064,330.063487470,14,0,60,1177.624853220,13,442.595513871,510,0.000000000,0,0.000000000,
19,0,CT_abs,DS,ICP,0.500000000,3,0.005457027,1,2878.738036001,2958.125089731,445.265393667,17,0,75,1688.532889050,16,442.595513871,647,0.000000000,0,0.000000000,
20,0,CT_abs,DS,ICP,0.500000000,3,0.937382052,1,3097.734487696,3178.495638123,445.265393667,3247,0,10321,45287.198025948,2514,10913.486388534,62443,0.000000000,0,0.000000000,
5,0,CT_abs,DS,ICP,0.500000000,4,0.001022581,1,859.395372007,880.802928516,377.652570728,4,0,9,12.043861501,3,0.000000000,45,0.000000000,0,0.000000000,
6,0,CT_abs,DS,ICP,0.500000000,4,0.012661271,1,1045.982994428,1098.294793892,377.652570728,84,0,309,2104.171335123,72,701.000987528,1955,0.000000000,0,0.000000000,
11,0,CT_abs,DS,ICP,0.500000000,2,31.015953291,1,1916.962192473,2004.490457550,455.926487099,95840,0,248655,1268481.214281287,75465,362115.169674287,1398275,0.000000000,0,0.000000000,
7,0,CT_abs,DS,ICP,0.500000000,4,0.018913135,1,1213.264303818,1266.972524931,377.652570728,137,0,450,3950.460493498,109,1211.006437867,2979,0.000000000,0,0.000000000,
8,0,CT_abs,DS,ICP,0.500000000,4,0.018879212,1,1333.424266190,1387.132487303,377.652570728,137,0,450,3950.460493498,109,1211.006437867,2979,0.000000000,0,0.000000000,
9,0,CT_abs,DS,ICP,0.500000000,4,0.023110218,1,1425.291393096,1478.999614209,377.652570728,153,0,550,4725.111821541,120,1297.444661003,3679,0.000000000,0,0.000000000,
10,0,CT_abs,DS,ICP,0.500000000,4,0.046612409,1,1518.863449993,1572.571671106,377.652570728,277,0,1024,10253.905190258,233,2882.026013986,7344,0.000000000,0,0.000000000,
11,0,CT_abs,DS,ICP,0.500000000,4,0.073672899,1,1783.482082372,1841.998168329,377.652570728,428,0,1623,17103.978217909,378,4889.539673280,12092,0.000000000,0,0.000000000,
12,0,CT_abs,DS,ICP,0.500000000,4,0.074331380,1,1862.309875920,1920.825961876,377.652570728,428,0,1623,17103.978217909,378,4889.539673280,12092,0.000000000,0,0.000000000,
13,0,CT_abs,DS,ICP,0.500000000,4,0.076013162,1,2011.090409209,2069.606495166,377.652570728,428,0,1623,17103.978217909,378,4889.539673280,12092,0.000000000,0,0.000000000,
14,0,CT_abs,DS,ICP,0.500000000,4,0.608557935,1,2037.265243344,2110.143561915,377.652570728,3063,0,10823,76245.772241396,2380,15624.477172847,70417,0.000000000,0,0.000000000,
22,0,CT_abs,DS,ICP,0.500000000,1,60.000458088,0,3885.153770298,3963.483480447,325.403895149,131164,0,608605,6224092.771197764,109500,573456.120425136,3939952,0.000000000,0,0.000000000,
23,0,CT_abs,DS,ICP,0.500000000,1,60.000077529,0,4152.813763162,4222.610780187,349.151271836,151998,0,501564,7003291.458611142,115351,296031.998142927,3750304,0.000000000,0,0.000000000,
24,0,CT_abs,DS,ICP,0.500000000,1,60.000091304,0,4521.907104608,4591.704121634,369.093341447,144410,0,479893,6874064.893252727,109709,270118.079816509,3623552,0.000000000,0,0.000000000,
12,0,CT_abs,DS,ICP,0.500000000,2,60.000325423,0,2197.824659469,2287.262044360,444.533859795,166111,0,462977,2700854.341773463,122985,491085.056255940,2673154,0.000000000,0,0.000000000,
13,0,CT_abs,DS,ICP,0.500000000,2,60.000126092,0,2487.567935098,2577.005319989,444.533859795,166008,0,480609,3680171.114661376,122923,491011.888363833,2778899,0.000000000,0,0.000000000,
14,0,CT_abs,DS,ICP,0.500000000,2,60.000351824,0,2573.566098402,2662.959759180,444.533859795,160812,0,472370,3664974.044927047,122325,489974.167375455,2750686,0.000000000,0,0.000000000,
15,0,CT_abs,DS,ICP,0.500000000,2,60.000473962,0,2799.972772823,2888.212043454,444.533859795,146591,0,460910,4014503.006924187,117797,632368.405472673,2790189,0.000000000,0,0.000000000,
16,0,CT_abs,DS,ICP,0.500000000,2,60.000196643,0,3098.182029488,3186.599021625,444.533859795,153116,0,479442,4152310.425988373,122148,652296.054711446,2897177,0.000000000,0,0.000000000,
17,0,CT_abs,DS,ICP,0.500000000,2,60.000150989,0,3308.645423672,3396.937930996,444.533859795,149964,0,471530,4093466.933940766,120129,640256.902877979,2850629,0.000000000,0,0.000000000,
18,0,CT_abs,DS,ICP,0.500000000,2,60.000351103,0,3624.106018753,3712.078478838,444.533859795,144867,0,455212,3791164.579554487,117160,745507.343310859,2819963,0.000000000,0,0.000000000,
19,0,CT_abs,DS,ICP,0.500000000,2,60.000265542,0,3845.511870777,3933.484330860,444.533859795,144082,0,452736,3784713.621016175,116565,742912.128286314,2805310,0.000000000,0,0.000000000,
20,0,CT_abs,DS,ICP,0.500000000,2,60.000234405,0,4149.259741013,4287.707848500,444.533859795,108142,0,617730,10394891.233185971,87713,958082.462751414,5513691,0.000000000,0,0.000000000,
21,0,CT_abs,DS,ICP,0.500000000,2,60.000158661,0,4566.920272135,4712.162287468,455.926487099,92670,0,646656,10447997.570950214,83790,985914.603648233,5668293,0.000000000,0,0.000000000,
22,0,CT_abs,DS,ICP,0.500000000,2,60.000168349,0,4631.788098667,4789.935352666,456.549010538,108360,0,685549,11315970.541081253,92326,894794.597065727,5978741,0.000000000,0,0.000000000,
5,0,CT_abs,DS,ICP,0.500000000,5,0.028674757,1,870.015610772,1011.113145716,286.987608893,150,0,510,2116.513761847,131,772.575155667,2653,0.000000000,0,0.000000000,
6,0,CT_abs,DS,ICP,0.500000000,5,0.139129758,1,1186.911857202,1328.631915584,317.518769868,552,0,2521,16850.384982676,482,5296.882586657,14058,0.000000000,0,0.000000000,
7,0,CT_abs,DS,ICP,0.500000000,5,0.141764661,1,1236.378618032,1378.098676414,317.518769868,552,0,2521,16850.384982676,482,5296.882586657,14058,0.000000000,0,0.000000000,
8,0,CT_abs,DS,ICP,0.500000000,5,0.165553909,1,1371.326485525,1513.046543907,317.518769868,552,0,2521,16850.384982676,482,5296.882586657,14058,0.000000000,0,0.000000000,
23,0,CT_abs,DS,ICP,0.500000000,2,60.000052914,0,4759.730948904,4917.921858786,455.963040771,105306,0,680000,11468431.783025341,90545,921299.350559924,5983307,0.000000000,0,0.000000000,
9,0,CT_abs,DS,ICP,0.500000000,5,0.152486718,1,1411.478015714,1553.198074096,317.518769868,552,0,2521,16850.384982676,482,5296.882586657,14058,0.000000000,0,0.000000000,
10,0,CT_abs,DS,ICP,0.500000000,5,0.167999199,1,1664.051942913,1806.150523645,317.518769868,633,0,3169,24730.681460470,548,6844.680487668,19192,0.000000000,0,0.000000000,
11,0,CT_abs,DS,ICP,0.500000000,5,0.174404078,1,1849.349124790,1991.447705521,317.518769868,633,0,3169,24730.681460470,548,6844.680487668,19192,0.000000000,0,0.000000000,
12,0,CT_abs,DS,ICP,0.500000000,5,0.647582028,1,2214.837182142,2427.223456303,365.488057352,1504,0,8268,82014.555991782,1367,17834.673016472,52693,0.000000000,0,0.000000000,
24,0,CT_abs,DS,ICP,0.500000000,2,60.000328437,0,4916.949661321,5049.604289961,444.533859795,111529,0,589444,7617707.006883175,97492,533729.677146390,4364325,0.000000000,0,0.000000000,
14,0,CT_abs,DS,ICP,0.500000000,5,0.000000000,0,-1.000000000,-1.000000000,-1.000000000,0,-1,0,0.000000000,0,0.000000000,0,0.000000000,0,0.000000000,
15,0,CT_abs,DS,ICP,0.500000000,5,0.000000000,0,-1.000000000,-1.000000000,-1.000000000,0,-1,0,0.000000000,0,0.000000000,0,0.000000000,0,0.000000000,
16,0,CT_abs,DS,ICP,0.500000000,5,0.000000000,0,-1.000000000,-1.000000000,-1.000000000,0,-1,0,0.000000000,0,0.000000000,0,0.000000000,0,0.000000000,
17,0,CT_abs,DS,ICP,0.500000000,5,0.000000000,0,-1.000000000,-1.000000000,-1.000000000,0,-1,0,0.000000000,0,0.000000000,0,0.000000000,0,0.000000000,
18,0,CT_abs,DS,ICP,0.500000000,5,0.000000000,0,-1.000000000,-1.000000000,-1.000000000,0,-1,0,0.000000000,0,0.000000000,0,0.000000000,0,0.000000000,
19,0,CT_abs,DS,ICP,0.500000000,5,0.000000000,0,-1.000000000,-1.000000000,-1.000000000,0,-1,0,0.000000000,0,0.000000000,0,0.000000000,0,0.000000000,
20,0,CT_abs,DS,ICP,0.500000000,5,0.000000000,0,-1.000000000,-1.000000000,-1.000000000,0,-1,0,0.000000000,0,0.000000000,0,0.000000000,0,0.000000000,
21,0,CT_abs,DS,ICP,0.500000000,5,0.000000000,0,-1.000000000,-1.000000000,-1.000000000,0,-1,0,0.000000000,0,0.000000000,0,0.000000000,0,0.000000000,
22,0,CT_abs,DS,ICP,0.500000000,5,0.000000000,0,-1.000000000,-1.000000000,-1.000000000,0,-1,0,0.000000000,0,0.000000000,0,0.000000000,0,0.000000000,
23,0,CT_abs,DS,ICP,0.500000000,5,0.000000000,0,-1.000000000,-1.000000000,-1.000000000,0,-1,0,0.000000000,0,0.000000000,0,0.000000000,0,0.000000000,
24,0,CT_abs,DS,ICP,0.500000000,5,0.000000000,0,-1.000000000,-1.000000000,-1.000000000,0,-1,0,0.000000000,0,0.000000000,0,0.000000000,0,0.000000000,
5,0,CT_abs,DS,ICP,0.500000000,6,0.002114112,1,1201.379217903,1203.988091127,320.231590502,11,0,28,648.428437282,10,315.092384323,292,0.000000000,0,0.000000000,
6,0,CT_abs,DS,ICP,0.500000000,6,0.001991041,1,1244.200093472,1246.808966695,320.231590502,11,0,28,648.428437282,10,315.092384323,292,0.000000000,0,0.000000000,
7,0,CT_abs,DS,ICP,0.500000000,6,0.001972346,1,1314.963550514,1317.572423737,320.231590502,11,0,28,648.428437282,10,315.092384323,292,0.000000000,0,0.000000000,
8,0,CT_abs,DS,ICP,0.500000000,6,0.013435268,1,1487.744482703,1495.583263748,320.231590502,88,0,280,4822.939024531,87,1785.818817955,2822,0.000000000,0,0.000000000,
9,0,CT_abs,DS,ICP,0.500000000,6,0.015910684,1,1675.129062856,1682.967843901,320.231590502,88,0,298,4906.619266596,87,1785.818817955,2822,0.000000000,0,0.000000000,
10,0,CT_abs,DS,ICP,0.500000000,6,0.013837770,1,1692.856594604,1700.695375649,320.231590502,88,0,298,4906.619266596,87,1785.818817955,2822,0.000000000,0,0.000000000,
11,0,CT_abs,DS,ICP,0.500000000,6,0.016578943,1,1728.776251408,1736.615032453,320.231590502,88,0,298,4906.619266596,87,1785.818817955,2822,0.000000000,0,0.000000000,
12,0,CT_abs,DS,ICP,0.500000000,6,0.021322347,1,2011.913587660,2020.246537101,320.231590502,103,0,342,5492.879065636,102,1928.486223365,3175,0.000000000,0,0.000000000,
13,0,CT_abs,DS,ICP,0.500000000,6,0.020574749,1,2372.800564358,2381.133513798,360.886976698,103,0,342,5492.879065636,102,1928.486223365,3175,0.000000000,0,0.000000000,
15,0,CT_abs,DS,ICP,0.500000000,6,0.050241652,1,2565.778791626,2578.504587582,360.886976698,290,0,902,13081.171026657,285,5482.253041454,8184,0.000000000,0,0.000000000,
14,0,CT_abs,DS,ICP,0.500000000,6,0.059344362,1,2433.781325542,2446.507121497,360.886976698,290,0,902,13081.171026657,285,5482.253041454,8184,0.000000000,0,0.000000000,
16,0,CT_abs,DS,ICP,0.500000000,6,0.865954809,1,2803.153123701,2829.774057266,360.886976698,3308,0,16761,196974.269582599,3082,56621.096305895,132543,0.000000000,0,0.000000000,
18,0,CT_abs,DS,ICP,0.500000000,6,2.194331128,1,3130.025323144,3157.037961656,360.886976698,8014,0,41868,523570.530491200,7548,158515.475254011,341587,0.000000000,0,0.000000000,
17,0,CT_abs,DS,ICP,0.500000000,6,2.200741088,1,3013.075263612,3040.087902124,360.886976698,8014,0,41868,523570.530491200,7548,158515.475254011,341587,0.000000000,0,0.000000000,
19,0,CT_abs,DS,ICP,0.500000000,6,2.210274002,1,3216.150825477,3243.163463989,360.886976698,8014,0,41868,523570.530491200,7548,158515.475254011,341587,0.000000000,0,0.000000000,
5,0,CT_abs,DS,ICP,0.500000000,7,0.000744771,1,1169.129218777,1171.702682359,366.146924923,4,0,8,111.874712833,3,55.545125362,70,0.000000000,0,0.000000000,
6,0,CT_abs,DS,ICP,0.500000000,7,0.000785709,1,1424.390543275,1426.964006857,366.146924923,4,0,8,111.874712833,3,55.545125362,70,0.000000000,0,0.000000000,
21,0,CT_abs,DS,ICP,0.500000000,6,2.453238620,1,3605.892862214,3632.905500726,360.886976698,8431,0,46850,612743.060378778,7984,177243.684320957,373942,0.000000000,0,0.000000000,
20,0,CT_abs,DS,ICP,0.500000000,6,2.876213736,1,3444.992014446,3472.004652958,360.886976698,8431,0,46766,612659.060377067,7984,177243.684320957,373942,0.000000000,0,0.000000000,
22,0,CT_abs,DS,ICP,0.500000000,6,2.987394883,1,3874.766981296,3905.929488183,360.886976698,9644,0,54766,748472.446014400,9162,204844.266657240,441593,0.000000000,0,0.000000000,
7,0,CT_abs,DS,ICP,0.500000000,7,0.002439831,1,1847.294767163,1876.480004535,440.696833957,8,0,20,71.288405224,7,20.246679938,176,0.000000000,0,0.000000000,
10,0,CT_abs,DS,ICP,0.500000000,7,0.000000000,0,-1.000000000,-1.000000000,-1.000000000,0,-1,0,0.000000000,0,0.000000000,0,0.000000000,0,0.000000000,
8,0,CT_abs,DS,ICP,0.500000000,7,0.004293213,1,2027.470106986,2057.277867797,440.696833957,13,0,51,1344.803851554,12,67.246305272,397,0.000000000,0,0.000000000,
9,0,CT_abs,DS,ICP,0.500000000,7,0.026223868,1,2375.584020335,2416.103022181,446.600210155,90,0,378,10687.166270319,82,896.790443953,3816,0.000000000,0,0.000000000,
11,0,CT_abs,DS,ICP,0.500000000,7,0.000000000,0,-1.000000000,-1.000000000,-1.000000000,0,-1,0,0.000000000,0,0.000000000,0,0.000000000,0,0.000000000,
12,0,CT_abs,DS,ICP,0.500000000,7,0.000000000,0,-1.000000000,-1.000000000,-1.000000000,0,-1,0,0.000000000,0,0.000000000,0,0.000000000,0,0.000000000,
13,0,CT_abs,DS,ICP,0.500000000,7,0.000000000,0,-1.000000000,-1.000000000,-1.000000000,0,-1,0,0.000000000,0,0.000000000,0,0.000000000,0,0.000000000,
14,0,CT_abs,DS,ICP,0.500000000,7,0.000000000,0,-1.000000000,-1.000000000,-1.000000000,0,-1,0,0.000000000,0,0.000000000,0,0.000000000,0,0.000000000,
15,0,CT_abs,DS,ICP,0.500000000,7,0.000000000,0,-1.000000000,-1.000000000,-1.000000000,0,-1,0,0.000000000,0,0.000000000,0,0.000000000,0,0.000000000,
16,0,CT_abs,DS,ICP,0.500000000,7,0.000000000,0,-1.000000000,-1.000000000,-1.000000000,0,-1,0,0.000000000,0,0.000000000,0,0.000000000,0,0.000000000,
17,0,CT_abs,DS,ICP,0.500000000,7,0.000000000,0,-1.000000000,-1.000000000,-1.000000000,0,-1,0,0.000000000,0,0.000000000,0,0.000000000,0,0.000000000,
18,0,CT_abs,DS,ICP,0.500000000,7,0.000000000,0,-1.000000000,-1.000000000,-1.000000000,0,-1,0,0.000000000,0,0.000000000,0,0.000000000,0,0.000000000,
19,0,CT_abs,DS,ICP,0.500000000,7,0.000000000,0,-1.000000000,-1.000000000,-1.000000000,0,-1,0,0.000000000,0,0.000000000,0,0.000000000,0,0.000000000,
20,0,CT_abs,DS,ICP,0.500000000,7,0.000000000,0,-1.000000000,-1.000000000,-1.000000000,0,-1,0,0.000000000,0,0.000000000,0,0.000000000,0,0.000000000,
21,0,CT_abs,DS,ICP,0.500000000,7,0.000000000,0,-1.000000000,-1.000000000,-1.000000000,0,-1,0,0.000000000,0,0.000000000,0,0.000000000,0,0.000000000,
22,0,CT_abs,DS,ICP,0.500000000,7,0.000000000,0,-1.000000000,-1.000000000,-1.000000000,0,-1,0,0.000000000,0,0.000000000,0,0.000000000,0,0.000000000,
23,0,CT_abs,DS,ICP,0.500000000,7,0.000000000,0,-1.000000000,-1.000000000,-1.000000000,0,-1,0,0.000000000,0,0.000000000,0,0.000000000,0,0.000000000,
24,0,CT_abs,DS,ICP,0.500000000,7,0.000000000,0,-1.000000000,-1.000000000,-1.000000000,0,-1,0,0.000000000,0,0.000000000,0,0.000000000,0,0.000000000,
5,0,CT_abs,DS,ICP,0.500000000,8,0.000465760,1,1236.004709412,1236.508057677,386.680148855,2,0,2,55.937726598,1,52.584869261,20,0.000000000,0,0.000000000,
7,0,CT_abs,DS,ICP,0.500000000,8,0.001351846,1,1851.279190091,1860.259378136,386.680148855,6,0,10,393.281204948,5,261.141710810,146,0.000000000,0,0.000000000,
8,0,CT_abs,DS,ICP,0.500000000,8,0.001231030,1,1880.731582172,1889.711770218,386.680148855,6,0,10,393.281204948,5,261.141710810,146,0.000000000,0,0.000000000,
9,0,CT_abs,DS,ICP,0.500000000,8,0.001266989,1,2027.809796735,2036.789984781,386.680148855,6,0,10,393.281204948,5,261.141710810,146,0.000000000,0,0.000000000,
10,0,CT_abs,DS,ICP,0.500000000,8,0.001183873,1,2047.659609636,2056.639797682,386.680148855,6,0,10,393.281204948,5,261.141710810,146,0.000000000,0,0.000000000,
6,0,CT_abs,DS,ICP,0.500000000,8,0.000477361,1,1525.231686301,1525.735034566,386.680148855,2,0,2,55.937726598,1,52.584869261,20,0.000000000,0,0.000000000,
11,0,CT_abs,DS,ICP,0.500000000,8,0.001965153,1,2276.493773855,2285.473961900,392.583525054,8,0,22,679.581232664,6,187.783205486,308,0.000000000,0,0.000000000,
13,0,CT_abs,DS,ICP,0.500000000,8,0.271862473,1,2612.573023428,2665.673409640,399.925812219,631,0,2775,21814.426470588,582,3720.700697897,17044,0.000000000,0,0.000000000,
12,0,CT_abs,DS,ICP,0.500000000,8,0.277320654,1,2574.143516966,2627.243903178,399.925812219,631,0,2775,21814.426470588,582,3720.700697897,17044,0.000000000,0,0.000000000,
21,0,CT_abs,DS,ICP,0.500000000,3,60.000268216,0,3407.238578395,3484.601079211,436.571777806,133455,0,426460,8129819.004695831,100165,441000.326999547,3360048,0.000000000,0,0.000000000,
22,0,CT_abs,DS,ICP,0.500000000,3,60.000338227,0,3533.118787249,3610.359869089,436.571777806,129440,0,445944,9470496.371436525,97038,433344.093569707,3704534,0.000000000,0,0.000000000,
24,0,CT_abs,DS,ICP,0.500000000,3,60.000525985,0,4157.492159973,4238.801790154,436.571777806,135854,0,497561,6204950.588123786,80635,265423.443245301,3817092,0.000000000,0,0.000000000,
23,0,CT_abs,DS,ICP,0.500000000,3,60.000703708,0,3817.597149488,3894.878120277,436.571777806,122768,0,446793,10082982.685878398,90769,396755.314422239,3683557,0.000000000,0,0.000000000,
13,0,CT_abs,DS,ICP,0.500000000,5,27.333963746,1,2321.021286646,2537.488028849,365.488057352,70742,0,307564,2157221.581854998,60934,545413.915500785,1890175,0.000000000,0,0.000000000,
15,0,CT_abs,DS,ICP,0.500000000,4,60.000217209,0,2301.255641756,2430.776138197,377.652570728,178345,0,489250,2521873.238708267,130622,719237.828685478,3155992,0.000000000,0,0.000000000,
16,0,CT_abs,DS,ICP,0.500000000,4,60.000251319,0,2345.756732844,2475.215566709,377.652570728,174789,0,468399,2341790.871719446,127995,711155.317112091,2984998,0.000000000,0,0.000000000,
5,0,CT_abs,DS,ICP,0.500000000,9,0.000290933,1,895.445717150,895.445717150,382.938891831,1,0,0,0.000000000,0,0.000000000,0,0.000000000,0,0.000000000,
6,0,CT_abs,DS,ICP,0.500000000,9,0.000391873,1,1320.312113608,1320.312113608,424.866396457,1,0,0,0.000000000,0,0.000000000,0,0.000000000,0,0.000000000,
7,0,CT_abs,DS,ICP,0.500000000,9,0.000614137,1,1625.870852528,1626.493375967,424.866396457,2,0,2,115.736087788,1,70.436749000,30,0.000000000,0,0.000000000,
8,0,CT_abs,DS,ICP,0.500000000,9,0.000704908,1,1928.993460176,1929.615983615,424.866396457,2,0,2,115.736087788,1,70.436749000,30,0.000000000,0,0.000000000,
9,0,CT_abs,DS,ICP,0.500000000,9,0.001326168,1,2198.529138756,2199.774185634,425.488919896,4,0,12,512.169056095,3,201.022108337,146,0.000000000,0,0.000000000,
10,0,CT_abs,DS,ICP,0.500000000,9,0.001745823,1,2513.989733838,2515.234780715,425.488919896,4,0,12,512.169056095,3,189.615897438,146,0.000000000,0,0.000000000,
11,0,CT_abs,DS,ICP,0.500000000,9,0.004967905,1,2713.555046610,2715.898427865,425.488919896,17,0,66,1263.159998144,16,429.586913404,468,0.000000000,0,0.000000000,
12,0,CT_abs,DS,ICP,0.500000000,9,0.006610934,1,2953.550168566,2956.516073261,425.488919896,29,0,118,1836.747747111,28,665.113092461,767,0.000000000,0,0.000000000,
13,0,CT_abs,DS,ICP,0.500000000,9,0.000000000,0,-1.000000000,-1.000000000,-1.000000000,0,-1,0,0.000000000,0,0.000000000,0,0.000000000,0,0.000000000,
14,0,CT_abs,DS,ICP,0.500000000,9,0.000000000,0,-1.000000000,-1.000000000,-1.000000000,0,-1,0,0.000000000,0,0.000000000,0,0.000000000,0,0.000000000,
15,0,CT_abs,DS,ICP,0.500000000,9,0.000000000,0,-1.000000000,-1.000000000,-1.000000000,0,-1,0,0.000000000,0,0.000000000,0,0.000000000,0,0.000000000,
16,0,CT_abs,DS,ICP,0.500000000,9,0.000000000,0,-1.000000000,-1.000000000,-1.000000000,0,-1,0,0.000000000,0,0.000000000,0,0.000000000,0,0.000000000,
17,0,CT_abs,DS,ICP,0.500000000,9,0.000000000,0,-1.000000000,-1.000000000,-1.000000000,0,-1,0,0.000000000,0,0.000000000,0,0.000000000,0,0.000000000,
18,0,CT_abs,DS,ICP,0.500000000,9,0.000000000,0,-1.000000000,-1.000000000,-1.000000000,0,-1,0,0.000000000,0,0.000000000,0,0.000000000,0,0.000000000,
17,0,CT_abs,DS,ICP,0.500000000,4,60.000326926,0,2481.196729982,2608.923891595,377.652570728,177197,0,497434,2489180.331613806,133221,813646.442577121,3116209,0.000000000,0,0.000000000,
19,0,CT_abs,DS,ICP,0.500000000,9,0.000000000,0,-1.000000000,-1.000000000,-1.000000000,0,-1,0,0.000000000,0,0.000000000,0,0.000000000,0,0.000000000,
18,0,CT_abs,DS,ICP,0.500000000,4,60.000171240,0,2713.238313331,2840.999078376,377.652570728,178780,0,524187,2908395.473626187,134376,883380.831784605,3455822,0.000000000,0,0.000000000,
20,0,CT_abs,DS,ICP,0.500000000,9,0.000000000,0,-1.000000000,-1.000000000,-1.000000000,0,-1,0,0.000000000,0,0.000000000,0,0.000000000,0,0.000000000,
21,0,CT_abs,DS,ICP,0.500000000,9,0.000000000,0,-1.000000000,-1.000000000,-1.000000000,0,-1,0,0.000000000,0,0.000000000,0,0.000000000,0,0.000000000,
22,0,CT_abs,DS,ICP,0.500000000,9,0.000000000,0,-1.000000000,-1.000000000,-1.000000000,0,-1,0,0.000000000,0,0.000000000,0,0.000000000,0,0.000000000,
23,0,CT_abs,DS,ICP,0.500000000,9,0.000000000,0,-1.000000000,-1.000000000,-1.000000000,0,-1,0,0.000000000,0,0.000000000,0,0.000000000,0,0.000000000,
19,0,CT_abs,DS,ICP,0.500000000,4,60.000260641,0,2928.294514667,3055.780264366,377.652570728,169089,0,531741,3337155.119793920,127916,851746.354037701,3606568,0.000000000,0,0.000000000,
24,0,CT_abs,DS,ICP,0.500000000,9,0.000000000,0,-1.000000000,-1.000000000,-1.000000000,0,-1,0,0.000000000,0,0.000000000,0,0.000000000,0,0.000000000,
5,0,CT_abs,DS,ICP,0.500000000,10,0.001745271,1,751.287535864,769.082353536,217.628618640,12,0,36,610.875783384,10,138.599791342,344,0.000000000,0,0.000000000,
6,0,CT_abs,DS,ICP,0.500000000,10,0.002583869,1,911.877627576,930.821210559,217.628618640,18,0,54,739.472041218,16,143.211646615,504,0.000000000,0,0.000000000,
7,0,CT_abs,DS,ICP,0.500000000,10,0.002793432,1,1245.593142959,1264.536725942,333.715515383,18,0,54,739.472041218,16,143.211646615,504,0.000000000,0,0.000000000,
8,0,CT_abs,DS,ICP,0.500000000,10,0.003202996,1,1387.909726706,1406.853309689,333.715515383,18,0,54,739.472041218,16,143.211646615,504,0.000000000,0,0.000000000,
9,0,CT_abs,DS,ICP,0.500000000,10,0.002956055,1,1499.826742472,1518.770325455,333.715515383,18,0,54,739.472041218,16,143.211646615,504,0.000000000,0,0.000000000,
10,0,CT_abs,DS,ICP,0.500000000,10,0.003042075,1,1763.674556968,1782.618139951,333.715515383,18,0,54,739.472041218,16,143.211646615,504,0.000000000,0,0.000000000,
11,0,CT_abs,DS,ICP,0.500000000,10,0.006819505,1,1889.404176716,1913.680756680,333.715515383,50,0,128,1650.533453089,43,450.398600814,1108,0.000000000,0,0.000000000,
12,0,CT_abs,DS,ICP,0.500000000,10,0.019166018,1,2040.609456171,2070.925325674,333.715515383,124,0,330,3475.239048749,107,1335.825932032,2562,0.000000000,0,0.000000000,
20,0,CT_abs,DS,ICP,0.500000000,4,60.000218144,0,3100.838829971,3228.324579693,377.652570728,169569,0,533611,3351353.213751432,128223,853647.838915315,3622492,0.000000000,0,0.000000000,
21,0,CT_abs,DS,ICP,0.500000000,4,60.000118549,0,3542.002240952,3672.621294844,460.857654812,158659,0,641081,9407061.655746736,124755,1180720.250452052,5691681,0.000000000,0,0.000000000,
22,0,CT_abs,DS,ICP,0.500000000,4,60.000292752,0,3787.611016801,3900.755412226,494.973344863,157958,0,453584,3988115.264110383,122981,365290.346798284,3063847,0.000000000,0,0.000000000,
23,0,CT_abs,DS,ICP,0.500000000,4,60.000167886,0,3805.338548549,3918.482874058,500.249650027,153935,0,444934,3979098.343410268,119755,363635.627349004,3024129,0.000000000,0,0.000000000,
24,0,CT_abs,DS,ICP,0.500000000,4,60.000174540,0,4135.172282001,4236.463574117,499.585537360,142060,0,698341,5533614.644466170,111224,945570.390022756,4076887,0.000000000,0,0.000000000,
23,0,CT_abs,DS,ICP,0.500000000,6,60.000249475,0,4222.880894645,4270.025794241,360.886976698,147647,0,512099,5162278.742656963,120221,1033022.727217859,3948319,0.000000000,0,0.000000000,
24,0,CT_abs,DS,ICP,0.500000000,6,60.000245184,0,4235.909664834,4283.053167732,360.886976698,144734,0,513737,5344991.953019183,117939,1024838.093399891,3927289,0.000000000,0,0.000000000,
15,0,CT_abs,DS,ICP,0.500000000,8,60.000080822,0,3130.547806706,3187.713350901,392.499844588,108283,0,362630,2001541.774374317,98281,375212.307709885,1863264,0.000000000,0,0.000000000,
14,0,CT_abs,DS,ICP,0.500000000,8,60.000790180,0,3005.072868016,3062.266803889,392.499844588,109688,0,365349,1880554.533449764,99598,379516.662271997,1877264,0.000000000,0,0.000000000,
16,0,CT_abs,DS,ICP,0.500000000,8,60.000300116,0,3217.717282239,3274.881637587,392.499844588,106231,0,355604,1960511.882157317,96368,365960.109661121,1820047,0.000000000,0,0.000000000,
17,0,CT_abs,DS,ICP,0.500000000,8,60.000184109,0,3294.307866823,3365.086841909,392.499844588,91643,0,300170,1726587.508027172,80630,374473.290008974,1831328,0.000000000,0,0.000000000,
18,0,CT_abs,DS,ICP,0.500000000,8,60.000214415,0,3557.959759385,3627.008759024,392.499844588,92698,0,353298,1810158.454907593,83913,357734.846992940,1864274,0.000000000,0,0.000000000,
5,0,CT_abs,DS,ICP,0.500000000,11,0.000656768,1,1004.503618702,1031.474370929,374.638451630,2,0,5,16.325241921,1,0.000000000,32,0.000000000,0,0.000000000,
6,0,CT_abs,DS,ICP,0.500000000,11,0.000720376,1,1127.557631270,1154.528383497,374.638451630,2,0,5,16.325241921,1,0.000000000,32,0.000000000,0,0.000000000,
7,0,CT_abs,DS,ICP,0.500000000,11,0.001111777,1,1464.407444572,1502.770824103,374.638451630,4,0,12,85.923147488,3,25.751379487,94,0.000000000,0,0.000000000,
8,0,CT_abs,DS,ICP,0.500000000,11,0.001256028,1,1590.419762245,1628.783141776,374.638451630,4,0,12,85.923147488,3,25.751379487,94,0.000000000,0,0.000000000,
9,0,CT_abs,DS,ICP,0.500000000,11,0.001662948,1,1878.098064211,1916.461443742,374.638451630,4,0,16,124.138996360,3,25.751379487,126,0.000000000,0,0.000000000,
10,0,CT_abs,DS,ICP,0.500000000,11,0.001588398,1,2035.087599601,2073.450979131,374.638451630,4,0,16,124.138996360,3,25.751379487,126,0.000000000,0,0.000000000,
11,0,CT_abs,DS,ICP,0.500000000,11,0.001765189,1,2173.716596594,2212.079976125,374.638451630,4,0,16,124.138996360,3,25.751379487,126,0.000000000,0,0.000000000,
12,0,CT_abs,DS,ICP,0.500000000,11,0.047009205,1,2410.275068328,2460.031075162,374.638451630,218,0,844,6208.825024932,165,1572.013330317,5534,0.000000000,0,0.000000000,
13,0,CT_abs,DS,ICP,0.500000000,11,0.723455031,1,2836.344169645,2894.577016259,431.972477515,2877,0,10194,96927.938259534,2139,24274.643780194,78649,0.000000000,0,0.000000000,
14,0,CT_abs,DS,ICP,0.500000000,11,4.086095116,1,2956.504132017,3028.453190469,445.688689353,17457,0,62609,798609.173056552,13669,188010.209638984,523868,0.000000000,0,0.000000000,
19,0,CT_abs,DS,ICP,0.500000000,8,60.000720589,0,3704.766659780,3773.701425887,392.499844588,90973,0,361266,1849071.035995472,82721,411393.001640524,2006755,0.000000000,0,0.000000000,
20,0,CT_abs,DS,ICP,0.500000000,8,60.000149233,0,3917.601113458,3986.535879566,392.499844588,85847,0,392205,2693039.244577155,78196,448911.640064757,2195287,0.000000000,0,0.000000000,
21,0,CT_abs,DS,ICP,0.500000000,8,60.000375566,0,4177.219331085,4241.430784826,392.499844588,127449,0,506865,1566160.805703334,98199,108483.249851680,2441722,0.000000000,0,0.000000000,
22,0,CT_abs,DS,ICP,0.500000000,8,60.000420800,0,4443.100970320,4507.281573967,392.499844588,125716,0,498732,1551025.662094564,96909,107478.630574478,2404782,0.000000000,0,0.000000000,
22,0,CT_abs,DS,ICP,0.500000000,11,0.000000000,0,-1.000000000,-1.000000000,-1.000000000,0,-1,0,0.000000000,0,0.000000000,0,0.000000000,0,0.000000000,
23,0,CT_abs,DS,ICP,0.500000000,8,60.000333052,0,4495.921929725,4560.829545350,392.499844588,118662,0,515905,1262293.036212930,90288,130754.426653024,2696425,0.000000000,0,0.000000000,
23,0,CT_abs,DS,ICP,0.500000000,11,0.000000000,0,-1.000000000,-1.000000000,-1.000000000,0,-1,0,0.000000000,0,0.000000000,0,0.000000000,0,0.000000000,
24,0,CT_abs,DS,ICP,0.500000000,11,0.000000000,0,-1.000000000,-1.000000000,-1.000000000,0,-1,0,0.000000000,0,0.000000000,0,0.000000000,0,0.000000000,
5,0,CT_abs,DS,ICP,0.500000000,12,0.000717902,1,1047.505809756,1048.295021687,266.228820933,4,0,10,221.029574762,3,11.706678337,94,0.000000000,0,0.000000000,
6,0,CT_abs,DS,ICP,0.500000000,12,0.002027450,1,1160.048339560,1175.898042435,266.228820933,10,0,27,257.323553105,9,11.706678337,219,0.000000000,0,0.000000000,
7,0,CT_abs,DS,ICP,0.500000000,12,0.002757664,1,1322.689160276,1339.161386590,266.228820933,14,0,39,513.216733767,13,187.047337747,327,0.000000000,0,0.000000000,
8,0,CT_abs,DS,ICP,0.500000000,12,0.003067474,1,1614.713946561,1633.759636457,294.598249867,15,0,44,631.133448803,14,187.047337747,381,0.000000000,0,0.000000000,
24,0,CT_abs,DS,ICP,0.500000000,8,60.000807836,0,4769.521763634,4834.285433791,392.499844588,116045,0,522247,1371179.344320745,88279,132844.837875531,2681421,0.000000000,0,0.000000000,
9,0,CT_abs,DS,ICP,0.500000000,12,0.015769701,1,1922.506090486,1943.567641118,309.808004661,78,0,238,2803.077004602,74,869.894671413,1935,0.000000000,0,0.000000000,
10,0,CT_abs,DS,ICP,0.500000000,12,0.041800721,1,2046.539503502,2085.398372455,309.808004661,194,0,717,7839.834819183,173,2688.869469095,5409,0.000000000,0,0.000000000,
11,0,CT_abs,DS,ICP,0.500000000,12,0.043145383,1,2187.757462964,2226.616331917,309.808004661,194,0,717,7839.834819183,173,2688.869469095,5409,0.000000000,0,0.000000000,
12,0,CT_abs,DS,ICP,0.500000000,12,0.144866428,1,2348.063376325,2406.498852108,309.808004661,467,0,2180,24752.850035177,409,5179.776541822,16924,0.000000000,0,0.000000000,
13,0,CT_abs,DS,ICP,0.500000000,12,0.189004436,1,2682.518538316,2740.954014099,334.455161991,651,0,3107,38348.395643981,583,7569.689252466,25001,0.000000000,0,0.000000000,
14,0,CT_abs,DS,ICP,0.500000000,12,0.181174363,1,2992.436940049,3050.872415832,334.455161991,653,0,3219,42200.033542534,585,7571.330651241,26133,0.000000000,0,0.000000000,
13,0,CT_abs,DS,ICP,0.500000000,10,60.000431576,0,2396.169453654,2462.806997632,405.976484800,179808,0,476423,1211962.844478968,146196,513020.644479910,2760179,0.000000000,0,0.000000000,
14,0,CT_abs,DS,ICP,0.500000000,10,60.000207205,0,2771.171717362,2841.012890750,406.922544811,166585,0,435168,1639065.160497598,124272,973603.708784438,2613861,0.000000000,0,0.000000000,
15,0,CT_abs,DS,ICP,0.500000000,10,60.000089706,0,2994.729627170,3064.537205449,407.888949721,166043,0,434334,1679514.568346070,123659,975697.341358040,2613947,0.000000000,0,0.000000000,
16,0,CT_abs,DS,ICP,0.500000000,10,60.000216864,0,3400.094545948,3469.533476148,407.976484825,163367,0,531563,4879953.681463038,123701,598798.589331575,3882312,0.000000000,0,0.000000000,
17,0,CT_abs,DS,ICP,0.500000000,10,60.000084705,0,3476.677433371,3546.496095956,407.866400940,177933,0,681544,7014278.852305857,139658,1090915.312368911,5172047,0.000000000,0,0.000000000,
18,0,CT_abs,DS,ICP,0.500000000,10,60.000273607,0,3733.234423131,3807.045073780,408.395574834,160526,0,788218,8163234.776432293,130814,586679.963061257,6403407,0.000000000,0,0.000000000,
19,0,CT_abs,DS,ICP,0.500000000,10,60.000047725,0,4016.659439935,4090.303353390,411.320439197,151985,0,786934,9073236.212770393,124854,577498.644705564,6464379,0.000000000,0,0.000000000,
20,0,CT_abs,DS,ICP,0.500000000,10,60.000197484,0,4119.095176708,4392.850676225,422.713066500,113919,0,738991,9727784.081550010,98695,955775.269259045,6252836,0.000000000,0,0.000000000,
21,0,CT_abs,DS,ICP,0.500000000,10,60.000078791,0,4242.984271285,4516.118035816,405.364918777,113017,0,738107,10397806.294096757,97900,1044694.030835768,6447209,0.000000000,0,0.000000000,
5,0,CT_abs,DS,ICP,0.500000000,13,0.001347488,1,1182.080157063,1184.175710522,375.057157522,6,0,14,375.756631715,5,208.579427450,176,0.000000000,0,0.000000000,
6,0,CT_abs,DS,ICP,0.500000000,13,0.001935196,1,1501.104088882,1503.199642341,375.057157522,8,0,26,643.335670033,7,314.737874979,298,0.000000000,0,0.000000000,
7,0,CT_abs,DS,ICP,0.500000000,13,0.001815754,1,1688.069689748,1690.165243207,375.057157522,8,0,26,643.335670033,7,314.737874979,298,0.000000000,0,0.000000000,
8,0,CT_abs,DS,ICP,0.500000000,13,0.002303837,1,1760.117193498,1762.212746956,376.530187541,8,0,32,725.371247082,7,314.737874979,382,0.000000000,0,0.000000000,
9,0,CT_abs,DS,ICP,0.500000000,13,0.002086189,1,1934.876383281,1936.971936740,376.530187541,8,0,32,725.371247082,7,314.737874979,382,0.000000000,0,0.000000000,
10,0,CT_abs,DS,ICP,0.500000000,13,0.002359621,1,2064.156722481,2066.252275940,376.530187541,8,0,32,725.371247082,7,314.737874979,382,0.000000000,0,0.000000000,
22,0,CT_abs,DS,ICP,0.500000000,10,60.000368885,0,4478.169149712,4739.564112308,405.364918777,112990,0,793512,12169811.510759786,100909,844049.238128470,7391365,0.000000000,0,0.000000000,
11,0,CT_abs,DS,ICP,0.500000000,13,0.002456540,1,2089.171560169,2091.267113627,376.530187541,8,0,32,725.371247082,7,314.737874979,382,0.000000000,0,0.000000000,
12,0,CT_abs,DS,ICP,0.500000000,13,0.014330571,1,2291.188406110,2297.695607774,376.530187541,68,0,258,4891.637382273,63,1342.031273987,2168,0.000000000,0,0.000000000,
23,0,CT_abs,DS,ICP,0.500000000,10,60.000315703,0,4668.482553790,4927.087035213,405.364918777,101977,0,720288,11113232.197714852,92091,827838.091459827,6705938,0.000000000,0,0.000000000,
13,0,CT_abs,DS,ICP,0.500000000,13,0.015067128,1,2351.172979439,2357.680181103,376.530187541,68,0,258,4891.637382273,63,1342.031273987,2168,0.000000000,0,0.000000000,
14,0,CT_abs,DS,ICP,0.500000000,13,0.014896319,1,2432.522705396,2439.029907060,376.530187541,68,0,258,4891.637382273,63,1342.031273987,2168,0.000000000,0,0.000000000,
15,0,CT_abs,DS,ICP,0.500000000,13,0.012750930,1,2527.319472774,2533.826674439,376.530187541,68,0,258,4891.637382273,63,1342.031273987,2168,0.000000000,0,0.000000000,
16,0,CT_abs,DS,ICP,0.500000000,13,0.050837371,1,2788.191682091,2798.898123356,374.434634083,196,0,996,15651.439654305,183,4423.909554874,8062,0.000000000,0,0.000000000,
17,0,CT_abs,DS,ICP,0.500000000,13,0.050829835,1,3099.732751754,3110.439193018,374.434634083,196,0,996,15651.439654305,183,4423.909554874,8062,0.000000000,0,0.000000000,
18,0,CT_abs,DS,ICP,0.500000000,13,0.187173008,1,3283.845085884,3299.874565006,374.434634083,880,0,3984,54635.910491360,793,15929.428910714,31994,0.000000000,0,0.000000000,
19,0,CT_abs,DS,ICP,0.500000000,13,0.264753517,1,3594.922991118,3610.952470240,374.434634083,905,0,4190,56746.524233318,810,15853.527289118,33023,0.000000000,0,0.000000000,
24,0,CT_abs,DS,ICP,0.500000000,10,60.000837322,0,4976.944375931,5235.403607401,405.364918777,98906,0,745776,12109266.947287189,89517,823433.786827510,7106556,0.000000000,0,0.000000000,
20,0,CT_abs,DS,ICP,0.500000000,13,0.419561239,1,3898.670861354,3914.700340477,374.434634083,1546,0,6779,87287.259216221,1327,22472.674769322,49824,0.000000000,0,0.000000000,
21,0,CT_abs,DS,ICP,0.500000000,13,0.465118541,1,4139.336923201,4166.759029627,374.434634083,1709,0,7997,121622.289767634,1544,29753.479219059,62921,0.000000000,0,0.000000000,
5,0,CT_abs,DS,ICP,0.500000000,14,0.000325038,1,979.136226756,979.136226756,312.705911411,1,0,0,0.000000000,0,0.000000000,0,0.000000000,0,0.000000000,
22,0,CT_abs,DS,ICP,0.500000000,13,2.676091895,1,4542.825793537,4589.310420068,414.881497639,9185,0,46924,656708.526657982,8585,167243.734897914,366208,0.000000000,0,0.000000000,
15,0,CT_abs,DS,ICP,0.500000000,11,60.000106391,0,3152.331600836,3265.324372704,426.069101317,203512,0,689717,7586655.289757532,154467,1570491.184119439,5700476,0.000000000,0,0.000000000,
16,0,CT_abs,DS,ICP,0.500000000,11,60.000525625,0,3279.431546298,3401.342379062,461.766097531,164528,0,546653,4307261.215118183,113146,903154.196966486,4221771,0.000000000,0,0.000000000,
17,0,CT_abs,DS,ICP,0.500000000,11,60.000382837,0,3553.507071069,3675.263337531,444.551947409,169874,0,570705,4584465.907771963,118783,936191.275759793,4402725,0.000000000,0,0.000000000,
23,0,CT_abs,DS,ICP,0.500000000,13,2.975203738,1,4812.804234056,4859.288860588,414.881497639,9185,0,46962,657297.327407197,8585,167243.734897914,366446,0.000000000,0,0.000000000,
6,0,CT_abs,DS,ICP,0.500000000,14,0.000000000,0,-1.000000000,-1.000000000,-1.000000000,0,-1,0,0.000000000,0,0.000000000,0,0.000000000,0,0.000000000,
7,0,CT_abs,DS,ICP,0.500000000,14,0.000000000,0,-1.000000000,-1.000000000,-1.000000000,0,-1,0,0.000000000,0,0.000000000,0,0.000000000,0,0.000000000,
8,0,CT_abs,DS,ICP,0.500000000,14,0.000000000,0,-1.000000000,-1.000000000,-1.000000000,0,-1,0,0.000000000,0,0.000000000,0,0.000000000,0,0.000000000,
24,0,CT_abs,DS,ICP,0.500000000,13,2.248225315,1,5248.968159669,5295.866927209,436.163925612,6578,0,36213,599757.610068813,6131,134565.255501005,304281,0.000000000,0,0.000000000,
9,0,CT_abs,DS,ICP,0.500000000,14,0.000000000,0,-1.000000000,-1.000000000,-1.000000000,0,-1,0,0.000000000,0,0.000000000,0,0.000000000,0,0.000000000,
10,0,CT_abs,DS,ICP,0.500000000,14,0.000000000,0,-1.000000000,-1.000000000,-1.000000000,0,-1,0,0.000000000,0,0.000000000,0,0.000000000,0,0.000000000,
11,0,CT_abs,DS,ICP,0.500000000,14,0.000000000,0,-1.000000000,-1.000000000,-1.000000000,0,-1,0,0.000000000,0,0.000000000,0,0.000000000,0,0.000000000,
12,0,CT_abs,DS,ICP,0.500000000,14,0.000000000,0,-1.000000000,-1.000000000,-1.000000000,0,-1,0,0.000000000,0,0.000000000,0,0.000000000,0,0.000000000,
13,0,CT_abs,DS,ICP,0.500000000,14,0.000000000,0,-1.000000000,-1.000000000,-1.000000000,0,-1,0,0.000000000,0,0.000000000,0,0.000000000,0,0.000000000,
14,0,CT_abs,DS,ICP,0.500000000,14,0.000000000,0,-1.000000000,-1.000000000,-1.000000000,0,-1,0,0.000000000,0,0.000000000,0,0.000000000,0,0.000000000,
15,0,CT_abs,DS,ICP,0.500000000,14,0.000000000,0,-1.000000000,-1.000000000,-1.000000000,0,-1,0,0.000000000,0,0.000000000,0,0.000000000,0,0.000000000,
16,0,CT_abs,DS,ICP,0.500000000,14,0.000000000,0,-1.000000000,-1.000000000,-1.000000000,0,-1,0,0.000000000,0,0.000000000,0,0.000000000,0,0.000000000,
17,0,CT_abs,DS,ICP,0.500000000,14,0.000000000,0,-1.000000000,-1.000000000,-1.000000000,0,-1,0,0.000000000,0,0.000000000,0,0.000000000,0,0.000000000,
18,0,CT_abs,DS,ICP,0.500000000,14,0.000000000,0,-1.000000000,-1.000000000,-1.000000000,0,-1,0,0.000000000,0,0.000000000,0,0.000000000,0,0.000000000,
19,0,CT_abs,DS,ICP,0.500000000,14,0.000000000,0,-1.000000000,-1.000000000,-1.000000000,0,-1,0,0.000000000,0,0.000000000,0,0.000000000,0,0.000000000,
20,0,CT_abs,DS,ICP,0.500000000,14,0.000000000,0,-1.000000000,-1.000000000,-1.000000000,0,-1,0,0.000000000,0,0.000000000,0,0.000000000,0,0.000000000,
21,0,CT_abs,DS,ICP,0.500000000,14,0.000000000,0,-1.000000000,-1.000000000,-1.000000000,0,-1,0,0.000000000,0,0.000000000,0,0.000000000,0,0.000000000,
22,0,CT_abs,DS,ICP,0.500000000,14,0.000000000,0,-1.000000000,-1.000000000,-1.000000000,0,-1,0,0.000000000,0,0.000000000,0,0.000000000,0,0.000000000,
23,0,CT_abs,DS,ICP,0.500000000,14,0.000000000,0,-1.000000000,-1.000000000,-1.000000000,0,-1,0,0.000000000,0,0.000000000,0,0.000000000,0,0.000000000,
24,0,CT_abs,DS,ICP,0.500000000,14,0.000000000,0,-1.000000000,-1.000000000,-1.000000000,0,-1,0,0.000000000,0,0.000000000,0,0.000000000,0,0.000000000,
5,0,CT_abs,DS,ICP,0.500000000,15,0.000629697,1,899.032100178,902.228087198,303.595119366,3,0,6,284.744839222,2,84.951075800,90,0.000000000,0,0.000000000,
6,0,CT_abs,DS,ICP,0.500000000,15,0.000643001,1,1244.189692191,1247.385679212,345.157592013,3,0,8,380.949319895,2,84.951075800,118,0.000000000,0,0.000000000,
7,0,CT_abs,DS,ICP,0.500000000,15,0.001174155,1,1630.869841046,1638.873692903,391.488013691,4,0,16,708.341699794,3,100.530235287,240,0.000000000,0,0.000000000,
8,0,CT_abs,DS,ICP,0.500000000,15,0.001256518,1,1774.647177301,1782.651029158,391.488013691,6,0,20,888.260727228,5,203.312897155,300,0.000000000,0,0.000000000,
9,0,CT_abs,DS,ICP,0.500000000,15,0.001436244,1,1818.211248569,1826.215100426,391.488013691,6,0,20,888.260727228,5,203.312897155,300,0.000000000,0,0.000000000,
11,0,CT_abs,DS,ICP,0.500000000,15,0.001994638,1,2040.487874202,2049.364890950,391.488013691,12,0,50,916.797700187,11,206.500861133,406,0.000000000,0,0.000000000,
10,0,CT_abs,DS,ICP,0.500000000,15,0.002386239,1,1965.244977780,1974.121994528,391.488013691,12,0,50,916.797700187,11,206.500861133,406,0.000000000,0,0.000000000,
12,0,CT_abs,DS,ICP,0.500000000,15,0.005811661,1,2207.488409537,2238.288404390,391.488013691,22,0,80,1832.059820533,21,562.865188898,860,0.000000000,0,0.000000000,
13,0,CT_abs,DS,ICP,0.500000000,15,0.006563457,1,2413.809424501,2444.609419354,391.488013691,22,0,88,2216.877743227,21,547.550891102,972,0.000000000,0,0.000000000,
14,0,CT_abs,DS,ICP,0.500000000,15,0.017556091,1,2490.379482527,2529.304881908,391.488013691,102,0,340,5690.454660220,101,2575.299015234,2994,0.000000000,0,0.000000000,
15,0,CT_abs,DS,ICP,0.500000000,15,0.022589677,1,2759.173467218,2798.098866599,391.488013691,102,0,344,5827.368657905,101,2575.299015234,3034,0.000000000,0,0.000000000,
16,0,CT_abs,DS,ICP,0.500000000,15,0.021786117,1,2824.987230967,2863.912630348,391.488013691,116,0,434,6240.169394951,115,2613.133909440,3436,0.000000000,0,0.000000000,
17,0,CT_abs,DS,ICP,0.500000000,15,0.028114544,1,3084.180760979,3123.106160360,391.488013691,127,0,532,10263.477710625,126,3100.044100542,4914,0.000000000,0,0.000000000,
18,0,CT_abs,DS,ICP,0.500000000,15,0.031928661,1,3329.756056971,3368.681456352,391.488013691,127,0,532,10263.477710625,126,3100.044100542,4914,0.000000000,0,0.000000000,
19,0,CT_abs,DS,ICP,0.500000000,15,0.054959604,1,3604.041811211,3644.003875039,391.488013691,203,0,890,19016.527071341,202,5357.285428105,8720,0.000000000,0,0.000000000,
20,0,CT_abs,DS,ICP,0.500000000,15,0.132749156,1,3664.122724781,3709.831899118,391.488013691,598,0,2298,42975.333590309,593,14453.578179312,23990,0.000000000,0,0.000000000,
5,0,CT_abs,DS,ICP,0.500000000,16,0.000251329,1,644.316845491,644.316845491,181.555446215,1,0,0,0.000000000,0,0.000000000,0,0.000000000,0,0.000000000,
6,0,CT_abs,DS,ICP,0.500000000,16,0.000298407,1,714.637778732,714.637778732,181.555446215,1,0,0,0.000000000,0,0.000000000,0,0.000000000,0,0.000000000,
7,0,CT_abs,DS,ICP,0.500000000,16,0.001399847,1,970.157781323,975.466497595,260.828718863,8,0,22,474.839072767,7,232.680287762,204,0.000000000,0,0.000000000,
8,0,CT_abs,DS,ICP,0.500000000,16,0.001825793,1,1142.606862423,1148.538102134,260.828718863,11,0,34,840.776507147,10,348.350757601,338,0.000000000,0,0.000000000,
18,0,CT_abs,DS,ICP,0.500000000,11,60.000286938,0,3572.171742181,3693.570480006,438.496166652,162517,0,546049,4379767.656517163,113486,896824.928461565,4207466,0.000000000,0,0.000000000,
21,0,CT_abs,DS,ICP,0.500000000,15,1.978790031,1,3769.829968677,3826.108017525,391.488013691,8713,0,28274,314054.649621045,8342,106634.377403888,249560,0.000000000,0,0.000000000,
9,0,CT_abs,DS,ICP,0.500000000,16,0.003480464,1,1375.505302976,1392.283798850,260.828718863,19,0,67,1532.556898434,18,682.366682651,630,0.000000000,0,0.000000000,
10,0,CT_abs,DS,ICP,0.500000000,16,0.018058580,1,1819.120765664,1879.701568813,486.795246524,93,0,369,6965.282524369,89,2121.071389062,3211,0.000000000,0,0.000000000,
11,0,CT_abs,DS,ICP,0.500000000,16,0.033541126,1,2137.257252034,2200.411518764,486.795246524,184,0,649,12417.643309825,181,4119.724118734,5691,0.000000000,0,0.000000000,
12,0,CT_abs,DS,ICP,0.500000000,16,0.063013846,1,2432.654543689,2501.712186618,486.795246524,346,0,1157,23252.930079225,336,7552.522410865,10457,0.000000000,0,0.000000000,
13,0,CT_abs,DS,ICP,0.500000000,16,0.213049770,1,2788.587083688,2863.337144156,486.795246524,950,0,3322,69323.449665942,858,21325.794359617,35951,0.000000000,0,0.000000000,
14,0,CT_abs,DS,ICP,0.500000000,16,0.217275748,1,3059.172795581,3133.922856049,486.795246524,950,0,3342,69449.391614308,858,21325.794359617,36131,0.000000000,0,0.000000000,
15,0,CT_abs,DS,ICP,0.500000000,16,0.254482725,1,3177.520526472,3252.684727940,487.417769963,1062,0,3961,86903.295454199,952,24057.449790627,42895,0.000000000,0,0.000000000,
22,0,CT_abs,DS,ICP,0.500000000,15,3.037684456,1,4051.671816179,4108.572388465,391.488013691,12637,0,44286,556076.939395908,12095,186170.669702296,387842,0.000000000,0,0.000000000,
20,0,CT_abs,DS,ICP,0.500000000,16,0.000000000,0,-1.000000000,-1.000000000,-1.000000000,0,-1,0,0.000000000,0,0.000000000,0,0.000000000,0,0.000000000,
23,0,CT_abs,DS,ICP,0.500000000,15,3.886883572,1,4257.694126490,4317.827476726,391.488013691,15281,0,55693,679319.349596042,14720,218552.636055103,471609,0.000000000,0,0.000000000,
21,0,CT_abs,DS,ICP,0.500000000,16,0.000000000,0,-1.000000000,-1.000000000,-1.000000000,0,-1,0,0.000000000,0,0.000000000,0,0.000000000,0,0.000000000,
22,0,CT_abs,DS,ICP,0.500000000,16,0.000000000,0,-1.000000000,-1.000000000,-1.000000000,0,-1,0,0.000000000,0,0.000000000,0,0.000000000,0,0.000000000,
23,0,CT_abs,DS,ICP,0.500000000,16,0.000000000,0,-1.000000000,-1.000000000,-1.000000000,0,-1,0,0.000000000,0,0.000000000,0,0.000000000,0,0.000000000,
24,0,CT_abs,DS,ICP,0.500000000,16,0.000000000,0,-1.000000000,-1.000000000,-1.000000000,0,-1,0,0.000000000,0,0.000000000,0,0.000000000,0,0.000000000,
5,0,CT_abs,DS,ICP,0.500000000,17,0.000798593,1,1230.000387956,1232.487398948,351.841944884,2,0,3,5.000000055,1,0.000000000,25,0.000000000,0,0.000000000,
6,0,CT_abs,DS,ICP,0.500000000,17,0.000824451,1,1310.285884608,1312.772895600,351.841944884,2,0,3,5.000000055,1,0.000000000,25,0.000000000,0,0.000000000,
7,0,CT_abs,DS,ICP,0.500000000,17,0.003566546,1,1618.875384181,1629.839234953,351.841944884,13,0,48,1303.340491533,12,183.032322429,684,0.000000000,0,0.000000000,
8,0,CT_abs,DS,ICP,0.500000000,17,0.006726591,1,1831.526468966,1844.791819906,351.841944884,37,0,123,2157.256143210,33,771.797304107,1244,0.000000000,0,0.000000000,
9,0,CT_abs,DS,ICP,0.500000000,17,0.009177170,1,2126.923760622,2142.029141160,351.841944884,40,0,151,2276.356072231,36,779.024834753,1538,0.000000000,0,0.000000000,
10,0,CT_abs,DS,ICP,0.500000000,17,0.009209973,1,2358.180814029,2373.286194567,351.841944884,40,0,151,2276.356072231,36,779.024834753,1538,0.000000000,0,0.000000000,
11,0,CT_abs,DS,ICP,0.500000000,17,0.009759119,1,2720.771850758,2735.877231296,362.591036729,40,0,159,2489.446726817,36,779.024834753,1658,0.000000000,0,0.000000000,
19,0,CT_abs,DS,ICP,0.500000000,11,60.000503516,0,3875.655621030,3992.124590508,458.577969636,166694,0,633459,7025505.929867539,126265,1646836.122446688,4928001,0.000000000,0,0.000000000,
12,0,CT_abs,DS,ICP,0.500000000,17,0.000000000,0,-1.000000000,-1.000000000,-1.000000000,0,-1,0,0.000000000,0,0.000000000,0,0.000000000,0,0.000000000,
13,0,CT_abs,DS,ICP,0.500000000,17,0.000000000,0,-1.000000000,-1.000000000,-1.000000000,0,-1,0,0.000000000,0,0.000000000,0,0.000000000,0,0.000000000,
14,0,CT_abs,DS,ICP,0.500000000,17,0.000000000,0,-1.000000000,-1.000000000,-1.000000000,0,-1,0,0.000000000,0,0.000000000,0,0.000000000,0,0.000000000,
15,0,CT_abs,DS,ICP,0.500000000,17,0.000000000,0,-1.000000000,-1.000000000,-1.000000000,0,-1,0,0.000000000,0,0.000000000,0,0.000000000,0,0.000000000,
20,0,CT_abs,DS,ICP,0.500000000,11,60.000209484,0,3893.576789498,4010.077459753,426.069101317,167524,0,636286,7052040.135297476,126910,1653839.391220586,4949168,0.000000000,0,0.000000000,
16,0,CT_abs,DS,ICP,0.500000000,17,0.000000000,0,-1.000000000,-1.000000000,-1.000000000,0,-1,0,0.000000000,0,0.000000000,0,0.000000000,0,0.000000000,
17,0,CT_abs,DS,ICP,0.500000000,17,0.000000000,0,-1.000000000,-1.000000000,-1.000000000,0,-1,0,0.000000000,0,0.000000000,0,0.000000000,0,0.000000000,
18,0,CT_abs,DS,ICP,0.500000000,17,0.000000000,0,-1.000000000,-1.000000000,-1.000000000,0,-1,0,0.000000000,0,0.000000000,0,0.000000000,0,0.000000000,
19,0,CT_abs,DS,ICP,0.500000000,17,0.000000000,0,-1.000000000,-1.000000000,-1.000000000,0,-1,0,0.000000000,0,0.000000000,0,0.000000000,0,0.000000000,
21,0,CT_abs,DS,ICP,0.500000000,11,60.000111077,0,3996.921047078,4111.374865908,464.577969702,171491,0,692770,9211903.875659484,132427,1897351.879904014,5811801,0.000000000,0,0.000000000,
20,0,CT_abs,DS,ICP,0.500000000,17,0.000000000,0,-1.000000000,-1.000000000,-1.000000000,0,-1,0,0.000000000,0,0.000000000,0,0.000000000,0,0.000000000,
21,0,CT_abs,DS,ICP,0.500000000,17,0.000000000,0,-1.000000000,-1.000000000,-1.000000000,0,-1,0,0.000000000,0,0.000000000,0,0.000000000,0,0.000000000,
22,0,CT_abs,DS,ICP,0.500000000,17,0.000000000,0,-1.000000000,-1.000000000,-1.000000000,0,-1,0,0.000000000,0,0.000000000,0,0.000000000,0,0.000000000,
23,0,CT_abs,DS,ICP,0.500000000,17,0.000000000,0,-1.000000000,-1.000000000,-1.000000000,0,-1,0,0.000000000,0,0.000000000,0,0.000000000,0,0.000000000,
24,0,CT_abs,DS,ICP,0.500000000,17,0.000000000,0,-1.000000000,-1.000000000,-1.000000000,0,-1,0,0.000000000,0,0.000000000,0,0.000000000,0,0.000000000,
5,0,CT_abs,DS,ICP,0.500000000,18,0.000665955,1,878.508618996,879.131142435,284.490635622,2,0,3,5.000000072,1,0.000000000,20,0.000000000,0,0.000000000,
6,0,CT_abs,DS,ICP,0.500000000,18,0.000965815,1,1226.727121762,1229.923108783,350.791966348,3,0,6,10.000000139,2,0.000000000,36,0.000000000,0,0.000000000,
7,0,CT_abs,DS,ICP,0.500000000,18,0.001772874,1,1412.732198873,1416.242955230,350.791966348,6,0,17,193.637560945,5,34.589424710,142,0.000000000,0,0.000000000,
8,0,CT_abs,DS,ICP,0.500000000,18,0.049399574,1,1437.152871140,1540.868887683,350.791966348,186,0,790,4958.653762464,157,1545.578970868,5553,0.000000000,0,0.000000000,
9,0,CT_abs,DS,ICP,0.500000000,18,0.060779000,1,1583.847923157,1687.563939700,350.791966348,186,0,790,4958.653762464,157,1545.578970868,5553,0.000000000,0,0.000000000,
11,0,CT_abs,DS,ICP,0.500000000,18,0.058788330,1,1754.847436926,1858.563453468,350.791966348,186,0,790,4958.653762464,157,1545.578970868,5553,0.000000000,0,0.000000000,
10,0,CT_abs,DS,ICP,0.500000000,18,0.059865603,1,1709.860240831,1813.576257373,350.791966348,186,0,790,4958.653762464,157,1545.578970868,5553,0.000000000,0,0.000000000,
15,0,CT_abs,DS,ICP,0.500000000,12,60.000168730,0,3049.777229358,3147.714835251,334.455161991,120494,0,480591,3786232.650623374,86114,188535.703932859,3245060,0.000000000,0,0.000000000,
16,0,CT_abs,DS,ICP,0.500000000,12,60.000112606,0,3469.635503440,3561.596550335,459.165378357,161266,0,376799,737391.469502272,96920,200221.313888057,2132598,0.000000000,0,0.000000000,
17,0,CT_abs,DS,ICP,0.500000000,12,60.000052530,0,3751.574234214,3843.535281110,459.165378357,162530,0,382104,768477.154416086,97876,202175.044086613,2165560,0.000000000,0,0.000000000,
24,0,CT_abs,DS,ICP,0.500000000,15,30.112770113,1,4593.874261578,4655.750350922,391.488013691,96062,0,368530,4237232.880614880,92082,1277842.026072953,3001708,0.000000000,0,0.000000000,
16,0,CT_abs,DS,ICP,0.500000000,16,29.597510888,1,3546.613867919,3643.587961931,486.795246524,99058,0,331740,3426708.767715676,72496,728417.023991989,2412786,0.000000000,0,0.000000000,
18,0,CT_abs,DS,ICP,0.500000000,12,60.000337276,0,3942.564176378,4034.525223273,459.165378357,151818,0,364515,721471.962287790,96287,189324.883969048,2053814,0.000000000,0,0.000000000,
19,0,CT_abs,DS,ICP,0.500000000,12,60.000133329,0,4191.054357766,4283.015404662,459.165378357,144627,0,564772,1330015.967502570,106908,184768.149046334,2399263,0.000000000,0,0.000000000,
20,0,CT_abs,DS,ICP,0.500000000,12,60.000195206,0,4512.966144514,4604.927191410,459.165378357,141604,0,557653,1420422.678784239,104745,192735.645095549,2403535,0.000000000,0,0.000000000,
21,0,CT_abs,DS,ICP,0.500000000,12,60.000447757,0,4855.746996280,4947.708043176,459.165378357,133421,0,526057,1313904.396773181,98367,179396.303583391,2259618,0.000000000,0,0.000000000,
5,0,CT_abs,DS,ICP,0.500000000,19,0.000518989,1,1217.702316348,1218.017085685,319.210000093,2,0,2,48.841344535,1,4.378065978,26,0.000000000,0,0.000000000,
6,0,CT_abs,DS,ICP,0.500000000,19,0.000474658,1,1414.292454347,1414.607223684,319.210000093,2,0,2,48.841344535,1,4.378065978,26,0.000000000,0,0.000000000,
7,0,CT_abs,DS,ICP,0.500000000,19,0.000852484,1,1668.324184327,1674.542329863,319.210000093,4,0,6,211.749233123,3,80.763006217,90,0.000000000,0,0.000000000,
8,0,CT_abs,DS,ICP,0.500000000,19,0.005008951,1,1888.657870468,1912.719370211,335.131089605,25,0,97,2003.543955655,23,531.736789467,821,0.000000000,0,0.000000000,
22,0,CT_abs,DS,ICP,0.500000000,12,60.000333297,0,5126.364748186,5179.742144807,419.858274082,111494,0,887526,10526672.866145650,88476,971696.171897505,6827074,0.000000000,0,0.000000000,
9,0,CT_abs,DS,ICP,0.500000000,19,0.005137661,1,1974.783372801,1998.844872544,335.131089605,25,0,97,2003.543955655,23,531.736789467,821,0.000000000,0,0.000000000,
10,0,CT_abs,DS,ICP,0.500000000,19,0.004463673,1,2121.127027728,2145.188527471,335.131089605,25,0,97,2003.543955655,23,531.736789467,821,0.000000000,0,0.000000000,
11,0,CT_abs,DS,ICP,0.500000000,19,0.004720954,1,2194.298026099,2218.359525842,335.131089605,25,0,97,2003.543955655,23,531.736789467,821,0.000000000,0,0.000000000,
23,0,CT_abs,DS,ICP,0.500000000,12,60.000903198,0,5291.939815039,5344.856405279,419.858274082,106099,0,879486,11086146.768266397,85478,989055.994498916,6955714,0.000000000,0,0.000000000,
24,0,CT_abs,DS,ICP,0.500000000,12,60.000569344,0,5417.212650520,5470.115958263,419.858274082,105704,0,891589,11215047.203900991,85186,984998.253965779,7173439,0.000000000,0,0.000000000,
12,0,CT_abs,DS,ICP,0.500000000,19,0.016595285,1,2405.830121378,2434.814358910,335.131089605,76,0,309,8123.132728484,73,1554.274305563,3091,0.000000000,0,0.000000000,
13,0,CT_abs,DS,ICP,0.500000000,19,0.094819010,1,2557.391234039,2597.382543329,335.131089605,364,0,1957,34272.346271782,326,3612.084123544,17700,0.000000000,0,0.000000000,
14,0,CT_abs,DS,ICP,0.500000000,19,0.138363552,1,2930.036886688,2971.032931245,372.645652649,422,0,2894,60308.100661397,413,5797.085821862,28647,0.000000000,0,0.000000000,
15,0,CT_abs,DS,ICP,0.500000000,19,0.499045910,1,3189.740772126,3233.236760217,372.645652649,1598,0,11498,222298.927837972,1521,18050.425892675,100885,0.000000000,0,0.000000000,
16,0,CT_abs,DS,ICP,0.500000000,19,0.597261851,1,3427.387816457,3470.883804548,372.645652649,1746,0,12401,228072.216462190,1672,18793.267228978,105933,0.000000000,0,0.000000000,
17,0,CT_abs,DS,ICP,0.500000000,19,1.046199625,1,3523.456521450,3568.755157055,374.661513385,3200,0,20611,292133.524981826,2923,27625.132391333,149894,0.000000000,0,0.000000000,
17,0,CT_abs,DS,ICP,0.500000000,16,60.000312938,0,3756.777648812,3844.820606801,443.615462688,133023,0,702449,12005749.987837812,102240,623880.823246265,6359445,0.000000000,0,0.000000000,
18,0,CT_abs,DS,ICP,0.500000000,16,60.000154405,0,3843.947124345,3932.040265594,443.615462688,134280,0,709102,12130098.749106923,103229,635813.604799038,6423770,0.000000000,0,0.000000000,
19,0,CT_abs,DS,ICP,0.500000000,16,60.000160627,0,4156.653035756,4244.511050998,443.615462688,128946,0,681639,11689643.597159058,99030,622582.681117791,6167363,0.000000000,0,0.000000000,
18,0,CT_abs,DS,ICP,0.500000000,19,18.636103281,1,3852.355372738,3907.332607313,372.645652649,56079,0,331974,3886831.707644994,48348,585039.809603031,2082763,0.000000000,0,0.000000000,
5,0,CT_abs,DS,ICP,0.500000000,20,0.114186478,1,1584.380031764,1631.758611731,374.434634083,339,0,1088,12650.887748450,327,2068.795745729,8121,0.000000000,0,0.000000000,
12,0,CT_abs,DS,ICP,0.500000000,18,60.000134023,0,2027.570497059,2150.010407428,348.218502766,188429,0,689688,3372957.713809050,136142,855710.185311553,4143926,0.000000000,0,0.000000000,
13,0,CT_abs,DS,ICP,0.500000000,18,60.000148081,0,2366.174842623,2451.857983356,365.793344360,144262,0,401304,1768442.496898570,100515,204626.147191959,2708408,0.000000000,0,0.000000000,
14,0,CT_abs,DS,ICP,0.500000000,18,60.000257404,0,2466.793729761,2552.283450251,365.793344360,138741,0,387189,1718765.318651211,96629,190871.717912765,2615959,0.000000000,0,0.000000000,
15,0,CT_abs,DS,ICP,0.500000000,18,60.000076548,0,2548.777500561,2634.011780040,365.793344358,128925,0,358772,1454162.736984655,92105,178812.739611210,2371034,0.000000000,0,0.000000000,
16,0,CT_abs,DS,ICP,0.500000000,18,60.000413568,0,2714.505939017,2799.740218484,365.793344355,125711,0,361684,1480421.174019051,89867,176217.048094652,2383039,0.000000000,0,0.000000000,
17,0,CT_abs,DS,ICP,0.500000000,18,60.000062251,0,2886.955020118,2972.260665204,361.405894611,131804,0,376580,1625162.712705268,93711,180957.784274897,2510940,0.000000000,0,0.000000000,
18,0,CT_abs,DS,ICP,0.500000000,18,60.000373692,0,3139.728313383,3224.370208258,361.184644537,109978,0,369808,1795473.302906712,77184,176201.559209533,2536221,0.000000000,0,0.000000000,
19,0,CT_abs,DS,ICP,0.500000000,18,60.000301699,0,3236.911052956,3321.598798803,364.204950359,111157,0,373907,1817792.968936057,77894,177218.977600132,2564969,0.000000000,0,0.000000000,
20,0,CT_abs,DS,ICP,0.500000000,18,60.000039782,0,3530.506760572,3616.796506997,361.733928390,114092,0,629403,4650312.887558962,76302,202188.026669010,5297841,0.000000000,0,0.000000000,
21,0,CT_abs,DS,ICP,0.500000000,18,60.000162624,0,3818.268949486,3903.545724354,362.143929354,105066,0,602744,4925212.316475425,70165,165469.315134666,5185636,0.000000000,0,0.000000000,
22,0,CT_abs,DS,ICP,0.500000000,18,60.000180031,0,4138.444128022,4230.671928744,363.493294814,108914,0,646348,4807095.920738025,75867,211407.188299082,5079537,0.000000000,0,0.000000000,
23,0,CT_abs,DS,ICP,0.500000000,18,60.000436761,0,4261.101488105,4368.786203437,359.733701040,107499,0,691400,5486371.744765189,77096,222953.207752246,5523288,0.000000000,0,0.000000000,
24,0,CT_abs,DS,ICP,0.500000000,18,60.000846154,0,4448.988786230,4555.193467230,361.127302932,102558,0,710927,5484897.227512747,76377,210639.876591772,5590736,0.000000000,0,0.000000000,
19,0,CT_abs,DS,ICP,0.500000000,19,60.000287115,0,4124.478049483,4175.990749821,376.082851836,164800,0,743432,8375503.723666015,124826,935376.502469207,4898952,0.000000000,0,0.000000000,
20,0,CT_abs,DS,ICP,0.500000000,19,60.000249683,0,4203.305843031,4254.973494830,376.337468896,170456,0,763993,8567711.820843438,128624,960490.941283273,5030708,0.000000000,0,0.000000000,
21,0,CT_abs,DS,ICP,0.500000000,19,60.000631607,0,4316.640425135,4377.407225474,372.645652649,162597,0,774821,9283392.230649548,119950,950294.904071461,5347415,0.000000000,0,0.000000000,
22,0,CT_abs,DS,ICP,0.500000000,19,60.000373286,0,4645.038507238,4709.305205641,372.645652649,137192,0,846765,14825928.632901868,104220,684217.363590583,6896853,0.000000000,0,0.000000000,
23,0,CT_abs,DS,ICP,0.500000000,19,60.000240127,0,4893.863672829,4956.897861856,372.645652649,122877,0,866007,15126509.589268163,97037,725734.312666178,6854597,0.000000000,0,0.000000000,
5,0,CT_abs,DS,ICP,0.500000000,21,0.000433151,1,1040.470784457,1041.093307896,440.795094090,2,0,2,115.736087788,1,100.329812778,30,0.000000000,0,0.000000000,
6,0,CT_abs,DS,ICP,0.500000000,21,0.000507369,1,1353.176695868,1353.799219307,440.795094090,2,0,2,115.736087788,1,96.591047073,30,0.000000000,0,0.000000000,
7,0,CT_abs,DS,ICP,0.500000000,21,0.002296301,1,1595.518134570,1607.533285312,440.795094090,9,0,30,713.731600518,8,327.247399004,322,0.000000000,0,0.000000000,
8,0,CT_abs,DS,ICP,0.500000000,21,0.003612732,1,1813.573413375,1826.211087557,440.795094090,15,0,54,942.998356975,14,422.137536757,546,0.000000000,0,0.000000000,
9,0,CT_abs,DS,ICP,0.500000000,21,0.010713675,1,2166.723858237,2180.820460844,442.254022514,53,0,212,4896.637083671,51,1798.088344474,2220,0.000000000,0,0.000000000,
10,0,CT_abs,DS,ICP,0.500000000,21,0.013064707,1,2477.648887397,2491.745490003,442.254022514,53,0,228,5322.818392843,51,1798.088344474,2460,0.000000000,0,0.000000000,
11,0,CT_abs,DS,ICP,0.500000000,21,0.013142293,1,2551.727257169,2565.823859775,442.254022514,53,0,228,5322.818392843,51,1798.088344474,2460,0.000000000,0,0.000000000,
12,0,CT_abs,DS,ICP,0.500000000,21,0.051875534,1,2575.881192015,2598.946387501,442.254022520,166,0,933,21469.244128826,162,3350.558968173,8154,0.000000000,0,0.000000000,
13,0,CT_abs,DS,ICP,0.500000000,21,0.113665065,1,2805.302285561,2837.885845161,442.254022520,430,0,2451,51674.512306704,426,8368.800921373,21036,0.000000000,0,0.000000000,
14,0,CT_abs,DS,ICP,0.500000000,21,0.713582442,1,2972.906742627,3010.823299207,442.254022520,2242,0,14024,328885.481478748,2232,51273.110276832,133331,0.000000000,0,0.000000000,
15,0,CT_abs,DS,ICP,0.500000000,21,1.790836126,1,3204.424281323,3243.628682077,442.254022520,5270,0,32116,586914.994985502,4858,90869.634337497,265147,0.000000000,0,0.000000000,
24,0,CT_abs,DS,ICP,0.500000000,19,60.000107806,0,5134.382344533,5196.641520166,372.645652649,113914,0,865165,15980831.610509438,90388,785361.414345228,7100236,0.000000000,0,0.000000000,
6,0,CT_abs,DS,ICP,0.500000000,20,60.000026555,0,1651.085059965,1707.512797573,374.434634083,125903,0,342230,1583019.254484387,109121,378219.052399907,2123349,0.000000000,0,0.000000000,
7,0,CT_abs,DS,ICP,0.500000000,20,60.000352383,0,1848.116267093,1904.614503251,376.206024575,127121,0,354633,2053274.269872978,110896,459504.683961209,2283557,0.000000000,0,0.000000000,
8,0,CT_abs,DS,ICP,0.500000000,20,60.000280690,0,1864.656329366,1921.078519336,376.100767409,124631,0,348222,2009657.220712367,108786,454459.917717892,2241252,0.000000000,0,0.000000000,
9,0,CT_abs,DS,ICP,0.500000000,20,60.000126616,0,2060.135862259,2116.576477572,375.831055732,125074,0,349418,2018158.798028482,109174,455247.246272980,2248992,0.000000000,0,0.000000000,
10,0,CT_abs,DS,ICP,0.500000000,20,60.000240537,0,2104.970307194,2167.971075631,374.434634083,125765,0,352608,1963264.716292999,110766,463941.136651611,2252514,0.000000000,0,0.000000000,
11,0,CT_abs,DS,ICP,0.500000000,20,60.000386110,0,2160.851777428,2223.852545843,374.434634083,124955,0,350495,1956981.190417203,109983,461666.798485038,2239078,0.000000000,0,0.000000000,
12,0,CT_abs,DS,ICP,0.500000000,20,60.000107068,0,2412.919512094,2475.190235941,381.207480687,123637,0,370705,2249013.290311236,109716,576586.601433918,2361244,0.000000000,0,0.000000000,
13,0,CT_abs,DS,ICP,0.500000000,20,60.000205493,0,2641.906453626,2716.112635121,374.434634083,117654,0,384819,2930469.159586307,103507,638186.992318355,2611150,0.000000000,0,0.000000000,
14,0,CT_abs,DS,ICP,0.500000000,20,60.000155519,0,2819.970786982,2898.722473103,376.041238690,111296,0,451467,4125326.771574192,95111,459743.913409751,2862342,0.000000000,0,0.000000000,
15,0,CT_abs,DS,ICP,0.500000000,20,60.000286543,0,3043.627842708,3126.203312500,375.057157522,126028,0,595985,6800739.994123814,104989,705501.385814150,4354935,0.000000000,0,0.000000000,
6,0,CT_abs,DS,ICP,0.500000000,22,0.000886557,1,1631.990072086,1633.440554027,377.824810070,2,0,5,81.723688440,1,0.000000000,26,0.000000000,0,0.000000000,
5,0,CT_abs,DS,ICP,0.500000000,22,0.000807459,1,1532.795125639,1534.245607580,377.824810070,2,0,5,81.723688440,1,0.000000000,26,0.000000000,0,0.000000000,
7,0,CT_abs,DS,ICP,0.500000000,22,0.001798462,1,1961.558601589,1975.024234273,377.824810070,6,0,19,743.754386375,5,241.906677114,216,0.000000000,0,0.000000000,
8,0,CT_abs,DS,ICP,0.500000000,22,0.002133276,1,2273.866671734,2287.332304418,377.824810070,6,0,27,1153.756752834,5,159.246487307,328,0.000000000,0,0.000000000,
9,0,CT_abs,DS,ICP,0.500000000,22,0.001764677,1,2581.879159359,2595.344792043,377.824810070,5,0,21,921.260028472,4,141.342522362,252,0.000000000,0,0.000000000,
16,0,CT_abs,DS,ICP,0.500000000,20,60.000295717,0,3369.262861277,3453.591892161,375.057157522,112996,0,602448,7747707.286139164,96056,924426.515743938,4565399,0.000000000,0,0.000000000,
17,0,CT_abs,DS,ICP,0.500000000,20,60.000396084,0,3662.636274082,3747.174879579,374.434634083,106730,0,619927,8729082.614371277,91079,884510.743012828,4976312,0.000000000,0,0.000000000,
18,0,CT_abs,DS,ICP,0.500000000,20,60.000594032,0,4004.809593258,4091.357689781,375.965718080,102974,0,695722,10912834.399292815,89926,1106479.774832885,5715645,0.000000000,0,0.000000000,
19,0,CT_abs,DS,ICP,0.500000000,20,60.000063982,0,4217.733314014,4304.163376273,374.434634083,99938,0,674282,10591797.924007028,87305,1079939.301907695,5543257,0.000000000,0,0.000000000,
20,0,CT_abs,DS,ICP,0.500000000,20,60.000539850,0,4247.016132340,4333.529096929,374.434634083,101985,0,689911,10809153.806036586,89131,1098236.913923997,5665359,0.000000000,0,0.000000000,
21,0,CT_abs,DS,ICP,0.500000000,20,60.000905873,0,4549.543705856,4618.635380857,381.069111080,105042,0,770573,13541701.058078744,80690,1020440.377048471,6468986,0.000000000,0,0.000000000,
16,0,CT_abs,DS,ICP,0.500000000,21,45.934584879,1,3466.565623906,3525.915945660,442.254022520,113282,0,722571,14614194.991171565,103270,1609065.081638647,6882843,0.000000000,0,0.000000000,
17,0,CT_abs,DS,ICP,0.500000000,21,45.811535943,1,3547.915349863,3607.265671617,442.254022520,111777,0,714924,14491420.040303290,101841,1587246.168501896,6817727,0.000000000,0,0.000000000,
22,0,CT_abs,DS,ICP,0.500000000,20,60.000457689,0,4841.967848181,4910.821837866,375.856137054,102662,0,749052,14178095.450402359,78573,845175.921531317,6357323,0.000000000,0,0.000000000,
23,0,CT_abs,DS,ICP,0.500000000,20,60.000524372,0,5005.479593275,5075.264420849,377.930924334,113618,0,709388,11199461.766453212,86107,685373.406751103,5949500,0.000000000,0,0.000000000,
24,0,CT_abs,DS,ICP,0.500000000,20,60.000234611,0,5304.867938866,5379.836970044,388.133251146,112818,0,558213,7469191.699188349,83793,445720.745766279,4254251,0.000000000,0,0.000000000,
18,0,CT_abs,DS,ICP,0.500000000,21,48.080985459,1,3710.592930874,3769.943252628,442.254022520,111522,0,769497,16007900.571897479,101756,1590577.047861077,7659287,0.000000000,0,0.000000000,
5,0,CT_abs,DS,ICP,0.500000000,23,0.004631066,1,1321.866753757,1360.852656726,375.824916821,24,0,76,1584.723721384,23,693.395342675,702,0.000000000,0,0.000000000,
6,0,CT_abs,DS,ICP,0.500000000,23,0.006610765,1,1651.435283260,1691.043709669,375.824916821,32,0,130,3028.430944658,31,939.103205703,1232,0.000000000,0,0.000000000,
7,0,CT_abs,DS,ICP,0.500000000,23,0.011711288,1,2056.515769290,2107.516823002,416.473113333,52,0,231,6738.765587982,51,1798.450558866,2474,0.000000000,0,0.000000000,
8,0,CT_abs,DS,ICP,0.500000000,23,0.012908144,1,2247.626918024,2298.627971736,416.473113333,52,0,231,6738.765587982,51,1798.450558866,2474,0.000000000,0,0.000000000,
9,0,CT_abs,DS,ICP,0.500000000,23,0.015224936,1,2556.725314815,2607.726368528,416.473113333,53,0,271,7617.780253711,52,1855.488537527,2784,0.000000000,0,0.000000000,
10,0,CT_abs,DS,ICP,0.500000000,23,0.016381756,1,2870.527531151,2921.528584864,405.080486030,54,0,289,8594.335676570,53,1935.555736885,3044,0.000000000,0,0.000000000,
19,0,CT_abs,DS,ICP,0.500000000,21,60.000255784,0,3903.788683558,3964.162481112,462.180223495,134876,0,898797,18209392.735954519,121054,1808958.875917605,8812643,0.000000000,0,0.000000000,
20,0,CT_abs,DS,ICP,0.500000000,21,60.000044098,0,4215.329753220,4280.303352762,440.795094090,134126,0,972711,19806391.402020209,123851,1992937.205896743,9557431,0.000000000,0,0.000000000,
21,0,CT_abs,DS,ICP,0.500000000,21,60.000246316,0,4361.476515835,4427.608032847,442.795094126,132108,0,925364,18262816.193441387,119787,1781664.731130701,8891670,0.000000000,0,0.000000000,
22,0,CT_abs,DS,ICP,0.500000000,21,60.000418960,0,4426.239373135,4492.239266315,440.795094090,130489,0,919843,18225245.466944270,118523,1787298.537449491,8859838,0.000000000,0,0.000000000,
23,0,CT_abs,DS,ICP,0.500000000,21,60.000294313,0,4665.492470779,4734.441922936,440.795094090,98568,0,927417,18072366.682566449,93638,1146589.330971997,9050645,0.000000000,0,0.000000000,
24,0,CT_abs,DS,ICP,0.500000000,21,60.000871942,0,4984.596588943,5049.697467816,440.795094090,102575,0,999530,19676108.504686952,97981,1222711.520889193,9898207,0.000000000,0,0.000000000,
10,0,CT_abs,DS,ICP,0.500000000,22,60.000245065,0,2880.148147113,2953.274707760,382.178935173,142553,0,462554,4538685.958062545,121813,732484.725515348,2823902,0.000000000,0,0.000000000,
11,0,CT_abs,DS,ICP,0.500000000,22,60.000434459,0,3192.854058525,3262.816140461,379.824810090,131107,0,488838,4613037.323121646,112678,745243.444558720,2907955,0.000000000,0,0.000000000,
12,0,CT_abs,DS,ICP,0.500000000,22,60.000374427,0,3525.348381801,3598.845318884,379.843284418,126641,0,408522,4064792.757993913,109863,821546.973732925,2627974,0.000000000,0,0.000000000,
13,0,CT_abs,DS,ICP,0.500000000,22,60.000155565,0,3579.914146964,3655.693317588,378.776825039,136362,0,487768,6248807.930050598,115492,898372.013869980,3413207,0.000000000,0,0.000000000,
14,0,CT_abs,DS,ICP,0.500000000,22,60.000189083,0,3994.476759046,4069.331400329,414.562612082,116912,0,474419,5938173.166876822,99230,836017.747752175,3370109,0.000000000,0,0.000000000,
15,0,CT_abs,DS,ICP,0.500000000,22,60.000450598,0,4175.836721250,4250.639760848,414.562612082,115565,0,468550,5830488.661333014,98100,827038.984066176,3321530,0.000000000,0,0.000000000,
16,0,CT_abs,DS,ICP,0.500000000,22,60.000770947,0,4536.723697948,4613.272942200,414.562612082,113810,0,523779,7427052.218852089,97716,905357.273478174,3911586,0.000000000,0,0.000000000,
17,0,CT_abs,DS,ICP,0.500000000,22,60.000477326,0,4618.292314241,4694.738255503,414.562612082,116854,0,542027,7664836.472234971,99263,925087.726351534,4028041,0.000000000,0,0.000000000,
18,0,CT_abs,DS,ICP,0.500000000,22,60.000100797,0,4877.782719235,4953.636536266,414.562612082,109130,0,509094,6671133.477331763,92617,907438.220627548,3702493,0.000000000,0,0.000000000,
5,0,CT_abs,DS,ICP,0.500000000,24,0.000290813,1,979.903549631,979.903549631,341.764251939,1,0,0,0.000000000,0,0.000000000,0,0.000000000,0,0.000000000,
6,0,CT_abs,DS,ICP,0.500000000,24,0.000374160,1,1182.458925568,1182.458925568,341.764251939,1,0,0,0.000000000,0,0.000000000,0,0.000000000,0,0.000000000,
7,0,CT_abs,DS,ICP,0.500000000,24,0.000386713,1,1361.578708481,1363.813109735,341.764251939,2,0,2,144.922134868,1,87.999052382,32,0.000000000,0,0.000000000,
8,0,CT_abs,DS,ICP,0.500000000,24,0.007049607,1,1613.646443146,1629.316104622,341.764251939,49,0,132,3705.140115598,48,1639.768675340,1302,0.000000000,0,0.000000000,
9,0,CT_abs,DS,ICP,0.500000000,24,0.003931008,1,1850.451971180,1866.121632655,341.764251939,25,0,74,2268.829851830,24,856.346600491,782,0.000000000,0,0.000000000,
10,0,CT_abs,DS,ICP,0.500000000,24,0.005161868,1,2099.236186622,2114.905848097,341.764251939,27,0,102,3047.168924649,26,967.027125419,1064,0.000000000,0,0.000000000,
11,0,CT_abs,DS,ICP,0.500000000,24,0.005160787,1,2195.304891615,2210.974553090,341.764251939,27,0,102,3047.168924649,26,967.027125419,1064,0.000000000,0,0.000000000,
12,0,CT_abs,DS,ICP,0.500000000,24,0.012405587,1,2366.663941471,2383.730024607,341.764251939,61,0,230,6212.866520757,60,1692.223318402,2406,0.000000000,0,0.000000000,
13,0,CT_abs,DS,ICP,0.500000000,24,0.119850381,1,2734.710106093,2773.183745737,368.046164622,527,0,2170,44997.353032175,524,12327.815293364,21803,0.000000000,0,0.000000000,
19,0,CT_abs,DS,ICP,0.500000000,22,60.000230818,0,5199.331481752,5274.919134774,414.562612082,109672,0,548815,8575853.660252485,95273,1138957.981010732,4238659,0.000000000,0,0.000000000,
14,0,CT_abs,DS,ICP,0.500000000,24,1.023999780,1,2904.033129154,2954.187256726,368.046164622,4345,0,20705,281533.780091506,3988,63276.293201315,172200,0.000000000,0,0.000000000,
20,0,CT_abs,DS,ICP,0.500000000,22,60.000216089,0,5360.126404413,5437.043091059,414.562612082,99596,0,527527,8193333.999425811,85308,862543.927952154,4171674,0.000000000,0,0.000000000,
15,0,CT_abs,DS,ICP,0.500000000,24,1.136105727,1,3019.785955379,3069.940082951,368.046164622,4345,0,20705,281533.780091506,3988,63276.293201315,172200,0.000000000,0,0.000000000,
21,0,CT_abs,DS,ICP,0.500000000,22,60.000104773,0,5699.478422046,5775.436115007,414.562612082,87212,0,517589,8278454.786319037,77441,811190.847625933,4120646,0.000000000,0,0.000000000,
16,0,CT_abs,DS,ICP,0.500000000,24,2.041385428,1,3362.424583859,3412.578711431,368.046164622,6494,0,31393,428643.258932113,5915,93607.387747474,266613,0.000000000,0,0.000000000,
22,0,CT_abs,DS,ICP,0.500000000,22,60.000121864,0,5866.478957381,5951.873159779,414.562612082,121797,0,592504,8974701.014388731,100958,634144.775326730,4693211,0.000000000,0,0.000000000,
23,0,CT_abs,DS,ICP,0.500000000,22,60.000289419,0,6059.674710066,6145.258252603,414.562612082,111901,0,546928,7906526.073210528,91811,430980.506374192,4200241,0.000000000,0,0.000000000,
24,0,CT_abs,DS,ICP,0.500000000,22,60.000103585,0,6143.805073432,6229.456960754,414.562612082,118823,0,577356,8345046.897947689,97508,438100.318673103,4427565,0.000000000,0,0.000000000,
17,0,CT_abs,DS,ICP,0.500000000,24,4.736103809,1,3553.683396558,3608.304515620,368.046164622,15949,0,80295,1127216.753285871,14654,249266.669919136,671376,0.000000000,0,0.000000000,
18,0,CT_abs,DS,ICP,0.500000000,24,4.826121714,1,3561.255358789,3615.876477851,368.046164622,15949,0,80295,1127216.753285871,14654,249266.669919136,671376,0.000000000,0,0.000000000,
5,0,CT_abs,DS,ICP,0.500000000,25,0.002741734,1,1281.983159146,1292.399582509,448.698889070,12,0,44,763.220480319,11,227.356659767,556,0.000000000,0,0.000000000,
6,0,CT_abs,DS,ICP,0.500000000,25,0.002689076,1,1374.453632768,1384.870056131,448.698889070,12,0,44,763.220480319,11,227.356659767,556,0.000000000,0,0.000000000,
7,0,CT_abs,DS,ICP,0.500000000,25,0.005462961,1,1651.849088471,1662.580281171,448.698889070,22,0,88,1039.759609785,19,332.417277187,1027,0.000000000,0,0.000000000,
8,0,CT_abs,DS,ICP,0.500000000,25,0.005368355,1,1788.144501674,1798.875694374,443.615462688,22,0,88,1039.759609785,19,332.417277187,1027,0.000000000,0,0.000000000,
9,0,CT_abs,DS,ICP,0.500000000,25,2.336875522,1,1947.179670067,2188.997480133,443.615462688,5593,0,24547,223154.362408154,4773,70153.054415697,216931,0.000000000,0,0.000000000,
10,0,CT_abs,DS,ICP,0.500000000,25,6.487143504,1,2215.800260163,2458.240593668,443.615462688,14543,0,66537,771593.604218707,12599,197424.314548993,611506,0.000000000,0,0.000000000,
11,0,CT_abs,DS,ICP,0.500000000,23,60.000311147,0,3145.509359505,3210.921840172,416.473113333,189176,0,538205,1912732.197858304,148951,288137.429339572,3003079,0.000000000,0,0.000000000,
12,0,CT_abs,DS,ICP,0.500000000,23,60.000075295,0,3299.831757869,3365.244238527,416.473113333,189174,0,538187,1912589.321122276,148949,288137.429339572,3002975,0.000000000,0,0.000000000,
13,0,CT_abs,DS,ICP,0.500000000,23,60.000478540,0,3391.375316954,3456.775937365,405.080486030,188752,0,536809,1898482.161351520,148616,287833.058814895,2992210,0.000000000,0,0.000000000,
14,0,CT_abs,DS,ICP,0.500000000,23,60.000149533,0,3563.824398054,3628.042015773,405.080486030,189079,0,531070,1959603.907638281,152501,384207.056735421,3048219,0.000000000,0,0.000000000,
15,0,CT_abs,DS,ICP,0.500000000,23,60.000263357,0,3570.190708148,3634.458396036,405.080486030,185899,0,526142,1926622.410988626,149628,379880.022506997,3006411,0.000000000,0,0.000000000,
16,0,CT_abs,DS,ICP,0.500000000,23,60.000222118,0,4013.806170835,4080.588836781,444.237986127,171298,0,571783,5142915.944177980,143406,856148.087469474,3912204,0.000000000,0,0.000000000,
17,0,CT_abs,DS,ICP,0.500000000,23,60.000460155,0,4267.501683549,4349.888510399,444.237986127,168443,0,610849,7296010.289749805,141586,1182038.479066325,4540382,0.000000000,0,0.000000000,
18,0,CT_abs,DS,ICP,0.500000000,23,60.000128744,0,4400.945515024,4483.347242539,444.237986127,170105,0,616233,7351120.414535553,142995,1187024.776965920,4578762,0.000000000,0,0.000000000,
19,0,CT_abs,DS,ICP,0.500000000,23,60.000346334,0,4661.791022603,4743.826378264,444.526601913,159678,0,640383,8890183.404895395,136333,1690511.150974692,5072371,0.000000000,0,0.000000000,
20,0,CT_abs,DS,ICP,0.500000000,23,60.000353839,0,4822.585945264,4906.810702322,467.301614921,145825,0,694140,10347510.710098881,122795,1835682.836753091,5634306,0.000000000,0,0.000000000,
21,0,CT_abs,DS,ICP,0.500000000,23,60.000223128,0,4906.465943168,4990.664016401,460.714039813,142514,0,679600,10184803.712799506,119623,1762944.921352942,5566227,0.000000000,0,0.000000000,
22,0,CT_abs,DS,ICP,0.500000000,23,60.000508985,0,5125.262016467,5209.999658221,460.714039813,122536,0,615374,8798064.845833957,98869,739624.227543673,5006593,0.000000000,0,0.000000000,
23,0,CT_abs,DS,ICP,0.500000000,23,60.000397118,0,5378.187475808,5468.129634235,456.404511641,117024,0,605908,10320719.384541567,94215,737337.208849119,5317657,0.000000000,0,0.000000000,
24,0,CT_abs,DS,ICP,0.500000000,23,60.000622084,0,5450.933507746,5544.298974672,468.368553198,104022,0,683534,14059236.598375358,86883,1029726.118834077,6550168,0.000000000,0,0.000000000,
19,0,CT_abs,DS,ICP,0.500000000,24,60.000161175,0,3816.378345329,3875.632349715,368.046164622,169378,0,714186,6316582.245461274,126782,657642.204437398,4948966,0.000000000,0,0.000000000,
20,0,CT_abs,DS,ICP,0.500000000,24,60.000098109,0,4189.689484790,4266.453759782,385.326290205,150289,0,828495,11747489.782591248,122966,1899004.127856923,6510467,0.000000000,0,0.000000000,
21,0,CT_abs,DS,ICP,0.500000000,24,60.000596801,0,4508.483240898,4597.103513069,403.112213606,151433,0,648957,8164939.742217826,114935,1105628.128339843,4891296,0.000000000,0,0.000000000,
22,0,CT_abs,DS,ICP,0.500000000,24,60.000143417,0,4783.984484386,4872.569159798,403.112213606,143257,0,745818,11670852.040656764,114046,1846912.055573011,6195087,0.000000000,0,0.000000000,
23,0,CT_abs,DS,ICP,0.500000000,24,60.000140932,0,5093.906901132,5182.491576544,403.112213606,134480,0,746529,11690472.439077651,108346,1860832.080113593,6249622,0.000000000,0,0.000000000,
24,0,CT_abs,DS,ICP,0.500000000,24,60.000037769,0,5279.505050722,5364.440584861,413.345832316,119896,0,942193,16108861.942644313,107130,2697327.077428605,8157926,0.000000000,0,0.000000000,
11,0,CT_abs,DS,ICP,0.500000000,25,60.000776999,0,2543.254400272,2788.836577187,443.615462688,123150,0,529301,5896937.177025419,101434,1254324.692895072,4777321,0.000000000,0,0.000000000,
12,0,CT_abs,DS,ICP,0.500000000,25,60.000363970,0,2591.807690393,2837.389185191,443.615462688,122501,0,529937,5872833.872709291,100905,1247671.232648293,4773421,0.000000000,0,0.000000000,
13,0,CT_abs,DS,ICP,0.500000000,25,60.000153419,0,2811.323942977,3056.886534882,443.615462688,120079,0,538031,5998537.982348176,99241,1234444.903195379,4773339,0.000000000,0,0.000000000,
14,0,CT_abs,DS,ICP,0.500000000,25,60.000059877,0,3178.978713767,3425.118180252,449.610028295,117226,0,606221,6051474.856413276,100313,1219694.742419823,4887139,0.000000000,0,0.000000000,
15,0,CT_abs,DS,ICP,0.500000000,25,60.000394111,0,3620.142124748,3865.919130581,443.615462688,102993,0,543367,5230818.978924803,84703,1070242.598234270,4129644,0.000000000,0,0.000000000,
16,0,CT_abs,DS,ICP,0.500000000,25,60.000265691,0,3813.337877432,4059.047393050,451.703801360,100231,0,558181,5188836.372761131,82518,1041683.203691435,4053875,0.000000000,0,0.000000000,
17,0,CT_abs,DS,ICP,0.500000000,25,60.000340162,0,3944.387337753,4190.540370575,443.615462688,98199,0,565557,4941570.567961015,80631,963203.059717373,4169353,0.000000000,0,0.000000000,
18,0,CT_abs,DS,ICP,0.500000000,25,60.000492418,0,3958.565635430,4204.705101909,449.610028295,97270,0,561617,4916893.280476200,79787,958337.215162527,4140619,0.000000000,0,0.000000000,
19,0,CT_abs,DS,ICP,0.500000000,25,60.000251606,0,4290.583373687,4536.928142855,443.615462688,93875,0,596473,5302466.012227558,77417,947566.568970366,4416341,0.000000000,0,0.000000000,
20,0,CT_abs,DS,ICP,0.500000000,25,60.000647717,0,4393.927631268,4640.271055402,443.615462688,92964,0,590094,5224522.377845968,76625,935602.648053393,4369091,0.000000000,0,0.000000000,
21,0,CT_abs,DS,ICP,0.500000000,25,60.000306720,0,4727.643146651,4974.861216778,449.993588254,82266,0,568307,7680328.733854547,66303,861664.439992603,4470744,0.000000000,0,0.000000000,
22,0,CT_abs,DS,ICP,0.500000000,25,60.000242580,0,4749.514072292,4996.732163227,450.095310720,82838,0,571394,7715176.622547494,66869,869160.329509950,4501777,0.000000000,0,0.000000000,
23,0,CT_abs,DS,ICP,0.500000000,25,60.000557619,0,5052.538994778,5318.176260710,456.359079115,72997,0,450532,5266720.753588835,61062,585520.002264399,3171129,0.000000000,0,0.000000000,
24,0,CT_abs,DS,ICP,0.500000000,25,60.000548351,0,5209.579743184,5474.849659195,457.447939921,71277,0,456530,5789839.670056879,59920,621903.262194961,3387202,0.000000000,0,0.000000000,
