5,0,0,DS,0,0.500000000,1,0.128948391,1,529.416610812,529.885902013,162.158951776,22,0,126,1122.161035761,21,336.384501297,0,0.000000000,0,0.000000000,
6,0,0,DS,0,0.500000000,1,4.084274008,1,850.779313443,851.564430460,321.678528447,219,0,1236,7278.025221181,218,1756.951339069,0,0.000000000,0,0.000000000,
7,0,0,DS,0,0.500000000,1,12.607199834,1,1051.560068741,1052.380250136,321.678528447,750,0,4278,24931.082667351,749,6482.153600509,0,0.000000000,0,0.000000000,
8,0,0,DS,0,0.500000000,1,12.611479740,1,1188.655025008,1189.475206403,321.678528447,750,0,4278,24931.082667351,749,6482.153600509,0,0.000000000,0,0.000000000,
5,0,0,DS,0,0.500000000,2,0.293532000,1,598.423441790,598.487316088,195.922948551,63,0,352,822.454354569,62,120.859184973,0,0.000000000,0,0.000000000,
6,0,0,DS,0,0.500000000,2,0.301376064,1,867.431996027,867.495870325,269.008554237,63,0,352,822.454354569,62,120.859184973,0,0.000000000,0,0.000000000,
7,0,0,DS,0,0.500000000,2,0.304304091,1,1014.044161657,1014.108035955,269.008554237,63,0,352,822.454354569,62,120.859184973,0,0.000000000,0,0.000000000,
8,0,0,DS,0,0.500000000,2,1.752823208,1,1024.337945667,1024.580126229,269.008554237,76,0,429,1003.500578481,75,120.859184973,0,0.000000000,0,0.000000000,
9,0,0,DS,0,0.500000000,2,1.735557138,1,1185.348096505,1185.590277068,269.008554237,76,0,429,1003.500578481,75,120.859184973,0,0.000000000,0,0.000000000,
10,0,0,DS,0,0.500000000,2,1.732711679,1,1361.259992477,1361.502173039,269.008554237,76,0,429,1003.500578481,75,120.859184973,0,0.000000000,0,0.000000000,
11,0,0,DS,0,0.500000000,2,1.728803307,1,1507.418664011,1507.660844573,269.008554237,76,0,429,1003.500578481,75,120.859184973,0,0.000000000,0,0.000000000,
12,0,0,DS,0,0.500000000,2,1.741151148,1,1564.528663362,1564.770843925,269.008554237,76,0,429,1003.500578481,75,120.859184973,0,0.000000000,0,0.000000000,
13,0,0,DS,0,0.500000000,2,9.993110127,1,1656.873501402,1657.775071987,269.088434618,572,0,2863,9922.237096229,571,2206.059926600,0,0.000000000,0,0.000000000,
14,0,0,DS,0,0.500000000,2,10.152097397,1,1899.115228129,1900.016798714,269.088434618,572,0,2863,9922.237096229,571,2206.059926600,0,0.000000000,0,0.000000000,
17,0,0,DS,0,0.500000000,2,10.075912285,1,2405.133401300,2406.034971884,269.088434618,572,0,2863,9922.237096229,571,2206.059926600,0,0.000000000,0,0.000000000,
15,0,0,DS,0,0.500000000,2,10.203276486,1,2132.270382912,2133.171953497,269.088434618,572,0,2863,9922.237096229,571,2206.059926600,0,0.000000000,0,0.000000000,
16,0,0,DS,0,0.500000000,2,10.309044687,1,2362.590007237,2363.491577821,269.088434618,572,0,2863,9922.237096229,571,2206.059926600,0,0.000000000,0,0.000000000,
5,0,0,DS,0,0.500000000,3,0.002802252,1,394.775363325,394.775363325,114.109365593,1,0,0,0.000000000,0,0.000000000,0,0.000000000,0,0.000000000,
6,0,0,DS,0,0.500000000,3,0.003567984,1,571.625976867,571.625976867,176.850613541,1,0,0,0.000000000,0,0.000000000,0,0.000000000,0,0.000000000,
7,0,0,DS,0,0.500000000,3,0.005461317,1,831.063235461,831.063235461,259.437258595,1,0,0,0.000000000,0,0.000000000,0,0.000000000,0,0.000000000,
18,0,0,DS,0,0.500000000,2,10.140593116,1,2445.148062777,2446.049633361,269.088434618,572,0,2863,9922.237096229,571,2206.059926600,0,0.000000000,0,0.000000000,
8,0,0,DS,0,0.500000000,3,0.181017824,1,1001.767158386,1002.144194636,259.437258595,2,0,4,6.455157674,1,0.000000000,0,0.000000000,0,0.000000000,
9,0,0,DS,0,0.500000000,1,60.002561311,0,1455.697720769,1456.370896616,321.362702631,4860,0,27816,192937.218678564,4859,34653.829028402,0,0.000000000,0,0.000000000,
10,0,0,DS,0,0.500000000,1,60.020441377,0,1741.261553794,1741.533712542,321.362702631,1872,0,18998,123644.517091093,1871,11646.595289274,0,0.000000000,0,0.000000000,
9,0,0,DS,0,0.500000000,3,3.269638935,1,1162.921577261,1163.427316008,259.437258595,294,0,1658,5575.156561582,293,1085.973508516,0,0.000000000,0,0.000000000,
10,0,0,DS,0,0.500000000,3,3.177321584,1,1407.637936247,1408.143674994,259.437258595,294,0,1658,5575.156561582,293,1085.973508516,0,0.000000000,0,0.000000000,
11,0,0,DS,0,0.500000000,3,3.258703344,1,1449.120793410,1449.626532157,259.437258595,294,0,1658,5575.156561582,293,1085.973508516,0,0.000000000,0,0.000000000,
11,0,0,DS,0,0.500000000,1,60.005046356,0,1956.387912942,1956.641754675,321.362702631,1757,0,18982,100332.629245131,1756,7057.458433860,0,0.000000000,0,0.000000000,
12,0,0,DS,0,0.500000000,1,60.000954103,0,2091.406311334,2091.659005557,321.362702631,1726,0,18674,98765.590563491,1725,6972.646252818,0,0.000000000,0,0.000000000,
13,0,0,DS,0,0.500000000,1,60.013914548,0,2269.047016264,2269.493876040,321.365216462,2780,0,27984,208308.050548128,2779,10678.907983564,0,0.000000000,0,0.000000000,
14,0,0,DS,0,0.500000000,1,60.059452162,0,2550.351454954,2551.016405406,321.362702631,1730,0,19342,134728.382922071,1721,9650.115971821,0,0.000000000,0,0.000000000,
15,0,0,DS,0,0.500000000,1,60.000846363,0,2697.561083539,2698.427880552,321.362702631,1726,0,19302,134469.382711677,1717,9628.649126257,0,0.000000000,0,0.000000000,
12,0,0,DS,0,0.500000000,3,19.168982573,1,1512.185088797,1512.709762736,259.437258595,1619,0,9116,31642.047858007,1618,6444.825239877,0,0.000000000,0,0.000000000,
16,0,0,DS,0,0.500000000,1,60.012866533,0,2767.106930668,2767.961003653,321.362702631,1648,0,18504,129062.248350524,1639,9213.618779123,0,0.000000000,0,0.000000000,
17,0,0,DS,0,0.500000000,1,60.072066253,0,2797.124623436,2797.854556812,321.362702631,797,0,9277,59278.690229552,755,4047.731346150,0,0.000000000,0,0.000000000,
18,0,0,DS,0,0.500000000,1,60.012034889,0,2898.619061520,2899.283846176,321.365216462,1120,0,11349,63803.855788977,1111,5008.416926683,0,0.000000000,0,0.000000000,
5,0,0,DS,0,0.500000000,4,0.004956161,1,704.228709184,704.228709184,201.480703442,1,0,0,0.000000000,0,0.000000000,0,0.000000000,0,0.000000000,
6,0,0,DS,0,0.500000000,4,0.005495279,1,713.707813553,713.707813553,201.480703442,1,0,0,0.000000000,0,0.000000000,0,0.000000000,0,0.000000000,
7,0,0,DS,0,0.500000000,4,0.007049106,1,939.471044601,939.471044601,225.763231048,1,0,0,0.000000000,0,0.000000000,0,0.000000000,0,0.000000000,
19,0,0,DS,0,0.500000000,1,60.035870286,0,2968.964531500,2969.629421974,321.365216462,1123,0,11381,63989.110125537,1114,5031.920552037,0,0.000000000,0,0.000000000,
20,0,0,DS,0,0.500000000,1,60.003921633,0,3034.341650593,3035.003339473,321.365216462,1130,0,11443,64308.137128201,1121,5056.837309237,0,0.000000000,0,0.000000000,
21,0,0,DS,0,0.500000000,1,60.019373711,0,3109.722137706,3110.489688284,321.362702631,1250,0,13723,83443.321556281,1249,5994.100543517,0,0.000000000,0,0.000000000,
22,0,0,DS,0,0.500000000,1,60.015038514,0,3125.146452259,3125.911596480,321.362702631,1272,0,13969,84996.986324031,1271,6057.277928246,0,0.000000000,0,0.000000000,
23,0,0,DS,0,0.500000000,1,60.012162513,0,3316.515815535,3317.134691152,321.362702631,198,0,2264,11181.076516652,197,522.888107165,0,0.000000000,0,0.000000000,
9,0,0,DS,0,0.500000000,4,6.704022882,1,1268.668427604,1268.864014825,257.153942492,150,0,841,839.575968676,149,151.449659417,0,0.000000000,0,0.000000000,
8,0,0,DS,0,0.500000000,4,6.888603265,1,1196.429399873,1196.624987093,257.153942492,150,0,841,839.575968676,149,151.449659417,0,0.000000000,0,0.000000000,
10,0,0,DS,0,0.500000000,4,6.812773553,1,1347.835425987,1348.031013207,257.153942492,150,0,841,839.575968676,149,151.449659417,0,0.000000000,0,0.000000000,
19,0,0,DS,0,0.500000000,2,60.031574602,0,2605.599571167,2606.365773222,269.013199861,238,0,1137,2076.774188852,237,120.630794378,0,0.000000000,0,0.000000000,
20,0,0,DS,0,0.500000000,2,60.031150499,0,2765.376415368,2766.150117998,269.008554237,219,0,1099,2313.661204552,218,253.597040256,0,0.000000000,0,0.000000000,
21,0,0,DS,0,0.500000000,2,60.069828639,0,2888.271826129,2889.053113718,269.008554237,223,0,1116,2337.004862591,222,253.597040256,0,0.000000000,0,0.000000000,
22,0,0,DS,0,0.500000000,2,60.394508438,0,3057.094132582,3057.891483112,269.008554237,338,0,2332,8267.222495405,337,1140.567342909,0,0.000000000,0,0.000000000,
23,0,0,DS,0,0.500000000,2,60.036734262,0,3322.671567429,3323.444050622,269.008554237,742,0,5502,19044.188183738,741,2284.989391966,0,0.000000000,0,0.000000000,
13,0,0,DS,0,0.500000000,3,60.009117651,0,1694.695969100,1695.473440240,259.437258595,4167,0,27312,94008.331993853,4166,15854.467601902,0,0.000000000,0,0.000000000,
14,0,0,DS,0,0.500000000,3,60.003736601,0,1762.448327382,1763.225297644,259.437258595,4149,0,27186,93563.787534678,4148,15770.976197981,0,0.000000000,0,0.000000000,
15,0,0,DS,0,0.500000000,3,60.019108384,0,1963.506070420,1964.279063898,259.437258595,3212,0,25644,145074.471397607,3211,20494.432433142,0,0.000000000,0,0.000000000,
5,0,0,DS,0,0.500000000,5,0.004245551,1,623.965182969,623.965182969,179.297856041,1,0,0,0.000000000,0,0.000000000,0,0.000000000,0,0.000000000,
6,0,0,DS,0,0.500000000,5,0.004341631,1,665.461034051,665.461034051,179.297856041,1,0,0,0.000000000,0,0.000000000,0,0.000000000,0,0.000000000,
7,0,0,DS,0,0.500000000,5,0.005771626,1,724.691592206,724.691592206,179.297856041,1,0,0,0.000000000,0,0.000000000,0,0.000000000,0,0.000000000,
8,0,0,DS,0,0.500000000,5,0.006692380,1,939.227791142,939.227791142,214.536198936,1,0,0,0.000000000,0,0.000000000,0,0.000000000,0,0.000000000,
9,0,0,DS,0,0.500000000,5,0.007027895,1,986.260117651,986.260117651,214.536198936,1,0,0,0.000000000,0,0.000000000,0,0.000000000,0,0.000000000,
16,0,0,DS,0,0.500000000,3,60.009775235,0,2196.398984409,2197.106034837,259.437258595,2103,0,20818,140196.672993908,2086,15327.500557786,0,0.000000000,0,0.000000000,
10,0,0,DS,0,0.500000000,5,0.011937549,1,1247.993561569,1247.993561569,261.733443919,1,0,0,0.000000000,0,0.000000000,0,0.000000000,0,0.000000000,
11,0,0,DS,0,0.500000000,5,0.287828032,1,1341.059773869,1341.833840747,261.733443919,67,0,316,745.035916444,66,104.443494018,0,0.000000000,0,0.000000000,
17,0,0,DS,0,0.500000000,3,60.015234430,0,2263.810008753,2264.527413655,259.437258595,2075,0,20544,138616.149886894,2058,15126.838466769,0,0.000000000,0,0.000000000,
12,0,0,DS,0,0.500000000,5,0.289060487,1,1543.832271680,1544.606338558,261.733443919,67,0,316,745.035916444,66,104.443494018,0,0.000000000,0,0.000000000,
18,0,0,DS,0,0.500000000,3,60.015849588,0,2423.634846187,2424.326276637,259.437258595,2334,0,25460,200851.563733918,2239,17465.217406507,0,0.000000000,0,0.000000000,
19,0,0,DS,0,0.500000000,3,60.009584587,0,2603.495951624,2604.190479163,259.437258595,2239,0,28088,200688.822341167,2140,14952.682021767,0,0.000000000,0,0.000000000,
13,0,0,DS,0,0.500000000,5,2.510078103,1,1629.264533437,1630.470029526,261.733443919,597,0,2830,6591.568149594,596,1005.106979081,0,0.000000000,0,0.000000000,
14,0,0,DS,0,0.500000000,5,3.021857649,1,1766.410646217,1767.616142306,261.733443919,597,0,2830,6591.568149594,596,1005.106979081,0,0.000000000,0,0.000000000,
20,0,0,DS,0,0.500000000,3,60.027085540,0,2666.262586014,2666.960148018,259.437258595,2235,0,28042,200306.995031821,2137,14935.640108437,0,0.000000000,0,0.000000000,
21,0,0,DS,0,0.500000000,3,60.033605972,0,2802.207464723,2803.208652399,259.437258595,2277,0,28556,201194.855244467,2185,14662.671160336,0,0.000000000,0,0.000000000,
22,0,0,DS,0,0.500000000,3,60.067040214,0,2965.714162287,2966.706349723,259.437258595,1590,0,23378,180683.760553927,1540,7776.515508578,0,0.000000000,0,0.000000000,
23,0,0,DS,0,0.500000000,3,60.012683495,0,3054.970735120,3055.972343596,259.437258595,1621,0,23822,184390.150086241,1569,7961.547193267,0,0.000000000,0,0.000000000,
11,0,0,DS,0,0.500000000,4,60.042733158,0,1569.282906081,1569.948783537,257.270156848,1921,0,13938,13557.847333992,1919,1763.423259805,0,0.000000000,0,0.000000000,
5,0,0,DS,0,0.500000000,6,0.005595116,1,717.739198756,717.739198756,228.344802699,1,0,0,0.000000000,0,0.000000000,0,0.000000000,0,0.000000000,
12,0,0,DS,0,0.500000000,4,60.005614053,0,1612.555770590,1613.229993760,257.263152617,1918,0,13915,13537.562171260,1916,1761.123366546,0,0.000000000,0,0.000000000,
6,0,0,DS,0,0.500000000,6,0.006515908,1,763.741588532,763.741588532,228.344802699,1,0,0,0.000000000,0,0.000000000,0,0.000000000,0,0.000000000,
7,0,0,DS,0,0.500000000,6,0.006892092,1,825.721953298,825.721953298,228.344802699,1,0,0,0.000000000,0,0.000000000,0,0.000000000,0,0.000000000,
13,0,0,DS,0,0.500000000,4,60.000900468,0,1764.312953746,1764.981593163,256.958355271,2379,0,15394,18192.727923159,2377,2252.382997971,0,0.000000000,0,0.000000000,
8,0,0,DS,0,0.500000000,6,0.169091337,1,1026.147185786,1026.228120445,228.344802699,28,0,144,1060.997475136,27,216.702920650,0,0.000000000,0,0.000000000,
9,0,0,DS,0,0.500000000,6,0.174399847,1,1115.789703038,1115.870637697,228.344802699,28,0,144,1060.997475136,27,216.702920650,0,0.000000000,0,0.000000000,
10,0,0,DS,0,0.500000000,6,0.171121484,1,1392.216676377,1392.297611036,276.426973339,28,0,144,1060.997475136,27,216.702920650,0,0.000000000,0,0.000000000,
14,0,0,DS,0,0.500000000,4,60.004223959,0,1956.582665980,1958.326500126,257.356302453,2139,0,14691,25478.322102220,2136,3647.382159501,0,0.000000000,0,0.000000000,
15,0,0,DS,0,0.500000000,4,60.003240123,0,2090.148868432,2091.854868378,257.031187945,2129,0,14636,25411.457288288,2126,3633.717529965,0,0.000000000,0,0.000000000,
16,0,0,DS,0,0.500000000,4,60.001213313,0,2258.574535867,2260.248224725,257.231131000,4227,0,23648,86910.878758447,4224,21124.339399197,0,0.000000000,0,0.000000000,
17,0,0,DS,0,0.500000000,4,60.020614270,0,2386.184980414,2387.838825217,256.998585030,1701,0,13635,82588.885593177,1692,12364.372571083,0,0.000000000,0,0.000000000,
18,0,0,DS,0,0.500000000,4,60.025834331,0,2567.528845316,2569.172812904,256.958355271,1506,0,14173,98914.160966052,1498,11123.335252192,0,0.000000000,0,0.000000000,
19,0,0,DS,0,0.500000000,4,60.016562173,0,2790.348084490,2791.995312140,256.958355271,1527,0,14367,100122.249276330,1519,11254.660380971,0,0.000000000,0,0.000000000,
20,0,0,DS,0,0.500000000,4,60.012859105,0,2918.770816008,2920.414957398,256.958355271,1530,0,14389,100187.472874593,1522,11273.459362479,0,0.000000000,0,0.000000000,
21,0,0,DS,0,0.500000000,4,60.104487608,0,3124.957629130,3126.593891324,257.112225220,1488,0,14013,98151.577061217,1480,11010.071515782,0,0.000000000,0,0.000000000,
22,0,0,DS,0,0.500000000,4,60.186760464,0,3395.732256056,3397.040916523,270.786448839,1170,0,10901,59211.227953040,1139,6433.222720284,0,0.000000000,0,0.000000000,
23,0,0,DS,0,0.500000000,4,60.002020643,0,3527.288241605,3528.656391016,270.786492973,1225,0,11683,62772.565719207,1216,7300.462928940,0,0.000000000,0,0.000000000,
15,0,0,DS,0,0.500000000,5,60.010455929,0,2056.944432251,2058.337817482,291.042988569,2096,0,10226,33960.253309651,2095,7811.246230632,0,0.000000000,0,0.000000000,
5,0,0,DS,0,0.500000000,7,0.167987128,1,627.691300715,627.822519404,195.306650607,33,0,160,1242.863319967,32,298.331089691,0,0.000000000,0,0.000000000,
6,0,0,DS,0,0.500000000,7,0.214096409,1,741.299406571,741.430625260,195.306650607,33,0,160,1242.863319967,32,298.331089691,0,0.000000000,0,0.000000000,
16,0,0,DS,0,0.500000000,5,60.078769040,0,2075.464982628,2076.844228762,290.719922063,2129,0,10371,34384.416126633,2128,7898.075374084,0,0.000000000,0,0.000000000,
7,0,0,DS,0,0.500000000,7,0.167484868,1,857.649085362,857.780304051,195.306650607,33,0,160,1242.863319967,32,298.331089691,0,0.000000000,0,0.000000000,
8,0,0,DS,0,0.500000000,7,0.190150761,1,958.992179414,959.123398103,195.306650607,33,0,160,1242.863319967,32,298.331089691,0,0.000000000,0,0.000000000,
17,0,0,DS,0,0.500000000,5,60.053307213,0,2095.391153641,2096.808137485,290.750938137,2149,0,10461,34665.573765521,2148,7958.087719261,0,0.000000000,0,0.000000000,
18,0,0,DS,0,0.500000000,5,60.063587788,0,2150.242994059,2151.673767775,291.065615895,2117,0,10313,34157.991964824,2116,7840.561246759,0,0.000000000,0,0.000000000,
9,0,0,DS,0,0.500000000,7,0.216833117,1,1044.629308536,1044.760527225,195.306650607,33,0,160,1242.863319967,32,298.331089691,0,0.000000000,0,0.000000000,
19,0,0,DS,0,0.500000000,5,60.092107626,0,2333.605220063,2334.898868321,290.750938137,1700,0,8415,27275.627272760,1699,6088.049278299,0,0.000000000,0,0.000000000,
20,0,0,DS,0,0.500000000,5,60.026797888,0,2389.562666499,2390.918700776,291.062758260,1613,0,7991,26051.328510881,1612,5850.836545322,0,0.000000000,0,0.000000000,
10,0,0,DS,0,0.500000000,7,2.408794813,1,1155.026009844,1155.257341689,195.306650607,602,0,3040,12572.208438944,601,3658.240604653,0,0.000000000,0,0.000000000,
11,0,0,DS,0,0.500000000,7,2.433788317,1,1163.947736016,1164.179067862,195.306650607,602,0,3040,12572.208438944,601,3658.240604653,0,0.000000000,0,0.000000000,
12,0,0,DS,0,0.500000000,7,2.434581267,1,1227.972339156,1228.203671002,195.306650607,602,0,3040,12572.208438944,601,3658.240604653,0,0.000000000,0,0.000000000,
13,0,0,DS,0,0.500000000,7,2.541993298,1,1474.153517496,1474.384849342,246.181178340,602,0,3040,12572.208438944,601,3658.240604653,0,0.000000000,0,0.000000000,
14,0,0,DS,0,0.500000000,7,2.496430413,1,1596.516201770,1596.747533615,246.181178340,602,0,3040,12572.208438944,601,3658.240604653,0,0.000000000,0,0.000000000,
21,0,0,DS,0,0.500000000,5,60.069576002,0,2555.592908550,2557.026423677,291.177198639,1679,0,8313,26920.868471354,1678,6009.319893973,0,0.000000000,0,0.000000000,
22,0,0,DS,0,0.500000000,5,60.072537700,0,2677.680169525,2678.717169551,290.750938137,1761,0,8842,36597.575361317,1760,8503.854929194,0,0.000000000,0,0.000000000,
16,0,0,DS,0,0.500000000,7,4.145208827,1,1828.253110708,1829.239659031,246.181178340,672,0,3358,15327.453312873,671,4298.851071674,0,0.000000000,0,0.000000000,
15,0,0,DS,0,0.500000000,7,4.091368054,1,1776.950856359,1777.937404682,246.181178340,672,0,3358,15327.453312873,671,4298.851071674,0,0.000000000,0,0.000000000,
5,0,0,DS,0,0.500000000,8,0.004824063,1,544.361709814,544.361709814,255.191222223,1,0,0,0.000000000,0,0.000000000,0,0.000000000,0,0.000000000,
17,0,0,DS,0,0.500000000,7,4.106711805,1,1936.131388245,1937.117936568,246.181178340,672,0,3358,15327.453312873,671,4298.851071674,0,0.000000000,0,0.000000000,
23,0,0,DS,0,0.500000000,5,60.012250129,0,2828.344492021,2829.356374766,291.205133313,1749,0,8780,36335.383485657,1748,8416.360293414,0,0.000000000,0,0.000000000,
6,0,0,DS,0,0.500000000,8,0.006378119,1,591.834523595,591.834523595,255.191222223,1,0,0,0.000000000,0,0.000000000,0,0.000000000,0,0.000000000,
7,0,0,DS,0,0.500000000,8,0.005605032,1,661.988188858,661.988188858,255.191222223,1,0,0,0.000000000,0,0.000000000,0,0.000000000,0,0.000000000,
8,0,0,DS,0,0.500000000,8,0.005856904,1,664.854280971,664.854280971,255.191222223,1,0,0,0.000000000,0,0.000000000,0,0.000000000,0,0.000000000,
9,0,0,DS,0,0.500000000,8,0.006941783,1,818.461276207,818.461276207,255.191222223,1,0,0,0.000000000,0,0.000000000,0,0.000000000,0,0.000000000,
10,0,0,DS,0,0.500000000,8,0.007313308,1,886.776718147,886.776718147,255.191222223,1,0,0,0.000000000,0,0.000000000,0,0.000000000,0,0.000000000,
11,0,0,DS,0,0.500000000,8,0.007530214,1,919.556590476,919.556590476,255.191222223,1,0,0,0.000000000,0,0.000000000,0,0.000000000,0,0.000000000,
12,0,0,DS,0,0.500000000,8,0.008310664,1,1044.490087493,1044.490087493,255.191222223,1,0,0,0.000000000,0,0.000000000,0,0.000000000,0,0.000000000,
13,0,0,DS,0,0.500000000,8,1.198001344,1,1338.873059443,1338.925287967,294.435200474,4,0,12,11.612329024,3,0.000000000,0,0.000000000,0,0.000000000,
14,0,0,DS,0,0.500000000,8,1.212786058,1,1455.671289133,1455.723517658,294.435200474,4,0,12,11.612329024,3,0.000000000,0,0.000000000,0,0.000000000,
18,0,0,DS,0,0.500000000,7,8.121369382,1,2031.405485535,2032.412853046,246.181178340,1129,0,5618,25606.152761339,1128,6577.805178963,0,0.000000000,0,0.000000000,
15,0,0,DS,0,0.500000000,8,1.223072314,1,1555.278017385,1555.330245910,294.435200474,4,0,12,11.612329024,3,0.000000000,0,0.000000000,0,0.000000000,
19,0,0,DS,0,0.500000000,7,8.043152534,1,2191.016857287,2192.024224799,246.181178340,1130,0,5622,25615.764073985,1129,6582.103222619,0,0.000000000,0,0.000000000,
16,0,0,DS,0,0.500000000,8,1.227699045,1,1696.978252654,1697.030481179,294.435200474,4,0,12,11.612329024,3,0.000000000,0,0.000000000,0,0.000000000,
17,0,0,DS,0,0.500000000,8,1.214488926,1,1830.409457425,1830.461685950,294.435200474,4,0,12,11.612329024,3,0.000000000,0,0.000000000,0,0.000000000,
18,0,0,DS,0,0.500000000,8,1.229681460,1,1861.102552036,1861.154780561,294.435200474,4,0,12,11.612329024,3,0.000000000,0,0.000000000,0,0.000000000,
11,0,0,DS,0,0.500000000,6,60.008608182,0,1627.829028618,1628.069681518,276.426973339,5007,0,28904,85017.941434009,5006,15407.629245147,0,0.000000000,0,0.000000000,
13,0,0,DS,0,0.500000000,6,60.001528744,0,1916.300722383,1916.485733459,276.426973339,5513,0,30302,83174.050577707,5512,15630.410805013,0,0.000000000,0,0.000000000,
12,0,0,DS,0,0.500000000,6,60.013761715,0,1823.751106768,1823.937780328,276.426973339,5515,0,30284,83183.572784521,5514,15651.780008055,0,0.000000000,0,0.000000000,
14,0,0,DS,0,0.500000000,6,60.002022584,0,2003.234153827,2003.468815546,276.426973339,5544,0,39554,154254.731178299,5543,21311.589902618,0,0.000000000,0,0.000000000,
15,0,0,DS,0,0.500000000,6,60.001306866,0,2173.530052558,2173.765664549,276.426973339,5459,0,38880,151660.829055696,5458,20960.321014270,0,0.000000000,0,0.000000000,
16,0,0,DS,0,0.500000000,6,60.005423814,0,2339.950161385,2340.247637236,276.426973339,5092,0,36930,148426.741215710,5091,19776.541268751,0,0.000000000,0,0.000000000,
5,0,0,DS,0,0.500000000,9,5.437858287,1,937.883275858,938.770524301,253.570639959,169,0,962,5713.938004059,168,959.542793171,0,0.000000000,0,0.000000000,
18,0,0,DS,0,0.500000000,6,60.005306091,0,2795.810246412,2796.073547757,279.744319971,2202,0,17864,147967.255144306,2201,21252.479426885,0,0.000000000,0,0.000000000,
17,0,0,DS,0,0.500000000,6,60.014046597,0,2516.084926438,2516.378489108,276.426973339,5086,0,36888,148280.261653573,5085,19755.771287598,0,0.000000000,0,0.000000000,
19,0,0,DS,0,0.500000000,6,60.030346495,0,2873.636463407,2873.898893930,279.744319971,2195,0,17802,147408.706657058,2194,21190.716159634,0,0.000000000,0,0.000000000,
20,0,0,DS,0,0.500000000,6,60.017104747,0,3102.628240418,3102.905261541,279.725319974,2522,0,21068,158660.542611844,2521,22231.644200641,0,0.000000000,0,0.000000000,
21,0,0,DS,0,0.500000000,6,60.021540618,0,3321.464663498,3321.725726537,279.744319971,2103,0,19556,140846.129248216,2102,18218.042139287,0,0.000000000,0,0.000000000,
22,0,0,DS,0,0.500000000,6,60.005804038,0,3505.069012626,3505.345919211,279.727385640,1723,0,18970,144576.831446951,1722,15032.935963974,0,0.000000000,0,0.000000000,
23,0,0,DS,0,0.500000000,6,60.003916758,0,3555.097051761,3555.367601869,279.725319974,1680,0,18468,140291.215710162,1679,14657.117842912,0,0.000000000,0,0.000000000,
19,0,0,DS,0,0.500000000,8,42.371767408,1,1985.910443195,1986.643011109,294.435200474,811,0,5092,13363.880945551,810,1774.169173890,0,0.000000000,0,0.000000000,
20,0,0,DS,0,0.500000000,7,60.024369419,0,2433.223603387,2434.118463231,246.181178340,2479,0,13940,68123.517320322,2478,12266.831187160,0,0.000000000,0,0.000000000,
21,0,0,DS,0,0.500000000,7,60.005898709,0,2555.255476521,2556.164998305,246.181178340,2521,0,14174,69023.453528826,2520,12479.263928366,0,0.000000000,0,0.000000000,
22,0,0,DS,0,0.500000000,7,60.025324651,0,2668.566949921,2669.462908945,246.181178340,2513,0,14140,68855.041213608,2512,12402.366537133,0,0.000000000,0,0.000000000,
23,0,0,DS,0,0.500000000,7,60.004323009,0,2753.966772364,2755.406938285,246.181178340,2631,0,14608,75295.862957524,2630,13083.041767010,0,0.000000000,0,0.000000000,
21,0,0,DS,0,0.500000000,8,60.034915631,0,2290.502195584,2291.447214710,294.383209084,5194,0,25844,34912.238365043,5193,5523.727245911,0,0.000000000,0,0.000000000,
20,0,0,DS,0,0.500000000,8,60.061269215,0,2092.490475028,2093.434280882,294.382971950,5087,0,25351,34283.742171210,5086,5414.794174666,0,0.000000000,0,0.000000000,
5,0,0,DS,0,0.500000000,10,0.005987799,1,486.929435977,486.929712319,132.945719372,2,0,6,35.902684124,1,10.798215398,0,0.000000000,0,0.000000000,
22,0,0,DS,0,0.500000000,8,60.048796282,0,2438.371641543,2439.190424335,294.490895608,3788,0,28909,127728.705149654,3787,21929.466011324,0,0.000000000,0,0.000000000,
23,0,0,DS,0,0.500000000,8,60.118145306,0,2454.293431080,2455.115419107,294.490895608,3811,0,29080,128419.055711824,3810,22048.903126693,0,0.000000000,0,0.000000000,
6,0,0,DS,0,0.500000000,9,60.022407313,0,1175.577287263,1176.859783102,253.198723360,2830,0,14298,57476.585383959,2829,9737.642548365,0,0.000000000,0,0.000000000,
7,0,0,DS,0,0.500000000,9,60.018477239,0,1218.605096300,1219.977333329,253.361814033,2820,0,14252,57297.943614291,2819,9715.176410953,0,0.000000000,0,0.000000000,
6,0,0,DS,0,0.500000000,10,1.660902769,1,691.255892589,691.343040891,204.413328572,11,0,42,81.873300653,10,10.798215398,0,0.000000000,0,0.000000000,
8,0,0,DS,0,0.500000000,10,2.467551917,1,833.272027292,833.389829976,204.443982953,16,0,67,158.789905448,15,10.798215398,0,0.000000000,0,0.000000000,
7,0,0,DS,0,0.500000000,10,2.936583122,1,751.740289939,751.858092622,204.443982953,16,0,67,158.789905448,15,10.798215398,0,0.000000000,0,0.000000000,
8,0,0,DS,0,0.500000000,9,60.013679195,0,1250.334291021,1251.769258800,253.570639959,2874,0,14518,58269.299795594,2873,9865.786457048,0,0.000000000,0,0.000000000,
9,0,0,DS,0,0.500000000,9,60.008878897,0,1375.183272484,1376.583948634,253.570639959,2930,0,14782,59468.768577748,2929,10081.729616393,0,0.000000000,0,0.000000000,
9,0,0,DS,0,0.500000000,10,4.788535421,1,977.497201674,977.903825567,204.443982953,41,0,179,434.554021075,40,10.798215398,0,0.000000000,0,0.000000000,
10,0,0,DS,0,0.500000000,9,60.004674416,0,1405.039741774,1406.476832002,253.570639959,2872,0,14508,58245.065577734,2871,9861.063644187,0,0.000000000,0,0.000000000,
10,0,0,DS,0,0.500000000,10,4.124257878,1,1231.909358668,1232.315982562,254.412156994,41,0,179,434.554021075,40,10.798215398,0,0.000000000,0,0.000000000,
11,0,0,DS,0,0.500000000,9,60.015109654,0,1550.284454133,1551.739364687,253.570639959,2948,0,14868,59845.155652921,2947,10127.780479919,0,0.000000000,0,0.000000000,
11,0,0,DS,0,0.500000000,10,4.061657715,1,1319.323425481,1319.730049374,254.412156994,41,0,179,434.554021075,40,10.798215398,0,0.000000000,0,0.000000000,
13,0,0,DS,0,0.500000000,10,4.060214676,1,1607.742473346,1608.149097239,254.412156994,41,0,179,434.554021075,40,10.798215398,0,0.000000000,0,0.000000000,
12,0,0,DS,0,0.500000000,10,4.126036287,1,1456.993742906,1457.400366799,254.412156994,41,0,179,434.554021075,40,10.798215398,0,0.000000000,0,0.000000000,
14,0,0,DS,0,0.500000000,10,4.705259942,1,1740.936915211,1741.343539104,254.412156994,41,0,197,632.266299420,40,10.798215398,0,0.000000000,0,0.000000000,
5,0,0,DS,0,0.500000000,11,0.002895075,1,439.331477254,439.331477254,156.319484892,1,0,0,0.000000000,0,0.000000000,0,0.000000000,0,0.000000000,
6,0,0,DS,0,0.500000000,11,0.002613878,1,483.582467043,483.582467043,156.319484892,1,0,0,0.000000000,0,0.000000000,0,0.000000000,0,0.000000000,
7,0,0,DS,0,0.500000000,11,0.005779619,1,725.203641324,725.203641324,241.621174281,1,0,0,0.000000000,0,0.000000000,0,0.000000000,0,0.000000000,
8,0,0,DS,0,0.500000000,11,0.006366997,1,904.464926289,904.464926289,241.621174281,1,0,0,0.000000000,0,0.000000000,0,0.000000000,0,0.000000000,
9,0,0,DS,0,0.500000000,11,1.350537055,1,1020.360210574,1020.530172108,241.621174281,157,0,734,1380.209537703,156,338.785885498,0,0.000000000,0,0.000000000,
12,0,0,DS,0,0.500000000,9,60.011864523,0,1742.484162385,1743.317370408,252.715048774,2129,0,12636,69210.691667770,2128,12000.225373977,0,0.000000000,0,0.000000000,
14,0,0,DS,0,0.500000000,9,60.003694250,0,2020.764286474,2021.268593314,252.728312760,2643,0,20448,124027.934641280,2642,16013.962950569,0,0.000000000,0,0.000000000,
13,0,0,DS,0,0.500000000,9,60.034344039,0,1854.400508882,1854.870733826,252.980592164,1718,0,12274,66416.396734888,1717,9113.299504821,0,0.000000000,0,0.000000000,
10,0,0,DS,0,0.500000000,11,1.330641190,1,1051.288705587,1051.458667120,241.621174281,157,0,734,1380.209537703,156,338.785885498,0,0.000000000,0,0.000000000,
15,0,0,DS,0,0.500000000,9,60.038932274,0,2056.421184349,2056.932717905,252.697907130,2601,0,20132,122050.098427509,2600,15704.013747703,0,0.000000000,0,0.000000000,
16,0,0,DS,0,0.500000000,9,60.061797868,0,2223.425384917,2223.925699820,252.917021061,2250,0,20316,130037.232025533,2249,13522.977318351,0,0.000000000,0,0.000000000,
15,0,0,DS,0,0.500000000,10,18.111653636,1,1813.724984446,1814.163109146,254.412156994,175,0,845,2588.841032317,174,45.171607354,0,0.000000000,0,0.000000000,
17,0,0,DS,0,0.500000000,9,60.016586205,0,2237.917959259,2238.405743628,252.715048774,2144,0,19372,123870.584867430,2143,12907.789903903,0,0.000000000,0,0.000000000,
18,0,0,DS,0,0.500000000,9,60.006609858,0,2348.928256808,2349.419783866,252.697907130,2154,0,19458,124442.491020343,2153,12952.391373175,0,0.000000000,0,0.000000000,
19,0,0,DS,0,0.500000000,9,60.062519252,0,2523.621046687,2524.110289160,252.918686938,2145,0,20500,133031.869240529,2144,13166.795495618,0,0.000000000,0,0.000000000,
20,0,0,DS,0,0.500000000,9,60.074324513,0,2636.089908832,2636.578365468,252.918686938,2126,0,20308,131714.870361968,2125,13037.977306808,0,0.000000000,0,0.000000000,
22,0,0,DS,0,0.500000000,9,60.006558095,0,2832.930378064,2834.001097956,252.689178428,543,0,5307,26895.520252615,501,3191.845913325,0,0.000000000,0,0.000000000,
23,0,0,DS,0,0.500000000,9,60.064542855,0,3001.333437844,3002.424739912,252.716688503,554,0,5402,27395.434620170,511,3266.703794949,0,0.000000000,0,0.000000000,
21,0,0,DS,0,0.500000000,9,60.349880776,0,2708.607562659,2709.219513167,252.689178428,248,0,2543,11153.444318557,247,373.696170044,0,0.000000000,0,0.000000000,
16,0,0,DS,0,0.500000000,10,48.279175660,1,1970.239632302,1970.700595795,254.434995787,488,0,2291,6838.301860661,487,212.722136551,0,0.000000000,0,0.000000000,
5,0,0,DS,0,0.500000000,12,0.202205784,1,728.073249910,728.122984780,226.059439965,2,0,4,7.477913019,1,0.000000000,0,0.000000000,0,0.000000000,
19,0,0,DS,0,0.500000000,10,48.762987206,1,2110.923959537,2111.384923030,254.434995787,488,0,2291,6838.301860661,487,212.722136551,0,0.000000000,0,0.000000000,
17,0,0,DS,0,0.500000000,10,48.982409743,1,1990.867707095,1991.328670587,254.434995787,488,0,2291,6838.301860661,487,212.722136551,0,0.000000000,0,0.000000000,
18,0,0,DS,0,0.500000000,10,49.644130785,1,2078.209406327,2078.670369820,254.434995787,488,0,2291,6838.301860661,487,212.722136551,0,0.000000000,0,0.000000000,
6,0,0,DS,0,0.500000000,12,2.291058938,1,994.059268626,994.672749883,265.986018716,110,0,470,1128.023917546,109,342.655125203,0,0.000000000,0,0.000000000,
7,0,0,DS,0,0.500000000,12,2.276385397,1,1106.818818340,1107.432299598,265.986018716,110,0,470,1128.023917546,109,342.655125203,0,0.000000000,0,0.000000000,
8,0,0,DS,0,0.500000000,12,2.728902894,1,1372.698583688,1373.312064945,265.986018716,110,0,470,1128.023917546,109,342.655125203,0,0.000000000,0,0.000000000,
9,0,0,DS,0,0.500000000,12,3.476011583,1,1507.483857317,1508.109751383,265.986018716,111,0,474,1132.023917596,110,342.655125203,0,0.000000000,0,0.000000000,
21,0,0,DS,0,0.500000000,10,60.039943986,0,2471.424828991,2471.833047010,283.328828229,497,0,2539,9530.498332064,496,481.322505547,0,0.000000000,0,0.000000000,
22,0,0,DS,0,0.500000000,10,60.122519509,0,2720.349965546,2720.754618204,283.328828229,857,0,5261,24916.517948050,856,2217.086881698,0,0.000000000,0,0.000000000,
20,0,0,DS,0,0.500000000,10,60.223073475,0,2188.096000762,2188.542417630,254.595978400,594,0,2880,10549.730830000,593,520.526670696,0,0.000000000,0,0.000000000,
23,0,0,DS,0,0.500000000,10,60.174357799,0,2800.603988807,2801.281355447,283.328828229,910,0,5348,21851.067388135,909,2645.816561075,0,0.000000000,0,0.000000000,
14,0,0,DS,0,0.500000000,11,60.017125068,0,1287.664161947,1288.348332950,242.031530640,1291,0,6587,14971.076619609,1290,1557.629977908,0,0.000000000,0,0.000000000,
13,0,0,DS,0,0.500000000,11,60.105075125,0,1174.374379183,1175.063820773,242.069431143,1289,0,6578,14947.644315559,1288,1554.444959746,0,0.000000000,0,0.000000000,
11,0,0,DS,0,0.500000000,11,60.284081976,0,1100.237205783,1100.930388761,242.003914314,1297,0,6618,15113.145412240,1296,1558.414641155,0,0.000000000,0,0.000000000,
12,0,0,DS,0,0.500000000,11,60.164642407,0,1122.120890320,1122.810331909,242.069431143,1289,0,6578,14947.644315559,1288,1554.444959746,0,0.000000000,0,0.000000000,
15,0,0,DS,0,0.500000000,11,60.289708613,0,1430.581432922,1431.272584999,242.071141630,1294,0,6601,15028.502357630,1293,1558.300771779,0,0.000000000,0,0.000000000,
16,0,0,DS,0,0.500000000,11,60.036729195,0,1465.827635341,1466.252417287,241.761119049,1282,0,6541,14840.443332467,1281,1545.925729287,0,0.000000000,0,0.000000000,
5,0,0,DS,0,0.500000000,13,0.005562944,1,684.310659879,684.310659879,285.840808184,1,0,0,0.000000000,0,0.000000000,0,0.000000000,0,0.000000000,
17,0,0,DS,0,0.500000000,11,60.031107840,0,1523.727386701,1524.152168647,241.761119049,1282,0,6541,14840.443332467,1281,1545.925729287,0,0.000000000,0,0.000000000,
6,0,0,DS,0,0.500000000,13,0.005893240,1,838.840507490,838.840507490,285.840808184,1,0,0,0.000000000,0,0.000000000,0,0.000000000,0,0.000000000,
7,0,0,DS,0,0.500000000,13,0.007705119,1,1040.214893953,1040.214893953,285.840808184,1,0,0,0.000000000,0,0.000000000,0,0.000000000,0,0.000000000,
8,0,0,DS,0,0.500000000,13,0.009089308,1,1215.516765469,1215.516765469,285.840808184,1,0,0,0.000000000,0,0.000000000,0,0.000000000,0,0.000000000,
9,0,0,DS,0,0.500000000,13,0.009868365,1,1325.113034558,1325.113034558,285.840808184,1,0,0,0.000000000,0,0.000000000,0,0.000000000,0,0.000000000,
18,0,0,DS,0,0.500000000,11,60.001476683,0,1579.721708074,1580.397562330,242.055843809,1255,0,6407,14447.198453561,1254,1507.028929705,0,0.000000000,0,0.000000000,
19,0,0,DS,0,0.500000000,11,60.016741658,0,1752.912432527,1753.811759676,241.847045892,1768,0,10255,20165.519618092,1767,2623.334314990,0,0.000000000,0,0.000000000,
20,0,0,DS,0,0.500000000,11,60.029442144,0,1806.668421689,1807.529004925,241.637519750,1962,0,11347,24150.514672646,1961,3251.221272151,0,0.000000000,0,0.000000000,
21,0,0,DS,0,0.500000000,11,60.014636185,0,2108.558892921,2109.439167063,302.007913931,472,0,3519,17495.048048331,471,946.603535923,0,0.000000000,0,0.000000000,
22,0,0,DS,0,0.500000000,11,60.015721247,0,2189.348871572,2190.229145715,302.007913931,472,0,3519,17495.048048331,471,946.603535923,0,0.000000000,0,0.000000000,
23,0,0,DS,0,0.500000000,11,60.195623682,0,2308.821797005,2309.683799906,301.892536897,480,0,3576,17657.895561251,479,975.048015552,0,0.000000000,0,0.000000000,
10,0,0,DS,0,0.500000000,12,60.082443704,0,1703.968138472,1705.087266952,266.696768397,1534,0,9325,39756.180593479,1533,5485.613091772,0,0.000000000,0,0.000000000,
11,0,0,DS,0,0.500000000,12,60.018293905,0,1911.897105901,1912.957879838,266.436826914,1407,0,9339,43309.610427229,1406,5093.402568797,0,0.000000000,0,0.000000000,
12,0,0,DS,0,0.500000000,12,60.011239631,0,2191.448308117,2192.395290587,279.570202212,767,0,6528,25924.507677076,766,3054.803128495,0,0.000000000,0,0.000000000,
13,0,0,DS,0,0.500000000,12,60.170090545,0,2234.930304937,2235.754515900,279.669959708,761,0,6482,25721.866472046,760,3027.163347735,0,0.000000000,0,0.000000000,
14,0,0,DS,0,0.500000000,12,60.000423248,0,2312.984747894,2313.939714809,279.635836496,753,0,6415,25501.729030966,752,2994.045474233,0,0.000000000,0,0.000000000,
15,0,0,DS,0,0.500000000,12,60.006724798,0,2498.609746156,2499.507628578,279.574653837,717,0,6149,24418.735738505,716,2802.648943335,0,0.000000000,0,0.000000000,
16,0,0,DS,0,0.500000000,12,60.014245740,0,2604.827987525,2605.751914916,279.570202212,759,0,6467,25669.516492859,758,3020.092648548,0,0.000000000,0,0.000000000,
17,0,0,DS,0,0.500000000,12,60.081316775,0,2670.264031307,2671.158317952,279.635836496,654,0,5591,22231.728925992,653,2562.095511025,0,0.000000000,0,0.000000000,
6,0,0,DS,0,0.500000000,14,0.016925732,1,1047.614547121,1047.620414858,233.993266637,2,0,4,34.521241229,1,10.504095605,0,0.000000000,0,0.000000000,
5,0,0,DS,0,0.500000000,14,0.019597979,1,856.699383146,856.705250882,233.993266637,2,0,4,34.521241229,1,10.504095605,0,0.000000000,0,0.000000000,
18,0,0,DS,0,0.500000000,12,60.338574941,0,2850.321276580,2851.166593121,279.570202212,626,0,5339,20765.226726610,625,2298.919874430,0,0.000000000,0,0.000000000,
7,0,0,DS,0,0.500000000,14,0.136378142,1,1160.910257289,1160.929022973,233.993266637,16,0,82,251.487424064,15,66.829673889,0,0.000000000,0,0.000000000,
8,0,0,DS,0,0.500000000,14,0.143211751,1,1168.363793698,1168.382559382,233.993266637,16,0,82,251.487424064,15,66.829673889,0,0.000000000,0,0.000000000,
10,0,0,DS,0,0.500000000,14,0.140007961,1,1594.663480961,1594.682246645,233.993266637,16,0,82,251.487424064,15,66.829673889,0,0.000000000,0,0.000000000,
9,0,0,DS,0,0.500000000,14,0.133944242,1,1384.957549231,1384.976314915,233.993266637,16,0,82,251.487424064,15,66.829673889,0,0.000000000,0,0.000000000,
11,0,0,DS,0,0.500000000,14,0.147154334,1,1704.923111236,1704.941876920,233.993266637,16,0,82,251.487424064,15,66.829673889,0,0.000000000,0,0.000000000,
13,0,0,DS,0,0.500000000,14,0.073688200,1,1962.688303001,1962.707068685,233.993266637,7,0,44,99.326243365,6,16.662284536,0,0.000000000,0,0.000000000,
12,0,0,DS,0,0.500000000,14,0.145535768,1,1860.287124075,1860.305889759,233.993266637,16,0,82,251.487424064,15,66.829673889,0,0.000000000,0,0.000000000,
14,0,0,DS,0,0.500000000,14,0.073553719,1,2086.074029628,2086.092795312,233.993266637,7,0,44,99.326243365,6,16.662284536,0,0.000000000,0,0.000000000,
15,0,0,DS,0,0.500000000,14,0.488521364,1,2198.458204697,2198.556737932,233.993266637,41,0,274,840.932115940,40,119.944404831,0,0.000000000,0,0.000000000,
19,0,0,DS,0,0.500000000,12,60.037205395,0,2980.760483683,2981.537160852,279.570202212,673,0,5632,22398.699712526,672,2597.924769761,0,0.000000000,0,0.000000000,
21,0,0,DS,0,0.500000000,12,60.009562772,0,3300.021480477,3300.808855269,279.570202212,555,0,4304,13245.565862650,554,1400.637874885,0,0.000000000,0,0.000000000,
20,0,0,DS,0,0.500000000,12,60.050037242,0,3123.818641806,3124.599178433,279.570202212,547,0,4238,13079.567367012,546,1389.791051838,0,0.000000000,0,0.000000000,
22,0,0,DS,0,0.500000000,12,60.220212931,0,3553.744991150,3554.649884038,279.570202212,352,0,3442,14888.548885627,351,1390.228828170,0,0.000000000,0,0.000000000,
23,0,0,DS,0,0.500000000,12,60.356502793,0,3624.494654380,3625.399547268,279.570202212,352,0,3442,14888.548885627,351,1390.228828170,0,0.000000000,0,0.000000000,
10,0,0,DS,0,0.500000000,13,60.014268812,0,1531.504375893,1531.875396364,285.887308388,3530,0,25888,58058.107604679,3529,7304.635598933,0,0.000000000,0,0.000000000,
5,0,0,DS,0,0.500000000,15,0.004722822,1,605.147760130,605.147760130,237.509057628,1,0,0,0.000000000,0,0.000000000,0,0.000000000,0,0.000000000,
11,0,0,DS,0,0.500000000,13,60.028486356,0,1637.697858296,1638.065070681,285.999176351,3505,0,25706,57713.539126297,3504,7268.878217375,0,0.000000000,0,0.000000000,
7,0,0,DS,0,0.500000000,15,0.005619248,1,845.777576757,845.777576757,237.509057628,1,0,0,0.000000000,0,0.000000000,0,0.000000000,0,0.000000000,
6,0,0,DS,0,0.500000000,15,0.005900323,1,708.656019580,708.656019580,237.509057628,1,0,0,0.000000000,0,0.000000000,0,0.000000000,0,0.000000000,
8,0,0,DS,0,0.500000000,15,0.006318286,1,903.396585631,903.396585631,237.509057628,1,0,0,0.000000000,0,0.000000000,0,0.000000000,0,0.000000000,
9,0,0,DS,0,0.500000000,15,0.008232675,1,1107.757714811,1107.757714811,237.509057628,1,0,0,0.000000000,0,0.000000000,0,0.000000000,0,0.000000000,
12,0,0,DS,0,0.500000000,13,60.019744548,0,1836.155468223,1836.522680609,285.999176351,3505,0,25706,57713.539126297,3504,7268.878217375,0,0.000000000,0,0.000000000,
13,0,0,DS,0,0.500000000,13,60.030067684,0,1928.020548519,1928.215866813,285.857255095,2958,0,21714,60554.931446431,2957,9780.630255817,0,0.000000000,0,0.000000000,
14,0,0,DS,0,0.500000000,13,60.013175885,0,2016.795582697,2017.012879604,285.853970515,3201,0,23542,65276.588406120,3200,10420.850683335,0,0.000000000,0,0.000000000,
15,0,0,DS,0,0.500000000,13,60.010606592,0,2058.850039830,2059.053598893,285.853970515,3185,0,23424,64933.211922356,3184,10369.695887455,0,0.000000000,0,0.000000000,
10,0,0,DS,0,0.500000000,15,21.126078999,1,1269.566729791,1271.871634073,237.509057628,948,0,5658,12246.671804821,946,1863.255959345,0,0.000000000,0,0.000000000,
16,0,0,DS,0,0.500000000,13,60.023688608,0,2098.590615396,2098.779700412,285.854115687,2172,0,16020,45641.834037720,2171,7542.459380416,0,0.000000000,0,0.000000000,
17,0,0,DS,0,0.500000000,13,60.088666340,0,2142.265295885,2142.456113510,285.852775269,2211,0,16317,46380.722727286,2210,7618.077126314,0,0.000000000,0,0.000000000,
16,0,0,DS,0,0.500000000,14,44.238390010,1,2397.263499990,2397.834033021,233.993266637,2277,0,13204,113095.966682901,2276,23852.722714526,0,0.000000000,0,0.000000000,
18,0,0,DS,0,0.500000000,13,60.087355748,0,2286.746321098,2286.937138723,285.852775269,2211,0,16317,46380.722727286,2210,7618.077126314,0,0.000000000,0,0.000000000,
19,0,0,DS,0,0.500000000,13,60.107812127,0,2577.836499174,2578.441100559,291.245775796,535,0,5210,49582.118714333,534,5844.463459144,0,0.000000000,0,0.000000000,
20,0,0,DS,0,0.500000000,13,60.071472797,0,2731.880046460,2732.419160684,291.192792285,519,0,5064,48200.708401427,518,5643.645325235,0,0.000000000,0,0.000000000,
21,0,0,DS,0,0.500000000,13,60.045534086,0,2897.269093445,2897.597794115,291.192792285,521,0,5081,48346.854159203,520,5662.937018377,0,0.000000000,0,0.000000000,
22,0,0,DS,0,0.500000000,13,60.204445622,0,2924.753845617,2925.178495949,291.245775796,534,0,5203,49507.612774400,533,5831.615996406,0,0.000000000,0,0.000000000,
23,0,0,DS,0,0.500000000,13,60.048899158,0,3018.426720133,3018.751796165,291.098906778,517,0,5044,47987.185468480,516,5617.484800353,0,0.000000000,0,0.000000000,
17,0,0,DS,0,0.500000000,14,60.040069649,0,2670.531816218,2671.064064993,273.268316228,2549,0,18004,130335.689485670,2548,26040.227128023,0,0.000000000,0,0.000000000,
18,0,0,DS,0,0.500000000,14,60.001821722,0,2812.266432587,2812.847034738,273.269656646,2451,0,17350,126151.594550376,2450,25199.052294387,0,0.000000000,0,0.000000000,
19,0,0,DS,0,0.500000000,14,60.012640357,0,2989.189492276,2989.581995175,273.320264185,1684,0,13047,83100.865974407,1683,14614.665195908,0,0.000000000,0,0.000000000,
20,0,0,DS,0,0.500000000,14,60.070135567,0,3167.000682251,3167.323032417,273.268316228,1025,0,8353,38588.420051286,1024,5019.454780941,0,0.000000000,0,0.000000000,
21,0,0,DS,0,0.500000000,14,60.132967807,0,3446.845351458,3447.135106224,279.844669208,505,0,4626,19844.888184617,504,2097.699327406,0,0.000000000,0,0.000000000,
22,0,0,DS,0,0.500000000,14,60.050352324,0,3615.820672855,3616.094109508,279.856491121,527,0,4792,20446.944390257,526,2150.127515710,0,0.000000000,0,0.000000000,
23,0,0,DS,0,0.500000000,14,60.112320260,0,3768.818169685,3769.107745264,279.844669208,557,0,5015,20657.262365991,556,2105.805620206,0,0.000000000,0,0.000000000,
11,0,0,DS,0,0.500000000,15,60.002985617,0,1473.955350651,1476.134286779,237.661109515,3657,0,27864,73980.567117122,3656,7035.832372074,0,0.000000000,0,0.000000000,
12,0,0,DS,0,0.500000000,15,60.009084863,0,1603.503353650,1605.698232939,237.666125819,3562,0,27082,72044.126409749,3561,6883.819596130,0,0.000000000,0,0.000000000,
13,0,0,DS,0,0.500000000,15,60.005982602,0,1643.916507415,1646.087533439,237.681616745,3412,0,25862,69008.449247792,3411,6637.619582790,0,0.000000000,0,0.000000000,
14,0,0,DS,0,0.500000000,15,60.001132206,0,1677.907080353,1680.083949187,237.610150989,3749,0,28620,75947.178575417,3748,7184.860957495,0,0.000000000,0,0.000000000,
5,0,0,DS,0,0.500000000,16,47.016375770,1,575.539480214,576.283268391,142.211722394,19683,0,99152,79871.475632454,19668,15686.678391580,0,0.000000000,0,0.000000000,
15,0,0,DS,0,0.500000000,15,60.001206263,0,1752.435635845,1754.594729326,237.577638353,4235,0,30580,84831.616172559,4234,8728.391438532,0,0.000000000,0,0.000000000,
16,0,0,DS,0,0.500000000,15,60.009085894,0,1849.015133063,1851.156256692,237.585793740,4147,0,29890,83012.557675648,4146,8560.037443653,0,0.000000000,0,0.000000000,
17,0,0,DS,0,0.500000000,15,60.005126188,0,2006.809577886,2009.126896800,237.582216764,3868,0,27102,145615.167359773,3867,23597.549063748,0,0.000000000,0,0.000000000,
18,0,0,DS,0,0.500000000,15,60.009851121,0,2117.881916603,2120.193964998,237.560217460,3989,0,27838,149237.136168184,3988,24250.518614356,0,0.000000000,0,0.000000000,
6,0,0,DS,0,0.500000000,16,47.552695179,1,801.604376509,802.348164686,226.064896295,19683,0,99152,79871.475632454,19668,15686.678391580,0,0.000000000,0,0.000000000,
19,0,0,DS,0,0.500000000,15,60.011642087,0,2303.871352739,2306.223178090,237.546185759,2444,0,22838,158712.974525863,2443,19144.768901561,0,0.000000000,0,0.000000000,
5,0,0,DS,0,0.500000000,17,0.007748530,1,826.963169943,826.963169943,259.069110145,1,0,0,0.000000000,0,0.000000000,0,0.000000000,0,0.000000000,
20,0,0,DS,0,0.500000000,15,60.003755164,0,2401.575534119,2403.944016796,237.555694980,2508,0,23428,163094.467980911,2507,19622.471913113,0,0.000000000,0,0.000000000,
6,0,0,DS,0,0.500000000,17,0.009056916,1,1042.308423458,1042.308423458,259.069110145,1,0,0,0.000000000,0,0.000000000,0,0.000000000,0,0.000000000,
21,0,0,DS,0,0.500000000,15,60.045043746,0,2505.437543101,2507.784656874,237.574534652,2469,0,23070,160471.356069548,2468,19350.062709562,0,0.000000000,0,0.000000000,
22,0,0,DS,0,0.500000000,15,60.000731188,0,2564.616905579,2566.984991104,237.558907452,2486,0,23226,161744.884029974,2485,19490.570847222,0,0.000000000,0,0.000000000,
23,0,0,DS,0,0.500000000,15,60.017618897,0,2660.040905065,2662.206893139,237.558907452,3475,0,27072,164740.033542880,3474,21262.700483256,0,0.000000000,0,0.000000000,
7,0,0,DS,0,0.500000000,16,47.675751601,1,1005.838276477,1006.582064654,226.064896295,19683,0,99152,79871.475632454,19668,15686.678391580,0,0.000000000,0,0.000000000,
8,0,0,DS,0,0.500000000,16,47.000990361,1,1248.160346134,1248.904134311,242.322069657,19683,0,99152,79871.475632454,19668,15686.678391580,0,0.000000000,0,0.000000000,
11,0,0,DS,0,0.500000000,16,46.470289132,1,1737.335092573,1738.078880749,242.322069657,19683,0,99152,79871.475632454,19668,15686.678391580,0,0.000000000,0,0.000000000,
9,0,0,DS,0,0.500000000,16,47.945071231,1,1389.708368105,1390.452156281,242.322069657,19683,0,99152,79871.475632454,19668,15686.678391580,0,0.000000000,0,0.000000000,
10,0,0,DS,0,0.500000000,16,48.830745227,1,1591.854995965,1592.598784141,242.322069657,19683,0,99152,79871.475632454,19668,15686.678391580,0,0.000000000,0,0.000000000,
12,0,0,DS,0,0.500000000,16,60.001227522,0,1888.278762806,1888.908685128,242.322069657,18564,0,95214,116105.074680076,18563,23032.387420888,0,0.000000000,0,0.000000000,
13,0,0,DS,0,0.500000000,16,60.002624244,0,2018.700940450,2019.322180373,242.322069657,18558,0,95270,116462.040489480,18557,23027.934624185,0,0.000000000,0,0.000000000,
14,0,0,DS,0,0.500000000,16,60.004523106,0,2265.661542277,2266.353129432,247.178127972,8790,0,49408,115323.570699630,8789,16801.884590604,0,0.000000000,0,0.000000000,
15,0,0,DS,0,0.500000000,16,60.003594372,0,2440.501314819,2441.028999867,246.960601827,7010,0,43160,134330.881750117,7009,15176.912780115,0,0.000000000,0,0.000000000,
16,0,0,DS,0,0.500000000,16,60.000443587,0,2725.993635226,2726.496852790,285.505042100,2107,0,19434,88609.275118511,2106,9319.698042402,0,0.000000000,0,0.000000000,
17,0,0,DS,0,0.500000000,16,60.029231099,0,2924.988092749,2925.486885286,285.523881771,2098,0,19366,88369.843716343,2097,9284.861650832,0,0.000000000,0,0.000000000,
18,0,0,DS,0,0.500000000,16,60.048822898,0,3055.540428493,3056.034097344,285.538989901,2038,0,18888,86601.855538443,2037,9131.522002193,0,0.000000000,0,0.000000000,
19,0,0,DS,0,0.500000000,16,60.019506655,0,3085.682310001,3086.290455068,285.492320407,459,0,5988,39503.548090891,458,2034.055039305,0,0.000000000,0,0.000000000,
5,0,0,DS,0,0.500000000,18,0.156877991,1,274.872341689,275.117378649,82.952153895,80,0,346,1891.822836306,79,555.612554176,0,0.000000000,0,0.000000000,
20,0,0,DS,0,0.500000000,16,60.111449615,0,3267.908625416,3268.584584964,285.523881771,398,0,5888,40788.790397687,395,1628.971078661,0,0.000000000,0,0.000000000,
7,0,0,DS,0,0.500000000,18,0.164295200,1,555.743668767,555.988705727,150.456353658,80,0,346,1891.822836306,79,555.612554176,0,0.000000000,0,0.000000000,
6,0,0,DS,0,0.500000000,18,0.188200801,1,425.328695347,425.573732307,150.456353658,80,0,346,1891.822836306,79,555.612554176,0,0.000000000,0,0.000000000,
21,0,0,DS,0,0.500000000,16,60.038994843,0,3368.400460991,3369.089287261,285.505042100,396,0,5863,40597.860616940,393,1627.379427007,0,0.000000000,0,0.000000000,
22,0,0,DS,0,0.500000000,16,60.180127290,0,3479.285040969,3479.961000516,285.523881771,398,0,5888,40788.790397687,395,1628.971078661,0,0.000000000,0,0.000000000,
8,0,0,DS,0,0.500000000,18,1.378147738,1,720.817787370,721.122083268,165.133377541,88,0,378,1923.451277440,87,555.612554176,0,0.000000000,0,0.000000000,
9,0,0,DS,0,0.500000000,18,1.425994825,1,870.486629241,870.790925139,165.133377541,88,0,378,1923.451277440,87,555.612554176,0,0.000000000,0,0.000000000,
23,0,0,DS,0,0.500000000,16,60.277754395,0,3693.049465170,3693.725424717,285.523881771,398,0,5888,40788.790397687,395,1628.971078661,0,0.000000000,0,0.000000000,
7,0,0,DS,0,0.500000000,17,60.008475305,0,1285.988139376,1286.596527891,259.070838139,3108,0,17606,71257.835256389,3107,11317.509695377,0,0.000000000,0,0.000000000,
8,0,0,DS,0,0.500000000,17,60.010862038,0,1415.216481680,1416.026122009,259.428058742,3426,0,19988,83518.642865312,3425,12259.039920648,0,0.000000000,0,0.000000000,
9,0,0,DS,0,0.500000000,17,60.018131519,0,1627.062418642,1627.717886486,259.471548267,2671,0,16906,87361.562061026,2670,10742.034954800,0,0.000000000,0,0.000000000,
10,0,0,DS,0,0.500000000,17,60.012560915,0,1847.160324991,1847.763022896,259.494504527,2714,0,17180,88981.909056295,2713,10997.484251772,0,0.000000000,0,0.000000000,
11,0,0,DS,0,0.500000000,17,60.007071986,0,1956.032926688,1956.701128683,259.462252351,2675,0,16940,87592.687188649,2674,10786.931254980,0,0.000000000,0,0.000000000,
12,0,0,DS,0,0.500000000,17,60.003581216,0,1998.755794377,1999.423043536,259.471478278,2680,0,16966,87748.647992336,2679,10817.582711963,0,0.000000000,0,0.000000000,
13,0,0,DS,0,0.500000000,17,60.027324891,0,2126.268884398,2126.937146481,259.471478278,1412,0,9363,52655.795270962,1411,8214.097488613,0,0.000000000,0,0.000000000,
10,0,0,DS,0,0.500000000,18,10.551991654,1,994.293009133,994.765950856,165.133377541,724,0,3243,12925.592356913,723,3464.360944151,0,0.000000000,0,0.000000000,
14,0,0,DS,0,0.500000000,17,60.018806884,0,2251.019113598,2251.686977272,259.471478278,1422,0,9424,53007.955905845,1421,8259.597671570,0,0.000000000,0,0.000000000,
15,0,0,DS,0,0.500000000,17,60.045979549,0,2529.575585112,2530.559199854,279.040862671,554,0,4231,20558.138661443,553,2157.695086506,0,0.000000000,0,0.000000000,
5,0,0,DS,0,0.500000000,19,0.110651883,1,573.083852254,573.144629142,136.388614764,39,0,188,767.217681161,38,170.696501495,0,0.000000000,0,0.000000000,
16,0,0,DS,0,0.500000000,17,60.020484977,0,2693.672243044,2694.870682719,279.019742607,803,0,7615,41341.600930629,802,3895.374748694,0,0.000000000,0,0.000000000,
6,0,0,DS,0,0.500000000,19,0.142844639,1,676.214669242,676.275446130,136.388614764,39,0,188,767.217681161,38,170.696501495,0,0.000000000,0,0.000000000,
17,0,0,DS,0,0.500000000,17,60.021928255,0,2736.201335025,2737.363527432,278.736422567,793,0,7527,40815.457316117,792,3839.273067943,0,0.000000000,0,0.000000000,
18,0,0,DS,0,0.500000000,17,60.189939844,0,2965.318805413,2966.518784483,278.557257350,808,0,7648,41426.444201500,807,3898.061021693,0,0.000000000,0,0.000000000,
19,0,0,DS,0,0.500000000,17,60.013559632,0,3089.003251585,3090.146820142,279.019742607,818,0,7738,41909.819564601,817,3963.321781339,0,0.000000000,0,0.000000000,
20,0,0,DS,0,0.500000000,17,60.077173762,0,3289.606902685,3290.792598846,278.556471514,679,0,6542,34370.035213404,678,2884.857094237,0,0.000000000,0,0.000000000,
21,0,0,DS,0,0.500000000,17,60.184723071,0,3525.828054505,3526.563871112,278.736422567,379,0,4224,22034.759925649,378,1129.656023282,0,0.000000000,0,0.000000000,
22,0,0,DS,0,0.500000000,17,60.032571956,0,3601.203153638,3601.953668687,278.556471514,387,0,4640,23738.090889357,386,1276.976707762,0,0.000000000,0,0.000000000,
23,0,0,DS,0,0.500000000,17,60.018770772,0,3785.165185447,3785.803630318,278.736422567,348,0,3285,14761.035293884,347,835.501182319,0,0.000000000,0,0.000000000,
11,0,0,DS,0,0.500000000,18,60.038437468,0,1235.843727648,1236.278778031,241.645101175,819,0,4139,12769.784163123,785,2378.331753596,0,0.000000000,0,0.000000000,
12,0,0,DS,0,0.500000000,18,60.038218768,0,1479.578322802,1479.896467494,243.768694990,1054,0,6914,11862.073440787,1035,1430.387763351,0,0.000000000,0,0.000000000,
13,0,0,DS,0,0.500000000,18,60.164472380,0,1645.626907513,1645.990571121,243.746417067,1031,0,6710,14491.534877932,1019,2032.440036016,0,0.000000000,0,0.000000000,
14,0,0,DS,0,0.500000000,18,60.148258655,0,1758.172185608,1758.510645744,243.734595154,1173,0,7620,15213.912398188,1155,2152.977365161,0,0.000000000,0,0.000000000,
16,0,0,DS,0,0.500000000,18,60.036548635,0,1903.336335576,1903.756144951,243.734595154,959,0,6220,12691.050528008,941,1881.743493265,0,0.000000000,0,0.000000000,
17,0,0,DS,0,0.500000000,18,60.064567225,0,2118.596859550,2119.015856548,243.734595154,949,0,6206,12701.198052104,931,1872.541944906,0,0.000000000,0,0.000000000,
15,0,0,DS,0,0.500000000,18,60.181074587,0,1811.783351844,1812.198826764,243.746417067,930,0,6047,12368.834864342,913,1845.759886596,0,0.000000000,0,0.000000000,
18,0,0,DS,0,0.500000000,18,60.049142625,0,2355.299301846,2355.615447879,243.747757484,990,0,6466,18041.457837368,980,3322.285256198,0,0.000000000,0,0.000000000,
19,0,0,DS,0,0.500000000,18,60.068537491,0,2590.133750802,2590.476627161,243.768694990,989,0,6460,18057.440017674,979,3320.896790860,0,0.000000000,0,0.000000000,
21,0,0,DS,0,0.500000000,18,60.061131619,0,2690.412408881,2690.754693783,243.746417067,978,0,6396,17941.477021710,968,3310.219191384,0,0.000000000,0,0.000000000,
20,0,0,DS,0,0.500000000,18,60.064338350,0,2644.788509486,2645.116561090,243.768365638,980,0,6406,17954.159963299,970,3310.219191384,0,0.000000000,0,0.000000000,
5,0,0,DS,0,0.500000000,20,2.420772783,1,895.468769050,896.809300495,250.537286860,306,0,1268,6869.648451218,305,1735.823679529,0,0.000000000,0,0.000000000,
22,0,0,DS,0,0.500000000,18,60.001092830,0,2773.902095866,2774.229437555,243.746417067,968,0,6345,17871.388486890,958,3293.507226236,0,0.000000000,0,0.000000000,
23,0,0,DS,0,0.500000000,18,60.072090167,0,2934.527345303,2934.839717011,243.746417067,596,0,4758,14656.335883415,578,2169.622846243,0,0.000000000,0,0.000000000,
7,0,0,DS,0,0.500000000,19,60.276203444,0,975.835480945,975.940204637,299.641977919,205,0,863,2099.162844863,204,394.001703131,0,0.000000000,0,0.000000000,
8,0,0,DS,0,0.500000000,19,60.047669376,0,1189.006365610,1189.089094551,299.641977919,229,0,1174,3988.956170188,228,703.311829036,0,0.000000000,0,0.000000000,
9,0,0,DS,0,0.500000000,19,60.345738262,0,1247.531026653,1247.907785146,299.626954254,274,0,1487,4689.764444342,273,784.684406053,0,0.000000000,0,0.000000000,
10,0,0,DS,0,0.500000000,19,60.143752909,0,1286.695048343,1287.079654509,299.620980046,271,0,1469,4638.398925845,270,784.684406053,0,0.000000000,0,0.000000000,
11,0,0,DS,0,0.500000000,19,60.072716598,0,1445.054691132,1445.431449625,299.626954254,273,0,1481,4671.856684970,272,784.684406053,0,0.000000000,0,0.000000000,
12,0,0,DS,0,0.500000000,19,60.303817606,0,1468.599788219,1468.976546712,299.626954254,274,0,1487,4689.764444342,273,784.684406053,0,0.000000000,0,0.000000000,
13,0,0,DS,0,0.500000000,19,60.259318391,0,1617.035610485,1617.461794023,299.620980046,276,0,1496,4740.659016646,275,784.684406053,0,0.000000000,0,0.000000000,
6,0,0,DS,0,0.500000000,20,33.814833175,1,1038.721191595,1040.377004518,250.537286860,3315,0,17042,54523.296893711,3314,11458.618659732,0,0.000000000,0,0.000000000,
14,0,0,DS,0,0.500000000,19,60.633585450,0,1637.291944447,1637.717148690,299.623709983,273,0,1478,4701.316531988,272,784.684406053,0,0.000000000,0,0.000000000,
15,0,0,DS,0,0.500000000,19,60.508376902,0,1650.299948978,1650.726132517,299.620980046,276,0,1496,4740.659016646,275,784.684406053,0,0.000000000,0,0.000000000,
18,0,0,DS,0,0.500000000,19,60.092584640,0,2107.615675978,2108.298955384,299.620980046,862,0,5291,15606.874593993,861,2290.710833945,0,0.000000000,0,0.000000000,
17,0,0,DS,0,0.500000000,19,60.319697484,0,1965.562989447,1966.226159997,299.873071096,451,0,2567,8050.815476227,450,1288.764959361,0,0.000000000,0,0.000000000,
16,0,0,DS,0,0.500000000,19,60.458543285,0,1829.762162031,1830.188345570,299.620980046,276,0,1496,4740.659016646,275,784.684406053,0,0.000000000,0,0.000000000,
19,0,0,DS,0,0.500000000,19,60.432131950,0,2281.205492533,2281.888771938,299.620980046,861,0,5285,15591.324594204,860,2290.710833945,0,0.000000000,0,0.000000000,
20,0,0,DS,0,0.500000000,19,60.115049098,0,2525.809827916,2526.413792264,299.870172817,717,0,5416,26513.167860487,716,3160.667386870,0,0.000000000,0,0.000000000,
21,0,0,DS,0,0.500000000,19,60.130003899,0,2724.046536666,2724.650501015,299.620811703,717,0,5418,26531.482803239,716,3160.667386870,0,0.000000000,0,0.000000000,
22,0,0,DS,0,0.500000000,19,60.188104583,0,2757.231279337,2757.820484703,299.695960750,718,0,5427,26610.560175027,717,3168.264058356,0,0.000000000,0,0.000000000,
5,0,0,DS,0,0.500000000,21,0.249980626,1,581.839150565,581.943955806,185.603301522,62,0,280,1958.558607342,61,452.423550011,0,0.000000000,0,0.000000000,
6,0,0,DS,0,0.500000000,21,0.244743392,1,619.856246006,619.961051246,185.603301522,62,0,280,1958.558607342,61,452.423550011,0,0.000000000,0,0.000000000,
7,0,0,DS,0,0.500000000,21,0.249688368,1,634.598254211,634.703059452,185.603301522,62,0,280,1958.558607342,61,452.423550011,0,0.000000000,0,0.000000000,
23,0,0,DS,0,0.500000000,19,60.214348945,0,2918.335059708,2918.945947150,299.870172817,715,0,5847,26945.605546895,714,3147.037932147,0,0.000000000,0,0.000000000,
8,0,0,DS,0,0.500000000,21,0.258937180,1,744.776893608,744.881698849,185.603301522,62,0,280,1958.558607342,61,452.423550011,0,0.000000000,0,0.000000000,
9,0,0,DS,0,0.500000000,21,0.256984530,1,777.455290609,777.560095850,185.603301522,62,0,280,1958.558607342,61,452.423550011,0,0.000000000,0,0.000000000,
10,0,0,DS,0,0.500000000,21,0.247769941,1,850.506848357,850.611653598,185.603301522,62,0,280,1958.558607342,61,452.423550011,0,0.000000000,0,0.000000000,
11,0,0,DS,0,0.500000000,21,0.258169216,1,907.671223442,907.776028683,185.603301522,62,0,280,1958.558607342,61,452.423550011,0,0.000000000,0,0.000000000,
7,0,0,DS,0,0.500000000,20,60.004217795,0,1278.223215212,1279.970864628,250.537286860,5464,0,30136,112171.077370228,5463,18954.372781776,0,0.000000000,0,0.000000000,
12,0,0,DS,0,0.500000000,21,0.962002975,1,1102.947162114,1103.053695349,195.277666666,69,0,319,2116.815236428,68,482.868062268,0,0.000000000,0,0.000000000,
8,0,0,DS,0,0.500000000,20,60.005132206,0,1304.485877102,1306.224104170,250.435793791,5408,0,29850,111107.568634424,5407,18792.616245927,0,0.000000000,0,0.000000000,
9,0,0,DS,0,0.500000000,20,60.009728048,0,1499.604788336,1501.353975362,250.537449084,5459,0,30114,112096.040244572,5458,18936.823874236,0,0.000000000,0,0.000000000,
10,0,0,DS,0,0.500000000,20,60.000606824,0,1578.846868194,1580.592717922,250.537449084,5237,0,28966,108562.494104841,5236,18416.446759389,0,0.000000000,0,0.000000000,
11,0,0,DS,0,0.500000000,20,60.005782564,0,1654.735372313,1656.456863202,250.537286860,4791,0,26536,100686.080110133,4790,17280.181237736,0,0.000000000,0,0.000000000,
12,0,0,DS,0,0.500000000,20,60.007661090,0,1687.599804025,1689.343726891,250.537286860,5328,0,29434,109765.038935874,5327,18604.459554200,0,0.000000000,0,0.000000000,
13,0,0,DS,0,0.500000000,20,60.016798012,0,1818.950910017,1820.664829879,250.537286860,4105,0,25856,135599.368692380,4104,24510.662435170,0,0.000000000,0,0.000000000,
5,0,0,DS,0,0.500000000,22,0.004566859,1,659.173440494,659.173440494,197.993018059,1,0,0,0.000000000,0,0.000000000,0,0.000000000,0,0.000000000,
14,0,0,DS,0,0.500000000,20,60.007484233,0,1921.263123773,1922.735816905,250.537286860,5043,0,27468,190836.381117278,4716,37835.048369916,0,0.000000000,0,0.000000000,
6,0,0,DS,0,0.500000000,22,0.006404875,1,737.114609816,737.114609816,197.993018059,1,0,0,0.000000000,0,0.000000000,0,0.000000000,0,0.000000000,
7,0,0,DS,0,0.500000000,22,0.005534798,1,845.633884731,845.633884731,197.993018059,1,0,0,0.000000000,0,0.000000000,0,0.000000000,0,0.000000000,
8,0,0,DS,0,0.500000000,22,0.005988106,1,939.126062870,939.126062870,197.993018059,1,0,0,0.000000000,0,0.000000000,0,0.000000000,0,0.000000000,
9,0,0,DS,0,0.500000000,22,0.006433229,1,1020.322029767,1020.322029767,197.993018059,1,0,0,0.000000000,0,0.000000000,0,0.000000000,0,0.000000000,
10,0,0,DS,0,0.500000000,22,0.007447956,1,1145.412018601,1145.412018601,197.993018059,1,0,0,0.000000000,0,0.000000000,0,0.000000000,0,0.000000000,
11,0,0,DS,0,0.500000000,22,0.007719994,1,1169.243178438,1169.243178438,197.993018059,1,0,0,0.000000000,0,0.000000000,0,0.000000000,0,0.000000000,
12,0,0,DS,0,0.500000000,22,0.172126443,1,1401.592638207,1402.055909301,232.812730862,11,0,48,144.180299618,10,19.601363634,0,0.000000000,0,0.000000000,
13,0,0,DS,0,0.500000000,22,4.398751211,1,1595.639150504,1596.599849858,232.812730862,565,0,3762,7271.168512597,564,1137.287474235,0,0.000000000,0,0.000000000,
15,0,0,DS,0,0.500000000,20,60.007898419,0,1964.079366121,1965.579110894,250.537286860,5353,0,28974,200436.399875111,5018,39631.566840550,0,0.000000000,0,0.000000000,
14,0,0,DS,0,0.500000000,22,4.228340985,1,1775.460123388,1776.420822743,232.812730862,565,0,3762,7271.168512597,564,1137.287474235,0,0.000000000,0,0.000000000,
16,0,0,DS,0,0.500000000,20,60.032849838,0,2128.378962494,2129.840113342,250.435793791,5221,0,28354,196638.002834917,4890,38907.417361391,0,0.000000000,0,0.000000000,
17,0,0,DS,0,0.500000000,20,60.002358424,0,2260.393516070,2261.694871446,250.537286860,5253,0,28502,197577.005376951,4922,39140.387995974,0,0.000000000,0,0.000000000,
18,0,0,DS,0,0.500000000,20,60.043717650,0,2294.229886337,2295.691037185,250.435793791,5221,0,28354,196638.002834917,4890,38907.417361391,0,0.000000000,0,0.000000000,
19,0,0,DS,0,0.500000000,20,60.006798440,0,2477.880844247,2479.352368400,250.537286860,5133,0,27924,193913.859665720,4804,38399.123313736,0,0.000000000,0,0.000000000,
20,0,0,DS,0,0.500000000,20,60.024472847,0,2747.837696519,2748.672229673,269.993802322,1581,0,18128,139365.487500882,1580,8754.847608910,0,0.000000000,0,0.000000000,
21,0,0,DS,0,0.500000000,20,60.070124570,0,2888.886181420,2889.715977981,270.139586496,1629,0,18674,143465.254440635,1628,9012.147198706,0,0.000000000,0,0.000000000,
22,0,0,DS,0,0.500000000,20,60.030255002,0,2941.316554356,2942.073747555,269.996646420,1746,0,18956,137875.028450263,1745,7941.609171718,0,0.000000000,0,0.000000000,
5,0,0,DS,0,0.500000000,23,0.243548297,1,915.515865516,915.991214345,256.604936907,19,0,82,516.849090727,18,114.978513482,0,0.000000000,0,0.000000000,
23,0,0,DS,0,0.500000000,20,60.042747871,0,3173.666014124,3174.456623079,269.956852272,1763,0,19550,129083.409006592,1756,6988.447758500,0,0.000000000,0,0.000000000,
6,0,0,DS,0,0.500000000,23,0.241782015,1,1028.871425079,1029.346773908,256.604936907,19,0,82,516.849090727,18,114.978513482,0,0.000000000,0,0.000000000,
7,0,0,DS,0,0.500000000,23,0.249234098,1,1161.256639253,1161.731988082,256.604936907,19,0,82,516.849090727,18,114.978513482,0,0.000000000,0,0.000000000,
13,0,0,DS,0,0.500000000,21,60.000837533,0,1353.171432204,1353.379356621,250.295687103,3105,0,15206,104818.063171169,3104,18406.936114246,0,0.000000000,0,0.000000000,
14,0,0,DS,0,0.500000000,21,60.007315642,0,1498.580717361,1498.788488284,250.235062494,3156,0,15744,109127.429460473,3155,18848.359435197,0,0.000000000,0,0.000000000,
15,0,0,DS,0,0.500000000,21,60.013233719,0,1533.457269210,1533.652365942,250.224270090,3139,0,15657,108576.611054290,3138,18737.151015822,0,0.000000000,0,0.000000000,
16,0,0,DS,0,0.500000000,21,60.024086508,0,1844.151077687,1844.377223677,310.693808477,2298,0,13736,88047.514327295,2297,13643.618815383,0,0.000000000,0,0.000000000,
17,0,0,DS,0,0.500000000,21,60.027600766,0,1926.168507980,1926.393230661,310.755297830,2302,0,13764,88224.084498451,2301,13665.756762827,0,0.000000000,0,0.000000000,
8,0,0,DS,0,0.500000000,23,2.513011843,1,1367.660251558,1368.342440734,256.604936907,145,0,694,3515.609159496,144,768.830009660,0,0.000000000,0,0.000000000,
18,0,0,DS,0,0.500000000,21,60.024924643,0,2077.132652270,2077.359153467,310.693808477,2309,0,13811,88507.527747735,2308,13705.853301605,0,0.000000000,0,0.000000000,
19,0,0,DS,0,0.500000000,21,60.025179979,0,2324.607789633,2325.093929749,310.755297830,1335,0,11228,83500.919457114,1334,11249.773484632,0,0.000000000,0,0.000000000,
20,0,0,DS,0,0.500000000,21,60.035271486,0,2570.281298480,2570.777873941,310.755297830,1218,0,10283,73733.456780875,1217,8800.634353309,0,0.000000000,0,0.000000000,
21,0,0,DS,0,0.500000000,21,60.012988202,0,2681.788711435,2682.291667655,310.698206592,1180,0,10001,71637.419094605,1179,8527.189380590,0,0.000000000,0,0.000000000,
22,0,0,DS,0,0.500000000,21,60.013037995,0,2817.018031960,2817.436775330,310.755297830,1083,0,10442,73099.944384827,1082,7031.238097796,0,0.000000000,0,0.000000000,
23,0,0,DS,0,0.500000000,21,60.004890293,0,3069.076367006,3069.443233202,310.693808477,931,0,9482,65088.588042193,930,5787.065412987,0,0.000000000,0,0.000000000,
9,0,0,DS,0,0.500000000,23,15.850548235,1,1553.931845004,1554.715527249,256.604936907,798,0,3836,20922.656970719,797,4172.275719352,0,0.000000000,0,0.000000000,
12,0,0,DS,0,0.500000000,23,15.751540279,1,1819.230836327,1820.014518572,256.604936907,798,0,3836,20922.656970719,797,4172.275719352,0,0.000000000,0,0.000000000,
10,0,0,DS,0,0.500000000,23,16.043152419,1,1695.811441341,1696.595123586,256.604936907,798,0,3836,20922.656970719,797,4172.275719352,0,0.000000000,0,0.000000000,
11,0,0,DS,0,0.500000000,23,16.320349658,1,1733.333256342,1734.116938588,256.604936907,798,0,3836,20922.656970719,797,4172.275719352,0,0.000000000,0,0.000000000,
13,0,0,DS,0,0.500000000,23,16.454606319,1,1942.290680347,1943.074362593,256.604936907,798,0,3836,20922.656970719,797,4172.275719352,0,0.000000000,0,0.000000000,
14,0,0,DS,0,0.500000000,23,15.987249325,1,1988.505732456,1989.289414702,256.604936907,798,0,3836,20922.656970719,797,4172.275719352,0,0.000000000,0,0.000000000,
15,0,0,DS,0,0.500000000,23,16.129636538,1,2144.331854774,2145.115537020,256.604936907,798,0,3836,20922.656970719,797,4172.275719352,0,0.000000000,0,0.000000000,
5,0,0,DS,0,0.500000000,24,0.975369931,1,681.981425930,682.063661383,170.426570312,143,0,828,5537.248174197,142,1277.534020828,0,0.000000000,0,0.000000000,
6,0,0,DS,0,0.500000000,24,0.977990940,1,867.970862066,868.053097520,185.989436136,143,0,828,5537.248174197,142,1277.534020828,0,0.000000000,0,0.000000000,
16,0,0,DS,0,0.500000000,23,15.938640050,1,2149.987397645,2150.771079890,256.604936907,798,0,3836,20922.656970719,797,4172.275719352,0,0.000000000,0,0.000000000,
7,0,0,DS,0,0.500000000,24,0.966425225,1,949.232267289,949.314502743,185.989436136,143,0,828,5537.248174197,142,1277.534020828,0,0.000000000,0,0.000000000,
8,0,0,DS,0,0.500000000,24,1.015935766,1,1171.120259023,1171.202494477,221.887991733,143,0,828,5537.248174197,142,1277.534020828,0,0.000000000,0,0.000000000,
9,0,0,DS,0,0.500000000,24,0.989258116,1,1295.275527154,1295.357762608,221.887991733,143,0,828,5537.248174197,142,1277.534020828,0,0.000000000,0,0.000000000,
11,0,0,DS,0,0.500000000,24,0.980032335,1,1571.062113325,1571.144348778,221.887991733,143,0,828,5537.248174197,142,1277.534020828,0,0.000000000,0,0.000000000,
10,0,0,DS,0,0.500000000,24,1.018651302,1,1373.273443441,1373.355678895,221.887991733,143,0,828,5537.248174197,142,1277.534020828,0,0.000000000,0,0.000000000,
12,0,0,DS,0,0.500000000,24,1.033476140,1,1693.205039616,1693.287275070,221.887991733,143,0,828,5537.248174197,142,1277.534020828,0,0.000000000,0,0.000000000,
13,0,0,DS,0,0.500000000,24,1.010362113,1,1845.280277379,1845.362512833,221.887991733,143,0,868,5577.248174469,142,1277.534020828,0,0.000000000,0,0.000000000,
14,0,0,DS,0,0.500000000,24,1.069903228,1,2026.008896142,2026.091131596,221.887991733,143,0,868,5577.248174469,142,1277.534020828,0,0.000000000,0,0.000000000,
15,0,0,DS,0,0.500000000,24,4.906158780,1,2234.817653147,2235.660301814,221.887991733,425,0,2558,15441.645323105,424,3604.432870900,0,0.000000000,0,0.000000000,
16,0,0,DS,0,0.500000000,24,4.894487285,1,2345.222682471,2346.065331138,221.887991733,425,0,2558,15441.645323105,424,3604.432870900,0,0.000000000,0,0.000000000,
17,0,0,DS,0,0.500000000,24,4.905191930,1,2347.801763315,2348.644411982,221.887991733,425,0,2558,15441.645323105,424,3604.432870900,0,0.000000000,0,0.000000000,
18,0,0,DS,0,0.500000000,24,6.835486480,1,2481.108387792,2481.951036459,221.887991733,508,0,3134,17811.111336838,507,3254.364694505,0,0.000000000,0,0.000000000,
19,0,0,DS,0,0.500000000,24,6.434909033,1,2612.661529432,2613.504178099,221.887991733,508,0,3134,17811.111336838,507,3254.364694505,0,0.000000000,0,0.000000000,
5,0,0,DS,0,0.500000000,25,0.002963020,1,526.359421432,526.359421432,144.638779805,1,0,0,0.000000000,0,0.000000000,0,0.000000000,0,0.000000000,
6,0,0,DS,0,0.500000000,25,0.005744020,1,727.461838643,727.461838643,201.102417211,1,0,0,0.000000000,0,0.000000000,0,0.000000000,0,0.000000000,
7,0,0,DS,0,0.500000000,25,0.009007723,1,992.994338303,992.994338303,265.532499660,1,0,0,0.000000000,0,0.000000000,0,0.000000000,0,0.000000000,
15,0,0,DS,0,0.500000000,22,60.006251086,0,1928.693674720,1929.767927456,232.349459769,7819,0,35362,73271.044565915,7818,6710.245466302,0,0.000000000,0,0.000000000,
8,0,0,DS,0,0.500000000,25,0.008350664,1,1164.634054085,1164.634054085,265.532499660,1,0,0,0.000000000,0,0.000000000,0,0.000000000,0,0.000000000,
17,0,0,DS,0,0.500000000,22,60.006249602,0,2086.396307878,2087.454516858,232.349459769,7749,0,35062,72634.476350942,7748,6657.484768553,0,0.000000000,0,0.000000000,
16,0,0,DS,0,0.500000000,22,60.000744658,0,2003.760067757,2004.831422214,232.349459769,7735,0,35004,72514.799022194,7734,6644.457755617,0,0.000000000,0,0.000000000,
9,0,0,DS,0,0.500000000,25,0.012621609,1,1427.983499334,1427.983499334,265.532499660,1,0,0,0.000000000,0,0.000000000,0,0.000000000,0,0.000000000,
18,0,0,DS,0,0.500000000,22,60.012795461,0,2184.990817146,2186.105778702,232.613678625,7655,0,37136,78804.225166403,7654,7955.909459797,0,0.000000000,0,0.000000000,
19,0,0,DS,0,0.500000000,22,60.016840048,0,2387.137445006,2388.250218839,232.349459769,7570,0,36744,78024.274770239,7569,7884.657734714,0,0.000000000,0,0.000000000,
20,0,0,DS,0,0.500000000,22,60.010313317,0,2489.418371258,2490.530180890,232.613678625,7512,0,36488,77509.729356331,7511,7829.660715872,0,0.000000000,0,0.000000000,
11,0,0,DS,0,0.500000000,25,8.655746071,1,1746.048013696,1746.349746542,265.535397939,495,0,2300,4669.254571609,494,1133.185192376,0,0.000000000,0,0.000000000,
10,0,0,DS,0,0.500000000,25,8.699962593,1,1683.042678152,1683.344410998,265.535397939,495,0,2300,4669.254571609,494,1133.185192376,0,0.000000000,0,0.000000000,
21,0,0,DS,0,0.500000000,22,60.030474263,0,2561.774326823,2564.009774362,232.349459769,2782,0,16849,27293.697927604,2781,4369.596240624,0,0.000000000,0,0.000000000,
22,0,0,DS,0,0.500000000,22,60.039120363,0,2662.218985425,2664.425984308,232.349459769,2738,0,16589,26953.211694928,2737,4317.173923060,0,0.000000000,0,0.000000000,
23,0,0,DS,0,0.500000000,22,60.004343766,0,2831.171635386,2833.342292953,232.349459769,2715,0,16445,26691.567546960,2714,4281.114413458,0,0.000000000,0,0.000000000,
20,0,0,DS,0,0.500000000,24,37.675266278,1,2838.490212088,2839.408652351,225.840548702,3027,0,17884,110605.294553708,3026,21199.821067132,0,0.000000000,0,0.000000000,
17,0,0,DS,0,0.500000000,23,60.005934458,0,2358.329778219,2359.514037367,256.604936907,2586,0,12418,73727.430993992,2585,14609.536946805,0,0.000000000,0,0.000000000,
18,0,0,DS,0,0.500000000,23,60.009632094,0,2452.511451672,2453.713409789,256.604936907,2534,0,12186,72585.083815255,2533,14283.086016778,0,0.000000000,0,0.000000000,
19,0,0,DS,0,0.500000000,23,60.018245122,0,2568.279438592,2569.444459060,257.089014438,2569,0,12340,73363.668757544,2568,14510.145936797,0,0.000000000,0,0.000000000,
20,0,0,DS,0,0.500000000,23,60.009165386,0,2638.517571673,2639.682544762,257.089014438,2567,0,12332,73322.111331851,2566,14493.325386271,0,0.000000000,0,0.000000000,
21,0,0,DS,0,0.500000000,23,60.049455542,0,2841.376715673,2841.938800578,256.627963156,1580,0,10862,79678.205437790,1579,18156.990916814,0,0.000000000,0,0.000000000,
22,0,0,DS,0,0.500000000,23,60.052849209,0,2981.056356486,2981.631330597,256.707551116,1533,0,10538,77663.571402281,1532,17649.163457402,0,0.000000000,0,0.000000000,
23,0,0,DS,0,0.500000000,23,60.043178963,0,3099.237555969,3099.557252338,256.685033389,1729,0,14268,86144.267621500,1728,12085.263015605,0,0.000000000,0,0.000000000,
21,0,0,DS,0,0.500000000,24,60.020657975,0,3013.124836051,3014.134926257,225.850712970,3763,0,19246,151148.882572890,3762,31749.543918604,0,0.000000000,0,0.000000000,
22,0,0,DS,0,0.500000000,24,60.013401133,0,3218.682770066,3219.600409815,225.828682655,3216,0,26256,146929.851248341,3215,23342.728860239,0,0.000000000,0,0.000000000,
23,0,0,DS,0,0.500000000,24,60.405346958,0,3300.704478940,3301.552158817,225.840548702,1064,0,7841,39891.683429982,1063,5939.380957124,0,0.000000000,0,0.000000000,
12,0,0,DS,0,0.500000000,25,60.007841244,0,1929.012203052,1929.475938817,265.892189855,2199,0,13572,34425.218324959,2198,3925.391426483,0,0.000000000,0,0.000000000,
13,0,0,DS,0,0.500000000,25,60.003037911,0,1968.874822867,1969.383653172,265.903520611,2227,0,13718,34759.260006459,2226,3963.868331478,0,0.000000000,0,0.000000000,
14,0,0,DS,0,0.500000000,25,60.002461307,0,2249.980580798,2250.550742955,281.301270694,2545,0,18646,46753.930210446,2544,4913.140970362,0,0.000000000,0,0.000000000,
15,0,0,DS,0,0.500000000,25,60.012803183,0,2404.436257073,2405.012771868,281.280977612,2618,0,19204,48037.805912268,2617,5047.359413457,0,0.000000000,0,0.000000000,
16,0,0,DS,0,0.500000000,25,60.035539384,0,2606.397576053,2606.916501027,281.278079332,2583,0,18926,47369.941369479,2582,4979.941010150,0,0.000000000,0,0.000000000,
17,0,0,DS,0,0.500000000,25,60.011666531,0,2712.105811066,2712.674614387,281.294820765,2489,0,18240,45784.255688794,2488,4804.151283365,0,0.000000000,0,0.000000000,
18,0,0,DS,0,0.500000000,25,60.002596320,0,2808.870395768,2809.445560969,281.294820765,2599,0,19046,47648.474102087,2598,5009.168764723,0,0.000000000,0,0.000000000,
20,0,0,DS,0,0.500000000,25,60.002927204,0,2988.122383551,2988.362894240,281.122632924,2746,0,19384,52094.243329707,2745,6737.790076995,0,0.000000000,0,0.000000000,
19,0,0,DS,0,0.500000000,25,60.018419430,0,2949.027676485,2949.272393218,281.105757932,2714,0,19170,51627.022938405,2713,6688.465133302,0,0.000000000,0,0.000000000,
21,0,0,DS,0,0.500000000,25,60.024327399,0,3133.685806912,3133.898331118,281.122499365,2632,0,22916,74202.268175822,2631,7182.444696019,0,0.000000000,0,0.000000000,
22,0,0,DS,0,0.500000000,25,60.007666191,0,3211.187384230,3211.396452067,281.108656211,2587,0,22568,73263.199747058,2586,7081.237569461,0,0.000000000,0,0.000000000,
23,0,0,DS,0,0.500000000,25,60.013787123,0,3337.360896580,3337.562681676,281.158971050,2748,0,26442,134033.301924110,2747,11044.081834284,0,0.000000000,0,0.000000000,
