2,1,5.9281e-05,1,417.089,417.089,261.333,1,
2,2,7.9298e-05,1,602.28,602.28,444.534,1,
2,3,6.7757e-05,1,566.543,566.543,308.962,1,
2,4,0.000377896,1,162.923,184.33,153.619,4,
2,5,5.6574e-05,1,322.48,322.48,254.672,1,
2,6,4.5984e-05,1,569.541,569.541,320.232,1,
2,7,0.000117188,1,625.203,625.203,322.133,1,
2,8,2.9695e-05,1,185.422,185.422,101.532,1,
2,9,2.4306e-05,1,273.905,273.905,147.893,1,
2,11,5.2428e-05,1,607.286,607.286,347.668,1,
2,10,0.00221184,1,362.03,376.125,217.629,38,
2,12,4.8881e-05,1,405.499,405.499,257.298,1,
2,13,0.000146463,1,562.32,562.734,374.435,2,
2,14,5.6655e-05,1,467.028,467.028,312.706,1,
2,15,3.4744e-05,1,314.929,314.929,301.022,1,
2,16,3.8311e-05,1,317.851,317.851,181.555,1,
2,17,3.5166e-05,1,362.736,362.736,286.86,1,
2,18,2.9705e-05,1,272.161,272.161,167.225,1,
2,19,5.397e-05,1,493.969,493.969,319.21,1,
2,20,5.3401e-05,1,552.574,552.574,280.194,1,
2,21,4.7119e-05,1,513.006,513.006,369.093,1,
2,22,5.3159e-05,1,711.54,711.54,377.825,1,
2,23,5.1617e-05,1,563.145,563.145,282.132,1,
2,24,6.389e-05,1,401.002,401.002,341.764,1,
2,25,5.0975e-05,1,657.134,657.134,443.615,1,
3,1,4.6987e-05,1,466.21,466.21,261.333,1,
3,2,0.000226303,1,858.452,859.075,444.534,2,
3,3,7.4089e-05,1,774.865,774.865,308.962,1,
3,4,0.000327362,1,346.795,368.202,183.872,4,
3,5,0.00111284,1,608.121,609.256,286.775,12,
3,6,0.000108833,1,705.39,705.39,320.232,1,
3,7,6.987e-05,1,746.973,746.973,322.133,1,
3,8,8.2765e-05,1,493.765,493.765,308.342,1,
3,9,7.9298e-05,1,656.844,656.844,382.939,1,
3,11,0.000212346,1,660.107,687.078,374.638,2,
3,10,0.00225478,1,523.269,537.364,217.629,38,
3,12,0.000152946,1,671.728,672.35,266.229,2,
3,13,0.000361426,1,640.703,642.59,375.908,4,
3,14,7.3157e-05,1,702.941,702.941,312.706,1,
3,15,4.6077e-05,1,487.378,487.378,301.022,1,
3,16,4.763e-05,1,421.195,421.195,181.555,1,
3,17,5.3319e-05,1,714.578,714.578,351.842,1,
3,18,4.898e-05,1,556.652,556.652,284.491,1,
3,19,6.0142e-05,1,758.836,758.836,319.21,1,
3,20,0.000389296,1,927.009,927.631,374.435,4,
3,21,4.9693e-05,1,553.158,553.158,369.093,1,
3,22,7.5422e-05,1,1080.18,1080.18,377.825,1,
3,23,0.00017103,1,608.132,635.103,309.103,2,
3,24,6.0803e-05,1,569.373,569.373,341.764,1,
3,25,0.00143315,1,800.796,805.879,448.699,16,
4,1,0.00142553,1,647.306,656.258,261.333,20,
4,2,0.000209391,1,975.752,976.375,445.156,2,
4,3,8.6441e-05,1,831.625,831.625,308.962,1,
4,4,0.000463976,1,724.448,745.855,377.653,4,
4,6,0.000169116,1,934.839,935.462,320.232,2,
4,7,8.1832e-05,1,802.982,802.982,322.133,1,
4,8,8.2164e-05,1,880.445,880.445,386.68,1,
4,9,7.8757e-05,1,866.163,866.163,382.939,1,
4,11,0.000222556,1,925.989,952.959,374.638,2,
4,10,0.00225668,1,640.394,654.489,217.629,38,
4,12,0.000168264,1,878.199,878.821,266.229,2,
4,13,0.000346457,1,860.168,862.056,375.908,4,
4,14,8.4207e-05,1,965.318,965.318,312.706,1,
4,15,0.000232265,1,777.262,780.458,303.595,3,
4,16,7.1895e-05,1,577.169,577.169,181.555,1,
4,17,7.8998e-05,1,986.7,986.7,351.842,1,
4,18,7.8496e-05,1,605.971,605.971,284.491,1,
4,19,9.4047e-05,1,1039.54,1039.54,319.21,1,
4,5,0.0251319,1,710.557,850.363,286.492,157,
4,20,0.000234388,1,1250.39,1251.01,374.435,2,
4,21,6.5332e-05,1,599.676,599.676,369.093,1,
4,22,0.000379558,1,1343.47,1344.92,377.825,2,
4,23,0.000455711,1,957.434,985.028,349.925,4,
4,24,6.415e-05,1,716.62,716.62,341.764,1,
4,25,0.00173532,1,907.831,912.914,448.699,16,
5,1,0.00150401,1,900.609,909.561,261.333,20,
5,2,0.00021353,1,1122.56,1123.18,445.156,2,
5,3,9.8023e-05,1,961.632,961.632,308.962,1,
5,4,0.000371685,1,859.395,880.803,377.653,4,
5,6,0.000703233,1,1201.38,1202.91,320.232,7,
5,7,0.000995829,1,1169.13,1171.43,368.444,11,
5,8,0.000178212,1,1236,1236.51,386.68,2,
5,9,8.5599e-05,1,895.446,895.446,382.939,1,
5,11,0.000260516,1,1004.5,1031.47,374.638,2,
5,10,0.00269216,1,751.288,769.082,217.629,44,
5,12,0.000225842,1,1047.51,1048.13,266.229,2,
5,13,0.000473063,1,1182.08,1184.18,375.057,4,
5,14,0.000103412,1,979.136,979.136,312.706,1,
5,15,0.00024592,1,899.032,902.228,303.595,3,
5,16,0.000113142,1,644.317,644.317,181.555,1,
5,17,0.000227605,1,1230,1232.49,351.842,2,
5,18,0.00024065,1,878.509,879.131,284.491,2,
5,19,0.000204472,1,1217.7,1218.02,319.21,2,
5,5,0.0243862,1,870.016,1009.82,286.492,157,
5,21,0.00019783,1,1040.47,1041.09,440.795,2,
5,20,0.0017421,1,1584.38,1603.55,374.435,6,
5,22,0.000416627,1,1532.8,1534.25,377.825,2,
5,24,0.000104575,1,979.904,979.904,341.764,1,
6,2,0.00027333,1,1402.07,1402.7,444.534,2,
5,23,0.00706912,1,1321.87,1360.85,364.432,76,
6,3,0.000105727,1,977.494,977.494,308.962,1,
5,25,0.00524668,1,1281.98,1292.05,443.615,52,
6,1,0.00387635,1,1084.72,1095.91,261.333,48,
6,6,0.000684859,1,1244.2,1245.73,320.232,7,
6,7,0.00106128,1,1424.39,1426.69,368.444,11,
6,8,0.000210214,1,1525.23,1525.74,386.68,2,
6,4,0.00702215,1,1045.98,1096.72,377.653,84,
6,9,0.000121838,1,1320.31,1320.31,424.866,1,
6,11,0.000256189,1,1127.56,1154.53,374.638,2,
6,12,0.0013621,1,1160.05,1175.73,266.229,12,
6,13,0.000640797,1,1501.1,1503.2,375.057,4,
6,14,0.000127268,1,1354.94,1354.94,375.806,1,
6,10,0.00703503,1,911.878,930.422,217.629,115,
6,15,0.000356245,1,1244.19,1247.39,345.158,3,
6,16,8.7513e-05,1,714.638,714.638,181.555,1,
6,17,0.000293187,1,1310.29,1312.77,351.842,2,
6,18,0.000574313,1,1226.73,1229.92,350.792,3,
6,19,0.00020337,1,1414.29,1414.61,319.21,2,
6,21,0.000314497,1,1353.18,1353.8,440.795,2,
6,22,0.000467865,1,1631.99,1633.44,377.825,2,
6,20,0.00442937,1,1651.09,1700.42,375.057,16,
6,23,0.00121417,1,1651.44,1691.04,375.825,7,
6,24,0.000106749,1,1182.46,1182.46,341.764,1,
7,2,0.000413323,1,1494.42,1495.05,444.534,3,
7,3,0.000125926,1,1274.47,1274.47,308.962,1,
6,25,0.00538766,1,1374.45,1384.52,443.615,52,
7,1,0.00409075,1,1366.66,1377.85,281.939,48,
7,6,0.000820353,1,1314.96,1316.5,320.232,7,
7,8,0.00056256,1,1851.28,1860.26,392.584,6,
7,7,0.00170907,1,1847.29,1876.48,440.697,8,
7,9,0.000463685,1,1625.87,1626.49,424.866,2,
7,11,0.000409054,1,1464.41,1502.77,374.638,4,
7,13,0.000864173,1,1688.07,1690.17,375.057,4,
7,12,0.00287254,1,1322.69,1338.37,266.851,26,
7,14,0.000175719,1,1612.52,1612.52,375.806,1,
7,10,0.00706772,1,1245.59,1264.14,333.716,116,
7,4,0.0177501,1,1213.26,1264.91,377.653,215,
7,15,0.00055192,1,1630.87,1638.87,391.488,4,
7,16,0.000199884,1,970.158,972.874,258.236,2,
7,17,0.00066916,1,1618.88,1629.84,351.842,5,
7,18,0.000809461,1,1412.73,1416.24,350.792,4,
7,19,0.000469136,1,1668.32,1674.54,319.21,4,
7,21,0.000728821,1,1595.52,1607.53,440.795,5,
7,22,0.00124554,1,1961.56,1975.02,381.487,6,
7,20,0.00468922,1,1848.12,1897.46,375.057,16,
7,23,0.00199059,1,2056.52,2107.52,416.473,13,
7,24,0.00021422,1,1361.58,1363.81,341.764,2,
8,2,0.000337871,1,1665.54,1666.16,444.534,2,
8,3,0.00016087,1,1391.6,1391.6,308.962,1,
7,25,0.00605521,1,1651.85,1662.58,448.699,48,
6,5,0.0785036,1,1186.91,1327.34,317.519,357,
8,8,0.00054607,1,1880.73,1889.71,392.584,6,
8,7,0.0023947,1,2027.47,2057.28,440.697,10,
8,9,0.000397122,1,1928.99,1929.62,424.866,2,
8,1,0.0156407,1,1376.61,1394.44,281.939,193,
8,6,0.00807423,1,1487.74,1492.52,320.232,83,
8,11,0.000458176,1,1590.42,1628.78,374.638,4,
8,13,0.00110512,1,1760.12,1762.21,376.53,5,
8,12,0.00342651,1,1614.71,1632.97,294.598,27,
8,4,0.0177673,1,1333.42,1385.07,377.653,215,
8,10,0.00748932,1,1387.91,1406.45,333.716,115,
8,14,0.00110573,1,1931.73,1940.21,375.806,11,
8,15,0.000627113,1,1774.65,1782.65,391.488,4,
8,16,0.000360293,1,1142.61,1145.95,258.236,3,
8,17,0.00232999,1,1831.53,1844.28,351.842,21,
8,19,0.00203253,1,1888.66,1912.38,335.131,18,
8,21,0.00236215,1,1813.57,1826.21,440.795,12,
8,22,0.0013377,1,2273.87,2287.33,377.825,6,
8,20,0.00488117,1,1864.66,1914,375.057,16,
8,23,0.00213976,1,2247.63,2298.63,405.08,13,
8,24,0.000935648,1,1613.65,1627.9,341.764,8,
9,2,0.00098036,1,1749.66,1761.68,455.926,4,
9,3,0.000157415,1,1439.68,1439.68,308.962,1,
8,18,0.0167094,1,1437.15,1540.57,350.792,89,
7,5,0.0790744,1,1236.38,1376.81,317.519,357,
8,25,0.00608586,1,1788.14,1798.88,443.615,48,
9,8,0.000605921,1,2027.81,2036.79,392.584,6,
9,9,0.000687664,1,2198.53,2199.77,425.489,4,
9,7,0.00539087,1,2375.58,2416.1,446.6,32,
9,6,0.00747613,1,1675.13,1679.91,320.232,83,
9,11,0.000514221,1,1878.1,1916.46,374.638,4,
9,13,0.00134268,1,1934.88,1936.97,376.53,5,
9,10,0.00774277,1,1499.83,1518.37,333.716,116,
9,15,0.000670983,1,1818.21,1826.22,391.488,4,
9,12,0.0055963,1,1922.51,1942.78,307.792,52,
9,4,0.0199887,1,1425.29,1476.94,377.653,227,
9,1,0.0251639,1,1653.01,1676.74,282.299,288,
9,16,0.000646228,1,1375.51,1389.69,258.236,4,
9,14,0.00668399,1,2200.53,2219.63,375.806,70,
9,17,0.0039518,1,2126.92,2141.08,351.842,37,
9,19,0.00207838,1,1974.78,1998.5,335.131,18,
9,22,0.00126251,1,2581.88,2595.34,377.825,5,
9,20,0.00486359,1,2060.14,2109.48,375.057,16,
9,21,0.00320408,1,2166.72,2179.99,441.419,15,
9,24,0.000925158,1,1850.45,1864.7,341.764,6,
9,23,0.00259002,1,2556.73,2607.73,416.473,13,
10,2,0.001017,1,1759.17,1771.19,455.926,4,
8,5,0.0775545,1,1371.33,1511.76,317.519,357,
10,3,0.000198662,1,1444.9,1444.9,308.962,1,
9,18,0.0169723,1,1583.85,1687.27,350.792,89,
10,8,0.000631489,1,2047.66,2056.64,392.584,6,
10,9,0.000954493,1,2513.99,2515.23,425.489,4,
10,6,0.00774067,1,1692.86,1697.64,320.232,83,
10,7,0.00715799,1,2639.49,2682.59,446.6,40,
10,11,0.000608106,1,2035.09,2073.45,374.638,4,
10,1,0.0181021,1,1903.41,1927.14,282.299,207,
10,13,0.00142873,1,2064.16,2066.25,376.53,5,
10,4,0.0179681,1,1518.86,1571,377.653,191,
10,10,0.00852393,1,1763.67,1782.22,333.716,115,
10,15,0.000979488,1,1965.24,1973.8,391.488,8,
10,16,0.00301832,1,1819.12,1877.11,486.795,11,
10,14,0.00758397,1,2461.16,2483.9,375.806,47,
10,17,0.00429588,1,2358.18,2372.33,351.842,37,
10,19,0.00228901,1,2121.13,2144.85,335.131,18,
10,21,0.00290569,1,2477.65,2490.91,441.419,15,
10,24,0.00102859,1,2099.24,2113.49,341.764,6,
10,23,0.00307612,1,2870.53,2921.53,405.08,13,
10,20,0.0110095,1,2104.97,2160.85,375.057,51,
9,5,0.0770789,1,1411.48,1551.91,317.519,357,
10,12,0.0269186,1,2046.54,2083.57,309.808,226,
10,18,0.0174569,1,1709.86,1813.28,350.792,89,
11,3,0.000201547,1,1567.96,1567.96,308.962,1,
9,25,0.0519827,1,1947.18,2188.7,443.615,201,
11,8,0.000769366,1,2276.49,2285.47,392.584,6,
11,9,0.00240095,1,2713.56,2715.59,425.489,14,
11,6,0.00808235,1,1728.78,1733.56,320.232,83,
11,11,0.000747215,1,2173.72,2212.08,374.638,4,
11,7,0.00716444,1,2691.17,2734.26,446.6,40,
11,13,0.00115618,1,2089.17,2091.27,376.53,5,
11,15,0.00101607,1,2040.49,2049.04,391.488,8,
11,2,0.0249251,1,1916.96,2003.41,455.926,109,
11,16,0.00422144,1,2137.26,2197.82,486.795,13,
11,4,0.0248518,1,1783.48,1840.43,377.653,240,
10,22,0.0375592,1,2880.15,2953.41,377.825,168,
11,17,0.0047162,1,2720.77,2734.92,362.591,38,
11,10,0.0167581,1,1889.4,1913.28,333.716,231,
11,19,0.00255595,1,2194.3,2218.02,335.131,18,
11,21,0.00352642,1,2551.73,2564.99,441.419,15,
11,24,0.00105965,1,2195.3,2209.55,341.764,6,
11,12,0.0267678,1,2187.76,2224.79,309.808,226,
12,3,0.000321781,1,1616.51,1616.51,308.962,1,
11,20,0.01424,1,2160.85,2216.73,375.057,51,
11,18,0.0183775,1,1754.85,1858.27,350.792,89,
10,25,0.053933,1,2215.8,2457.94,443.615,214,
12,8,0.00247545,1,2574.14,2627.16,399.926,11,
12,9,0.00388173,1,2953.55,2956.2,424.866,23,
12,11,0.00126796,1,2410.28,2460.03,374.638,10,
12,6,0.011533,1,2011.91,2017.19,320.232,102,
12,13,0.0029112,1,2291.19,2297.7,376.53,14,
11,1,0.0664992,1,1956.97,1999.06,282.299,736,
12,15,0.00232592,1,2207.49,2237.97,391.488,13,
12,4,0.0249221,1,1862.31,1919.25,377.653,240,
12,2,0.0297908,1,2197.82,2295.67,455.926,111,
12,17,0.00519168,1,2968.55,2985.27,362.591,41,
12,16,0.00745448,1,2432.65,2499.12,486.795,49,
12,19,0.00285545,1,2405.83,2434.47,335.131,17,
12,24,0.0034319,1,2366.66,2382.9,341.764,31,
13,3,0.000270946,1,1734.82,1734.82,308.962,1,
12,20,0.0152942,1,2412.92,2469.42,375.057,72,
11,23,0.0545521,1,3145.51,3213.81,416.473,336,
13,8,0.00212946,1,2612.57,2665.59,399.926,11,
13,6,0.0116574,1,2372.8,2378.07,360.887,102,
12,1,0.0612327,1,2029.18,2071.27,282.299,736,
11,22,0.0685309,1,3192.85,3266.74,377.825,306,
11,25,0.068643,1,2543.25,2797.43,443.615,267,
12,18,0.0370646,1,2027.57,2176.4,350.792,208,
13,4,0.0255392,1,2011.09,2068.03,377.653,240,
12,21,0.0375174,1,2575.88,2598.11,441.419,183,
13,2,0.0316202,1,2487.57,2590.22,455.926,114,
12,23,0.0523912,1,3299.83,3368.13,416.473,336,
10,5,0.169733,1,1664.05,1804.48,317.519,682,
12,10,0.0835087,1,2040.61,2069.99,333.716,831,
12,12,0.0901347,1,2348.06,2404.26,309.808,550,
11,5,0.164814,1,1849.35,1989.78,317.519,682,
13,1,0.130571,1,2250.27,2294.38,282.299,1325,
12,7,0.18445,1,2744.13,2836.11,446.6,610,
12,22,0.198836,1,3525.35,3604.04,377.825,1120,
12,25,0.267056,1,2591.81,3116.3,443.615,1004,
13,7,0.343379,1,3060.4,3158.29,440.697,1123,
13,9,0.00414335,1,3322.29,3324.95,424.866,22,
13,11,0.00338923,1,2836.34,2894.58,431.972,22,
13,13,0.00271117,1,2351.17,2357.68,376.53,14,
13,15,0.00263568,1,2413.81,2444.29,391.488,13,
13,16,0.00727798,1,2788.59,2859.86,486.795,32,
13,17,0.00481273,1,3234.85,3251.57,362.591,31,
14,3,0.000413903,1,1864.58,1864.58,308.962,1,
13,19,0.0152552,1,2557.39,2597.04,335.131,72,
14,8,0.00629103,1,3005.07,3082.52,416.927,29,
14,9,0.00827054,1,3529.55,3537.48,424.866,44,
14,11,0.00556304,1,2956.5,3028.45,445.689,36,
13,24,0.0251062,1,2734.71,2772.35,368.046,192,
14,6,0.0150015,1,2433.78,2439.06,360.887,102,
14,4,0.030587,1,2037.27,2108.57,377.653,236,
14,2,0.0461406,1,2573.57,2682.46,455.926,220,
13,12,0.075733,1,2682.52,2738.72,334.455,464,
13,23,0.0631072,1,3391.38,3459.67,416.473,336,
13,21,0.0789631,1,2805.3,2835.69,441.419,423,
13,18,0.0959015,1,2366.17,2523.48,356.695,488,
14,12,0.0755105,1,2992.44,3048.64,334.455,460,
14,1,0.0962376,1,2501.35,2563.96,282.299,936,
13,10,0.240107,1,2396.17,2470.34,400.352,1804,
14,10,0.251004,1,2771.17,2851.25,400.352,1892,
13,20,0.366494,1,2641.91,2710.15,374.435,1398,
14,7,0.445894,1,3439.08,3561.24,440.697,1371,
13,22,0.598564,1,3579.91,3661.34,377.825,3346,
14,13,0.00278529,1,2432.52,2439.03,376.53,14,
14,16,0.00840748,1,3059.17,3130.45,486.795,32,
14,15,0.0100425,1,2490.38,2527.98,391.488,100,
14,17,0.0075643,1,3552.57,3570.17,362.591,52,
15,3,0.000314677,1,1902.06,1902.06,308.962,1,
14,19,0.0237147,1,2930.04,2971.03,372.646,105,
15,6,0.0121008,1,2565.78,2571.05,360.887,102,
14,24,0.0276299,1,2904.03,2953.06,368.046,210,
15,9,0.0119013,1,3841.71,3857.46,424.866,51,
14,23,0.0482694,1,3563.82,3632.12,416.473,289,
14,21,0.0856857,1,2972.91,3008.63,441.419,438,
15,2,0.0797962,1,2799.97,2913.85,455.926,389,
15,1,0.0895007,1,2826.76,2893.63,325.404,821,
14,18,0.163268,1,2466.79,2624.58,356.695,874,
15,10,0.264857,1,2994.73,3074.81,400.352,1824,
14,20,0.488618,1,2819.97,2891.16,375.057,1780,
12,5,2.86707,1,2214.84,2425.98,365.488,8078,
15,7,0.949189,1,3717.84,3847.06,446.6,2742,
15,4,0.980456,1,2301.26,2472.44,377.653,5621,
15,13,0.00284291,1,2527.32,2533.83,376.53,14,
15,15,0.0105734,1,2759.17,2796.78,391.488,99,
15,16,0.00948224,1,3177.52,3249.21,486.795,41,
15,17,0.00853973,1,3604.99,3626.06,362.591,59,
15,24,0.0284064,1,3019.79,3068.82,368.046,210,
15,19,0.0765331,1,3189.74,3233.02,372.646,316,
15,11,0.107154,1,3152.33,3267.8,431.972,470,
15,18,0.163605,1,2548.78,2706.57,350.792,874,
15,21,0.208264,1,3204.42,3241.43,441.419,1011,
15,20,0.522083,1,3043.63,3119.62,375.057,1894,
15,8,1.57442,1,3130.55,3256.58,437.634,5214,
16,3,0.000345165,1,2067.12,2067.12,308.962,1,
16,9,0.0124067,1,4115.96,4131.7,424.866,51,
16,2,0.0781077,1,3098.18,3212.06,455.926,349,
16,11,0.224759,1,3279.43,3419.54,431.972,957,
16,6,0.298016,1,2803.15,2820.76,360.887,2055,
16,1,0.315605,1,2997.35,3067.48,325.404,2580,
16,10,0.662876,1,3400.09,3491.57,416.758,4061,
16,7,1.00648,1,3851.24,3980.47,446.6,2788,
16,15,0.0133404,1,2824.99,2862.59,391.488,99,
16,17,0.0158597,1,3881.23,3915.6,365.137,67,
16,13,0.027244,1,2788.19,2798.44,375.908,172,
16,16,0.0777094,1,3546.61,3640.14,487.78,414,
16,4,1.10964,1,2345.76,2532.61,377.653,5907,
16,8,1.62331,1,3217.72,3343.75,437.634,5214,
14,22,3.72732,1,3994.48,4076.97,415.634,25318,
13,5,5.90562,1,2321.02,2535.75,365.488,16366,
16,24,0.0290757,1,3362.42,3411.46,368.046,210,
16,19,0.0738534,1,3427.39,3470.67,372.646,312,
16,21,0.190951,1,3466.57,3510.12,441.419,879,
16,18,0.447883,1,2714.51,2893.72,350.792,1922,
15,22,3.75209,1,4175.84,4258.33,415.634,25318,
15,12,3.88302,1,3049.78,3184.79,334.455,13068,
17,3,0.000880163,1,2397.18,2403.08,330.063,2,
17,2,0.0744162,1,3308.65,3422.52,455.926,349,
16,20,1.35467,1,3369.26,3447.43,375.057,4660,
17,6,0.41399,1,3013.08,3031.3,360.887,2653,
17,1,1.52633,1,3021.15,3096.29,325.404,12849,
17,9,0.0120161,1,4335.73,4351.47,424.866,51,
14,5,7.27073,1,2571.12,2786.04,365.488,18897,
17,11,0.388432,1,3553.51,3704.77,431.972,1817,
17,4,1.64663,1,2481.2,2668.05,377.653,8683,
17,10,0.913432,1,3476.68,3569.32,416.758,4994,
17,15,0.00702194,1,3084.18,3121.79,391.488,46,
17,13,0.0268263,1,3099.73,3109.98,375.908,172,
17,17,0.0308185,1,4135.87,4174.9,365.137,165,
17,16,0.101357,1,3756.78,3892.32,487.78,456,
17,7,2.4902,1,3908.65,4043.84,446.6,7894,
17,8,1.70765,1,3294.31,3435.77,437.634,4496,
17,19,0.133631,1,3523.46,3567.67,374.662,520,
17,21,0.194289,1,3547.92,3591.47,441.419,873,
17,18,0.49212,1,2886.96,3066.17,350.792,1922,
17,24,0.187072,1,3553.68,3606.41,368.046,1024,
18,2,0.105461,1,3624.11,3738.6,455.926,434,
17,20,2.55637,1,3662.64,3749.14,375.057,7952,
18,3,0.121974,1,2442.17,2512.86,330.063,1659,
18,1,5.73577,1,3183.29,3261.69,327.977,45911,
18,6,0.408512,1,3130.03,3148.25,360.887,2653,
18,4,4.45904,1,2713.24,2902.67,377.653,23441,
16,22,12.8702,1,4536.72,4620.14,415.634,72270,
18,9,0.0135382,1,4622.14,4641.87,424.866,55,
15,5,18.2771,1,2659.64,2879.8,365.488,45092,
18,8,2.13826,1,3557.96,3700.98,437.634,5327,
17,23,10.3519,1,4267.5,4368.11,455.631,56541,
18,13,0.17595,1,3283.85,3298.19,375.908,1359,
16,23,15.3627,1,4013.81,4101.78,444.238,88586,
18,11,0.419947,1,3572.17,3723.43,431.972,1817,
18,7,3.52576,1,4079.3,4216.03,446.6,10046,
18,15,0.00894453,1,3329.76,3367.36,391.488,46,
18,17,0.0656657,1,4453.58,4495.62,365.137,312,
18,16,0.107809,1,3843.95,3979.49,487.78,456,
17,22,12.8233,1,4618.29,4701.71,415.634,72270,
18,21,0.193806,1,3710.59,3754.15,441.419,834,
11,14,23.6176,1,2829.58,2946.38,375.806,74808,
12,14,23.9257,1,2862.71,2979.51,375.806,74808,
18,18,1.06186,1,3139.73,3319.57,356.695,3852,
18,24,0.179184,1,3561.26,3613.99,368.046,1024,
18,20,2.82415,1,4004.81,4091.93,375.057,7889,
19,2,0.119529,1,3845.51,3960.01,455.926,434,
19,3,0.127858,1,2878.74,2958.13,445.265,1669,
18,19,6.04634,1,3852.36,3902.99,374.662,24395,
13,14,30.0002,0,2981.14,3051.76,385.151,114213,
13,25,30.0001,0,2811.32,3356.11,447.785,77669,
19,6,0.445281,1,3216.15,3234.38,360.887,2653,
14,14,30.0006,0,3355.3,3444.37,402.469,87060,
14,25,30.0003,0,3178.98,3724.48,444.323,72656,
18,10,11.8214,1,3733.23,3839.82,416.758,65286,
19,9,0.0139942,1,4769.18,4788.9,424.866,55,
15,14,30.0001,0,3452.11,3580.57,399.952,111590,
15,23,30.0001,0,3570.19,3656.94,416.473,147588,
15,25,30.0003,0,3620.14,4165.51,444.323,68542,
19,11,0.511875,1,3875.66,4027.54,431.972,2090,
19,1,8.61012,1,3421.61,3502.24,327.977,65306,
16,5,30.0002,0,3071.86,3300.51,412.223,56070,
19,15,0.0225338,1,3604.04,3642.68,391.488,161,
18,23,10.1937,1,4400.95,4501.56,455.631,56541,
19,16,0.146833,1,4156.65,4292.74,487.706,625,
19,13,0.18122,1,3594.92,3609.26,375.908,1359,
19,8,2.19567,1,3704.77,3847.79,437.634,5327,
16,12,30.0003,0,3469.64,3643.48,458.696,77692,
16,14,30,0,3566.39,3691.66,404.741,119636,
19,17,1.48682,1,4744.41,4798.75,365.137,8795,
19,21,0.766252,1,3903.79,3959.42,441.419,3616,
16,25,30.0003,0,3813.34,4373.21,444.323,62611,
19,24,0.752218,1,3816.38,3881.82,368.046,3740,
17,5,30.0013,0,3180.52,3392.97,412.843,63457,
19,18,2.26815,1,3236.91,3422.08,356.695,7704,
17,12,30.0003,0,3751.57,3925.42,458.696,87571,
20,3,0.852194,1,3097.73,3178.5,445.265,6225,
19,20,2.9486,1,4217.73,4304.86,375.057,7889,
20,6,0.370269,1,3444.99,3463.84,360.887,2372,
17,14,30.0007,0,3713.88,3877.56,393.892,79886,
20,9,0.0871315,1,4987.47,5023.31,424.866,365,
19,4,11.7832,1,2928.29,3174.75,377.653,58113,
19,7,8.19346,1,4187.78,4370.89,446.6,20215,
20,13,0.189464,1,3898.67,3913.01,375.908,1359,
20,11,0.523539,1,3893.58,4045.46,431.972,2090,
17,25,30,0,3944.39,4504.18,444.323,61415,
20,15,0.189333,1,3664.12,3707.9,391.488,2008,
20,16,0.219437,1,4374.74,4516.89,487.706,859,
20,17,1.57627,1,4814.1,4868.45,365.137,8795,
18,5,30.0001,0,3529.82,3708.01,412.843,73758,
20,1,8.62078,1,3435.5,3516.13,327.977,65306,
20,21,1.42648,1,4215.33,4281.67,441.419,6176,
20,20,3.03416,1,4247.02,4334.14,375.057,7889,
20,8,12.3132,1,3917.6,4063.48,437.634,25389,
18,12,30.0001,0,3942.56,4122.95,420.481,78867,
18,14,30.0001,0,4138.68,4296.06,434.994,85395,
20,18,9.89352,1,3530.51,3727.69,356.695,33381,
19,19,17.6413,1,4124.48,4185.03,374.662,68421,
20,4,16.0657,1,3100.84,3347.78,377.653,79160,
18,22,30.0003,0,4877.78,4955.04,418.727,160021,
18,25,30.0004,0,3958.57,4534.38,444.323,61659,
21,6,0.416311,1,3605.89,3624.74,360.887,2372,
21,3,5.5971,1,3407.24,3510.37,445.265,36023,
21,9,0.189038,1,5323.08,5381.58,424.866,698,
19,5,30.0005,0,3606.35,3705.46,424.236,79613,
20,19,18.2584,1,4203.31,4263.86,374.662,68421,
20,24,13.5176,1,4189.69,4281.39,397.751,52287,
21,13,0.239407,1,4139.34,4165.07,375.908,1332,
21,11,1.29035,1,3996.92,4149.99,431.972,5362,
19,10,30.0001,0,4016.66,4143.11,416.053,116850,
19,12,30.0002,0,4191.05,4362.32,457.985,79862,
21,15,0.493622,1,3769.83,3823.78,391.488,4856,
19,14,30.0003,0,4224.62,4382.03,434.654,85730,
21,8,8.00688,1,4177.22,4348.35,437.634,28748,
19,23,29.9694,1,4661.79,4763.34,455.631,156263,
19,22,30.0001,0,5199.33,5271.36,418.634,161366,
21,16,1.20724,1,4587,4795.88,466.74,3089,
21,17,1.56505,1,4922,4976.34,365.137,8795,
19,25,30.001,0,4290.58,4866.26,444.323,59140,
20,2,30.0002,0,4149.26,4374.81,455.926,39497,
21,21,1.47223,1,4361.48,4430.3,441.419,6219,
20,5,30.0002,0,3662.36,3851.86,444.128,62611,
20,7,30.0001,0,4383.6,4627.55,447.997,65038,
20,10,30.0001,0,4119.1,4267.22,405.365,74992,
20,12,30.0002,0,4512.97,4695.8,457.985,80739,
20,14,30.0001,0,4558.06,4680.49,429.828,81106,
21,20,6.84459,1,4549.54,4637.7,375.151,19342,
22,6,0.441591,1,3874.77,3898.39,360.887,2586,
22,9,0.299046,1,5409.21,5474,424.866,1052,
20,22,30.0001,0,5360.13,5413.59,415.378,157267,
20,23,30.0001,0,4822.59,4931.76,449.993,158608,
22,11,1.21587,1,4199.45,4358.53,431.972,4802,
20,25,30.0002,0,4393.93,4969.54,444.323,56629,
22,13,3.3297,1,4542.83,4585.88,414.881,14912,
21,1,30.0002,0,3698.19,3803.15,325.404,156763,
21,2,30.0002,0,4566.92,4804.03,456.091,38957,
22,8,10.0529,1,4443.1,4620.14,437.634,35917,
22,15,0.614394,1,4051.67,4106.24,391.488,5338,
21,4,30.0001,0,3542,3806.79,486.171,136806,
22,16,1.00883,1,4853.23,5062.1,466.74,2347,
21,19,18.4867,1,4316.64,4391.72,374.662,68531,
21,5,30.0001,0,3940.11,4126.22,443.508,59553,
22,21,1.56636,1,4426.24,4495.07,441.419,6219,
22,17,2.81958,1,4975.32,5033.4,365.137,12117,
21,7,30.0001,0,4487.04,4791.21,460.673,54028,
21,10,30.0006,0,4242.98,4390.44,405.365,73722,
21,12,30.0003,0,4855.75,5044.23,419.858,80979,
22,20,7.58815,1,4841.97,4939.07,374.435,21653,
21,14,30.0001,0,4875.26,4997.14,430.984,79339,
21,24,26.9866,1,4508.48,4611.7,404.456,91608,
21,18,30.0004,0,3818.27,4026.93,370.412,69500,
23,3,2.67321,1,3817.6,3945.36,445.265,15250,
21,22,30.0002,0,5699.48,5748.76,418.704,137391,
21,23,30.0002,0,4906.47,5022.22,456.042,147745,
21,25,30,0,4727.64,5235.97,474.858,56838,
23,6,2.12752,1,4222.88,4264.18,360.887,10645,
22,1,30.0001,0,3885.15,3989.46,330.33,146184,
23,9,0.433072,1,5570.17,5635.41,424.866,1785,
22,2,30.0008,0,4631.79,4901.14,456.091,48775,
23,15,0.638146,1,4257.69,4315.5,391.488,5356,
22,3,30,0,3533.12,3642,445.265,155752,
23,11,2.23924,1,4351.91,4511.62,431.972,8818,
22,4,30.0001,0,3787.61,4037.42,480.838,131438,
22,5,30.0003,0,4158.8,4344.79,460.797,59069,
23,13,3.47871,1,4812.8,4855.85,414.881,14912,
23,8,6.6465,1,4495.92,4761.98,449.513,19040,
22,7,30.0001,0,4589.38,4895.33,469.927,51375,
23,17,2.92579,1,4996.75,5054.83,365.137,12117,
22,10,30.0001,0,4478.17,4625.85,412.255,74050,
23,21,5.22253,1,4665.49,4759.87,441.419,18758,
22,12,30.0001,0,5126.36,5308.37,457.985,63614,
23,20,8.79619,1,5005.48,5114.72,374.435,23518,
22,14,30.0001,0,5156.34,5275.19,426.399,92040,
22,18,30.0005,0,4138.44,4350.66,350.792,67065,
22,19,30.0002,0,4645.04,4744.27,374.662,77938,
22,22,30.0001,0,5866.48,5940.98,415.378,131586,
22,23,30.0001,0,5125.26,5255.14,460.714,139776,
22,24,30.0001,0,4783.98,4890.12,382.278,99396,
22,25,30,0,4749.51,5257.49,472.444,56162,
23,1,30.0001,0,4152.81,4250.55,325.404,136859,
24,6,2.21441,1,4235.91,4277.21,360.887,10645,
24,9,0.464374,1,5706.94,5772.19,424.866,1785,
24,13,0.183322,1,5248.97,5292.89,436.164,782,
24,11,1.05115,1,4662.04,4850.13,426.069,4293,
23,24,17.8876,1,5093.91,5202.37,404.456,56306,
23,2,30.0003,0,4759.73,5029.4,456.091,47096,
24,15,1.25794,1,4593.87,4652.7,391.488,7959,
23,4,30.0001,0,3805.34,4054.71,481.461,127868,
24,8,5.92523,1,4769.52,5038.53,449.513,16621,
23,5,30.0007,0,4407.19,4609.97,455.521,50762,
23,7,30.0007,0,4900.31,5202.64,468.831,47946,
23,10,30.0001,0,4668.48,4812.87,410.698,73480,
23,12,30.0003,0,5291.94,5471.17,457.985,60431,
23,14,30,0,5442.42,5578.35,425.652,93015,
23,16,30.0001,0,5175.46,5407.47,468.136,70746,
23,18,30.0002,0,4261.1,4486.47,350.792,61610,
24,21,5.13551,1,4984.6,5078.97,441.419,17396,
24,17,8.57966,1,5293.02,5363.35,365.137,35297,
23,19,30.0001,0,4893.86,4992.77,374.662,68956,
23,22,30.0001,0,6059.67,6159.3,415.401,112309,
23,23,30.0003,0,5378.19,5516.34,463.909,127708,
23,25,30.0001,0,5052.54,5547.46,471.641,28805,
24,1,30,0,4521.91,4621.27,374.997,126132,
24,2,30,0,4916.95,5194.46,458.959,62869,
24,3,30.0003,0,4157.49,4347.48,446.552,110712,
25,9,3.50542,1,5963.33,6034.7,424.866,14872,
24,4,30.0001,0,4135.17,4394.57,486.115,116580,
24,5,30.0003,0,4602,4800.75,462.663,51784,
25,13,0.206759,1,5506.45,5561.77,436.164,797,
25,8,8.26537,1,5110.79,5428.34,449.513,21035,
25,11,2.2543,1,4723.81,4931.85,426.069,7257,
24,7,30.0003,0,5169.1,5469.59,496.931,44190,
25,6,13.0251,1,4307.81,4355.35,360.887,69290,
24,10,30.0002,0,4976.94,5120.05,408.028,73636,
24,12,30.0001,0,5417.21,5593.76,457.985,54545,
24,14,30.0003,0,5706.41,5845.88,426.762,86387,
24,16,30,0,5209.47,5441.41,467.362,67814,
24,18,30.0003,0,4448.99,4674.01,358.092,59515,
24,20,30.0001,0,5304.87,5441.32,374.435,64311,
24,19,30.0002,0,5134.38,5238.6,375.284,56603,
24,22,30.0002,0,6143.81,6243.23,415.401,107094,
24,23,30.0009,0,5450.93,5637.8,455.008,28712,
24,24,30.0004,0,5279.51,5388.35,382.278,90775,
25,15,14.1489,1,4747.53,4817.34,391.488,98468,
24,25,30.0004,0,5209.58,5699.03,492.04,25352,
25,1,30.0004,0,4657.76,4760.01,369.093,120485,
25,2,30.0001,0,5286.26,5563.81,456.091,60599,
25,3,30,0,4417.8,4607.64,450.268,106485,
25,4,30.0001,0,4146.4,4405.49,480.838,113282,
25,5,30.0003,0,4770.29,4980.35,454.901,50327,
25,7,30,0,5399.5,5693.09,440.2,39157,
25,17,20.6705,1,5533.94,5618.55,365.137,77255,
26,11,2.71715,1,4790.82,5003.95,426.069,7961,
26,9,4.44023,1,6132.36,6204.05,424.866,17871,
26,8,6.42754,1,5301.78,5621.57,449.513,15659,
26,15,2.44938,1,4846.72,4916.52,391.488,14646,
25,10,30,0,5054.47,5223.4,413.932,64734,
26,13,5.30918,1,5847.86,5931.67,436.164,18800,
25,21,23.2912,1,5409.4,5505.48,441.867,57030,
25,12,30.0003,0,5434.28,5610.12,457.985,50859,
26,6,13.5865,1,4486.12,4533.66,360.887,69290,
25,14,30.0002,0,5894.26,6088.95,436.196,47036,
25,16,30.0003,0,5356.78,5591.92,468.136,67439,
25,18,30.0005,0,4768.2,4988.55,356.068,50919,
25,19,30.0003,0,5182.25,5286.28,375.284,54367,
25,20,30,0,5444.27,5581.99,374.435,57415,
25,22,30.0004,0,6210.67,6318.1,415.401,87833,
25,23,30.0014,0,5784.52,5969.36,455.008,24815,
25,24,30.0002,0,5324.34,5452.15,382.278,88834,
25,25,30.0004,0,5527.02,6029.41,469.423,23141,
26,1,30.0001,0,4843.35,4942.99,369.093,112834,
26,2,30.0003,0,5587.8,5897.03,456.549,52881,
26,3,30.0003,0,4678.82,4871.07,445.888,101680,
26,4,30.0002,0,4379.01,4630.73,486.737,98029,
26,5,30.0005,0,5185.72,5394.77,454.901,45521,
26,17,21.5173,1,5700.25,5784.87,365.137,77255,
26,7,30.0009,0,5784.75,6093.69,469.927,33711,
26,10,30.0001,0,5063.98,5232.76,411.32,63210,
26,12,30.0012,0,5762.68,5933.16,443.185,39340,
27,8,7.57193,1,5533.82,5854.72,449.513,17749,
27,11,4.08458,1,5024.29,5241.91,431.972,10244,
26,14,30.0005,0,6103.64,6300.75,441.529,31969,
26,16,30.0005,0,5538.04,5773.09,468.122,65048,
26,18,30.0007,0,4995.66,5214.24,360.895,43587,
26,19,30.0006,0,5480.46,5590.55,375.284,47202,
26,20,30.0006,0,5756.44,5912.24,375.057,50767,
26,21,30.0003,0,5598.39,5774.72,454.348,42957,
26,22,30.0003,0,6489.68,6596.58,415.378,80294,
26,23,30.0012,0,5921.24,6106.64,443.615,25222,
26,24,30.0003,0,5482.68,5618.26,381.425,72981,
26,25,30.0006,0,5734.43,6176.34,492.765,21694,
27,1,30.0001,0,4968.49,5069.32,370.644,101172,
27,2,30.0005,0,5960.87,6283.58,456.549,53569,
27,3,30.0003,0,4873.82,5096.21,445.265,93612,
27,4,30,0,4694.25,4950.17,481.461,90052,
27,5,30.0007,0,5203.64,5412.39,454.216,44440,
27,6,30.0001,0,4651.08,4699.1,360.887,149556,
27,13,22.7133,1,6071.04,6165.4,436.164,77071,
27,7,30.0005,0,6004.37,6303,452.134,31528,
27,9,27.0459,1,6406.64,6487.37,424.866,103296,
27,10,30.0006,0,5133.5,5422.77,449.994,47209,
27,12,30.0008,0,5909.8,6068.52,443.185,36950,
27,14,30.0006,0,6386.14,6581.69,439.797,29494,
28,8,9.16244,1,5716.89,6040.36,449.513,19022,
27,15,30,0,5090.55,5184.74,391.488,127363,
27,16,30.0002,0,5836.31,6086.77,467.36,51814,
27,17,30.0001,0,5826.26,5911.48,365.137,107054,
27,18,30.0002,0,5112.55,5329.09,356.695,36958,
28,11,10.426,1,5237.62,5467.56,426.069,30406,
27,19,30.0002,0,5729.79,5839.44,375.284,41691,
27,20,30.0002,0,5772.17,5927.69,375.057,47849,
27,21,30.0011,0,5867.44,6109.54,466.66,27045,
27,22,30.0006,0,6661.04,6767.88,414.563,78150,
27,23,30.0004,0,6131.16,6321.52,448.699,22318,
27,24,30.0004,0,5697.89,5841.04,382.278,57513,
27,25,30.0014,0,5886.66,6335.63,471.236,21383,
28,1,30.0001,0,5117.13,5217.76,374.997,97291,
28,2,30.0006,0,6084.99,6407.57,456.091,50978,
28,3,30.0001,0,5086.08,5315.25,451.908,86403,
28,17,12.7009,1,6087.16,6207.37,362.591,34220,
28,4,30.0001,0,4867.73,5121.18,480.838,85567,
28,5,30.0002,0,5504.98,5708.99,454.901,39900,
28,6,30,0,4827.26,4874.57,360.887,127304,
28,7,30.001,0,6195.43,6492.14,474.735,28809,
28,9,28.4023,1,6500.44,6586.09,424.866,103468,
28,10,30.0003,0,5280.87,5568.65,422.086,45135,
28,12,30.0001,0,5918.49,6099.59,424.942,35354,
28,13,30.0002,0,6175.59,6326.81,441.709,38934,
29,11,7.51109,1,5581.55,5811.49,426.069,18967,
28,14,30.0006,0,6670.43,6856.93,436.196,32418,
28,15,30.0003,0,5412.89,5524,391.488,91071,
28,16,30.0001,0,5973.64,6244.97,467.447,50486,
28,19,30.0004,0,5970.43,6087.35,375.284,36846,
28,18,30.0005,0,5233.61,5493.4,348.219,29473,
28,20,30.0001,0,5920.95,6077.13,376.618,48783,
28,21,30.001,0,6161.61,6395.88,462.536,25454,
28,22,30.0001,0,6964.22,7096.3,415.378,76931,
28,23,30.0013,0,6284.48,6473.55,448.699,20297,
28,24,30.0004,0,5867.41,6019.4,382.278,52713,
28,25,30.0001,0,6010.95,6304.05,460.023,31764,
29,1,30.0003,0,5304.28,5410.18,370.644,83779,
29,2,30.0008,0,6360.49,6689.08,455.998,39452,
29,3,30.0003,0,5347.04,5586.48,451.285,63362,
29,4,30.0001,0,5240.8,5532.88,481.461,72226,
29,5,30.0004,0,5585.27,5787.76,450.557,35243,
29,6,30.0001,0,5092.71,5140.41,366.608,120455,
29,7,30.0012,0,6428.33,6719.82,442.059,25112,
29,8,30.0003,0,5923.53,6266.02,449.513,60651,
29,9,30.0002,0,6678.99,6773.07,424.866,110176,
29,10,30.0003,0,5539.04,5824.21,422.086,40313,
29,12,30.0007,0,6204.55,6371.35,424.942,29083,
29,13,30.0002,0,6597.02,6749.62,436.786,42824,
29,14,30.0009,0,6743.18,6948.56,436.196,30804,
29,15,30.0003,0,5630.6,5745.69,391.488,82712,
29,16,30.0004,0,5999.81,6280.22,468.028,47818,
29,17,30.0004,0,6329.64,6452.6,362.591,74558,
29,18,30.0008,0,5463.11,5727.79,354.122,25368,
29,19,30.0005,0,6166.18,6307.18,375.284,35373,
29,20,30.0002,0,5938.87,6094.49,375.057,43782,
29,21,30.0004,0,6449.23,6680.44,473.018,23033,
30,11,13.7106,1,5909.95,6192.56,426.069,30190,
29,22,30.0005,0,7267.28,7406.68,414.563,71441,
29,23,30.0008,0,6591.34,6780.3,448.699,19289,
29,24,30.0001,0,6232.89,6389.84,392.32,50332,
29,25,30.0009,0,6125.34,6417.67,461.406,30075,
30,1,30.0001,0,5673.02,5785.74,380.136,74602,
30,2,30,0,6564.56,6918.07,456.478,30980,
30,3,30.0001,0,5541.74,5823.5,453.194,34221,
30,4,30,0,5261.52,5553.19,481.461,66113,
30,5,30.0002,0,5857.35,6057.98,437.08,34572,
30,6,30.0002,0,5425.24,5474.82,361.51,98895,
30,7,30.0014,0,6607.71,6908.76,434.297,18702,
30,8,30.0004,0,5981.63,6323.52,449.513,54280,
30,9,30.0002,0,6698.46,6792.47,424.866,104066,
30,10,30.0003,0,5709.31,5993.71,413.932,36025,
30,12,30.0005,0,6454.94,6618.9,443.185,28605,
30,13,30.0003,0,6771.15,6924.32,436.164,25297,
30,14,30.0011,0,7075.2,7302.25,430.136,24336,
30,15,30.0006,0,5766.04,5880.96,391.488,73236,
30,16,30.0005,0,6411.67,6704.69,467.725,28893,
30,17,30.0006,0,6415.63,6612.9,382.708,32477,
30,18,30.0009,0,5848.91,6120.57,409.385,18397,
30,19,30.0008,0,6227.95,6368.7,375.284,32706,
30,20,30.0001,0,6304.36,6471.96,384.181,32215,
30,21,30.0003,0,6835.91,7058.86,443.527,21545,
30,22,30.0001,0,7428.18,7579.33,414.563,60431,
30,23,30.0016,0,6658.21,6846.96,455.008,16790,
30,24,30.0011,0,6468.04,6626.35,384.704,27877,
30,25,30.0009,0,6354.07,6638.13,460.023,23762,
31,1,30.0004,0,5940.58,6052.5,373.826,65373,
31,2,30.0002,0,6860.3,7213.1,455.926,25373,
31,3,30.0003,0,5562.49,5851.67,453.194,24320,
31,4,30.0003,0,5565.01,5873.29,441.81,55329,
31,11,23.5908,1,5984.03,6267.35,426.069,55897,
31,5,30.0001,0,6011.99,6210.17,464.003,26565,
31,6,30.0002,0,5500.48,5550.25,361.51,84802,
31,7,30.0009,0,6906.03,7201.29,469.927,15380,
31,8,30.0005,0,6163.98,6506.41,449.513,46420,
31,9,30.0003,0,6968.98,7065.31,427.031,87327,
31,10,30.0006,0,5815.73,6095.27,405.365,34169,
31,12,30.0001,0,6824.92,6983.81,448.268,16189,
31,13,30.0008,0,7096.73,7243.21,445.303,16238,
31,14,30.0005,0,7429.28,7686.21,424.803,14704,
31,15,30.0005,0,5912.11,6026.7,391.488,59187,
31,16,30.0032,0,6433.1,6720.34,522.445,17441,
31,17,30.0003,0,6495.92,6749.28,369.518,20355,
31,18,30.0012,0,5925.5,6227.25,413.182,17253,
31,21,30.0001,0,6919.77,7137.82,462.536,17455,
31,22,30.0003,0,7735.41,7886.15,414.563,59473,
31,20,30.0017,0,6536.24,6702.32,376.881,23181,
31,19,30.0007,0,6507.04,6647.13,372.646,26749,
31,23,30.0028,0,6782.24,6976.25,443.615,16098,
31,24,30.0001,0,6817.34,6979.56,382.278,36778,
31,25,30.0013,0,6446.93,6749.64,462.83,18403,
32,1,30.0003,0,6200.81,6313.45,391.666,38981,
32,2,30.0003,0,7182.21,7529.03,455.926,16132,
32,3,30.0003,0,5708.06,5996.64,451.908,22036,
32,4,30.0005,0,5802.24,6140.66,481.461,44253,
32,5,30.0014,0,6379.36,6586.9,459.239,15661,
32,6,30.0002,0,5620.05,5670.64,360.887,68952,
32,7,30.0022,0,7088.14,7379.03,534.549,13212,
32,8,30.0007,0,6213,6556.6,449.513,47869,
32,9,30.0004,0,7245.22,7341.65,426.743,71125,
32,10,30.0005,0,6017.11,6290.84,410.698,26499,
32,11,30.002,0,6078.83,6380.75,426.069,42623,
32,12,30.0003,0,6877.74,7136.34,443.185,19616,
32,13,30.0012,0,7444.02,7589.58,436.164,15517,
32,14,30.0022,0,7847.8,8108.27,430.136,15731,
32,15,30.0002,0,6357.01,6491.34,464.522,63702,
32,16,30.0009,0,6692.14,6984.23,467.362,16261,
32,17,30.003,0,6665.86,6888.57,375.168,9584,
32,18,30.002,0,6063.28,6343.38,420.945,11189,
32,19,30.0001,0,6641.99,6796.79,375.284,25837,
32,20,30.0003,0,6878,7050.17,376.881,18571,
32,22,30.0001,0,7890.42,8139.08,414.563,34812,
32,21,30.0027,0,7231.33,7441.01,462.536,12246,
32,23,30.0003,0,6905.3,7100.87,443.615,15821,
32,24,30.0095,0,6831.8,6991.11,387.377,16182,
32,25,30.0012,0,6615.3,6919.53,462.83,19685,
33,1,30.0004,0,6290.76,6403.51,369.716,43207,
33,2,30.0007,0,7515.79,7860.81,455.926,15104,
33,3,30.001,0,5840.27,6132.4,446.1,23278,
33,4,30.0006,0,6105.91,6446.12,480.838,31177,
33,5,30.0019,0,6690.04,6900.39,444.369,19120,
33,6,30,0,5979.93,6030.45,361.51,64779,
33,7,30.0005,0,7389.75,7678.64,464.023,12562,
33,8,30.0001,0,6230.92,6572.39,449.513,31145,
33,9,30.0023,0,7399.85,7506.63,424.866,35732,
33,10,30.0009,0,6308.52,6586.33,410.698,28033,
33,11,30.0003,0,6455.26,6767.18,439.567,26078,
33,12,30.0058,0,7100.45,7353.14,425.191,13463,
33,13,30.0009,0,7690.48,7835.89,441.087,21004,
33,14,30.0052,0,7972.63,8242.08,448.13,3587,
33,15,30.0013,0,6508.86,6646.3,464.522,50403,
33,16,30.0004,0,6765.55,7060.5,468.92,22179,
33,17,30.0002,0,6759.62,6998.15,363.235,15596,
33,18,30.0015,0,6083.28,6392.82,429.924,15092,
33,19,30.0018,0,6898.03,7053.48,373.268,18296,
33,20,30.001,0,7003.48,7211.67,390.547,16256,
33,21,30.001,0,7489.89,7702.28,457.203,17789,
33,22,30.0006,0,8216.06,8482.82,415.378,23557,
33,23,30.0029,0,7027.89,7223.99,455.008,16455,
33,24,30.0001,0,6854.19,7012.01,388.501,10322,
33,25,30.0021,0,6897.14,7176.55,460.783,9233,
34,1,30.0009,0,6563.95,6676.29,374.449,31493,
34,2,30.0014,0,7581.98,7929.16,455.926,17237,
34,3,30.001,0,6135.76,6403.7,453.868,7224,
34,4,30,0,6385.72,6780.88,452.556,26931,
34,5,30.0008,0,6750.03,6957.86,460.804,15513,
34,6,30.0003,0,6200.27,6249.77,360.887,39179,
34,7,30.0044,0,7557.8,7822.74,434.297,5839,
34,8,30.0003,0,6352.69,6701.5,428.96,32722,
34,9,30.0002,0,7570.99,7683.25,424.866,38719,
34,10,30.0002,0,6641.27,6976.03,410.698,29519,
34,11,30.0001,0,6557.6,6870.01,426.069,29300,
34,12,30.0017,0,7245.17,7510.85,419.858,15651,
34,13,30.0004,0,7861.51,8014.19,436.164,14163,
34,14,30.002,0,8139.92,8443.04,436.196,8168,
34,15,30.0001,0,6942.93,7100.09,464.522,53368,
34,16,30.0006,0,6794.47,7096.9,482.39,11182,
34,17,30.0003,0,7109.62,7347.69,362.591,15526,
34,18,30.0007,0,6245.42,6582.99,429.924,15375,
34,19,30.0013,0,7064.79,7220.59,375.284,18779,
34,20,30.0019,0,7304.74,7513.06,390.547,14191,
34,21,30.0012,0,7500.86,7710.35,457.203,15271,
34,22,30.0001,0,8228.64,8495.44,414.563,23504,
34,23,30.0007,0,7049.32,7242.82,455.008,13809,
34,24,30.0008,0,7077.76,7255.14,388.24,21745,
34,25,30.0025,0,6977.43,7268.31,469.423,30508,
