3,0.5,1,0.24149194,1,432.617821368,433.087112569,162.158951776,22,0,1179,2166.325604112,21,336.384501297,0,0.0,0,0.0,0,0.0,0,0.0,0,0.0,
3,0.5,2,0.298451659,1,293.89524151,293.959115808,173.431379237,63,0,832,1271.222822733,62,120.859184973,0,0.0,0,0.0,0,0.0,0,0.0,0,0.0,
3,0.5,3,0.001202828,1,217.20467327,217.20467327,114.109365593,1,0,0,0.0,0,0.0,0,0.0,0,0.0,0,0.0,0,0.0,0,0.0,
3,0.5,4,0.002608926,1,419.594172579,419.594172579,171.258501431,1,0,0,0.0,0,0.0,0,0.0,0,0.0,0,0.0,0,0.0,0,0.0,
3,0.5,5,0.002844577,1,459.956679347,459.956679347,179.297856041,1,0,0,0.0,0,0.0,0,0.0,0,0.0,0,0.0,0,0.0,0,0.0,
3,0.5,6,0.003677083,1,482.963858206,482.963858206,228.344802699,1,0,0,0.0,0,0.0,0,0.0,0,0.0,0,0.0,0,0.0,0,0.0,
3,0.5,7,0.001493853,1,269.109129434,269.109129434,134.13579796,1,0,0,0.0,0,0.0,0,0.0,0,0.0,0,0.0,0,0.0,0,0.0,
3,0.5,8,0.001913066,1,282.703854233,282.703854233,137.030992916,1,0,0,0.0,0,0.0,0,0.0,0,0.0,0,0.0,0,0.0,0,0.0,
3,0.5,9,0.003572157,1,532.647246272,532.647246272,252.689178428,1,0,0,0.0,0,0.0,0,0.0,0,0.0,0,0.0,0,0.0,0,0.0,
3,0.5,10,0.00463806,1,301.607416628,301.60769297,132.945719372,2,0,6,35.902684124,1,10.798215398,0,0.0,0,0.0,0,0.0,0,0.0,0,0.0,
3,0.5,11,0.001550759,1,352.635329813,352.635329813,156.319484892,1,0,0,0.0,0,0.0,0,0.0,0,0.0,0,0.0,0,0.0,0,0.0,
3,0.5,12,0.003929093,1,507.828469835,507.828469835,226.009705095,1,0,0,0.0,0,0.0,0,0.0,0,0.0,0,0.0,0,0.0,0,0.0,
3,0.5,13,0.002586024,1,318.789709088,318.789709088,229.271877291,1,0,0,0.0,0,0.0,0,0.0,0,0.0,0,0.0,0,0.0,0,0.0,
3,0.5,14,0.01355289,1,678.679312415,678.685180152,233.993266637,2,0,4,34.521241229,1,10.504095605,0,0.0,0,0.0,0,0.0,0,0.0,0,0.0,
3,0.5,15,0.001263491,1,279.624404709,279.624404709,129.538095442,1,0,0,0.0,0,0.0,0,0.0,0,0.0,0,0.0,0,0.0,0,0.0,
3,0.5,16,0.00205981,1,388.971433461,388.971433461,142.211722394,1,0,0,0.0,0,0.0,0,0.0,0,0.0,0,0.0,0,0.0,0,0.0,
3,0.5,17,0.004139505,1,502.831061581,502.831061581,259.069110145,1,0,0,0.0,0,0.0,0,0.0,0,0.0,0,0.0,0,0.0,0,0.0,
3,0.5,18,0.155728133,1,182.770562002,183.015598962,82.952153895,80,0,346,1891.822836306,79,555.612554176,0,0.0,0,0.0,0,0.0,0,0.0,0,0.0,
3,0.5,19,0.109329192,1,311.877662396,311.938439284,117.249481426,39,0,413,1450.675269114,38,170.696501495,0,0.0,0,0.0,0,0.0,0,0.0,0,0.0,
3,0.5,20,0.448384184,1,559.511126486,560.750164862,250.435793791,78,0,338,1472.271458056,77,326.345396238,0,0.0,0,0.0,0,0.0,0,0.0,0,0.0,
3,0.5,21,0.002135361,1,368.855227433,368.855227433,185.603301522,1,0,0,0.0,0,0.0,0,0.0,0,0.0,0,0.0,0,0.0,0,0.0,
3,0.5,22,0.002370732,1,347.563341424,347.563341424,147.567157456,1,0,0,0.0,0,0.0,0,0.0,0,0.0,0,0.0,0,0.0,0,0.0,
3,0.5,23,0.006199326,1,660.246360783,660.246360783,256.604936907,1,0,0,0.0,0,0.0,0,0.0,0,0.0,0,0.0,0,0.0,0,0.0,
3,0.5,24,0.002570284,1,416.385057531,416.385057531,154.510848952,1,0,0,0.0,0,0.0,0,0.0,0,0.0,0,0.0,0,0.0,0,0.0,
3,0.5,25,0.001397633,1,306.410783221,306.410783221,129.771588073,1,0,0,0.0,0,0.0,0,0.0,0,0.0,0,0.0,0,0.0,0,0.0,
4,0.5,1,0.241918599,1,494.83681829,495.306109491,162.158951776,22,0,1179,2166.325604112,21,336.384501297,0,0.0,0,0.0,0,0.0,0,0.0,0,0.0,
4,0.5,2,0.308267947,1,402.500493239,402.564367536,173.431379237,63,0,832,1271.222822733,62,120.859184973,0,0.0,0,0.0,0,0.0,0,0.0,0,0.0,
4,0.5,3,0.00156178,1,300.98302056,300.98302056,114.109365593,1,0,0,0.0,0,0.0,0,0.0,0,0.0,0,0.0,0,0.0,0,0.0,
4,0.5,4,0.003126905,1,502.748005742,502.748005742,171.258501431,1,0,0,0.0,0,0.0,0,0.0,0,0.0,0,0.0,0,0.0,0,0.0,
4,0.5,5,0.003937721,1,588.769134359,588.769134359,179.297856041,1,0,0,0.0,0,0.0,0,0.0,0,0.0,0,0.0,0,0.0,0,0.0,
4,0.5,6,0.004683424,1,666.946724076,666.946724076,228.344802699,1,0,0,0.0,0,0.0,0,0.0,0,0.0,0,0.0,0,0.0,0,0.0,
4,0.5,7,0.175812037,1,464.284561352,464.415780041,195.306650607,33,0,386,1465.498563342,32,298.331089691,0,0.0,0,0.0,0,0.0,0,0.0,0,0.0,
4,0.5,8,0.001991662,1,289.170487592,289.170487592,137.030992916,1,0,0,0.0,0,0.0,0,0.0,0,0.0,0,0.0,0,0.0,0,0.0,
4,0.5,9,4.352958172,1,776.496565183,777.383813626,253.570639959,169,0,2905,8448.741633584,168,959.542793171,0,0.0,0,0.0,0,0.0,0,0.0,0,0.0,
4,0.5,10,0.005756781,1,404.020939874,404.021216216,132.945719372,2,0,6,35.902684124,1,10.798215398,0,0.0,0,0.0,0,0.0,0,0.0,0,0.0,
4,0.5,11,0.002061804,1,410.573414594,410.573414594,156.319484892,1,0,0,0.0,0,0.0,0,0.0,0,0.0,0,0.0,0,0.0,0,0.0,
4,0.5,12,0.198108999,1,611.637269042,611.687003913,226.059439965,2,0,66,122.156295382,1,0.0,0,0.0,0,0.0,0,0.0,0,0.0,0,0.0,
4,0.5,13,0.004896853,1,604.630517272,604.630517272,285.840808184,1,0,0,0.0,0,0.0,0,0.0,0,0.0,0,0.0,0,0.0,0,0.0,
4,0.5,14,0.014179292,1,741.297590011,741.303457747,233.993266637,2,0,4,34.521241229,1,10.504095605,0,0.0,0,0.0,0,0.0,0,0.0,0,0.0,
4,0.5,15,0.003938641,1,517.133462337,517.133462337,237.509057628,1,0,0,0.0,0,0.0,0,0.0,0,0.0,0,0.0,0,0.0,0,0.0,
4,0.5,16,0.002889621,1,486.160210273,486.160210273,142.211722394,1,0,0,0.0,0,0.0,0,0.0,0,0.0,0,0.0,0,0.0,0,0.0,
4,0.5,17,0.004291701,1,594.440600715,594.440600715,259.069110145,1,0,0,0.0,0,0.0,0,0.0,0,0.0,0,0.0,0,0.0,0,0.0,
4,0.5,18,0.155379561,1,233.551259887,233.796296847,82.952153895,80,0,346,1891.822836306,79,555.612554176,0,0.0,0,0.0,0,0.0,0,0.0,0,0.0,
4,0.5,19,0.107309897,1,436.695237491,436.756014379,124.817575094,39,0,413,1450.675269114,38,170.696501495,0,0.0,0,0.0,0,0.0,0,0.0,0,0.0,
4,0.5,20,0.452295136,1,659.756241,660.995279376,250.435793791,78,0,338,1472.271458056,77,326.345396238,0,0.0,0,0.0,0,0.0,0,0.0,0,0.0,
4,0.5,21,0.073002978,1,510.73482377,510.796313123,185.603301522,9,0,42,257.840242439,8,62.482358777,0,0.0,0,0.0,0,0.0,0,0.0,0,0.0,
4,0.5,22,0.002963298,1,461.180422435,461.180422435,147.567157456,1,0,0,0.0,0,0.0,0,0.0,0,0.0,0,0.0,0,0.0,0,0.0,
4,0.5,23,0.229296083,1,904.855461757,905.330810586,256.604936907,19,0,82,516.849090727,18,114.978513482,0,0.0,0,0.0,0,0.0,0,0.0,0,0.0,
4,0.5,24,1.419613055,1,586.749882418,586.832117872,170.426570312,143,0,6603,14879.722289217,142,1277.534020828,0,0.0,0,0.0,0,0.0,0,0.0,0,0.0,
4,0.5,25,0.001764298,1,381.720641627,381.720641627,129.771588073,1,0,0,0.0,0,0.0,0,0.0,0,0.0,0,0.0,0,0.0,0,0.0,
5,0.5,1,0.239605252,1,529.416610812,529.885902013,162.158951776,22,0,1179,2166.325604112,21,336.384501297,0,0.0,0,0.0,0,0.0,0,0.0,0,0.0,
5,0.5,2,0.301306793,1,598.42344179,598.487316088,195.922948551,63,0,832,1271.222822733,62,120.859184973,0,0.0,0,0.0,0,0.0,0,0.0,0,0.0,
5,0.5,3,0.002097852,1,394.775363325,394.775363325,114.109365593,1,0,0,0.0,0,0.0,0,0.0,0,0.0,0,0.0,0,0.0,0,0.0,
5,0.5,4,0.004330344,1,704.228709184,704.228709184,201.480703442,1,0,0,0.0,0,0.0,0,0.0,0,0.0,0,0.0,0,0.0,0,0.0,
5,0.5,5,0.00411904,1,623.965182969,623.965182969,179.297856041,1,0,0,0.0,0,0.0,0,0.0,0,0.0,0,0.0,0,0.0,0,0.0,
5,0.5,6,0.004869232,1,717.739198756,717.739198756,228.344802699,1,0,0,0.0,0,0.0,0,0.0,0,0.0,0,0.0,0,0.0,0,0.0,
5,0.5,7,0.180712927,1,627.691300715,627.822519404,195.306650607,33,0,386,1465.498563342,32,298.331089691,0,0.0,0,0.0,0,0.0,0,0.0,0,0.0,
5,0.5,8,0.004826862,1,544.361709814,544.361709814,255.191222223,1,0,0,0.0,0,0.0,0,0.0,0,0.0,0,0.0,0,0.0,0,0.0,
5,0.5,9,4.408602335,1,937.883275858,938.770524301,253.570639959,169,0,2905,8448.741633584,168,959.542793171,0,0.0,0,0.0,0,0.0,0,0.0,0,0.0,
5,0.5,10,0.005871224,1,486.929435977,486.929712319,132.945719372,2,0,6,35.902684124,1,10.798215398,0,0.0,0,0.0,0,0.0,0,0.0,0,0.0,
5,0.5,11,0.002501866,1,439.331477254,439.331477254,156.319484892,1,0,0,0.0,0,0.0,0,0.0,0,0.0,0,0.0,0,0.0,0,0.0,
5,0.5,12,0.197419341,1,728.07324991,728.12298478,226.059439965,2,0,66,122.156295382,1,0.0,0,0.0,0,0.0,0,0.0,0,0.0,0,0.0,
5,0.5,13,0.00505588,1,684.310659879,684.310659879,285.840808184,1,0,0,0.0,0,0.0,0,0.0,0,0.0,0,0.0,0,0.0,0,0.0,
5,0.5,14,0.0148042,1,856.699383146,856.705250882,233.993266637,2,0,4,34.521241229,1,10.504095605,0,0.0,0,0.0,0,0.0,0,0.0,0,0.0,
5,0.5,15,0.003910409,1,605.14776013,605.14776013,237.509057628,1,0,0,0.0,0,0.0,0,0.0,0,0.0,0,0.0,0,0.0,0,0.0,
5,0.5,16,30.000931614,0,575.539480214,576.216435988,142.211722394,11657,0,62266,50413.9194182,11654,9613.537712208,0,0.0,0,0.0,0,0.0,0,0.0,0,0.0,
5,0.5,17,0.006903633,1,826.963169943,826.963169943,259.069110145,1,0,0,0.0,0,0.0,0,0.0,0,0.0,0,0.0,0,0.0,0,0.0,
5,0.5,18,0.159451441,1,274.872341689,275.117378649,82.952153895,80,0,346,1891.822836306,79,555.612554176,0,0.0,0,0.0,0,0.0,0,0.0,0,0.0,
5,0.5,19,0.10986833,1,573.083852254,573.144629142,136.388614764,39,0,413,1450.675269114,38,170.696501495,0,0.0,0,0.0,0,0.0,0,0.0,0,0.0,
5,0.5,20,2.340323421,1,895.46876905,896.809300495,250.53728686,306,0,1268,6869.648451218,305,1735.823679529,0,0.0,0,0.0,0,0.0,0,0.0,0,0.0,
5,0.5,21,0.240744755,1,581.839150565,581.943955806,185.603301522,62,0,280,1958.558607342,61,452.423550011,0,0.0,0,0.0,0,0.0,0,0.0,0,0.0,
5,0.5,22,0.004277375,1,659.173440494,659.173440494,197.993018059,1,0,0,0.0,0,0.0,0,0.0,0,0.0,0,0.0,0,0.0,0,0.0,
5,0.5,23,0.2344411,1,915.515865516,915.991214345,256.604936907,19,0,82,516.849090727,18,114.978513482,0,0.0,0,0.0,0,0.0,0,0.0,0,0.0,
5,0.5,24,1.409170817,1,681.98142593,682.063661383,170.426570312,143,0,6603,14879.722289217,142,1277.534020828,0,0.0,0,0.0,0,0.0,0,0.0,0,0.0,
5,0.5,25,0.00278756,1,526.359421432,526.359421432,144.638779805,1,0,0,0.0,0,0.0,0,0.0,0,0.0,0,0.0,0,0.0,0,0.0,
6,0.5,1,4.16926774,1,850.779313443,851.56443046,321.678528447,219,0,6993,14228.730367202,218,1756.951339069,0,0.0,0,0.0,0,0.0,0,0.0,0,0.0,
6,0.5,2,0.307265591,1,867.431996027,867.495870325,269.008554237,63,0,832,1271.222822733,62,120.859184973,0,0.0,0,0.0,0,0.0,0,0.0,0,0.0,
6,0.5,3,0.003421716,1,571.625976867,571.625976867,176.850613541,1,0,0,0.0,0,0.0,0,0.0,0,0.0,0,0.0,0,0.0,0,0.0,
6,0.5,4,0.004478481,1,713.707813553,713.707813553,201.480703442,1,0,0,0.0,0,0.0,0,0.0,0,0.0,0,0.0,0,0.0,0,0.0,
6,0.5,5,0.004234005,1,665.461034051,665.461034051,179.297856041,1,0,0,0.0,0,0.0,0,0.0,0,0.0,0,0.0,0,0.0,0,0.0,
6,0.5,6,0.005195491,1,763.741588532,763.741588532,228.344802699,1,0,0,0.0,0,0.0,0,0.0,0,0.0,0,0.0,0,0.0,0,0.0,
6,0.5,7,0.179528444,1,741.299406571,741.43062526,195.306650607,33,0,386,1465.498563342,32,298.331089691,0,0.0,0,0.0,0,0.0,0,0.0,0,0.0,
6,0.5,8,0.004909034,1,591.834523595,591.834523595,255.191222223,1,0,0,0.0,0,0.0,0,0.0,0,0.0,0,0.0,0,0.0,0,0.0,
6,0.5,9,30.008469127,0,1175.577287263,1176.308373226,252.723126229,1360,0,21575,54293.431783927,1359,5595.420383693,0,0.0,0,0.0,0,0.0,0,0.0,0,0.0,
6,0.5,10,1.837563475,1,691.255892589,691.343040891,204.413328572,11,0,2513,2833.606855518,10,10.798215398,0,0.0,0,0.0,0,0.0,0,0.0,0,0.0,
6,0.5,11,0.002506184,1,483.582467043,483.582467043,156.319484892,1,0,0,0.0,0,0.0,0,0.0,0,0.0,0,0.0,0,0.0,0,0.0,
6,0.5,12,2.105660774,1,994.059268626,994.672749883,265.986018716,110,0,562,1281.093617804,109,342.655125203,0,0.0,0,0.0,0,0.0,0,0.0,0,0.0,
6,0.5,13,0.006393229,1,838.84050749,838.84050749,285.840808184,1,0,0,0.0,0,0.0,0,0.0,0,0.0,0,0.0,0,0.0,0,0.0,
6,0.5,14,0.016713289,1,1047.614547121,1047.620414858,233.993266637,2,0,4,34.521241229,1,10.504095605,0,0.0,0,0.0,0,0.0,0,0.0,0,0.0,
6,0.5,15,0.004541908,1,708.65601958,708.65601958,237.509057628,1,0,0,0.0,0,0.0,0,0.0,0,0.0,0,0.0,0,0.0,0,0.0,
6,0.5,16,30.000263095,0,801.604376509,802.283868517,226.064896295,11797,0,63023,51028.602537609,11794,9718.31888242,0,0.0,0,0.0,0,0.0,0,0.0,0,0.0,
6,0.5,17,0.008484778,1,1042.308423458,1042.308423458,259.069110145,1,0,0,0.0,0,0.0,0,0.0,0,0.0,0,0.0,0,0.0,0,0.0,
6,0.5,18,0.16375863,1,425.328695347,425.573732307,150.456353658,80,0,346,1891.822836306,79,555.612554176,0,0.0,0,0.0,0,0.0,0,0.0,0,0.0,
6,0.5,19,0.111184029,1,676.214669242,676.27544613,136.388614764,39,0,413,1450.675269114,38,170.696501495,0,0.0,0,0.0,0,0.0,0,0.0,0,0.0,
6,0.5,20,30.00910481,0,1038.721191595,1040.328768174,250.53728686,3103,0,31535,71213.804795207,3102,10817.401454898,0,0.0,0,0.0,0,0.0,0,0.0,0,0.0,
6,0.5,21,0.246775675,1,619.856246006,619.961051246,185.603301522,62,0,280,1958.558607342,61,452.423550011,0,0.0,0,0.0,0,0.0,0,0.0,0,0.0,
6,0.5,22,0.004759636,1,737.114609816,737.114609816,197.993018059,1,0,0,0.0,0,0.0,0,0.0,0,0.0,0,0.0,0,0.0,0,0.0,
6,0.5,23,0.229131938,1,1028.871425079,1029.346773908,256.604936907,19,0,82,516.849090727,18,114.978513482,0,0.0,0,0.0,0,0.0,0,0.0,0,0.0,
6,0.5,24,1.414883855,1,867.970862066,868.05309752,185.989436136,143,0,6603,14879.722289217,142,1277.534020828,0,0.0,0,0.0,0,0.0,0,0.0,0,0.0,
6,0.5,25,0.004690587,1,727.461838643,727.461838643,201.102417211,1,0,0,0.0,0,0.0,0,0.0,0,0.0,0,0.0,0,0.0,0,0.0,
7,0.5,1,14.731058267,1,1051.560068741,1052.380250136,321.678528447,750,0,33838,56753.902420606,749,6482.153600509,0,0.0,0,0.0,0,0.0,0,0.0,0,0.0,
7,0.5,2,0.316058238,1,1014.044161657,1014.108035955,269.008554237,63,0,832,1271.222822733,62,120.859184973,0,0.0,0,0.0,0,0.0,0,0.0,0,0.0,
7,0.5,3,0.005248771,1,831.063235461,831.063235461,259.437258595,1,0,0,0.0,0,0.0,0,0.0,0,0.0,0,0.0,0,0.0,0,0.0,
7,0.5,4,0.006483479,1,939.471044601,939.471044601,225.763231048,1,0,0,0.0,0,0.0,0,0.0,0,0.0,0,0.0,0,0.0,0,0.0,
7,0.5,5,0.004380598,1,724.691592206,724.691592206,179.297856041,1,0,0,0.0,0,0.0,0,0.0,0,0.0,0,0.0,0,0.0,0,0.0,
7,0.5,6,0.005565643,1,825.721953298,825.721953298,228.344802699,1,0,0,0.0,0,0.0,0,0.0,0,0.0,0,0.0,0,0.0,0,0.0,
7,0.5,7,0.180768591,1,857.649085362,857.780304051,195.306650607,33,0,386,1465.498563342,32,298.331089691,0,0.0,0,0.0,0,0.0,0,0.0,0,0.0,
7,0.5,8,0.005362353,1,661.988188858,661.988188858,255.191222223,1,0,0,0.0,0,0.0,0,0.0,0,0.0,0,0.0,0,0.0,0,0.0,
7,0.5,9,30.028416429,0,1218.6050963,1219.809496922,253.570639959,1378,0,21897,54849.451296354,1377,5637.146305123,0,0.0,0,0.0,0,0.0,0,0.0,0,0.0,
7,0.5,10,2.593198085,1,751.740289939,751.858092622,204.443982953,16,0,3613,5824.647332614,15,10.798215398,0,0.0,0,0.0,0,0.0,0,0.0,0,0.0,
7,0.5,11,0.004577045,1,725.203641324,725.203641324,241.621174281,1,0,0,0.0,0,0.0,0,0.0,0,0.0,0,0.0,0,0.0,0,0.0,
7,0.5,12,2.146606287,1,1106.81881834,1107.432299598,265.986018716,110,0,562,1281.093617804,109,342.655125203,0,0.0,0,0.0,0,0.0,0,0.0,0,0.0,
7,0.5,13,0.00768263,1,1040.214893953,1040.214893953,285.840808184,1,0,0,0.0,0,0.0,0,0.0,0,0.0,0,0.0,0,0.0,0,0.0,
7,0.5,14,0.157164085,1,1160.910257289,1160.929022973,233.993266637,16,0,400,551.074279422,15,66.829673889,0,0.0,0,0.0,0,0.0,0,0.0,0,0.0,
7,0.5,15,0.005717588,1,845.777576757,845.777576757,237.509057628,1,0,0,0.0,0,0.0,0,0.0,0,0.0,0,0.0,0,0.0,0,0.0,
7,0.5,16,30.000516836,0,1005.838276477,1006.508326104,226.064896295,11618,0,62072,50258.585654984,11615,9580.56055489,0,0.0,0,0.0,0,0.0,0,0.0,0,0.0,
7,0.5,17,30.00273309,0,1285.988139376,1286.192560468,259.071623975,1838,0,11845,46325.302144987,1837,6664.511945136,0,0.0,0,0.0,0,0.0,0,0.0,0,0.0,
7,0.5,18,0.158944563,1,555.743668767,555.988705727,150.456353658,80,0,346,1891.822836306,79,555.612554176,0,0.0,0,0.0,0,0.0,0,0.0,0,0.0,
7,0.5,19,30.038066942,0,975.835480945,975.925667207,299.637553136,143,0,6602,8407.819543287,142,382.500374839,0,0.0,0,0.0,0,0.0,0,0.0,0,0.0,
7,0.5,20,30.003413995,0,1278.223215212,1279.910529503,250.53728686,2724,0,24696,76025.323475111,2723,11661.030665224,0,0.0,0,0.0,0,0.0,0,0.0,0,0.0,
7,0.5,21,0.242567571,1,634.598254211,634.703059452,185.603301522,62,0,280,1958.558607342,61,452.423550011,0,0.0,0,0.0,0,0.0,0,0.0,0,0.0,
7,0.5,22,0.005352784,1,845.633884731,845.633884731,197.993018059,1,0,0,0.0,0,0.0,0,0.0,0,0.0,0,0.0,0,0.0,0,0.0,
7,0.5,23,0.234813865,1,1161.256639253,1161.731988082,256.604936907,19,0,82,516.849090727,18,114.978513482,0,0.0,0,0.0,0,0.0,0,0.0,0,0.0,
7,0.5,24,1.443740866,1,949.232267289,949.314502743,185.989436136,143,0,6603,14879.722289217,142,1277.534020828,0,0.0,0,0.0,0,0.0,0,0.0,0,0.0,
7,0.5,25,0.017678089,1,992.994338303,992.994338303,265.53249966,1,0,0,0.0,0,0.0,0,0.0,0,0.0,0,0.0,0,0.0,0,0.0,
8,0.5,1,14.698829223,1,1188.655025008,1189.475206403,321.678528447,750,0,33838,56753.902420606,749,6482.153600509,0,0.0,0,0.0,0,0.0,0,0.0,0,0.0,
8,0.5,2,1.711964201,1,1024.337945667,1024.580126229,269.008554237,76,0,2802,3446.216613193,75,120.859184973,0,0.0,0,0.0,0,0.0,0,0.0,0,0.0,
8,0.5,3,0.174270429,1,1001.767158386,1002.144194636,259.437258595,2,0,51,79.080461977,1,0.0,0,0.0,0,0.0,0,0.0,0,0.0,0,0.0,
8,0.5,4,6.49964709,1,1196.429399873,1196.624987093,257.153942492,150,0,8491,9726.051972168,149,151.449659417,0,0.0,0,0.0,0,0.0,0,0.0,0,0.0,
8,0.5,5,0.006331214,1,939.227791142,939.227791142,214.536198936,1,0,0,0.0,0,0.0,0,0.0,0,0.0,0,0.0,0,0.0,0,0.0,
8,0.5,6,0.184128636,1,1026.147185786,1026.228120445,228.344802699,28,0,353,1255.791795119,27,216.70292065,0,0.0,0,0.0,0,0.0,0,0.0,0,0.0,
8,0.5,7,0.179570782,1,958.992179414,959.123398103,195.306650607,33,0,386,1465.498563342,32,298.331089691,0,0.0,0,0.0,0,0.0,0,0.0,0,0.0,
8,0.5,8,0.005215188,1,664.854280971,664.854280971,255.191222223,1,0,0,0.0,0,0.0,0,0.0,0,0.0,0,0.0,0,0.0,0,0.0,
8,0.5,9,30.019671444,0,1250.334291021,1251.54043025,253.570639959,1377,0,21774,54693.345366679,1376,5635.342726609,0,0.0,0,0.0,0,0.0,0,0.0,0,0.0,
8,0.5,10,2.558932368,1,833.272027292,833.389829976,204.443982953,16,0,3613,5824.647332614,15,10.798215398,0,0.0,0,0.0,0,0.0,0,0.0,0,0.0,
8,0.5,11,0.005729198,1,904.464926289,904.464926289,241.621174281,1,0,0,0.0,0,0.0,0,0.0,0,0.0,0,0.0,0,0.0,0,0.0,
8,0.5,12,2.088576765,1,1372.698583688,1373.312064945,265.986018716,110,0,562,1281.093617804,109,342.655125203,0,0.0,0,0.0,0,0.0,0,0.0,0,0.0,
8,0.5,13,0.008339727,1,1215.516765469,1215.516765469,285.840808184,1,0,0,0.0,0,0.0,0,0.0,0,0.0,0,0.0,0,0.0,0,0.0,
8,0.5,14,0.156631881,1,1168.363793698,1168.382559382,233.993266637,16,0,400,551.074279422,15,66.829673889,0,0.0,0,0.0,0,0.0,0,0.0,0,0.0,
8,0.5,15,0.005711846,1,903.396585631,903.396585631,237.509057628,1,0,0,0.0,0,0.0,0,0.0,0,0.0,0,0.0,0,0.0,0,0.0,
8,0.5,16,30.001101318,0,1248.160346134,1248.798453134,242.322069657,11631,0,62136,50311.66297448,11628,9593.196697998,0,0.0,0,0.0,0,0.0,0,0.0,0,0.0,
8,0.5,17,30.011866038,0,1415.21648168,1416.101080058,259.427272905,2046,0,28655,60971.345767819,1992,7505.387967033,0,0.0,0,0.0,0,0.0,0,0.0,0,0.0,
8,0.5,18,1.347509819,1,720.81778737,721.122083268,165.133377541,88,0,722,2580.348401336,87,555.612554176,0,0.0,0,0.0,0,0.0,0,0.0,0,0.0,
8,0.5,19,30.01148894,0,1189.00636561,1189.076737322,299.626954254,163,0,5967,8887.841582944,162,540.968186301,0,0.0,0,0.0,0,0.0,0,0.0,0,0.0,
8,0.5,20,30.010056907,0,1304.485877102,1306.169236801,250.44396472,2731,0,24738,76109.955945275,2730,11674.220496379,0,0.0,0,0.0,0,0.0,0,0.0,0,0.0,
8,0.5,21,0.245897114,1,744.776893608,744.881698849,185.603301522,62,0,280,1958.558607342,61,452.423550011,0,0.0,0,0.0,0,0.0,0,0.0,0,0.0,
8,0.5,22,0.005846127,1,939.12606287,939.12606287,197.993018059,1,0,0,0.0,0,0.0,0,0.0,0,0.0,0,0.0,0,0.0,0,0.0,
8,0.5,23,2.414388445,1,1367.660251558,1368.342440734,256.604936907,145,0,694,3515.609159496,144,768.83000966,0,0.0,0,0.0,0,0.0,0,0.0,0,0.0,
8,0.5,24,1.443558704,1,1171.120259023,1171.202494477,221.887991733,143,0,6603,14879.722289217,142,1277.534020828,0,0.0,0,0.0,0,0.0,0,0.0,0,0.0,
8,0.5,25,0.007984613,1,1164.634054085,1164.634054085,265.53249966,1,0,0,0.0,0,0.0,0,0.0,0,0.0,0,0.0,0,0.0,0,0.0,
9,0.5,1,30.016666248,0,1455.697720769,1456.34949192,321.443228956,2773,0,23220,127210.274206393,2772,19963.950071357,0,0.0,0,0.0,0,0.0,0,0.0,0,0.0,
9,0.5,2,1.705060586,1,1185.348096505,1185.590277068,269.008554237,76,0,2802,3446.216613193,75,120.859184973,0,0.0,0,0.0,0,0.0,0,0.0,0,0.0,
9,0.5,3,3.234564531,1,1162.921577261,1163.427316008,259.437258595,294,0,5158,9466.757988916,293,1085.973508516,0,0.0,0,0.0,0,0.0,0,0.0,0,0.0,
9,0.5,4,6.659939068,1,1268.668427604,1268.864014825,257.153942492,150,0,8491,9726.051972168,149,151.449659417,0,0.0,0,0.0,0,0.0,0,0.0,0,0.0,
9,0.5,5,0.006640472,1,986.260117651,986.260117651,214.536198936,1,0,0,0.0,0,0.0,0,0.0,0,0.0,0,0.0,0,0.0,0,0.0,
9,0.5,6,0.185057342,1,1115.789703038,1115.870637697,228.344802699,28,0,353,1255.791795119,27,216.70292065,0,0.0,0,0.0,0,0.0,0,0.0,0,0.0,
9,0.5,7,0.179174902,1,1044.629308536,1044.760527225,195.306650607,33,0,386,1465.498563342,32,298.331089691,0,0.0,0,0.0,0,0.0,0,0.0,0,0.0,
9,0.5,8,0.006562066,1,818.461276207,818.461276207,255.191222223,1,0,0,0.0,0,0.0,0,0.0,0,0.0,0,0.0,0,0.0,0,0.0,
9,0.5,9,30.007552762,0,1375.183272484,1376.38862983,253.612964186,1391,0,21959,55059.487410704,1390,5671.412887717,0,0.0,0,0.0,0,0.0,0,0.0,0,0.0,
9,0.5,10,4.273492631,1,977.497201674,977.903825567,204.443982953,41,0,6639,9832.457870244,40,10.798215398,0,0.0,0,0.0,0,0.0,0,0.0,0,0.0,
9,0.5,11,1.323750636,1,1020.360210574,1020.530172108,241.621174281,157,0,884,1492.096265348,156,338.785885498,0,0.0,0,0.0,0,0.0,0,0.0,0,0.0,
9,0.5,12,2.846871143,1,1507.483857317,1508.109751383,265.986018716,111,0,692,1410.095319819,110,342.655125203,0,0.0,0,0.0,0,0.0,0,0.0,0,0.0,
9,0.5,13,0.00918635,1,1325.113034558,1325.113034558,285.840808184,1,0,0,0.0,0,0.0,0,0.0,0,0.0,0,0.0,0,0.0,0,0.0,
9,0.5,14,0.157302724,1,1384.957549231,1384.976314915,233.993266637,16,0,400,551.074279422,15,66.829673889,0,0.0,0,0.0,0,0.0,0,0.0,0,0.0,
9,0.5,15,0.007192304,1,1107.757714811,1107.757714811,237.509057628,1,0,0,0.0,0,0.0,0,0.0,0,0.0,0,0.0,0,0.0,0,0.0,
9,0.5,16,30.002073325,0,1389.708368105,1390.383032239,242.322069657,11600,0,61980,50181.556929686,11597,9567.242856097,0,0.0,0,0.0,0,0.0,0,0.0,0,0.0,
9,0.5,17,30.013826694,0,1627.062418642,1627.643476938,259.47076243,1594,0,11069,49683.991145889,1593,5745.443705154,0,0.0,0,0.0,0,0.0,0,0.0,0,0.0,
9,0.5,18,1.296496174,1,870.486629241,870.790925139,165.133377541,88,0,722,2580.348401336,87,555.612554176,0,0.0,0,0.0,0,0.0,0,0.0,0,0.0,
9,0.5,19,30.287038055,0,1247.531026653,1247.904724589,299.623709983,193,0,6164,9363.102097854,192,595.252975791,0,0.0,0,0.0,0,0.0,0,0.0,0,0.0,
9,0.5,20,30.00071965,0,1499.604788336,1501.291625378,250.53728686,2714,0,24640,75805.640674272,2713,11625.061863974,0,0.0,0,0.0,0,0.0,0,0.0,0,0.0,
9,0.5,21,0.248068171,1,777.455290609,777.56009585,185.603301522,62,0,280,1958.558607342,61,452.423550011,0,0.0,0,0.0,0,0.0,0,0.0,0,0.0,
9,0.5,22,0.0065815,1,1020.322029767,1020.322029767,197.993018059,1,0,0,0.0,0,0.0,0,0.0,0,0.0,0,0.0,0,0.0,0,0.0,
9,0.5,23,14.742384997,1,1553.931845004,1554.715527249,256.604936907,798,0,3836,20922.656970719,797,4172.275719352,0,0.0,0,0.0,0,0.0,0,0.0,0,0.0,
9,0.5,24,1.496206577,1,1295.275527154,1295.357762608,221.887991733,143,0,6603,14879.722289217,142,1277.534020828,0,0.0,0,0.0,0,0.0,0,0.0,0,0.0,
9,0.5,25,0.010686383,1,1427.983499334,1427.983499334,265.53249966,1,0,0,0.0,0,0.0,0,0.0,0,0.0,0,0.0,0,0.0,0,0.0,
10,0.5,1,30.074364376,0,1741.261553794,1741.481550647,321.362702631,982,0,16222,72264.625764449,981,5425.323270243,0,0.0,0,0.0,0,0.0,0,0.0,0,0.0,
10,0.5,2,1.696430044,1,1361.259992477,1361.502173039,269.008554237,76,0,2802,3446.216613193,75,120.859184973,0,0.0,0,0.0,0,0.0,0,0.0,0,0.0,
10,0.5,3,3.25694213,1,1407.637936247,1408.143674994,259.437258595,294,0,5158,9466.757988916,293,1085.973508516,0,0.0,0,0.0,0,0.0,0,0.0,0,0.0,
10,0.5,4,6.640976663,1,1347.835425987,1348.031013207,257.153942492,150,0,8491,9726.051972168,149,151.449659417,0,0.0,0,0.0,0,0.0,0,0.0,0,0.0,
10,0.5,5,0.009245551,1,1247.993561569,1247.993561569,261.733443919,1,0,0,0.0,0,0.0,0,0.0,0,0.0,0,0.0,0,0.0,0,0.0,
10,0.5,6,0.178771523,1,1392.216676377,1392.297611036,276.426973339,28,0,353,1255.791795119,27,216.70292065,0,0.0,0,0.0,0,0.0,0,0.0,0,0.0,
10,0.5,7,2.502791301,1,1155.026009844,1155.257341689,195.306650607,602,0,6755,16034.782825779,601,3658.240604653,0,0.0,0,0.0,0,0.0,0,0.0,0,0.0,
10,0.5,8,0.007101404,1,886.776718147,886.776718147,255.191222223,1,0,0,0.0,0,0.0,0,0.0,0,0.0,0,0.0,0,0.0,0,0.0,
10,0.5,9,30.002291497,0,1405.039741774,1406.24463784,253.570639959,1365,0,21678,54442.008901065,1364,5604.780478684,0,0.0,0,0.0,0,0.0,0,0.0,0,0.0,
10,0.5,10,4.412788618,1,1231.909358668,1232.315982562,254.412156994,41,0,6639,9832.457870244,40,10.798215398,0,0.0,0,0.0,0,0.0,0,0.0,0,0.0,
10,0.5,11,1.318666703,1,1051.288705587,1051.45866712,241.621174281,157,0,884,1492.096265348,156,338.785885498,0,0.0,0,0.0,0,0.0,0,0.0,0,0.0,
10,0.5,12,30.014900567,0,1703.968138472,1704.891195704,266.628420148,684,0,9414,25003.714152074,683,2578.821154457,0,0.0,0,0.0,0,0.0,0,0.0,0,0.0,
10,0.5,13,30.014526085,0,1531.504375893,1531.76723573,285.910723062,1815,0,32753,56178.382163371,1814,4509.270223587,0,0.0,0,0.0,0,0.0,0,0.0,0,0.0,
10,0.5,14,0.161078081,1,1594.663480961,1594.682246645,233.993266637,16,0,400,551.074279422,15,66.829673889,0,0.0,0,0.0,0,0.0,0,0.0,0,0.0,
10,0.5,15,15.583709485,1,1269.566729791,1271.871634073,237.509057628,944,0,9416,15616.831656927,939,1849.298038911,0,0.0,0,0.0,0,0.0,0,0.0,0,0.0,
10,0.5,16,30.000620319,0,1591.854995965,1592.525159785,242.322069657,11522,0,61582,49854.044097394,11519,9502.825087308,0,0.0,0,0.0,0,0.0,0,0.0,0,0.0,
10,0.5,17,30.008398273,0,1847.160324991,1847.748866745,259.471478278,1600,0,11101,49838.567010159,1599,5761.013467553,0,0.0,0,0.0,0,0.0,0,0.0,0,0.0,
10,0.5,18,9.995206266,1,994.293009133,994.765950856,165.133377541,724,0,5434,16785.833060197,723,3464.360944151,0,0.0,0,0.0,0,0.0,0,0.0,0,0.0,
10,0.5,19,30.188814176,0,1286.695048343,1287.068746279,299.623709983,193,0,6164,9363.102097854,192,595.252975791,0,0.0,0,0.0,0,0.0,0,0.0,0,0.0,
10,0.5,20,30.004782022,0,1578.846868194,1580.524186098,250.435793791,2681,0,24377,75091.607215041,2680,11519.043310984,0,0.0,0,0.0,0,0.0,0,0.0,0,0.0,
10,0.5,21,0.247946193,1,850.506848357,850.611653598,185.603301522,62,0,280,1958.558607342,61,452.423550011,0,0.0,0,0.0,0,0.0,0,0.0,0,0.0,
10,0.5,22,0.007244289,1,1145.412018601,1145.412018601,197.993018059,1,0,0,0.0,0,0.0,0,0.0,0,0.0,0,0.0,0,0.0,0,0.0,
10,0.5,23,14.77056305,1,1695.811441341,1696.595123586,256.604936907,798,0,3836,20922.656970719,797,4172.275719352,0,0.0,0,0.0,0,0.0,0,0.0,0,0.0,
10,0.5,24,1.430080083,1,1373.273443441,1373.355678895,221.887991733,143,0,6603,14879.722289217,142,1277.534020828,0,0.0,0,0.0,0,0.0,0,0.0,0,0.0,
10,0.5,25,8.485461816,1,1683.042678152,1683.344410998,265.535397939,495,0,2300,4669.254571609,494,1133.185192376,0,0.0,0,0.0,0,0.0,0,0.0,0,0.0,
11,0.5,1,30.013693297,0,1956.387912942,1956.621506765,321.362702631,861,0,13572,58246.894929943,860,3922.912650205,0,0.0,0,0.0,0,0.0,0,0.0,0,0.0,
11,0.5,2,1.67623251,1,1507.418664011,1507.660844573,269.008554237,76,0,2802,3446.216613193,75,120.859184973,0,0.0,0,0.0,0,0.0,0,0.0,0,0.0,
11,0.5,3,3.270910124,1,1449.12079341,1449.626532157,259.437258595,294,0,5158,9466.757988916,293,1085.973508516,0,0.0,0,0.0,0,0.0,0,0.0,0,0.0,
11,0.5,4,30.027131151,0,1569.282906081,1569.863753262,257.237727462,1011,0,30711,40612.450201666,1009,845.910135395,0,0.0,0,0.0,0,0.0,0,0.0,0,0.0,
11,0.5,5,0.275283502,1,1341.059773869,1341.833840747,261.733443919,67,0,426,919.93050542,66,104.443494018,0,0.0,0,0.0,0,0.0,0,0.0,0,0.0,
11,0.5,6,30.010220758,0,1627.829028618,1628.027204283,276.426973339,2840,0,46538,78991.237017792,2839,8690.362319271,0,0.0,0,0.0,0,0.0,0,0.0,0,0.0,
11,0.5,7,2.496106556,1,1163.947736016,1164.179067862,195.306650607,602,0,6755,16034.782825779,601,3658.240604653,0,0.0,0,0.0,0,0.0,0,0.0,0,0.0,
11,0.5,8,0.007240924,1,919.556590476,919.556590476,255.191222223,1,0,0,0.0,0,0.0,0,0.0,0,0.0,0,0.0,0,0.0,0,0.0,
11,0.5,9,30.009745413,0,1550.284454133,1551.49008728,253.570639959,1394,0,21973,55111.012390154,1393,5676.603558145,0,0.0,0,0.0,0,0.0,0,0.0,0,0.0,
11,0.5,10,4.138380394,1,1319.323425481,1319.730049374,254.412156994,41,0,6639,9832.457870244,40,10.798215398,0,0.0,0,0.0,0,0.0,0,0.0,0,0.0,
11,0.5,11,30.123891996,0,1100.237205783,1100.722654712,241.796180265,870,0,31229,35586.410681005,864,1044.641170538,0,0.0,0,0.0,0,0.0,0,0.0,0,0.0,
11,0.5,12,30.020248753,0,1911.897105901,1912.746562344,266.068260487,607,0,8865,24603.15082974,606,2264.056686318,0,0.0,0,0.0,0,0.0,0,0.0,0,0.0,
11,0.5,13,30.00117967,0,1637.697858296,1637.947569824,285.853970515,1795,0,32489,55726.75176463,1794,4474.327231784,0,0.0,0,0.0,0,0.0,0,0.0,0,0.0,
11,0.5,14,0.157644483,1,1704.923111236,1704.94187692,233.993266637,16,0,400,551.074279422,15,66.829673889,0,0.0,0,0.0,0,0.0,0,0.0,0,0.0,
11,0.5,15,30.010790671,0,1473.955350651,1476.100876371,237.523034341,2199,0,19708,47491.035327116,2198,4597.124499458,0,0.0,0,0.0,0,0.0,0,0.0,0,0.0,
11,0.5,16,30.000803035,0,1737.335092573,1737.924794882,242.322069657,11452,0,61230,49564.794797396,11449,9452.218525577,0,0.0,0,0.0,0,0.0,0,0.0,0,0.0,
11,0.5,17,30.017948342,0,1956.032926688,1956.62157389,259.471478278,1591,0,11045,49578.215987215,1590,5734.464678773,0,0.0,0,0.0,0,0.0,0,0.0,0,0.0,
11,0.5,18,30.05795985,0,1235.843727648,1236.183511859,241.651416329,425,0,8235,16236.718490777,403,1052.988523019,0,0.0,0,0.0,0,0.0,0,0.0,0,0.0,
11,0.5,19,30.468631692,0,1445.054691132,1445.421448121,299.626954254,194,0,6239,9431.027002644,193,595.252975791,0,0.0,0,0.0,0,0.0,0,0.0,0,0.0,
11,0.5,20,30.002480701,0,1654.735372313,1656.4169037,250.443040148,2685,0,24401,75151.735943512,2684,11529.512111978,0,0.0,0,0.0,0,0.0,0,0.0,0,0.0,
11,0.5,21,0.242977316,1,907.671223442,907.776028683,185.603301522,62,0,280,1958.558607342,61,452.423550011,0,0.0,0,0.0,0,0.0,0,0.0,0,0.0,
11,0.5,22,0.007335349,1,1169.243178438,1169.243178438,197.993018059,1,0,0,0.0,0,0.0,0,0.0,0,0.0,0,0.0,0,0.0,0,0.0,
11,0.5,23,14.694220192,1,1733.333256342,1734.116938588,256.604936907,798,0,3836,20922.656970719,797,4172.275719352,0,0.0,0,0.0,0,0.0,0,0.0,0,0.0,
11,0.5,24,1.440708437,1,1571.062113325,1571.144348778,221.887991733,143,0,6603,14879.722289217,142,1277.534020828,0,0.0,0,0.0,0,0.0,0,0.0,0,0.0,
11,0.5,25,8.418869422,1,1746.048013696,1746.349746542,265.535397939,495,0,2300,4669.254571609,494,1133.185192376,0,0.0,0,0.0,0,0.0,0,0.0,0,0.0,
12,0.5,1,30.021585159,0,2091.406311334,2091.634320244,321.362702631,838,0,13293,56809.059825211,837,3848.353788747,0,0.0,0,0.0,0,0.0,0,0.0,0,0.0,
12,0.5,2,1.650565301,1,1564.528663362,1564.770843925,269.008554237,76,0,2802,3446.216613193,75,120.859184973,0,0.0,0,0.0,0,0.0,0,0.0,0,0.0,
12,0.5,3,18.531573226,1,1512.185088797,1512.709762736,259.437258595,1619,0,27538,52278.300313189,1618,6444.825239877,0,0.0,0,0.0,0,0.0,0,0.0,0,0.0,
12,0.5,4,30.019097139,0,1612.55577059,1613.134001672,257.237727462,997,0,29754,39615.816979458,995,838.666356877,0,0.0,0,0.0,0,0.0,0,0.0,0,0.0,
12,0.5,5,0.28330665,1,1543.83227168,1544.606338558,261.733443919,67,0,426,919.93050542,66,104.443494018,0,0.0,0,0.0,0,0.0,0,0.0,0,0.0,
12,0.5,6,30.003979412,0,1823.751106768,1823.912381144,276.426973339,3064,0,37833,70284.929186739,3063,9006.71715423,0,0.0,0,0.0,0,0.0,0,0.0,0,0.0,
12,0.5,7,2.485848131,1,1227.972339156,1228.203671002,195.306650607,602,0,6755,16034.782825779,601,3658.240604653,0,0.0,0,0.0,0,0.0,0,0.0,0,0.0,
12,0.5,8,0.00796632,1,1044.490087493,1044.490087493,255.191222223,1,0,0,0.0,0,0.0,0,0.0,0,0.0,0,0.0,0,0.0,0,0.0,
12,0.5,9,30.012252781,0,1742.484162385,1742.970231453,252.822805388,1164,0,25487,61092.711080558,1163,7478.294238687,0,0.0,0,0.0,0,0.0,0,0.0,0,0.0,
12,0.5,10,4.216758917,1,1456.993742906,1457.400366799,254.412156994,41,0,6639,9832.457870244,40,10.798215398,0,0.0,0,0.0,0,0.0,0,0.0,0,0.0,
12,0.5,11,30.039228112,0,1122.12089032,1122.605238352,241.809829424,872,0,31280,35645.786668868,866,1046.033989804,0,0.0,0,0.0,0,0.0,0,0.0,0,0.0,
12,0.5,12,30.198555775,0,2191.448308117,2192.252105076,279.570202212,326,0,6953,15128.796278716,325,1183.884444465,0,0.0,0,0.0,0,0.0,0,0.0,0,0.0,
12,0.5,13,30.00794609,0,1836.155468223,1836.419935306,285.853991359,1825,0,32825,56322.327655695,1824,4519.863511016,0,0.0,0,0.0,0,0.0,0,0.0,0,0.0,
12,0.5,14,0.157721055,1,1860.287124075,1860.305889759,233.993266637,16,0,400,551.074279422,15,66.829673889,0,0.0,0,0.0,0,0.0,0,0.0,0,0.0,
12,0.5,15,30.016989994,0,1603.50335365,1605.650779456,237.554595705,2186,0,19612,47234.056038225,2185,4575.990116264,0,0.0,0,0.0,0,0.0,0,0.0,0,0.0,
12,0.5,16,30.001147998,0,1888.278762806,1888.818177738,242.322069657,8816,0,46906,54604.75239944,8815,10125.531771449,0,0.0,0,0.0,0,0.0,0,0.0,0,0.0,
12,0.5,17,30.009063105,0,1998.755794377,1999.339190566,259.47076243,1564,0,10818,48743.801416429,1563,5648.239147521,0,0.0,0,0.0,0,0.0,0,0.0,0,0.0,
12,0.5,18,30.043225861,0,1479.578322802,1479.871622318,243.774532978,679,0,9210,14576.784997932,663,748.953879646,0,0.0,0,0.0,0,0.0,0,0.0,0,0.0,
12,0.5,19,30.326100099,0,1468.599788219,1468.966545208,299.626954254,194,0,6239,9431.027002644,193,595.252975791,0,0.0,0,0.0,0,0.0,0,0.0,0,0.0,
12,0.5,20,30.000170061,0,1687.599804025,1689.276270394,250.435793791,2664,0,24279,74759.165476039,2663,11478.048023899,0,0.0,0,0.0,0,0.0,0,0.0,0,0.0,
12,0.5,21,0.942609315,1,1102.947162114,1103.053695349,195.277666666,69,0,730,2881.409116913,68,482.868062268,0,0.0,0,0.0,0,0.0,0,0.0,0,0.0,
12,0.5,22,0.166436346,1,1401.592638207,1402.055909301,232.812730862,11,0,48,144.180299618,10,19.601363634,0,0.0,0,0.0,0,0.0,0,0.0,0,0.0,
12,0.5,23,15.093156573,1,1819.230836327,1820.014518572,256.604936907,798,0,3836,20922.656970719,797,4172.275719352,0,0.0,0,0.0,0,0.0,0,0.0,0,0.0,
12,0.5,24,1.438286439,1,1693.205039616,1693.28727507,221.887991733,143,0,6603,14879.722289217,142,1277.534020828,0,0.0,0,0.0,0,0.0,0,0.0,0,0.0,
12,0.5,25,30.016299508,0,1929.012203052,1929.473434894,265.888763438,1178,0,10945,24295.07000836,1177,2340.116262356,0,0.0,0,0.0,0,0.0,0,0.0,0,0.0,
13,0.5,1,30.001316276,0,2269.047016264,2269.459048568,321.362702631,1364,0,16736,103762.893888273,1363,5560.314106637,0,0.0,0,0.0,0,0.0,0,0.0,0,0.0,
13,0.5,2,9.561687796,1,1656.873501402,1657.775071987,269.088434618,572,0,11136,18324.410854501,571,2206.0599266,0,0.0,0,0.0,0,0.0,0,0.0,0,0.0,
13,0.5,3,30.006611469,0,1694.6959691,1695.449752528,259.437258595,2229,0,29331,66912.13156634,2228,8937.431364924,0,0.0,0,0.0,0,0.0,0,0.0,0,0.0,
13,0.5,4,30.077984432,0,1764.312953746,1764.897839914,257.263152617,1255,0,30964,40825.855704152,1253,1056.156951429,0,0.0,0,0.0,0,0.0,0,0.0,0,0.0,
13,0.5,5,2.306513931,1,1629.264533437,1630.470029526,261.733443919,597,0,3325,7378.593799987,596,1005.106979081,0,0.0,0,0.0,0,0.0,0,0.0,0,0.0,
13,0.5,6,30.007979763,0,1916.300722383,1916.466294699,276.426973339,3025,0,37168,69188.340930445,3024,8899.278455059,0,0.0,0,0.0,0,0.0,0,0.0,0,0.0,
13,0.5,7,2.479627371,1,1474.153517496,1474.384849342,246.18117834,602,0,6755,16034.782825779,601,3658.240604653,0,0.0,0,0.0,0,0.0,0,0.0,0,0.0,
13,0.5,8,0.77224203,1,1338.873059443,1338.925287967,294.435200474,4,0,302,460.897338734,3,0.0,0,0.0,0,0.0,0,0.0,0,0.0,0,0.0,
13,0.5,9,30.055740504,0,1854.400508882,1854.791667645,252.712204677,1014,0,19878,51823.061748314,1013,5089.828708133,0,0.0,0,0.0,0,0.0,0,0.0,0,0.0,
13,0.5,10,4.239555324,1,1607.742473346,1608.149097239,254.412156994,41,0,6639,9832.457870244,40,10.798215398,0,0.0,0,0.0,0,0.0,0,0.0,0,0.0,
13,0.5,11,30.094655808,0,1174.374379183,1174.857832859,241.903482916,866,0,30869,35176.056694075,860,1039.807340969,0,0.0,0,0.0,0,0.0,0,0.0,0,0.0,
13,0.5,12,30.041919916,0,2234.930304937,2235.734101896,279.570202212,326,0,6953,15128.796278716,325,1183.884444465,0,0.0,0,0.0,0,0.0,0,0.0,0,0.0,
13,0.5,13,30.009772373,0,1928.020548519,1928.191349123,285.853970515,1609,0,33151,65282.695755413,1608,6027.913666823,0,0.0,0,0.0,0,0.0,0,0.0,0,0.0,
13,0.5,14,0.071207589,1,1962.688303001,1962.707068685,233.993266637,7,0,166,287.222346864,6,16.662284536,0,0.0,0,0.0,0,0.0,0,0.0,0,0.0,
13,0.5,15,30.000942957,0,1643.916507415,1646.062431014,237.600240193,2203,0,19738,47571.483600378,2202,4607.785441985,0,0.0,0,0.0,0,0.0,0,0.0,0,0.0,
13,0.5,16,30.011168486,0,2018.70094045,2019.246608557,242.322069657,8807,0,47895,57668.142714481,8806,10107.437596599,0,0.0,0,0.0,0,0.0,0,0.0,0,0.0,
13,0.5,17,30.024272971,0,2126.268884398,2126.85234407,259.471478278,703,0,16049,39424.22777477,702,4106.63954031,0,0.0,0,0.0,0,0.0,0,0.0,0,0.0,
13,0.5,18,30.062309776,0,1645.626907513,1645.961800567,243.734595154,633,0,13838,22662.60980325,623,1165.190576416,0,0.0,0,0.0,0,0.0,0,0.0,0,0.0,
13,0.5,19,30.10387259,0,1617.035610485,1617.45070208,299.623709983,195,0,6244,9496.090597556,194,595.252975791,0,0.0,0,0.0,0,0.0,0,0.0,0,0.0,
13,0.5,20,30.005976522,0,1818.950910017,1820.479462479,250.53728686,2125,0,28712,86662.445030643,2124,11927.401908349,0,0.0,0,0.0,0,0.0,0,0.0,0,0.0,
13,0.5,21,30.016590856,0,1353.171432204,1353.349931324,250.258217891,1762,0,16014,75054.884753455,1761,10673.635466968,0,0.0,0,0.0,0,0.0,0,0.0,0,0.0,
13,0.5,22,4.10630655,1,1595.639150504,1596.599849858,232.812730862,565,0,6510,9988.965881864,564,1137.287474235,0,0.0,0,0.0,0,0.0,0,0.0,0,0.0,
13,0.5,23,14.865471094,1,1942.290680347,1943.074362593,256.604936907,798,0,3836,20922.656970719,797,4172.275719352,0,0.0,0,0.0,0,0.0,0,0.0,0,0.0,
13,0.5,24,1.500487858,1,1845.280277379,1845.362512833,221.887991733,143,0,6635,14911.722289427,142,1277.534020828,0,0.0,0,0.0,0,0.0,0,0.0,0,0.0,
13,0.5,25,30.015721866,0,1968.874822867,1969.328641581,265.929474045,1164,0,10838,24048.350541265,1163,2317.994567581,0,0.0,0,0.0,0,0.0,0,0.0,0,0.0,
14,0.5,1,30.006755338,0,2550.351454954,2551.171525169,321.362702631,719,0,14260,66659.039158113,710,4857.325239479,0,0.0,0,0.0,0,0.0,0,0.0,0,0.0,
14,0.5,2,9.443795507,1,1899.115228129,1900.016798714,269.088434618,572,0,11136,18324.410854501,571,2206.0599266,0,0.0,0,0.0,0,0.0,0,0.0,0,0.0,
14,0.5,3,30.004561447,0,1762.448327382,1763.187076435,259.437258595,2217,0,28980,66358.350506501,2216,8892.728745805,0,0.0,0,0.0,0,0.0,0,0.0,0,0.0,
14,0.5,4,30.04783342,0,1956.58266598,1958.231170516,257.231131,1126,0,26011,45543.064561327,1123,2429.992210274,0,0.0,0,0.0,0,0.0,0,0.0,0,0.0,
14,0.5,5,2.337174431,1,1766.410646217,1767.616142306,261.733443919,597,0,3325,7378.593799987,596,1005.106979081,0,0.0,0,0.0,0,0.0,0,0.0,0,0.0,
14,0.5,6,30.014337752,0,2003.234153827,2003.447128304,276.426973339,3228,0,40962,104644.561385381,3227,11904.188662548,0,0.0,0,0.0,0,0.0,0,0.0,0,0.0,
14,0.5,7,2.53630019,1,1596.51620177,1596.747533615,246.18117834,602,0,6755,16034.782825779,601,3658.240604653,0,0.0,0,0.0,0,0.0,0,0.0,0,0.0,
14,0.5,8,0.769784647,1,1455.671289133,1455.723517658,294.435200474,4,0,302,460.897338734,3,0.0,0,0.0,0,0.0,0,0.0,0,0.0,0,0.0,
14,0.5,9,30.010569235,0,2020.764286474,2021.208902511,252.69790713,1526,0,19290,80425.178238502,1525,9501.195358125,0,0.0,0,0.0,0,0.0,0,0.0,0,0.0,
14,0.5,10,4.197975969,1,1740.936915211,1741.343539104,254.412156994,41,0,6639,9832.457870244,40,10.798215398,0,0.0,0,0.0,0,0.0,0,0.0,0,0.0,
14,0.5,11,30.157467388,0,1287.664161947,1288.150822197,241.812141642,873,0,31536,35939.690792609,867,1046.033989804,0,0.0,0,0.0,0,0.0,0,0.0,0,0.0,
14,0.5,12,30.056244993,0,2312.984747894,2313.788544853,279.570202212,326,0,6953,15128.796278716,325,1183.884444465,0,0.0,0,0.0,0,0.0,0,0.0,0,0.0,
14,0.5,13,30.032793135,0,2016.795582697,2016.959703274,285.853970515,1592,0,32787,64728.903568323,1591,5991.035002357,0,0.0,0,0.0,0,0.0,0,0.0,0,0.0,
14,0.5,14,0.075392139,1,2086.074029628,2086.092795312,233.993266637,7,0,166,287.222346864,6,16.662284536,0,0.0,0,0.0,0,0.0,0,0.0,0,0.0,
14,0.5,15,30.0078472,0,1677.907080353,1680.044826308,237.622717578,2238,0,20055,48351.197240264,2237,4665.77871121,0,0.0,0,0.0,0,0.0,0,0.0,0,0.0,
14,0.5,16,30.000548254,0,2265.661542277,2266.274734562,247.217194174,3906,0,34366,74527.792410634,3905,9619.875518553,0,0.0,0,0.0,0,0.0,0,0.0,0,0.0,
14,0.5,17,30.035264071,0,2251.019113598,2251.60030617,259.47076243,701,0,15861,39174.093903029,700,4099.443742495,0,0.0,0,0.0,0,0.0,0,0.0,0,0.0,
14,0.5,18,30.001777926,0,1758.172185608,1758.465015887,243.76869499,667,0,14300,22758.457017074,657,1365.802705532,0,0.0,0,0.0,0,0.0,0,0.0,0,0.0,
14,0.5,19,30.435752432,0,1637.291944447,1637.707036042,299.623709983,195,0,6244,9496.090597556,194,595.252975791,0,0.0,0,0.0,0,0.0,0,0.0,0,0.0,
14,0.5,20,30.005973767,0,1921.263123773,1922.536200397,250.53728686,2531,0,35852,133143.17829782,2243,22449.078362254,0,0.0,0,0.0,0,0.0,0,0.0,0,0.0,
14,0.5,21,30.003313733,0,1498.580717361,1498.761868984,250.295687103,1763,0,16268,77170.186807592,1762,10681.940119978,0,0.0,0,0.0,0,0.0,0,0.0,0,0.0,
14,0.5,22,4.046367579,1,1775.460123388,1776.420822743,232.812730862,565,0,6510,9988.965881864,564,1137.287474235,0,0.0,0,0.0,0,0.0,0,0.0,0,0.0,
14,0.5,23,14.883230193,1,1988.505732456,1989.289414702,256.604936907,798,0,3836,20922.656970719,797,4172.275719352,0,0.0,0,0.0,0,0.0,0,0.0,0,0.0,
14,0.5,24,1.514730346,1,2026.008896142,2026.091131596,221.887991733,143,0,6635,14911.722289427,142,1277.534020828,0,0.0,0,0.0,0,0.0,0,0.0,0,0.0,
14,0.5,25,30.001701749,0,2249.980580798,2250.418634362,281.395858945,1478,0,14830,28826.170078515,1477,2640.497223031,0,0.0,0,0.0,0,0.0,0,0.0,0,0.0,
15,0.5,1,30.002143778,0,2697.561083539,2698.37751084,321.362702631,727,0,14354,67150.939752522,718,4889.74537759,0,0.0,0,0.0,0,0.0,0,0.0,0,0.0,
15,0.5,2,9.438238491,1,2132.270382912,2133.171953497,269.088434618,572,0,11136,18324.410854501,571,2206.0599266,0,0.0,0,0.0,0,0.0,0,0.0,0,0.0,
15,0.5,3,30.002829077,0,1963.50607042,1964.229708207,259.437258595,1850,0,37663,109416.945620435,1849,12363.467655044,0,0.0,0,0.0,0,0.0,0,0.0,0,0.0,
15,0.5,4,30.000996272,0,2090.148868432,2091.81350916,257.263152617,1110,0,25670,45159.41715933,1107,2414.004054743,0,0.0,0,0.0,0,0.0,0,0.0,0,0.0,
15,0.5,5,30.003398711,0,2056.944432251,2058.189471796,290.533786034,1313,0,11020,27395.896987114,1312,4804.215082849,0,0.0,0,0.0,0,0.0,0,0.0,0,0.0,
15,0.5,6,30.004819526,0,2173.530052558,2173.7383302,276.426973339,3248,0,41350,105498.709259284,3247,11981.153490699,0,0.0,0,0.0,0,0.0,0,0.0,0,0.0,
15,0.5,7,4.010805939,1,1776.950856359,1777.937404682,246.18117834,672,0,7073,18790.027699708,671,4298.851071674,0,0.0,0,0.0,0,0.0,0,0.0,0,0.0,
15,0.5,8,0.785744476,1,1555.278017385,1555.33024591,294.435200474,4,0,302,460.897338734,3,0.0,0,0.0,0,0.0,0,0.0,0,0.0,0,0.0,
15,0.5,9,30.004463673,0,2056.421184349,2056.844676925,252.786036382,1538,0,19490,80990.281037204,1537,9556.397377416,0,0.0,0,0.0,0,0.0,0,0.0,0,0.0,
15,0.5,10,16.47256383,1,1813.724984446,1814.163109146,254.412156994,175,0,24929,38275.86361035,174,45.171607354,0,0.0,0,0.0,0,0.0,0,0.0,0,0.0,
15,0.5,11,30.293717682,0,1430.581432922,1431.066881851,241.796180265,870,0,31229,35586.410681005,864,1044.641170538,0,0.0,0,0.0,0,0.0,0,0.0,0,0.0,
15,0.5,12,30.048194526,0,2498.609746156,2499.356919184,279.574653837,327,0,6983,15154.865338946,326,1185.780536918,0,0.0,0,0.0,0,0.0,0,0.0,0,0.0,
15,0.5,13,30.015962112,0,2058.85003983,2059.017916122,285.853970515,1590,0,32699,64538.141305105,1589,5975.074004164,0,0.0,0,0.0,0,0.0,0,0.0,0,0.0,
15,0.5,14,0.467944314,1,2198.458204697,2198.556737932,233.993266637,41,0,396,1028.828219438,40,119.944404831,0,0.0,0,0.0,0,0.0,0,0.0,0,0.0,
15,0.5,15,30.010609289,0,1752.435635845,1754.567180702,237.574534652,2386,0,23788,54043.050788316,2385,5113.196026822,0,0.0,0,0.0,0,0.0,0,0.0,0,0.0,
15,0.5,16,30.028545095,0,2440.501314819,2441.117394288,247.199850338,2879,0,27476,79663.928411764,2878,8712.580015638,0,0.0,0,0.0,0,0.0,0,0.0,0,0.0,
15,0.5,17,30.003241121,0,2529.575585112,2530.497120871,278.556471514,287,0,18482,29937.319475879,284,1201.279180674,0,0.0,0,0.0,0,0.0,0,0.0,0,0.0,
15,0.5,18,30.097558472,0,1811.783351844,1812.062238454,243.76869499,315,0,18531,25399.165570927,305,865.76628058,0,0.0,0,0.0,0,0.0,0,0.0,0,0.0,
15,0.5,19,30.481041366,0,1650.299948978,1650.715040573,299.623709983,195,0,6244,9496.090597556,194,595.252975791,0,0.0,0,0.0,0,0.0,0,0.0,0,0.0,
15,0.5,20,30.002954964,0,1964.079366121,1965.349281009,250.53728686,2499,0,35500,131850.629667141,2213,22239.035373174,0,0.0,0,0.0,0,0.0,0,0.0,0,0.0,
15,0.5,21,30.009967787,0,1533.45726921,1533.637297558,250.232998792,1748,0,16110,76447.793480276,1747,10595.899454015,0,0.0,0,0.0,0,0.0,0,0.0,0,0.0,
15,0.5,22,30.021106971,0,1928.69367472,1929.648181594,232.349459769,3983,0,21290,41256.460107579,3982,3503.631714815,0,0.0,0,0.0,0,0.0,0,0.0,0,0.0,
15,0.5,23,14.977075891,1,2144.331854774,2145.11553702,256.604936907,798,0,3836,20922.656970719,797,4172.275719352,0,0.0,0,0.0,0,0.0,0,0.0,0,0.0,
15,0.5,24,6.12367496,1,2234.817653147,2235.660301814,221.887991733,425,0,18547,40248.689424458,424,3604.4328709,0,0.0,0,0.0,0,0.0,0,0.0,0,0.0,
15,0.5,25,30.009403836,0,2404.436257073,2404.850739589,281.15897105,1469,0,14772,28656.993791984,1468,2625.701871642,0,0.0,0,0.0,0,0.0,0,0.0,0,0.0,
16,0.5,1,30.013045354,0,2767.106930668,2767.927000884,321.362702631,719,0,14260,66659.039158113,710,4857.325239479,0,0.0,0,0.0,0,0.0,0,0.0,0,0.0,
16,0.5,2,9.56444699,1,2362.590007237,2363.491577821,269.088434618,572,0,11136,18324.410854501,571,2206.0599266,0,0.0,0,0.0,0,0.0,0,0.0,0,0.0,
16,0.5,3,30.065403489,0,2196.398984409,2197.076744131,259.437258595,1248,0,31315,107610.812313264,1231,9099.039869159,0,0.0,0,0.0,0,0.0,0,0.0,0,0.0,
16,0.5,4,30.004112193,0,2258.574535867,2260.197487897,257.263152617,2043,0,25537,71324.019555794,2041,11434.492269408,0,0.0,0,0.0,0,0.0,0,0.0,0,0.0,
16,0.5,5,30.015639459,0,2075.464982628,2076.428364271,291.13947284,1307,0,12025,28842.530625332,1306,4763.562655785,0,0.0,0,0.0,0,0.0,0,0.0,0,0.0,
16,0.5,6,30.009734793,0,2339.950161385,2340.235026219,276.426973339,3079,0,37478,104880.556842503,3078,11436.10826957,0,0.0,0,0.0,0,0.0,0,0.0,0,0.0,
16,0.5,7,3.991084477,1,1828.253110708,1829.239659031,246.18117834,672,0,7073,18790.027699708,671,4298.851071674,0,0.0,0,0.0,0,0.0,0,0.0,0,0.0,
16,0.5,8,0.757697193,1,1696.978252654,1697.030481179,294.435200474,4,0,302,460.897338734,3,0.0,0,0.0,0,0.0,0,0.0,0,0.0,0,0.0,
16,0.5,9,30.00361241,0,2223.425384917,2223.791846486,252.786036382,1360,0,18660,85143.591259318,1359,8741.427676104,0,0.0,0,0.0,0,0.0,0,0.0,0,0.0,
16,0.5,10,30.021340358,0,1970.239632302,1970.571892877,254.434995787,343,0,46126,73474.561495808,342,177.928463769,0,0.0,0,0.0,0,0.0,0,0.0,0,0.0,
16,0.5,11,30.195051231,0,1465.827635341,1466.31308427,241.796180265,870,0,31229,35586.410681005,864,1044.641170538,0,0.0,0,0.0,0,0.0,0,0.0,0,0.0,
16,0.5,12,30.025355228,0,2604.827987525,2605.611749208,279.570202212,318,0,6889,15015.032869708,317,1165.031921168,0,0.0,0,0.0,0,0.0,0,0.0,0,0.0,
16,0.5,13,30.134743718,0,2098.590615396,2098.738831245,285.840808184,1089,0,28352,51571.109408331,1088,4379.865577118,0,0.0,0,0.0,0,0.0,0,0.0,0,0.0,
16,0.5,14,30.003530448,0,2397.26349999,2397.73709989,233.994994631,1571,0,42945,111473.744769645,1570,16191.070919551,0,0.0,0,0.0,0,0.0,0,0.0,0,0.0,
16,0.5,15,30.000898398,0,1849.015133063,1851.145702039,237.558907452,2374,0,23595,53695.995193591,2373,5093.962808218,0,0.0,0,0.0,0,0.0,0,0.0,0,0.0,
16,0.5,16,30.019501974,0,2725.993635226,2726.450538266,285.505672658,1081,0,13802,56844.878065242,1080,5193.088566707,0,0.0,0,0.0,0,0.0,0,0.0,0,0.0,
16,0.5,17,30.00858178,0,2693.672243044,2694.646375823,278.736422567,461,0,17610,36012.870075341,447,1831.818878807,0,0.0,0,0.0,0,0.0,0,0.0,0,0.0,
16,0.5,18,30.090917081,0,1903.336335576,1903.615222186,243.76869499,315,0,18531,25399.165570927,305,865.76628058,0,0.0,0,0.0,0,0.0,0,0.0,0,0.0,
16,0.5,19,30.423416512,0,1829.762162031,1830.177253626,299.623709983,195,0,6244,9496.090597556,194,595.252975791,0,0.0,0,0.0,0,0.0,0,0.0,0,0.0,
16,0.5,20,30.006142661,0,2128.378962494,2129.64553352,250.53728686,2472,0,35274,130982.833015723,2187,22089.228908465,0,0.0,0,0.0,0,0.0,0,0.0,0,0.0,
16,0.5,21,30.012187256,0,1844.151077687,1844.361652836,310.693808477,1347,0,15498,67175.183061148,1346,8259.380072517,0,0.0,0,0.0,0,0.0,0,0.0,0,0.0,
16,0.5,22,30.004987826,0,2003.760067757,2004.706612876,232.590652376,3995,0,21342,41357.228885538,3994,3512.501197167,0,0.0,0,0.0,0,0.0,0,0.0,0,0.0,
16,0.5,23,14.905372785,1,2149.987397645,2150.77107989,256.604936907,798,0,3836,20922.656970719,797,4172.275719352,0,0.0,0,0.0,0,0.0,0,0.0,0,0.0,
16,0.5,24,6.113782563,1,2345.222682471,2346.065331138,221.887991733,425,0,18547,40248.689424458,424,3604.4328709,0,0.0,0,0.0,0,0.0,0,0.0,0,0.0,
16,0.5,25,30.003283532,0,2606.397576053,2606.826829503,281.48707025,1454,0,14600,28351.15069415,1453,2603.612789563,0,0.0,0,0.0,0,0.0,0,0.0,0,0.0,
17,0.5,1,30.255182682,0,2797.124623436,2797.691518378,321.362702631,322,0,19777,47648.698459293,317,1681.211538496,0,0.0,0,0.0,0,0.0,0,0.0,0,0.0,
17,0.5,2,9.455280676,1,2405.1334013,2406.034971884,269.088434618,572,0,11136,18324.410854501,571,2206.0599266,0,0.0,0,0.0,0,0.0,0,0.0,0,0.0,
17,0.5,3,30.013940694,0,2263.810008753,2264.48503545,259.437258595,1256,0,31555,108346.168267234,1239,9145.533109085,0,0.0,0,0.0,0,0.0,0,0.0,0,0.0,
17,0.5,4,30.010997997,0,2386.184980414,2387.679643059,256.958355271,969,0,13346,56568.106914006,964,7174.457410824,0,0.0,0,0.0,0,0.0,0,0.0,0,0.0,
17,0.5,5,30.070979735,0,2095.391153641,2096.674262048,291.465817591,1302,0,11918,28558.076058086,1301,4743.424190935,0,0.0,0,0.0,0,0.0,0,0.0,0,0.0,
17,0.5,6,30.011140578,0,2516.084926438,2516.369217461,276.426973339,3018,0,36883,103386.817485173,3017,11241.089156522,0,0.0,0,0.0,0,0.0,0,0.0,0,0.0,
17,0.5,7,4.048251891,1,1936.131388245,1937.117936568,246.18117834,672,0,7073,18790.027699708,671,4298.851071674,0,0.0,0,0.0,0,0.0,0,0.0,0,0.0,
17,0.5,8,0.762401787,1,1830.409457425,1830.46168595,294.435200474,4,0,302,460.897338734,3,0.0,0,0.0,0,0.0,0,0.0,0,0.0,0,0.0,
17,0.5,9,30.022682507,0,2237.917959259,2238.290429121,252.791792637,1344,0,18474,84248.219706658,1343,8661.174335491,0,0.0,0,0.0,0,0.0,0,0.0,0,0.0,
17,0.5,10,30.009383694,0,1990.867707095,1991.186591953,254.412156994,331,0,44869,71875.873720488,330,177.798583273,0,0.0,0,0.0,0,0.0,0,0.0,0,0.0,
17,0.5,11,30.135376755,0,1523.727386701,1524.21283563,241.796180265,870,0,31229,35586.410681005,864,1044.641170538,0,0.0,0,0.0,0,0.0,0,0.0,0,0.0,
17,0.5,12,30.065414689,0,2670.264031307,2671.005755312,279.570202212,322,0,6939,15092.572368825,321,1177.945159417,0,0.0,0,0.0,0,0.0,0,0.0,0,0.0,
17,0.5,13,30.268047074,0,2142.265295885,2142.413511734,285.840808184,1089,0,28352,51571.109408331,1088,4379.865577118,0,0.0,0,0.0,0,0.0,0,0.0,0,0.0,
17,0.5,14,30.023300656,0,2670.531816218,2670.970179486,273.268316228,1313,0,37125,95784.479184876,1312,13367.403413573,0,0.0,0,0.0,0,0.0,0,0.0,0,0.0,
17,0.5,15,30.020870456,0,2006.809577886,2008.916683145,237.577747124,1606,0,67850,129331.114733752,1605,10994.704421568,0,0.0,0,0.0,0,0.0,0,0.0,0,0.0,
17,0.5,16,30.018144259,0,2924.988092749,2925.452997186,285.557829573,1073,0,13732,56551.40233195,1072,5172.562459099,0,0.0,0,0.0,0,0.0,0,0.0,0,0.0,
17,0.5,17,30.015767039,0,2736.201335025,2737.183903111,278.556471514,450,0,17309,35309.410054198,437,1771.480117722,0,0.0,0,0.0,0,0.0,0,0.0,0,0.0,
17,0.5,18,30.058429783,0,2118.59685955,2118.855974021,243.747757484,321,0,18946,25809.909252009,311,870.865372077,0,0.0,0,0.0,0,0.0,0,0.0,0,0.0,
17,0.5,19,30.104693053,0,1965.562989447,1966.218062773,299.870172817,358,0,7307,13466.228281936,357,1089.053696773,0,0.0,0,0.0,0,0.0,0,0.0,0,0.0,
17,0.5,20,30.004715746,0,2260.39351607,2261.658086503,250.53728686,2452,0,35162,130208.659822545,2167,21938.554060912,0,0.0,0,0.0,0,0.0,0,0.0,0,0.0,
17,0.5,21,30.001257479,0,1926.16850798,1926.380654803,310.694594314,1370,0,15658,68210.32366378,1369,8380.229432138,0,0.0,0,0.0,0,0.0,0,0.0,0,0.0,
17,0.5,22,30.004880516,0,2086.396307878,2087.343449947,232.590652376,3945,0,21120,40891.923280548,3944,3468.132225505,0,0.0,0,0.0,0,0.0,0,0.0,0,0.0,
17,0.5,23,30.028077142,0,2358.329778219,2359.356091606,257.089014438,1418,0,16570,52472.364932036,1417,8070.137167227,0,0.0,0,0.0,0,0.0,0,0.0,0,0.0,
17,0.5,24,6.130187608,1,2347.801763315,2348.644411982,221.887991733,425,0,18547,40248.689424458,424,3604.4328709,0,0.0,0,0.0,0,0.0,0,0.0,0,0.0,
17,0.5,25,30.002520551,0,2712.105811066,2712.54091471,281.166212181,1466,0,14754,28603.967405018,1465,2620.746683319,0,0.0,0,0.0,0,0.0,0,0.0,0,0.0,
18,0.5,1,30.111024067,0,2898.61906152,2899.19733237,321.362702631,464,0,22198,53070.107002112,461,2099.122432413,0,0.0,0,0.0,0,0.0,0,0.0,0,0.0,
18,0.5,2,9.657034326,1,2445.148062777,2446.049633361,269.088434618,572,0,11136,18324.410854501,571,2206.0599266,0,0.0,0,0.0,0,0.0,0,0.0,0,0.0,
18,0.5,3,30.010254229,0,2423.634846187,2424.310737035,259.437258595,1396,0,31423,139845.785111246,1321,10284.300053088,0,0.0,0,0.0,0,0.0,0,0.0,0,0.0,
18,0.5,4,30.032043195,0,2567.528845316,2568.951720616,257.11222522,833,0,13276,61060.500472829,828,5986.205104399,0,0.0,0,0.0,0,0.0,0,0.0,0,0.0,
18,0.5,5,30.0533923,0,2150.242994059,2151.203891953,290.750938137,1301,0,11822,28420.982484772,1300,4729.004413466,0,0.0,0,0.0,0,0.0,0,0.0,0,0.0,
18,0.5,6,30.003618923,0,2795.810246412,2796.063557913,279.725319974,1359,0,19647,97715.137913372,1358,12648.931158356,0,0.0,0,0.0,0,0.0,0,0.0,0,0.0,
18,0.5,7,7.732531231,1,2031.405485535,2032.412853046,246.18117834,1129,0,10867,30437.430474817,1128,6577.805178963,0,0.0,0,0.0,0,0.0,0,0.0,0,0.0,
18,0.5,8,0.804069638,1,1861.102552036,1861.154780561,294.435200474,4,0,302,460.897338734,3,0.0,0,0.0,0,0.0,0,0.0,0,0.0,0,0.0,
18,0.5,9,30.020291471,0,2348.928256808,2349.329482981,252.84663999,1359,0,18650,85099.261493484,1358,8740.125350581,0,0.0,0,0.0,0,0.0,0,0.0,0,0.0,
18,0.5,10,30.057714698,0,2078.209406327,2078.524728696,254.434995787,334,0,45218,72390.762185156,333,177.798583273,0,0.0,0,0.0,0,0.0,0,0.0,0,0.0,
18,0.5,11,30.181468335,0,1579.721708074,1580.207157003,241.796180265,870,0,31229,35586.410681005,864,1044.641170538,0,0.0,0,0.0,0,0.0,0,0.0,0,0.0,
18,0.5,12,30.043894937,0,2850.32127658,2851.038016466,279.570202212,290,0,6867,14881.775801573,289,1185.832615111,0,0.0,0,0.0,0,0.0,0,0.0,0,0.0,
18,0.5,13,30.010078561,0,2286.746321098,2286.879168321,285.854115687,1073,0,27944,50789.509694857,1072,4313.22202896,0,0.0,0,0.0,0,0.0,0,0.0,0,0.0,
18,0.5,14,30.013957342,0,2812.266432587,2812.715144242,273.268316228,1302,0,36837,94963.123621511,1301,13244.967112705,0,0.0,0,0.0,0,0.0,0,0.0,0,0.0,
18,0.5,15,30.001919606,0,2117.881916603,2120.13463959,237.577747124,1615,0,67906,129654.574808754,1614,11036.308877067,0,0.0,0,0.0,0,0.0,0,0.0,0,0.0,
18,0.5,16,30.030642305,0,3055.540428493,3056.000718784,285.492320407,1084,0,13830,56958.289077252,1083,5209.97129277,0,0.0,0,0.0,0,0.0,0,0.0,0,0.0,
18,0.5,17,30.008030418,0,2965.318805413,2966.35081122,278.556471514,447,0,17224,35121.18686036,434,1761.263209725,0,0.0,0,0.0,0,0.0,0,0.0,0,0.0,
18,0.5,18,30.093852225,0,2355.299301846,2355.583270519,243.76869499,426,0,18311,28505.902153334,416,1776.356523055,0,0.0,0,0.0,0,0.0,0,0.0,0,0.0,
18,0.5,19,30.109472255,0,2107.615675978,2108.290299539,299.873071096,689,0,9099,18949.566459682,688,1701.738826774,0,0.0,0,0.0,0,0.0,0,0.0,0,0.0,
18,0.5,20,30.002225608,0,2294.229886337,2295.49491603,250.53728686,2461,0,35214,130615.896829632,2176,22020.234763553,0,0.0,0,0.0,0,0.0,0,0.0,0,0.0,
18,0.5,21,30.000151552,0,2077.13265227,2077.339552029,310.75529783,1354,0,15536,67470.872996238,1353,8297.881918897,0,0.0,0,0.0,0,0.0,0,0.0,0,0.0,
18,0.5,22,30.002938364,0,2184.990817146,2185.889107629,232.349459769,4231,0,26067,50580.430238205,4230,5025.091802465,0,0.0,0,0.0,0,0.0,0,0.0,0,0.0,
18,0.5,23,30.019262341,0,2452.511451672,2453.453760449,257.089014438,1426,0,16610,52690.909068909,1425,8103.056959865,0,0.0,0,0.0,0,0.0,0,0.0,0,0.0,
18,0.5,24,7.756648851,1,2481.108387792,2481.951036459,221.887991733,508,0,16498,34566.569998953,507,3254.364694505,0,0.0,0,0.0,0,0.0,0,0.0,0,0.0,
18,0.5,25,30.000988467,0,2808.870395768,2809.284878284,281.15897105,1469,0,14772,28656.993791984,1468,2625.701871642,0,0.0,0,0.0,0,0.0,0,0.0,0,0.0,
19,0.5,1,30.118756533,0,2968.9645315,2969.576968756,321.365216462,460,0,21697,52318.689302571,458,2090.256579023,0,0.0,0,0.0,0,0.0,0,0.0,0,0.0,
19,0.5,2,30.390596302,0,2605.599571167,2606.293107742,269.013199861,115,0,9100,9836.957013435,114,120.630794378,0,0.0,0,0.0,0,0.0,0,0.0,0,0.0,
19,0.5,3,30.001946767,0,2603.495951624,2604.184775565,259.437258595,1316,0,24813,126292.493119447,1263,8151.102329632,0,0.0,0,0.0,0,0.0,0,0.0,0,0.0,
19,0.5,4,30.034164919,0,2790.34808449,2791.593972784,256.958355271,840,0,13348,61567.45981534,835,6050.788721887,0,0.0,0,0.0,0,0.0,0,0.0,0,0.0,
19,0.5,5,30.068867224,0,2333.605220063,2334.838833373,290.533786034,857,0,13223,24940.78922076,856,3192.671650609,0,0.0,0,0.0,0,0.0,0,0.0,0,0.0,
19,0.5,6,30.001916913,0,2873.636463407,2873.889882108,279.725319974,1354,0,19607,97356.226575191,1353,12593.00339174,0,0.0,0,0.0,0,0.0,0,0.0,0,0.0,
19,0.5,7,7.748202047,1,2191.016857287,2192.024224799,246.18117834,1130,0,10871,30447.041787462,1129,6582.103222619,0,0.0,0,0.0,0,0.0,0,0.0,0,0.0,
19,0.5,8,26.98911175,1,1985.910443195,1986.643011109,294.435200474,811,0,15132,27575.993001386,810,1774.16917389,0,0.0,0,0.0,0,0.0,0,0.0,0,0.0,
19,0.5,9,30.010939569,0,2523.621046687,2524.026077751,252.720998522,1304,0,19228,88758.059107601,1303,8622.704544679,0,0.0,0,0.0,0,0.0,0,0.0,0,0.0,
19,0.5,10,30.016092784,0,2110.923959537,2111.249731492,254.434995787,332,0,44980,72028.863245455,331,177.798583273,0,0.0,0,0.0,0,0.0,0,0.0,0,0.0,
19,0.5,11,30.021774162,0,1752.912432527,1753.743953119,241.688798692,828,0,32508,37314.575874787,827,1268.647235207,0,0.0,0,0.0,0,0.0,0,0.0,0,0.0,
19,0.5,12,30.040953213,0,2980.760483683,2981.469924168,279.570202212,339,0,6823,15655.466077312,338,1363.654599735,0,0.0,0,0.0,0,0.0,0,0.0,0,0.0,
19,0.5,13,30.00720932,0,2577.836499174,2578.213746061,291.098906778,266,0,22106,50833.296721843,265,2605.254912629,0,0.0,0,0.0,0,0.0,0,0.0,0,0.0,
19,0.5,14,30.035931303,0,2989.189492276,2989.531326701,273.306732446,812,0,19980,51753.12619154,811,6574.343420586,0,0.0,0,0.0,0,0.0,0,0.0,0,0.0,
19,0.5,15,30.020075556,0,2303.871352739,2306.016452191,237.558907452,1412,0,59796,126768.357023715,1411,9386.34518373,0,0.0,0,0.0,0,0.0,0,0.0,0,0.0,
19,0.5,16,30.062265137,0,3085.682310001,3086.249095903,285.523881771,248,0,13592,34050.245005547,247,1073.385294158,0,0.0,0,0.0,0,0.0,0,0.0,0,0.0,
19,0.5,17,30.012539109,0,3089.003251585,3090.027446468,278.556471514,442,0,17076,34819.809990142,430,1751.379726868,0,0.0,0,0.0,0,0.0,0,0.0,0,0.0,
19,0.5,18,30.033357774,0,2590.133750802,2590.435674293,243.747757484,409,0,17947,28161.719375016,399,1705.464539938,0,0.0,0,0.0,0,0.0,0,0.0,0,0.0,
19,0.5,19,30.365170809,0,2281.205492533,2281.880116093,299.623709983,689,0,9099,18949.56645878,688,1701.738826774,0,0.0,0,0.0,0,0.0,0,0.0,0,0.0,
19,0.5,20,30.005580271,0,2477.880844247,2479.146091285,250.435793791,2456,0,35186,130422.606682325,2171,21986.140067648,0,0.0,0,0.0,0,0.0,0,0.0,0,0.0,
19,0.5,21,30.086458061,0,2324.607789633,2324.985731132,310.75529783,794,0,19587,65299.379405135,793,6009.262280169,0,0.0,0,0.0,0,0.0,0,0.0,0,0.0,
19,0.5,22,30.006308915,0,2387.137445006,2388.091055624,232.349459769,4146,0,25617,49632.816447484,4145,4952.140389087,0,0.0,0,0.0,0,0.0,0,0.0,0,0.0,
19,0.5,23,30.010985732,0,2568.279438592,2569.311036959,256.604936907,1431,0,16632,52834.00780279,1430,8125.623297092,0,0.0,0,0.0,0,0.0,0,0.0,0,0.0,
19,0.5,24,7.754517907,1,2612.661529432,2613.504178099,221.887991733,508,0,16498,34566.569998953,507,3254.364694505,0,0.0,0,0.0,0,0.0,0,0.0,0,0.0,
19,0.5,25,30.000334024,0,2949.027676485,2949.231994266,281.124313056,1545,0,30248,51202.944221768,1544,4377.419695195,0,0.0,0,0.0,0,0.0,0,0.0,0,0.0,
20,0.5,1,30.089013583,0,3034.341650593,3034.919322101,321.362702631,461,0,21851,52569.126274477,458,2090.256579023,0,0.0,0,0.0,0,0.0,0,0.0,0,0.0,
20,0.5,2,30.055671312,0,2765.376415368,2765.938872042,269.008554237,132,0,9717,10802.203078621,131,253.597040256,0,0.0,0,0.0,0,0.0,0,0.0,0,0.0,
20,0.5,3,30.013232892,0,2666.262586014,2666.949400963,259.437258595,1304,0,24603,125227.540218,1252,8085.250812238,0,0.0,0,0.0,0,0.0,0,0.0,0,0.0,
20,0.5,4,30.008089289,0,2918.770816008,2919.979074422,256.958355271,829,0,13236,60729.713470018,824,5939.108608107,0,0.0,0,0.0,0,0.0,0,0.0,0,0.0,
20,0.5,5,30.036428037,0,2389.562666499,2390.816021785,291.042988569,852,0,13107,24805.344472786,851,3181.194184285,0,0.0,0,0.0,0,0.0,0,0.0,0,0.0,
20,0.5,6,30.015000336,0,3102.628240418,3102.896884398,279.748763568,1617,0,22645,103935.014370128,1616,13550.315291829,0,0.0,0,0.0,0,0.0,0,0.0,0,0.0,
20,0.5,7,30.028453712,0,2433.223603387,2434.101517477,246.187065594,1344,0,16050,57859.348868225,1343,8336.119335088,0,0.0,0,0.0,0,0.0,0,0.0,0,0.0,
20,0.5,8,30.00297871,0,2092.490475028,2093.387594031,294.38297195,3835,0,26885,37489.419006515,3834,4291.939058752,0,0.0,0,0.0,0,0.0,0,0.0,0,0.0,
20,0.5,9,30.011892812,0,2636.089908832,2636.490629877,252.716688503,1285,0,18902,87483.565674845,1284,8511.346976333,0,0.0,0,0.0,0,0.0,0,0.0,0,0.0,
20,0.5,10,30.045939338,0,2188.096000762,2188.487789153,254.412156994,313,0,42248,82760.748410638,312,381.476931199,0,0.0,0,0.0,0,0.0,0,0.0,0,0.0,
20,0.5,11,30.012496391,0,1806.668421689,1807.465623823,241.696224357,868,0,30635,37244.450674712,867,1479.50904531,0,0.0,0,0.0,0,0.0,0,0.0,0,0.0,
20,0.5,12,30.057178077,0,3123.818641806,3124.522493896,279.570202212,250,0,6554,11023.233756806,249,678.105849725,0,0.0,0,0.0,0,0.0,0,0.0,0,0.0,
20,0.5,13,30.152281491,0,2731.88004646,2732.183947235,291.113204325,264,0,21988,50591.088401535,263,2578.813013745,0,0.0,0,0.0,0,0.0,0,0.0,0,0.0,
20,0.5,14,30.023132419,0,3167.000682251,3167.28995054,273.268316228,472,0,12436,27013.669846662,471,1930.869622233,0,0.0,0,0.0,0,0.0,0,0.0,0,0.0,
20,0.5,15,30.018603062,0,2401.575534119,2403.687526062,237.546185759,1404,0,59222,125689.942714633,1403,9297.116614923,0,0.0,0,0.0,0,0.0,0,0.0,0,0.0,
20,0.5,16,30.058389483,0,3267.908625416,3268.564248249,285.492320407,227,0,14015,35190.377183831,224,997.431400296,0,0.0,0,0.0,0,0.0,0,0.0,0,0.0,
20,0.5,17,30.103029811,0,3289.606902685,3290.368615526,278.556471514,183,0,18836,25194.166215244,182,552.981174652,0,0.0,0,0.0,0,0.0,0,0.0,0,0.0,
20,0.5,18,30.05114673,0,2644.788509486,2645.090432977,243.747757484,409,0,17947,28161.719375016,399,1705.464539938,0,0.0,0,0.0,0,0.0,0,0.0,0,0.0,
20,0.5,19,30.002830351,0,2525.809827916,2526.369047441,299.857935973,521,0,8461,21623.64869596,520,2011.219764451,0,0.0,0,0.0,0,0.0,0,0.0,0,0.0,
20,0.5,20,30.016249874,0,2747.837696519,2748.624670161,269.979504775,941,0,17072,87969.787217099,940,5366.707659997,0,0.0,0,0.0,0,0.0,0,0.0,0,0.0,
20,0.5,21,30.066263262,0,2570.28129848,2570.733839961,310.693808477,568,0,12822,52344.007432204,567,3917.374134808,0,0.0,0,0.0,0,0.0,0,0.0,0,0.0,
20,0.5,22,30.003995474,0,2489.418371258,2490.440682434,232.349459769,4204,0,25931,50275.988226788,4203,5001.072646968,0,0.0,0,0.0,0,0.0,0,0.0,0,0.0,
20,0.5,23,30.003969027,0,2638.517571673,2639.541383784,257.089014438,1401,0,16482,51979.487200487,1400,7987.915270185,0,0.0,0,0.0,0,0.0,0,0.0,0,0.0,
20,0.5,24,30.004891246,0,2838.490212088,2839.388229213,225.843406337,1822,0,63072,135638.435812191,1821,13571.660394745,0,0.0,0,0.0,0,0.0,0,0.0,0,0.0,
20,0.5,25,30.011939028,0,2988.122383551,2988.334903803,281.108656211,1553,0,30306,51328.276067675,1552,4390.958535,0,0.0,0,0.0,0,0.0,0,0.0,0,0.0,
21,0.5,1,30.014936748,0,3109.722137706,3110.353258849,321.362702631,541,0,23570,61161.110250908,540,2470.154287266,0,0.0,0,0.0,0,0.0,0,0.0,0,0.0,
21,0.5,2,30.066936776,0,2888.271826129,2888.834282802,269.008554237,132,0,9717,10802.203078621,131,253.597040256,0,0.0,0,0.0,0,0.0,0,0.0,0,0.0,
21,0.5,3,30.011640324,0,2802.207464723,2803.197350029,259.437258595,1329,0,23995,123875.430301197,1280,7799.241572235,0,0.0,0,0.0,0,0.0,0,0.0,0,0.0,
21,0.5,4,30.035876185,0,3124.95762913,3126.397892806,257.082965384,832,0,13264,60939.915271222,827,5970.989868015,0,0.0,0,0.0,0,0.0,0,0.0,0,0.0,
21,0.5,5,30.005659944,0,2555.59290855,2556.847014104,291.050892213,840,0,12998,24573.592244456,839,3140.367485209,0,0.0,0,0.0,0,0.0,0,0.0,0,0.0,
21,0.5,6,30.024221883,0,3321.464663498,3321.715089435,279.72738564,1418,0,21551,95818.271172512,1417,11565.426365793,0,0.0,0,0.0,0,0.0,0,0.0,0,0.0,
21,0.5,7,30.00194743,0,2555.255476521,2556.132845197,246.18117834,1361,0,16438,58389.039204851,1360,8410.494976364,0,0.0,0,0.0,0,0.0,0,0.0,0,0.0,
21,0.5,8,30.06682297,0,2290.502195584,2291.40252574,294.38297195,3840,0,27059,37746.317443407,3839,4295.011341871,0,0.0,0,0.0,0,0.0,0,0.0,0,0.0,
21,0.5,9,30.03383926,0,2708.607562659,2709.080598542,252.689178428,131,0,33661,38789.162658799,130,242.770387047,0,0.0,0,0.0,0,0.0,0,0.0,0,0.0,
21,0.5,10,30.407000633,0,2471.424828991,2471.81328987,283.329614066,285,0,38328,74396.745606403,284,371.836711544,0,0.0,0,0.0,0,0.0,0,0.0,0,0.0,
21,0.5,11,30.098834044,0,2108.558892921,2109.395133899,302.004500091,222,0,20912,31424.709188431,221,381.190688129,0,0.0,0,0.0,0,0.0,0,0.0,0,0.0,
21,0.5,12,30.00787136,0,3300.021480477,3300.593087218,279.551202216,248,0,6558,10998.127595101,247,668.780611847,0,0.0,0,0.0,0,0.0,0,0.0,0,0.0,
21,0.5,13,30.025207827,0,2897.269093445,2897.627751377,291.245775796,260,0,21532,49638.690628102,259,2540.120140446,0,0.0,0,0.0,0,0.0,0,0.0,0,0.0,
21,0.5,14,30.262071954,0,3446.845351458,3447.093776171,279.844669208,180,0,7319,15034.557667781,179,687.498474457,0,0.0,0,0.0,0,0.0,0,0.0,0,0.0,
21,0.5,15,30.027003553,0,2505.437543101,2507.610457369,237.558907452,1406,0,59325,125933.358746848,1405,9319.448128346,0,0.0,0,0.0,0,0.0,0,0.0,0,0.0,
21,0.5,16,30.042344949,0,3368.400460991,3369.061027396,285.523881771,228,0,14048,35351.268595377,225,999.815955433,0,0.0,0,0.0,0,0.0,0,0.0,0,0.0,
21,0.5,17,30.121669147,0,3525.828054505,3526.400760033,278.736422567,148,0,19521,25562.111964633,147,343.10847993,0,0.0,0,0.0,0,0.0,0,0.0,0,0.0,
21,0.5,18,30.024632827,0,2690.412408881,2690.717197869,243.768365638,397,0,17602,27686.864572617,387,1637.873072507,0,0.0,0,0.0,0,0.0,0,0.0,0,0.0,
21,0.5,19,30.221967793,0,2724.046536666,2724.605756191,299.857935973,522,0,8467,21675.882126036,521,2014.085319481,0,0.0,0,0.0,0,0.0,0,0.0,0,0.0,
21,0.5,20,30.024866095,0,2888.88618142,2889.671076348,269.972504068,940,0,17058,87863.648583047,939,5359.948979192,0,0.0,0,0.0,0,0.0,0,0.0,0,0.0,
21,0.5,21,30.03928336,0,2681.788711435,2682.241252916,310.693808477,566,0,12897,52321.697056373,565,3906.268802174,0,0.0,0,0.0,0,0.0,0,0.0,0,0.0,
21,0.5,22,30.004540345,0,2561.774326823,2563.613574099,232.349459769,1217,0,53148,58386.412822539,1216,2048.587786928,0,0.0,0,0.0,0,0.0,0,0.0,0,0.0,
21,0.5,23,30.029614927,0,2841.376715673,2841.746434128,256.707551116,858,0,39019,74596.775741984,857,7941.949227433,0,0.0,0,0.0,0,0.0,0,0.0,0,0.0,
21,0.5,24,30.021784047,0,3013.124836051,3014.08047268,225.85071297,1929,0,10664,72536.296342342,1928,12178.978579625,0,0.0,0,0.0,0,0.0,0,0.0,0,0.0,
21,0.5,25,30.025696592,0,3133.685806912,3133.88292439,281.126924147,1434,0,28704,61985.186433807,1433,4652.989319739,0,0.0,0,0.0,0,0.0,0,0.0,0,0.0,
22,0.5,1,30.030162386,0,3125.146452259,3125.777573402,321.362702631,541,0,23570,61161.110250908,540,2470.154287266,0,0.0,0,0.0,0,0.0,0,0.0,0,0.0,
22,0.5,2,30.212595135,0,3057.094132582,3057.812119964,269.008554237,170,0,13212,18040.835847518,169,445.789172171,0,0.0,0,0.0,0,0.0,0,0.0,0,0.0,
22,0.5,3,30.010334669,0,2965.714162287,2966.701569346,259.437258595,983,0,16229,108377.633187533,951,4644.05687265,0,0.0,0,0.0,0,0.0,0,0.0,0,0.0,
22,0.5,4,30.016105023,0,3395.732256056,3396.944385743,270.786448839,627,0,19089,47848.131993141,626,3391.423325499,0,0.0,0,0.0,0,0.0,0,0.0,0,0.0,
22,0.5,5,30.075667037,0,2677.680169525,2678.66773132,291.138227079,1103,0,16327,36561.555653789,1102,5652.054546806,0,0.0,0,0.0,0,0.0,0,0.0,0,0.0,
22,0.5,6,30.000579809,0,3505.069012626,3505.332256101,279.725319974,1062,0,18402,91153.417946771,1061,9138.897436457,0,0.0,0,0.0,0,0.0,0,0.0,0,0.0,
22,0.5,7,30.026181274,0,2668.566949921,2669.446212269,246.187065594,1358,0,16426,58360.66278977,1357,8403.07682843,0,0.0,0,0.0,0,0.0,0,0.0,0,0.0,
22,0.5,8,30.043960767,0,2438.371641543,2439.105919187,294.490895608,1630,0,20693,70039.63061812,1629,9701.291825805,0,0.0,0,0.0,0,0.0,0,0.0,0,0.0,
22,0.5,9,30.017607011,0,2832.930378064,2833.691095116,252.689178428,249,0,34279,45230.471517888,227,1384.460432907,0,0.0,0,0.0,0,0.0,0,0.0,0,0.0,
22,0.5,10,30.000293474,0,2720.349965546,2720.717340912,283.328828229,449,0,39334,99387.443868559,448,1339.168212086,0,0.0,0,0.0,0,0.0,0,0.0,0,0.0,
22,0.5,11,30.067187444,0,2189.348871572,2190.18511255,302.004500091,222,0,20912,31424.709188431,221,381.190688129,0,0.0,0,0.0,0,0.0,0,0.0,0,0.0,
22,0.5,12,30.195801722,0,3553.74499115,3554.448276662,279.551202216,190,0,7384,14996.831581839,189,789.336554919,0,0.0,0,0.0,0,0.0,0,0.0,0,0.0,
22,0.5,13,30.169635871,0,2924.753845617,2925.057746391,291.113204325,264,0,21988,50591.088401535,263,2578.813013745,0,0.0,0,0.0,0,0.0,0,0.0,0,0.0,
22,0.5,14,30.036470609,0,3615.820672855,3616.072661369,279.844669208,179,0,7271,15005.658140915,178,686.017702073,0,0.0,0,0.0,0,0.0,0,0.0,0,0.0,
22,0.5,15,30.026891893,0,2564.616905579,2566.752337379,237.538968506,1389,0,58009,123605.597393531,1388,9131.520346807,0,0.0,0,0.0,0,0.0,0,0.0,0,0.0,
22,0.5,16,30.081331079,0,3479.285040969,3479.915195746,285.492320407,223,0,13895,34712.318532122,220,977.820672851,0,0.0,0,0.0,0,0.0,0,0.0,0,0.0,
22,0.5,17,30.194759467,0,3601.203153638,3601.775859166,278.736422567,147,0,19448,25893.475015314,146,343.10847993,0,0.0,0,0.0,0,0.0,0,0.0,0,0.0,
22,0.5,18,30.003224885,0,2773.902095866,2774.194679448,243.734595154,402,0,17879,28045.814895996,392,1690.194225245,0,0.0,0,0.0,0,0.0,0,0.0,0,0.0,
22,0.5,19,30.022449397,0,2757.231279337,2757.79331793,299.870172817,518,0,8400,21504.16719948,517,2002.186527871,0,0.0,0,0.0,0,0.0,0,0.0,0,0.0,
22,0.5,20,30.008196139,0,2941.316554356,2942.102054837,269.970204522,1090,0,15425,87631.290074228,1089,4707.137993842,0,0.0,0,0.0,0,0.0,0,0.0,0,0.0,
22,0.5,21,30.116534765,0,2817.01803196,2817.39950282,310.75529783,563,0,13113,53604.636125915,562,3788.23854276,0,0.0,0,0.0,0,0.0,0,0.0,0,0.0,
22,0.5,22,30.003870813,0,2662.218985425,2664.050824509,232.349459769,1138,0,51621,56458.815266387,1137,1886.331961387,0,0.0,0,0.0,0,0.0,0,0.0,0,0.0,
22,0.5,23,30.001913222,0,2981.056356486,2981.4001011,256.627963156,860,0,39188,74869.285039512,859,7979.698082219,0,0.0,0,0.0,0,0.0,0,0.0,0,0.0,
22,0.5,24,30.018473398,0,3218.682770066,3219.560001204,225.892608204,1674,0,20755,81721.202630395,1673,11652.189008775,0,0.0,0,0.0,0,0.0,0,0.0,0,0.0,
22,0.5,25,30.004360583,0,3211.18738423,3211.380489137,281.122632924,1460,0,28979,62684.473562244,1459,4710.106856726,0,0.0,0,0.0,0,0.0,0,0.0,0,0.0,
23,0.5,1,30.315792636,0,3316.515815535,3317.095296209,321.362702631,100,0,14577,23850.662392691,99,268.623834523,0,0.0,0,0.0,0,0.0,0,0.0,0,0.0,
23,0.5,2,30.230681042,0,3322.671567429,3323.418741271,269.013199861,342,0,17245,26038.659612519,341,955.450960763,0,0.0,0,0.0,0,0.0,0,0.0,0,0.0,
23,0.5,3,30.012004571,0,3054.97073512,3055.953596485,259.437258595,981,0,16207,108215.778459788,950,4635.586938146,0,0.0,0,0.0,0,0.0,0,0.0,0,0.0,
23,0.5,4,30.171338764,0,3527.288241605,3528.477334029,270.786448839,650,0,18096,48293.213939867,649,3514.003869785,0,0.0,0,0.0,0,0.0,0,0.0,0,0.0,
23,0.5,5,30.011653025,0,2828.344492021,2829.325844819,291.130290088,1105,0,16335,36582.166923043,1104,5657.216256921,0,0.0,0,0.0,0,0.0,0,0.0,0,0.0,
23,0.5,6,30.003009832,0,3555.097051761,3555.360295236,279.725319974,1066,0,18444,91429.41928384,1065,9171.648818771,0,0.0,0,0.0,0,0.0,0,0.0,0,0.0,
23,0.5,7,30.001354549,0,2753.966772364,2755.375834483,246.18117834,1657,0,13689,62108.033225231,1656,9219.397004497,0,0.0,0,0.0,0,0.0,0,0.0,0,0.0,
23,0.5,8,30.001769096,0,2454.29343108,2455.028847256,294.494056533,1617,0,20489,69390.469131159,1616,9637.729754719,0,0.0,0,0.0,0,0.0,0,0.0,0,0.0,
23,0.5,9,30.241836075,0,3001.333437844,3002.094154895,252.689178428,249,0,34279,45230.471517888,227,1384.460432907,0,0.0,0,0.0,0,0.0,0,0.0,0,0.0,
23,0.5,10,30.114128159,0,2800.603988807,2801.177167975,283.340694276,281,0,29530,55628.37563671,280,710.999028576,0,0.0,0,0.0,0,0.0,0,0.0,0,0.0,
23,0.5,11,30.081332813,0,2308.821797005,2309.659116153,302.007913931,218,0,20584,31066.807172313,217,378.575081148,0,0.0,0,0.0,0,0.0,0,0.0,0,0.0,
23,0.5,12,30.243234068,0,3624.49465438,3625.197939892,279.551202216,190,0,7384,14996.831581839,189,789.336554919,0,0.0,0,0.0,0,0.0,0,0.0,0,0.0,
23,0.5,13,30.000182058,0,3018.426720133,3018.801935373,291.09190607,262,0,21686,49997.117784491,261,2567.438168096,0,0.0,0,0.0,0,0.0,0,0.0,0,0.0,
23,0.5,14,30.043370915,0,3768.818169685,3769.070158199,279.844669208,197,0,7425,15306.631702201,196,708.055183393,0,0.0,0,0.0,0,0.0,0,0.0,0,0.0,
23,0.5,15,30.020132806,0,2660.040905065,2662.207085344,237.560557938,1740,0,44169,109573.728567397,1739,10183.173744248,0,0.0,0,0.0,0,0.0,0,0.0,0,0.0,
23,0.5,16,30.061577149,0,3693.04946517,3693.692376744,285.523881771,222,0,13865,34567.887369413,219,974.514439299,0,0.0,0,0.0,0,0.0,0,0.0,0,0.0,
23,0.5,17,30.319996629,0,3785.165185447,3785.73887555,278.556471514,153,0,19641,25365.217515447,152,300.975338281,0,0.0,0,0.0,0,0.0,0,0.0,0,0.0,
23,0.5,18,30.018729784,0,2934.527345303,2934.82826077,243.734595154,316,0,14013,23211.9249488,307,1065.41275632,0,0.0,0,0.0,0,0.0,0,0.0,0,0.0,
23,0.5,19,30.195337084,0,2918.335059708,2918.897735819,299.870172817,509,0,8426,21367.138753147,508,1968.128982879,0,0.0,0,0.0,0,0.0,0,0.0,0,0.0,
23,0.5,20,30.008759527,0,3173.666014124,3174.411283543,269.956852272,1066,0,13409,78653.248865452,1063,4310.302341203,0,0.0,0,0.0,0,0.0,0,0.0,0,0.0,
23,0.5,21,30.134022625,0,3069.076367006,3069.439959348,310.75529783,465,0,12951,50941.59852111,464,3024.027710254,0,0.0,0,0.0,0,0.0,0,0.0,0,0.0,
23,0.5,22,30.046907362,0,2831.171635386,2833.00469717,232.349459769,1184,0,52378,57454.547531112,1183,1983.327807758,0,0.0,0,0.0,0,0.0,0,0.0,0,0.0,
23,0.5,23,30.004480328,0,3099.237555969,3099.461057721,256.645610355,1025,0,30021,70936.847860166,1024,6111.000719906,0,0.0,0,0.0,0,0.0,0,0.0,0,0.0,
23,0.5,24,30.226390615,0,3300.70447894,3301.465740172,225.828682655,598,0,14272,35979.532163319,597,3115.004252498,0,0.0,0,0.0,0,0.0,0,0.0,0,0.0,
23,0.5,25,30.028694398,0,3337.36089658,3337.548396493,281.122499365,1457,0,29519,86860.437018157,1456,5585.239124561,0,0.0,0,0.0,0,0.0,0,0.0,0,0.0,
