2,1,8.8867e-05,1,174.239,174.239,161.954,1,
2,2,0.000206896,1,384.856,384.856,247.849,1,
2,3,0.000135784,1,210.42,210.42,198.583,1,
2,4,5.2158e-05,1,82.8727,82.8727,67.6712,1,
2,5,0.000116648,1,238.494,238.494,166.047,1,
2,6,0.000191949,1,338.886,338.886,256.766,1,
2,7,0.000158607,1,307.473,307.473,214.77,1,
2,8,0.000113312,1,232.293,232.293,144.92,1,
2,9,0.000156012,1,368.332,368.332,250.543,1,
2,10,0.00019761,1,368.442,368.442,238.171,1,
2,11,0.000220753,1,341.623,341.623,283.207,1,
2,12,0.00011249,1,203.527,203.527,115.857,1,
2,13,0.000200373,1,475.839,475.839,248.515,1,
2,14,0.000157373,1,331.274,331.274,190.597,1,
2,15,0.000290372,1,418.809,418.809,248.52,1,
2,16,0.000148718,1,320.743,320.743,180.463,1,
2,17,0.000186969,1,303.814,303.814,282.528,1,
2,18,0.000194773,1,471.199,471.199,255.602,1,
2,19,0.000909589,1,490.673,492,262.145,2,
2,20,0.000126646,1,288.177,288.177,252.708,1,
2,21,0.000244488,1,438.135,438.135,270.806,1,
2,22,0.000110397,1,231.943,231.943,143.917,1,
2,23,0.000179947,1,325.999,325.999,199.501,1,
2,24,7.8908e-05,1,174.84,174.84,145.378,1,
3,1,9.9295e-05,1,203.197,203.197,161.954,1,
2,25,0.00264253,1,473.026,473.107,286.64,5,
3,2,0.000261448,1,468.649,468.649,247.849,1,
3,3,0.00019829,1,317.005,317.005,198.583,1,
3,4,0.000157143,1,323.524,323.524,240.652,1,
3,5,0.00170879,1,511.889,512.127,273.396,4,
3,6,0.000185076,1,402.556,402.556,256.766,1,
3,7,0.00594318,1,467.491,468.896,216.175,11,
3,8,0.000180629,1,376.955,376.955,144.92,1,
3,11,0.000255537,1,530.473,530.473,283.207,1,
3,9,0.00214326,1,686.61,687.185,318.853,3,
3,10,0.000280984,1,541.819,541.819,238.171,1,
3,12,0.000169927,1,363.67,363.67,160.143,1,
3,13,0.00030019,1,671.517,671.517,248.515,1,
3,15,0.000268862,1,574.638,574.638,248.52,1,
3,14,0.000282357,1,491.365,491.365,190.597,1,
3,16,0.000179985,1,323.463,323.463,180.463,1,
3,17,0.000193842,1,379.536,379.536,282.528,1,
3,18,0.000282999,1,584.479,584.479,255.602,1,
3,19,0.000861409,1,511.087,512.414,263.473,2,
3,20,0.000208238,1,397.536,397.536,252.708,1,
3,22,0.000159518,1,357.029,357.029,143.917,1,
3,21,0.00028382,1,492.74,492.74,270.806,1,
3,23,0.000178392,1,365.59,365.59,199.501,1,
3,24,0.000160851,1,386.457,386.457,211.616,1,
3,25,0.00267659,1,614.254,614.336,286.64,5,
4,1,0.000159088,1,304.193,304.193,161.954,1,
4,2,0.000288169,1,511.289,511.289,247.849,1,
4,4,0.000210734,1,328.199,328.199,240.652,1,
4,6,0.000229518,1,548.847,548.847,256.766,1,
4,3,0.0030546,1,513.087,514.492,199.988,4,
4,5,0.00256516,1,722.288,722.526,273.633,5,
4,8,0.000230871,1,531.534,531.534,154.579,1,
4,7,0.00554681,1,609.756,611.161,216.175,10,
4,10,0.000331338,1,582.982,582.982,238.171,1,
4,11,0.000289852,1,632.412,632.412,283.207,1,
4,12,0.000268501,1,574.069,574.069,210.399,1,
4,9,0.00686563,1,976.823,978.207,318.853,8,
4,13,0.000445542,1,674.421,674.421,248.515,1,
4,14,0.000318496,1,698.077,698.077,206.712,1,
4,15,0.000277388,1,599.88,599.88,248.52,1,
4,17,0.000231121,1,453.37,453.37,282.528,1,
4,16,0.00377978,1,467.051,467.165,180.525,12,
4,19,0.000911862,1,548.905,550.233,263.473,2,
4,20,0.00029937,1,657.388,657.388,259.852,1,
4,18,0.00405943,1,845.824,847.228,262.749,4,
4,22,0.000295622,1,604.824,604.824,247.795,1,
4,23,0.000233837,1,481.465,481.465,199.501,1,
4,25,0.00274963,1,795.584,795.665,286.64,5,
5,1,0.000194183,1,323.137,323.137,161.954,1,
4,24,0.00492339,1,496.092,496.105,211.63,5,
5,4,0.00023024,1,495.026,495.026,240.652,1,
5,3,0.00247747,1,600.46,601.865,199.988,4,
5,2,0.00436145,1,761.036,762.507,249.748,5,
5,6,0.000294129,1,711.122,711.122,256.766,1,
5,5,0.002587,1,773.04,773.277,273.633,5,
5,8,0.000265166,1,582.844,582.844,154.579,1,
5,10,0.000370914,1,692.689,692.689,238.171,1,
5,11,0.000712391,1,789.991,790.563,283.207,2,
5,12,0.000380211,1,682.243,682.243,210.399,1,
5,13,0.00033778,1,690.227,690.227,248.515,1,
5,9,0.0057197,1,1080.93,1082.31,318.853,8,
5,15,0.000308786,1,657.626,657.626,248.52,1,
5,14,0.0128534,1,713.883,714.65,207.479,6,
4,21,2.97099,1,661.417,662.874,271.885,1097,
5,17,0.000252061,1,483.729,483.729,282.528,1,
5,16,0.00345132,1,595.713,595.827,180.525,12,
5,19,0.000975943,1,719.674,721.002,263.473,2,
5,20,0.00042825,1,894.577,894.577,259.852,1,
5,22,0.000313967,1,634.322,634.322,247.795,1,
5,23,0.000279432,1,621.294,621.294,199.501,1,
5,18,0.00969166,1,871.397,873.097,262.749,7,
5,24,0.00446258,1,699.675,699.689,211.63,5,
5,7,1.11327,1,816.371,818.577,216.465,1362,
6,1,0.000321982,1,575.622,575.622,252.485,1,
6,4,0.000334285,1,703.037,703.037,240.652,1,
6,2,0.00450546,1,1062.93,1064.4,301.897,5,
6,3,0.0031559,1,712.022,713.427,199.988,4,
5,25,0.00923291,1,1010.18,1011.59,286.64,11,
6,6,0.000574564,1,852.901,853.096,256.766,2,
6,5,0.00243589,1,863.793,864.031,273.633,4,
6,8,0.000322272,1,722.744,722.744,154.579,1,
6,9,0.00547567,1,1221.74,1223.12,318.853,8,
6,10,0.00042836,1,727.779,727.779,238.171,1,
6,11,0.000841562,1,847.288,847.86,283.207,2,
6,12,0.000426597,1,920.976,920.976,238.733,1,
6,13,0.000403754,1,802.216,802.216,248.515,1,
6,14,0.0135,1,833.299,834.066,207.479,6,
6,17,0.000355283,1,570.584,570.584,282.528,1,
6,16,0.00398116,1,765.655,765.769,180.525,12,
6,19,0.00101033,1,800.987,802.315,263.473,2,
6,20,0.000524039,1,1159.96,1159.96,265.382,1,
6,22,0.000385699,1,795.393,795.393,247.795,1,
6,18,0.00894272,1,1101.69,1103.39,262.749,7,
6,15,0.0214597,1,817.643,818.905,248.52,38,
6,23,0.0275136,1,789.012,791.667,199.501,41,
6,7,1.10574,1,1018.98,1021.19,216.465,1363,
7,1,0.000307806,1,590.704,590.704,252.485,1,
7,4,0.000478345,1,846.021,846.021,240.652,1,
7,2,0.00457917,1,1195.97,1197.44,301.897,5,
7,5,0.0020994,1,889.733,889.971,273.633,4,
7,3,0.00711206,1,904.059,906.869,199.988,8,
7,8,0.0047418,1,892.641,892.963,170.094,12,
6,25,0.0219732,1,1313,1315.82,304.23,22,
5,21,3.11179,1,813.571,815.248,271.885,1265,
6,24,0.116162,1,805.384,806.648,211.63,250,
7,6,0.144609,1,1012.33,1013.63,256.766,348,
7,10,0.00050352,1,1013.15,1013.15,285.37,1,
7,11,0.000835029,1,931.057,931.628,283.207,2,
7,12,0.000767694,1,1128.99,1129.05,238.733,2,
7,13,0.000460962,1,981.542,981.542,248.515,1,
7,9,0.0132999,1,1356.41,1358.06,318.853,23,
7,17,0.000386963,1,650.457,650.457,282.528,1,
7,16,0.00530685,1,978.476,980.865,215.096,15,
7,14,0.0124771,1,900.193,900.96,207.479,6,
7,15,0.0182961,1,898.444,899.705,248.52,38,
7,18,0.00906742,1,1278.39,1280.09,262.749,7,
7,7,1.21793,1,1262.93,1266.54,245.347,1452,
7,20,0.000612314,1,1330.73,1330.73,265.382,1,
7,22,0.000484575,1,882.108,882.108,247.795,1,
7,19,0.00561418,1,993.617,995.189,262.145,4,
8,1,0.00036971,1,759.8,759.8,252.485,1,
8,4,0.000430074,1,928.118,928.118,240.652,1,
8,5,0.00266996,1,1054.69,1054.93,273.633,4,
7,25,0.0263397,1,1396.86,1399.67,304.23,22,
8,2,0.0361479,1,1318.02,1319.87,301.897,93,
7,23,0.0469443,1,983.154,987.148,199.512,90,
8,3,0.0546741,1,1151.38,1155.01,248.143,65,
7,24,0.115928,1,959.837,961.1,211.63,250,
8,6,0.150979,1,1146.98,1148.28,256.766,348,
8,10,0.000547413,1,1119.17,1119.17,285.37,1,
8,8,0.00492768,1,1111.81,1112.13,219.168,12,
8,11,0.00228483,1,1028.19,1030.32,283.207,5,
8,12,0.000895191,1,1174.14,1174.19,238.733,2,
8,13,0.00391159,1,1191.94,1193.35,248.515,4,
8,17,0.00190648,1,850.493,850.896,282.528,3,
8,16,0.0057357,1,1133.23,1135.62,215.096,15,
8,14,0.0145123,1,1090.24,1091,207.479,6,
8,9,0.0266298,1,1641.71,1645.52,319.683,33,
8,18,0.0114693,1,1394.81,1396.51,262.749,7,
8,15,0.02608,1,1048.19,1049.59,248.52,64,
8,20,0.0011663,1,1447.34,1447.37,265.382,2,
8,22,0.000513761,1,1109.43,1109.43,247.795,1,
8,19,0.00574333,1,1041.52,1043.09,263.473,4,
9,4,0.000557621,1,1160.01,1160.01,240.652,1,
9,1,0.0070743,1,1000.87,1001.33,252.485,4,
9,5,0.0023359,1,1225.24,1225.48,273.633,4,
8,25,0.0226836,1,1472.21,1475.02,304.23,22,
8,23,0.0490786,1,1112,1115.99,199.512,90,
9,3,0.0570501,1,1252.95,1256.58,248.143,65,
9,2,0.0882198,1,1624.23,1626.45,306.576,164,
8,24,0.113958,1,1146.24,1147.5,211.63,250,
9,10,0.000684018,1,1360.37,1360.37,285.37,1,
9,12,0.00102849,1,1331.66,1331.72,238.733,2,
9,11,0.00294736,1,1365.07,1367.21,336.883,5,
9,13,0.00400779,1,1271.16,1272.57,248.515,4,
9,16,0.00550617,1,1244.33,1246.72,215.096,15,
9,14,0.0120432,1,1148.49,1149.25,207.479,6,
9,9,0.0239182,1,1712.63,1716.44,319.683,33,
9,17,0.0118627,1,1114.39,1115.78,282.528,9,
9,15,0.0270958,1,1251.91,1253.31,248.52,64,
9,6,0.148908,1,1163.59,1164.89,256.766,348,
9,20,0.0010926,1,1529.75,1529.77,265.382,2,
9,18,0.0102108,1,1456.47,1458.17,262.749,7,
9,19,0.0118392,1,1204.86,1206.56,263.473,6,
10,4,0.000632703,1,1288.07,1288.07,240.652,1,
10,1,0.00611668,1,1283.39,1283.85,282.528,4,
10,5,0.00277558,1,1239.09,1239.33,273.633,4,
9,22,0.0144904,1,1360.12,1360.54,251.105,4,
9,25,0.0254172,1,1668.97,1672.41,302.825,19,
10,2,0.0750359,1,1815.42,1821.24,306.207,121,
9,23,0.120508,1,1257.34,1262.74,199.512,234,
10,6,0.14714,1,1265.22,1266.52,256.766,348,
10,3,0.630972,1,1439.87,1443.78,248.298,690,
10,10,0.000814561,1,1579.4,1579.4,285.37,1,
10,12,0.00102236,1,1507.75,1507.81,238.733,2,
10,16,0.00547322,1,1342.47,1344.86,215.096,15,
10,17,0.01172,1,1120.64,1122.02,282.528,9,
10,19,0.0091204,1,1322.93,1324.63,263.473,6,
10,13,0.0201044,1,1497.08,1499.98,248.877,20,
10,14,0.0206357,1,1325.06,1326.93,207.479,10,
10,18,0.0160478,1,1637.36,1639.1,262.749,16,
10,15,0.0836616,1,1534.53,1537.26,282.621,188,
10,9,0.315527,1,1933.67,1939.19,319.683,276,
9,24,1.58686,1,1366.89,1368.27,220.655,2903,
10,20,0.00121918,1,1757.03,1757.05,265.382,2,
11,4,0.0042964,1,1564.81,1566.22,276.743,4,
10,22,0.0146269,1,1447.07,1447.49,251.105,4,
11,5,0.00286954,1,1246.25,1246.49,273.633,4,
10,25,0.0208851,1,1815.66,1819.1,302.825,14,
11,1,0.0287215,1,1492.28,1497.06,282.528,17,
11,2,0.0892315,1,2015,2020.82,306.207,126,
10,23,0.145833,1,1515.06,1520.46,257.724,234,
11,3,0.643874,1,1511.54,1515.45,248.298,690,
11,12,0.00105299,1,1562.76,1562.82,238.733,2,
11,10,0.00529729,1,1650.25,1650.49,285.37,7,
11,13,0.0188055,1,1685.86,1688.77,248.877,22,
11,14,0.0207632,1,1472.41,1474.28,207.479,10,
11,9,0.317905,1,2129.96,2135.48,319.683,276,
10,24,1.57613,1,1456.58,1457.96,220.655,2903,
11,20,0.00187773,1,1962.15,1962.32,265.382,4,
11,18,0.0138311,1,1815.88,1817.62,262.749,16,
11,19,0.0113625,1,1379.2,1380.9,263.473,6,
11,17,0.0674157,1,1211.62,1214.24,282.528,53,
11,16,0.234706,1,1454.34,1457.18,215.096,589,
11,22,0.0121981,1,1514.42,1514.84,251.105,4,
11,25,0.116928,1,2101.2,2108.22,302.825,59,
11,23,0.123658,1,1606.89,1612.28,257.724,234,
12,1,1.002,1,1677.98,1683.97,283.243,1024,
12,5,0.00264096,1,1374.51,1374.75,273.633,4,
12,4,0.0096754,1,1573.58,1575.9,276.743,10,
12,2,0.092612,1,2169.29,2175.11,306.207,127,
11,24,1.60622,1,1574.39,1575.77,220.655,2903,
12,3,0.634649,1,1652.63,1656.54,248.298,690,
9,8,8.07858,1,1302.18,1304.15,219.168,13119,
12,12,0.0011838,1,1593.8,1593.86,238.733,2,
12,10,0.00762506,1,1931.71,1932.32,285.37,10,
12,13,0.0190408,1,1825.28,1828.19,248.877,22,
12,9,0.321376,1,2348.2,2353.73,319.683,276,
12,18,0.0139308,1,1845.96,1847.7,262.749,16,
12,14,0.0324174,1,1582.59,1584.51,207.479,16,
12,17,0.0676457,1,1315.94,1318.56,282.528,53,
12,16,0.237107,1,1543.3,1546.15,215.096,589,
10,8,8.07779,1,1357.94,1359.91,219.168,13119,
12,22,0.0117035,1,1559.04,1559.46,251.105,4,
12,20,0.0638748,1,2065.52,2067.54,265.382,32,
12,19,0.143467,1,1653.48,1656.05,275.078,59,
8,7,13.0054,1,1454.2,1459.56,245.686,12006,
13,2,0.0922918,1,2272.09,2277.92,306.207,127,
12,25,0.119543,1,2230.42,2237.43,302.825,59,
12,23,0.127633,1,1667.76,1673.16,257.724,234,
13,5,0.00246152,1,1396.19,1396.43,273.633,4,
13,4,0.0099819,1,1641.34,1643.66,276.743,10,
11,8,8.12706,1,1483.18,1485.15,219.168,13119,
13,1,1.09271,1,1780.79,1786.77,283.243,1024,
12,24,1.69318,1,1653.84,1655.22,220.655,2903,
13,10,0.0094608,1,2146.35,2146.96,285.37,10,
13,9,0.574128,1,2651.03,2657.2,319.683,413,
10,11,12.7782,1,1506.26,1509.98,337.679,10820,
13,12,0.00123916,1,1747.64,1747.7,238.733,2,
13,13,0.0300257,1,1982.81,1985.72,248.877,22,
13,14,0.0324468,1,1734.45,1736.37,207.479,16,
13,16,0.25549,1,1783.28,1786.38,240.236,617,
6,21,25.6069,1,1007.86,1010.13,272.264,9881,
13,17,0.399794,1,1563.74,1570.36,282.528,212,
13,18,0.0149786,1,1921.32,1923.06,262.749,16,
13,19,0.147076,1,1782.32,1784.9,275.078,59,
13,20,0.0713578,1,2258.82,2261.52,265.382,40,
13,22,0.0119682,1,1564.37,1564.79,251.105,4,
13,23,0.131043,1,1792.84,1798.24,257.724,234,
13,24,1.60387,1,1661.56,1662.94,220.655,2903,
7,21,30.002,0,1227.68,1229.18,271.185,12125,
13,25,0.429977,1,2388.6,2399.14,304.23,281,
14,2,0.0953822,1,2373.77,2379.62,306.207,144,
8,21,30.0032,0,1330.32,1331.81,271.185,12111,
14,4,0.0314992,1,1779.54,1785.15,276.743,24,
14,1,2.48214,1,1845.39,1851.37,283.243,2046,
9,7,30.0015,0,1539.76,1555.84,247.304,20837,
14,5,0.00328392,1,1589.07,1589.31,273.633,4,
9,21,30.0016,0,1493.67,1495.16,271.185,12077,
10,7,30.0017,0,1632.04,1648.11,246.795,20600,
14,10,0.0142005,1,2338.31,2339.22,285.675,13,
13,3,20.7586,1,1893.35,1897.81,248.298,17321,
10,21,30.0017,0,1526.43,1527.93,271.185,11987,
14,12,0.012793,1,1859.24,1862.01,238.733,9,
14,13,0.0342376,1,2142.86,2146.74,248.877,42,
11,6,30.0003,0,1472.37,1474.14,256.766,37813,
11,7,30.0013,0,1915.94,1933.64,287.615,12362,
11,11,30.0011,0,1648.58,1652.65,337.222,25368,
14,18,0.0145793,1,2022.02,2023.76,262.749,16,
14,14,0.0357768,1,1798.85,1800.76,207.479,16,
14,16,0.264563,1,1826.02,1829.12,240.236,617,
11,15,30.0007,0,1848.94,1853.9,314.407,24394,
14,17,1.02737,1,1662.48,1669.29,282.528,546,
14,22,0.0191127,1,1617.2,1624.4,251.19,10,
14,19,0.516628,1,1929.18,1933.26,275.078,214,
14,20,0.653294,1,2313.42,2319.35,266.461,288,
11,21,30.0001,0,1609.77,1611.27,271.185,12053,
15,2,0.0994663,1,2390.44,2396.3,306.207,144,
14,23,0.126977,1,1814.72,1820.12,257.724,234,
14,25,0.425385,1,2597.19,2607.73,304.23,281,
12,6,30.0004,0,1505.04,1506.81,256.766,38141,
15,4,0.100093,1,1974.7,1982.12,276.743,75,
15,5,0.157738,1,1771.99,1772.6,273.633,301,
12,7,30.0027,0,2003.03,2020.74,285.361,12472,
12,8,30.0001,0,1798.91,1801.25,315.834,37684,
12,11,30.0001,0,1820.54,1824.58,337.102,22953,
14,24,1.97013,1,1904.95,1906.37,243.39,3172,
15,10,0.0146813,1,2468.43,2469.34,285.675,13,
12,15,30.0012,0,2032.13,2037.09,314.407,24087,
15,12,0.0133544,1,1919.83,1922.6,238.733,9,
15,14,0.0617825,1,1971.94,1974.62,207.479,89,
15,13,0.357347,1,2241.61,2248.27,248.877,497,
12,21,30.0044,0,1768.67,1770.17,271.185,12028,
15,18,0.0150904,1,2142.89,2144.63,262.749,16,
15,16,0.304808,1,1981.12,1984.23,240.236,617,
15,17,1.02652,1,1746.33,1753.15,282.528,546,
15,20,0.67675,1,2340,2345.94,266.461,288,
15,22,0.0198133,1,1694.38,1701.59,251.19,10,
15,19,1.09849,1,2100.74,2106.3,275.078,443,
13,8,29.5703,1,1849.39,1857.52,318.318,33739,
13,6,30.0003,0,1673.67,1676.42,256.766,34001,
13,7,30.0009,0,2166.1,2183.81,287.742,12435,
15,23,0.136722,1,1979.05,1984.44,257.724,234,
16,2,0.396214,1,2552.55,2558.67,306.207,631,
15,25,0.631775,1,2672.35,2683.11,302.825,362,
13,11,30.001,0,2138.91,2143.51,337.811,20428,
16,4,0.103814,1,2102.41,2109.82,276.743,75,
16,5,0.159158,1,1901.99,1902.6,273.633,301,
14,9,13.3736,1,2789.89,2796.89,319.683,9672,
15,24,1.9544,1,2130.88,2133.7,243.39,3181,
16,10,0.0147402,1,2561.66,2562.58,285.675,13,
13,15,30.0007,0,2280.55,2286.49,314.849,27754,
16,12,0.0260432,1,2204.15,2208.33,285.729,16,
13,21,30.0024,0,1921.48,1927.15,273.009,10005,
16,14,0.13112,1,2207.07,2210.8,236.187,178,
16,13,5.33183,1,2416.16,2423.92,248.877,5551,
16,16,0.299206,1,2065.78,2068.88,240.236,617,
16,17,1.03596,1,1804.26,1811.07,282.528,546,
16,18,0.817236,1,2282.72,2284.97,263.258,1332,
14,3,30,0,2093.56,2102.45,247.683,24667,
16,20,0.654657,1,2401.26,2407.2,266.461,288,
14,6,30.0002,0,1741.06,1743.81,256.766,34313,
14,7,30.0006,0,2401.03,2415.84,287.615,9007,
16,22,0.0198572,1,1772.34,1779.78,251.19,11,
16,23,0.130427,1,2099.95,2105.34,257.724,234,
16,19,2.49196,1,2276.14,2282.6,275.078,1000,
14,8,30.0004,0,1932.64,1940.83,317.854,37232,
16,25,0.642116,1,2774.12,2784.87,302.825,362,
14,11,30.0012,0,2160.97,2165.57,337.811,20489,
17,4,0.209323,1,2162.12,2170.38,276.743,138,
17,2,0.561228,1,2778.93,2785.11,306.576,892,
16,24,1.94531,1,2269.66,2272.48,243.39,3181,
17,5,0.509094,1,2167.7,2173.25,273.633,639,
14,15,30.0012,0,2369.74,2375.67,314.407,27314,
14,21,30.0001,0,1996.36,2002.03,273.009,9948,
17,10,0.0943721,1,2668.26,2669.68,285.675,141,
15,1,30.0016,0,2058.21,2065.53,282.528,12354,
17,12,0.023183,1,2392.44,2396.62,285.729,16,
15,3,30.0006,0,2170.9,2179.79,247.61,24496,
15,6,30.0007,0,2045.79,2049.28,305.543,33436,
15,8,30.0001,0,2216.54,2227.33,318.318,35327,
15,7,30.0022,0,2426.57,2441.41,284.034,9093,
15,9,30.0003,0,3042.75,3051.5,320.317,14645,
15,11,30,0,2352.16,2356.96,337.677,20115,
17,14,0.912544,1,2496.46,2502.37,289.393,640,
17,18,0.322593,1,2536.82,2540.67,262.749,398,
17,20,0.666953,1,2489.08,2495.02,266.461,288,
15,15,30.0008,0,2524.65,2530.89,314.407,30460,
17,22,1.03878,1,1980.82,1989.49,251.756,871,
17,16,3.22645,1,2338.44,2342.5,273.232,5865,
15,21,30.0023,0,2028.32,2033.99,273.009,9911,
17,25,0.636879,1,2997.68,3008.44,302.825,362,
16,1,30.0011,0,2285.03,2293.09,282.528,12921,
18,2,0.555117,1,2826.79,2832.98,306.576,892,
16,3,30.0005,0,2351.41,2361.71,247.61,24820,
16,6,30.0007,0,2108.73,2112.22,304.734,33677,
17,24,1.97759,1,2405.33,2408.16,243.39,3181,
18,4,0.212895,1,2336.2,2344.47,276.743,139,
18,5,0.511067,1,2228.5,2234.05,273.633,639,
16,7,30.0003,0,2459.24,2474.04,284.034,8948,
16,8,30.0001,0,2300.51,2311.46,318.318,22126,
16,9,30.0009,0,3232.07,3240.79,319.683,13663,
18,10,0.0933717,1,2778.21,2779.63,285.675,141,
16,11,30.0012,0,2448.12,2453.03,337.675,20190,
18,12,0.0229061,1,2467.33,2471.51,285.729,16,
18,14,0.890644,1,2505.18,2511.08,289.393,640,
18,16,3.21631,1,2432.67,2436.73,273.232,5865,
17,23,9.9507,1,2176.53,2187.87,262.174,15683,
18,18,0.33073,1,2575.92,2579.77,262.749,398,
18,1,10.094,1,2576.23,2584.64,283.243,8149,
16,15,30.0001,0,2681.97,2688.21,316.177,30604,
18,20,5.12661,1,2720.75,2726.69,266.461,2174,
16,21,30.0013,0,2286.2,2291.81,273.009,10934,
18,22,1.05764,1,2072.01,2080.69,251.756,871,
17,1,30.0036,0,2445.88,2453.98,282.528,12162,
17,3,30.0006,0,2482.91,2493.21,247.558,24779,
17,6,30.0005,0,2257.32,2260.8,304.734,33292,
17,7,30.0028,0,2539.58,2554.36,287.615,8846,
19,2,0.606552,1,3087.74,3095.71,306.576,893,
17,8,30.0001,0,2468.34,2479.28,317.845,21146,
17,9,30.0004,0,3562.28,3571.93,332.068,14177,
18,24,3.48188,1,2642.71,2648.8,243.39,3668,
19,5,0.531684,1,2446.72,2452.27,273.633,639,
17,11,30.0004,0,2670.65,2679.15,337.559,19601,
19,4,2.39316,1,2497.54,2507.48,276.743,1428,
17,13,30.0006,0,2512.15,2522.48,248.877,15254,
17,15,30.0009,0,2838.25,2844.49,315.735,30111,
17,17,30.0018,0,2058.53,2065.68,282.604,14630,
17,19,30.0025,0,2435.05,2442.75,274.56,9983,
19,12,0.0232484,1,2670.89,2675.07,285.729,16,
17,21,30.001,0,2357.94,2363.55,273.009,10863,
18,23,9.56452,1,2238.26,2249.59,262.174,15683,
18,3,30.0029,0,2605.18,2615.59,248.019,20982,
19,18,0.347558,1,2663.05,2666.9,262.749,398,
19,16,4.4075,1,2574.96,2579.83,273.232,7821,
18,6,30.0005,0,2524.92,2528.45,304.734,33684,
18,8,30.0012,0,2588.1,2599.03,317.845,20975,
18,7,30.0041,0,2740.01,2754.16,287.615,8914,
18,9,30.001,0,3740.22,3750.03,332.1,19802,
18,11,30.001,0,2909.97,2919.3,337.675,16164,
18,13,30.0008,0,2705.03,2718.14,248.927,14293,
19,22,1.04642,1,2133.74,2142.41,251.756,871,
19,14,8.17674,1,2755.36,2761.33,289.393,6688,
18,15,30.001,0,3048.47,3055.08,317.719,25628,
20,2,0.622044,1,3115.46,3123.43,306.576,893,
20,5,0.520303,1,2470.67,2476.21,273.633,639,
18,17,30.0028,0,2316.99,2324.22,282.604,12229,
18,19,30.001,0,2450.25,2457.95,274.484,9859,
18,21,30.0021,0,2415.19,2420.79,273.009,10891,
19,24,14.4141,1,2952.4,2960.02,311.017,14695,
18,25,30.0009,0,3223.61,3234.59,302.825,12113,
19,1,30.0007,0,2736.57,2744.68,282.537,21643,
20,12,0.0403339,1,2866.35,2871.1,285.729,31,
19,3,30.0001,0,2724.93,2735.34,247.957,20722,
19,6,30.0006,0,2585.53,2589.72,304.734,35550,
19,8,30.0013,0,2897.91,2910.41,317.845,19823,
19,7,30.0023,0,2784,2798.15,287.615,8889,
19,9,30.001,0,3940.16,3949.98,332.1,19516,
19,10,30.0011,0,2913.77,2920.21,286.054,31189,
19,11,30.0013,0,3177.22,3190.13,337.811,16084,
20,18,0.309299,1,2880.21,2885.78,263.258,284,
19,13,30.0045,0,2711.01,2724.25,248.877,14401,
19,15,30.0019,0,3147.41,3154.21,314.407,26159,
19,17,30.0022,0,2517.29,2527.47,282.528,14371,
20,14,8.24595,1,2914.81,2920.77,289.393,6688,
19,19,30.0022,0,2487.2,2494.9,274.486,9791,
19,20,30.0013,0,2976.04,2982.71,265.382,10189,
19,21,30.0006,0,2454.99,2460.59,273.009,10834,
19,23,30.0003,0,2519.84,2535.62,285.785,46844,
21,2,0.630889,1,3303.86,3311.82,306.576,893,
20,1,30.0009,0,2758.63,2766.74,282.537,21737,
19,25,30.0013,0,3410.8,3421.78,302.825,11604,
20,3,30.001,0,2953.86,2963.94,247.528,17288,
21,5,1.45858,1,2654.67,2661.79,273.633,1445,
20,4,30.0018,0,2693.83,2706.45,276.743,13801,
20,22,10.2687,1,2232.96,2242.54,251.756,8028,
20,6,30.0002,0,2857.27,2863.5,304.734,35870,
21,12,0.0400934,1,3066.78,3071.53,285.729,31,
20,7,30.0016,0,2965.6,2979.75,287.615,8878,
20,8,30.0011,0,3088.73,3103.11,317.845,11726,
20,9,30.0008,0,4198.63,4209.39,332.1,14788,
20,24,15.2503,1,3030.7,3038.32,311.226,14697,
20,19,23.0396,1,2558.65,2566.56,275.078,7432,
20,10,30.0006,0,2969.44,2975.89,286.054,31176,
20,11,30.0014,0,3243.35,3256.26,338.255,16108,
21,18,0.30997,1,2914.23,2919.8,263.258,284,
20,13,30.0007,0,2858.55,2871.79,249.688,14281,
20,15,30.0003,0,3336.62,3344.8,314.407,20301,
20,16,30.0006,0,2723.31,2728.51,273.618,48062,
20,17,30.0004,0,2637.39,2647.56,282.528,14200,
20,20,30.0007,0,3011.79,3019.38,265.382,10226,
20,21,30.0028,0,2715.06,2724.29,272.63,10763,
22,2,0.804983,1,3556.92,3566.48,306.576,941,
20,23,30.0006,0,2612.86,2628.64,285.785,45936,
20,25,30.0027,0,3515.95,3527.37,302.825,10563,
21,1,30.0006,0,2846.66,2854.76,282.537,21261,
21,22,10.7655,1,2278.45,2288.02,251.756,7927,
21,3,30.0016,0,3095.22,3105.29,247.32,15300,
21,4,30.0006,0,2795.13,2806.09,276.743,17330,
21,6,30.0005,0,3024.47,3038.95,309.029,22176,
21,7,30.0013,0,3067.6,3081.75,287.681,8789,
21,8,30.001,0,3151.11,3175.08,317.845,9328,
21,9,30.0028,0,4445.44,4456.44,332.12,12997,
22,12,0.0418891,1,3232.64,3237.39,285.729,31,
22,5,5.72801,1,2884.05,2891.45,273.907,4209,
21,10,30.0009,0,3100.88,3107.32,286.054,31176,
21,11,30.0002,0,3526.23,3539.18,338.272,15514,
21,13,30.0003,0,3021.9,3035.13,249.688,14155,
21,14,30.0033,0,3176.82,3183.65,292.265,12981,
22,18,0.307561,1,3086.97,3092.54,263.258,284,
21,24,15.0946,1,3074.07,3081.69,311.226,14697,
21,15,30.0007,0,3456.37,3464.77,314.407,19472,
21,19,22.5496,1,2630.38,2638.29,275.078,7432,
21,16,30.0001,0,2885.45,2890.7,273.232,47382,
21,17,30.0026,0,2662.54,2673.17,282.528,15440,
21,20,30.0018,0,3119.65,3127.23,265.382,10204,
21,21,30.0031,0,2787.75,2796.98,272.63,10820,
23,2,1.23731,1,3623.39,3635.43,306.576,1191,
21,23,30.0003,0,2668.38,2684.13,285.785,35557,
21,25,30.0011,0,3794.72,3806.87,302.825,14441,
22,1,30,0,3052.14,3061.36,282.528,19823,
22,3,30.0007,0,3381.93,3392.79,287.855,9551,
22,4,30.0011,0,2891.02,2904.96,276.743,19693,
23,5,5.76076,1,2921.12,2928.52,273.907,4209,
22,6,30.0003,0,3102.21,3116.69,309.029,22286,
22,7,30.0042,0,3211.02,3225.09,287.615,8436,
22,8,30.002,0,3339,3364.31,317.845,11310,
22,9,30.0001,0,4532.09,4543.11,332.1,13198,
22,10,30.0005,0,3415.29,3422.95,315.545,26587,
22,11,30.0023,0,3636.18,3649.13,338.268,15412,
23,12,0.0419286,1,3251.28,3256.03,285.729,31,
22,13,30.0011,0,3331.71,3344.92,310.022,10578,
22,15,30.0007,0,3526.48,3535.68,317.719,18981,
22,16,30.0006,0,2917.34,2922.8,273.618,47267,
22,14,30.0038,0,3250.91,3257.74,292.265,12767,
22,17,30.0025,0,2842.13,2852.75,282.528,15228,
22,19,30.0003,0,2775.3,2782.32,274.486,9438,
22,20,30.0051,0,3305.18,3312.77,265.382,10186,
22,21,30.0035,0,2949.15,2957.59,270.806,9121,
23,18,3.75564,1,3217.31,3224.2,263.258,4005,
22,23,30.0002,0,2941.96,2961.97,285.785,34895,
22,22,30.0012,0,2518.61,2532.73,251.19,19028,
22,24,30.0019,0,3314.72,3323.12,311.529,16888,
22,25,30.0009,0,3826.58,3838.74,302.825,14422,
24,2,2.2198,1,3685.62,3697.94,306.576,1649,
23,1,30.0003,0,3109.33,3118.55,282.537,19593,
23,3,30.0003,0,3576.44,3587.48,287.855,9641,
24,5,6.40651,1,3119.88,3127.36,273.996,4307,
23,4,30.003,0,3103.12,3117.03,276.743,18647,
23,6,30.0007,0,3319.98,3334.45,309.029,21829,
23,7,30.0002,0,3233.59,3247.66,287.615,8412,
23,8,30.0071,0,3615.73,3648.5,317.739,5855,
24,12,0.0422277,1,3291.44,3296.19,285.729,31,
23,9,30.0011,0,4774.97,4786.06,331.973,12552,
23,10,30.0007,0,3580.91,3588.88,315.545,25984,
23,11,30.0002,0,3888.81,3904.89,337.677,15411,
23,14,30.0023,0,3474.02,3480.98,292.265,12953,
23,13,30.0014,0,3448.58,3461.9,310.103,10879,
23,15,30.0018,0,3641.4,3650.82,315.735,19064,
23,16,30.0002,0,2982.96,2988.41,273.618,46545,
23,17,30.0014,0,2967.53,2978.15,282.528,15059,
23,19,30.0009,0,2893.75,2901.14,274.41,8568,
23,20,30.0014,0,3485.17,3493.72,265.382,10142,
23,21,30.0021,0,2984.9,2993.33,272.984,9059,
23,22,30.0031,0,2799.19,2818.89,285.478,10119,
23,23,30.0021,0,3138.08,3160.69,285.785,17112,
23,24,30.0012,0,3578.53,3587.41,311.226,5810,
23,25,30.001,0,3924.49,3936.64,302.825,14154,
24,1,30.0001,0,3270.4,3279.83,282.542,19701,
24,3,30.002,0,3715.22,3726.25,287.585,9625,
24,4,30.0025,0,3204.44,3218.35,276.743,18586,
24,6,30.0007,0,3411.45,3425.93,309.029,21314,
24,8,30.0001,0,3814.07,3846.84,317.739,5824,
24,7,30.0047,0,3439.74,3453.77,287.615,8316,
24,9,30.0028,0,4949.33,4960.68,331.973,14365,
24,10,30.0024,0,3854.58,3864.29,315.545,16134,
24,11,30.0004,0,3965.6,3981.67,337.725,15203,
25,12,0.0430182,1,3375.55,3380.3,285.729,31,
24,13,30.0039,0,3542.03,3555.82,311.583,8378,
24,14,30.0002,0,3696.18,3704.95,290.1,14788,
24,15,30.0001,0,3821.87,3831.28,314.407,18783,
24,16,30.0001,0,3002.86,3010.54,273.657,36597,
24,17,30.0007,0,3060.1,3070.27,282.528,13754,
24,18,30.0002,0,3389.61,3399.68,262.749,30195,
24,19,30.0018,0,2991.14,2998.73,274.358,8258,
24,20,30.0009,0,3693.77,3703.43,265.382,9405,
24,21,30.0009,0,3209.3,3219.94,271.185,9133,
24,22,30.0028,0,3040.36,3061.31,286.075,9373,
24,23,30.0002,0,3148.84,3171.45,285.785,17155,
24,24,30.0079,0,3606.34,3615.21,311.226,5762,
24,25,30.0015,0,4197.89,4212.77,302.825,7821,
25,1,30.0021,0,3425.15,3435.16,282.528,9331,
25,2,30.0008,0,3889.03,3903.33,306.576,24819,
25,3,30.0027,0,3776.42,3787.45,287.855,9495,
25,4,30.001,0,3371.36,3385.26,276.743,18274,
25,5,30.0023,0,3399.25,3408.58,279.375,19262,
25,6,30.0008,0,3521.8,3536.64,309.029,25926,
25,7,30.0009,0,3573.5,3587.51,285.3,8207,
25,8,30.0003,0,4002.31,4033.98,317.739,4084,
25,9,30.0015,0,5074.74,5086.29,331.973,14204,
25,10,30.0034,0,4042.45,4055.63,314.601,11717,
25,11,30.0015,0,4145.02,4162.54,337.753,15169,
26,12,0.0440031,1,3556.5,3561.25,285.729,31,
25,13,30.0039,0,3622.37,3636.43,309.814,8179,
25,14,30.0003,0,3773.92,3782.7,290.1,16552,
25,15,30.0003,0,4038.13,4050.32,314.849,13555,
25,16,30.0002,0,3088.62,3100.04,273.723,32003,
25,17,30.0021,0,3224.95,3235.11,282.528,13260,
25,19,30.0002,0,3168.3,3175.81,274.282,7946,
25,20,30.0009,0,3884.76,3894.3,265.382,8426,
25,18,30.0021,0,3429.33,3440.98,261.344,28683,
25,21,30.0008,0,3310.75,3321.37,270.806,9019,
25,22,30.0015,0,3268.37,3289.33,286.052,9138,
25,23,30.003,0,3454.92,3481.79,310.349,16837,
25,25,30.0028,0,4460.53,4475.44,302.825,8233,
25,24,30.0049,0,3763.74,3773.02,311.226,4955,
26,1,30.0035,0,3561.84,3573.64,282.528,8839,
26,2,30.0009,0,3974.5,3988.8,306.576,24589,
26,3,30.0018,0,3884.19,3895.22,287.793,9296,
26,4,30.0006,0,3489.81,3503.7,276.743,18081,
26,5,30.0017,0,3583.57,3593.14,279.533,18925,
26,6,30.0042,0,3833.83,3850.29,313.937,14141,
26,7,30.0011,0,3830.4,3846.41,287.681,7808,
26,8,30.0016,0,4167.88,4189.06,317.739,3593,
26,9,30.0003,0,5255.73,5267.42,331.973,14516,
26,10,30.006,0,4255.28,4270.04,315.41,5048,
26,11,30.0028,0,4362.79,4380.3,337.811,14878,
27,12,0.0472747,1,3673.5,3678.45,285.729,35,
26,13,30.0013,0,3780.8,3794.77,310.747,7605,
26,14,30.0027,0,3909.21,3918.77,291.895,12350,
26,15,30.0028,0,4211.77,4223.95,314.407,13311,
26,16,30.0002,0,3170.96,3182.4,273.723,29913,
26,17,30.0008,0,3310.71,3326.53,282.528,10332,
26,18,30.0007,0,3633.1,3645.03,262.88,14110,
26,20,30.0011,0,3959.49,3969.03,265.382,8501,
26,19,30.0047,0,3347.63,3355.38,274.424,8260,
26,21,30.0055,0,3325.84,3336.44,271.836,8977,
26,22,30.0035,0,3491.52,3512.94,285.478,7577,
26,23,30.0024,0,3525.32,3552.18,310.349,16692,
26,24,30.0054,0,3843.55,3852.82,311.226,4791,
26,25,30.0005,0,4632.8,4647.66,302.825,7883,
27,1,30.0029,0,3768.98,3780.78,282.528,8722,
27,2,30.0008,0,4048.75,4063.05,306.576,24245,
27,3,30.0009,0,3902.89,3913.93,287.855,9291,
27,4,30.001,0,3713.38,3727.17,276.743,20013,
27,5,30.0008,0,3737.63,3749.18,281.386,18511,
27,6,30.0047,0,4100.43,4118.01,313.937,8040,
27,7,30.0044,0,4007.34,4023.85,285.234,6642,
27,8,30.0027,0,4252.13,4273.31,317.739,3610,
27,9,30.0016,0,5387.11,5399.18,331.973,11867,
27,10,30.0009,0,4281.5,4296.25,314.407,5014,
27,11,30.0018,0,4635.45,4654.24,336.883,14380,
28,12,0.0907936,1,3835.97,3841.58,285.729,92,
27,13,30.0011,0,3979.15,3993.11,309.814,7617,
27,14,30.0004,0,4127.29,4137.08,290.531,11978,
27,15,30.0017,0,4324.87,4337.04,315.735,13111,
27,16,30.0008,0,3428.85,3441.09,274.553,24980,
27,17,30.0025,0,3561.79,3577.9,282.528,9626,
27,18,30.0036,0,3717.54,3729.46,262.88,13610,
27,19,30.0026,0,3525.2,3532.94,274.923,8220,
27,20,30.0025,0,4197.14,4210.35,265.382,10019,
27,22,30.0015,0,3684.15,3705.33,285.478,8725,
27,21,30.0041,0,3550.33,3560.09,271.185,10005,
27,23,30.0002,0,3768.32,3798.47,310.349,16494,
27,24,30.0031,0,4017.67,4026.92,311.226,5193,
27,25,30.0017,0,4658.74,4673.59,302.825,7807,
28,1,30.0036,0,3875.77,3887.56,282.528,8594,
28,2,30.0006,0,4149.02,4163.32,306.576,24229,
28,3,30.0026,0,4032.16,4043.49,287.855,8847,
28,4,30.0025,0,3844.76,3857.83,276.743,15751,
28,5,30.0021,0,3882.85,3895.94,281.386,11849,
28,6,30.0026,0,4309.65,4329.33,313.559,7834,
28,7,30.0019,0,4176.23,4192.74,287.615,6630,
28,8,30.0052,0,4269.16,4289.72,318.724,3659,
28,9,30.0021,0,5472.87,5489.41,331.973,7286,
28,10,30.0008,0,4535.6,4551.03,315.545,5204,
28,11,30.0009,0,4695.19,4713.98,336.883,14116,
29,12,0.0904516,1,3918.22,3923.83,285.729,92,
28,13,30.0054,0,4073.42,4087.65,310.248,7849,
28,14,30.0011,0,4486.41,4496.18,359.126,11694,
28,15,30.0024,0,4439.44,4451.59,315.735,12766,
28,16,30.0003,0,3588.28,3600.49,274.553,24186,
28,17,30.0019,0,3697.47,3713.55,282.528,9306,
28,18,30.002,0,3795.48,3807.74,262.88,13855,
28,19,30.003,0,3586.87,3594.61,274.424,8125,
28,22,30.0004,0,3863.9,3886.71,286.024,8989,
28,21,30.0037,0,3741.23,3750.98,271.261,9886,
28,20,30.0011,0,4416.52,4429.72,265.382,9501,
28,23,30.0013,0,3928.28,3958.28,310.349,15132,
28,24,30.0069,0,4169.8,4179.05,309.898,5122,
28,25,30.0024,0,4817.55,4832.3,302.825,7535,
29,1,30.004,0,4168.25,4183.46,296.148,8322,
29,2,30.0005,0,4357.22,4373.13,306.576,21049,
29,3,30.0014,0,4246.12,4257.83,287.855,8070,
29,4,30.0004,0,4076.5,4089.51,276.743,14870,
29,5,30.0032,0,3976.06,3989.15,281.545,11884,
29,6,30.0007,0,4331.52,4351.2,313.351,7779,
29,7,30.0023,0,4352.71,4368.14,285.234,6992,
29,8,30.0021,0,4451.31,4472.61,318.724,3441,
29,9,30.0053,0,5699.05,5717.01,331.537,5525,
29,10,30.0061,0,4620.75,4636.18,314.601,5227,
29,11,30.0006,0,4740.98,4759.77,336.959,13914,
29,13,30.0028,0,4286.66,4300.87,310.022,7772,
29,14,30.003,0,4778.39,4789.15,359.126,10484,
29,15,30.002,0,4456.68,4468.82,315.735,12670,
29,16,30.0008,0,3625.87,3638.08,274.608,24317,
29,17,30.0036,0,3793.22,3809.22,282.528,8587,
29,18,30.0013,0,3881.04,3899.15,262.672,9088,
29,19,30.001,0,3756.77,3764.5,274.282,7969,
29,20,30.0011,0,4460.32,4473.52,265.382,9471,
29,22,30.0005,0,3996.94,4018.43,282.591,10467,
29,21,30.0038,0,3862.23,3873.06,271.261,9898,
29,23,30.002,0,4169.2,4203.65,310.349,15332,
29,24,30.0055,0,4297.86,4308.13,309.898,5196,
29,25,30.0037,0,4914.82,4929.56,302.825,7316,
30,1,30.0018,0,4213.22,4228.42,296.148,8243,
30,2,30.0009,0,4507.48,4523.37,306.576,20245,
30,3,30.0014,0,4322.44,4334.15,287.823,7872,
30,4,30.0016,0,4355.27,4369.54,280.098,13882,
30,5,30.001,0,4193.54,4206.46,281.386,10584,
30,6,30.0025,0,4399.77,4419.43,312.023,7648,
30,7,30.0031,0,4478.19,4493.56,283.906,6900,
30,8,30.0028,0,4616.1,4637.36,318.251,3372,
30,9,30.0029,0,5917.46,5935.41,331.537,5454,
30,10,30.0053,0,4767.48,4782.81,315.739,5432,
30,11,30.0037,0,4769.07,4787.85,337.531,13920,
30,12,30.0017,0,4192.72,4201.27,285.729,18618,
30,13,30.0041,0,4385.53,4399.74,310.747,8776,
30,14,30.0006,0,4855.37,4866.12,359.126,10425,
30,15,30.0006,0,4603.56,4618.55,316.183,11192,
30,16,30.0016,0,3874.47,3887.43,273.985,12322,
30,17,30.0021,0,4008.54,4024.7,282.528,6948,
30,18,30.0003,0,3986.19,4003.97,262.672,10407,
30,19,30.0018,0,4066.46,4077.1,309.69,8499,
30,20,30.0009,0,4626.37,4639.65,265.382,9076,
30,21,30.0023,0,3990.18,4001.01,270.806,9870,
30,22,30.0024,0,4230.76,4252.11,282.591,10300,
30,23,30.0027,0,4311.08,4345.53,310.349,15294,
30,24,30.0086,0,4385.64,4395.89,311.226,5058,
30,25,30.0123,0,5092.28,5107.01,302.825,7178,
31,1,30.0051,0,4417.01,4434.42,294.491,5095,
31,2,30.0006,0,4638.17,4654.98,306.272,12917,
31,3,30.0029,0,4623.53,4637.47,302.146,6836,
31,4,30.0017,0,4529.83,4544.09,280.098,13610,
31,5,30.0008,0,4452.3,4466.43,281.386,9269,
31,6,30.0002,0,4452.7,4472.36,313.351,7550,
31,7,30.0021,0,4534.37,4549.73,287.615,6779,
31,8,30.0033,0,4771.58,4792.83,317.739,3353,
31,9,30.0048,0,5998.2,6016.11,331.537,5306,
31,10,30.0054,0,4975.69,4991.83,317.321,5426,
31,11,30.0006,0,4836.83,4855.61,337.457,13550,
31,12,30.0013,0,4229.74,4238.29,285.729,18314,
31,13,30.0024,0,4412.11,4426.3,310.248,8613,
31,14,30.0047,0,5060.1,5070.83,359.126,10216,
31,15,30.0014,0,4696.99,4711.89,314.407,11214,
31,16,30.001,0,3950.86,3963.81,273.985,12072,
31,17,30.0067,0,4257.14,4273.77,282.528,6246,
31,18,30.0025,0,4025.57,4043.41,262.672,11715,
31,20,30.0002,0,4641.06,4654.34,265.382,8964,
31,19,30.001,0,4145.4,4156.85,309.69,8854,
31,21,30.0036,0,4217.2,4227.85,270.806,10098,
31,23,30.0041,0,4544.43,4580.28,310.349,10965,
31,22,30.0036,0,4488.09,4509.37,286.052,9608,
31,24,30.0089,0,4478.18,4488.42,309.898,5003,
31,25,30.0004,0,5322.8,5337.53,302.825,7137,
32,1,30.0016,0,4547.71,4565.61,296.148,5244,
32,2,30.0007,0,4748.58,4765.4,306.576,12376,
32,3,30.0044,0,4648.12,4662.04,304.271,6640,
32,4,30.0003,0,4706.18,4720.41,280.098,13244,
32,5,30.0021,0,4478.03,4492.16,281.386,9097,
32,6,30.0021,0,4652.07,4672.53,313.351,6213,
32,7,30.0014,0,4746.11,4761.47,287.615,6719,
32,8,30.0043,0,4918.45,4941.34,318.724,3675,
32,9,30.0065,0,6214.42,6232.29,331.537,5200,
32,10,30.0057,0,5239.58,5256.81,316.992,5699,
32,11,30.0007,0,5043.55,5062.45,337.457,15594,
32,12,30.0007,0,4349.43,4359.11,285.729,17727,
32,13,30.0016,0,4526.69,4540.88,309.814,8567,
32,14,30.0009,0,5259.49,5271.86,359.126,8939,
32,15,30.0005,0,4883.04,4898.92,317.511,8114,
32,16,30.003,0,4169.89,4183.32,274.091,9290,
32,17,30.0023,0,4279.05,4295.66,282.528,6186,
32,18,30.0021,0,4261.83,4280.9,262.672,10815,
32,19,30.0075,0,4385.68,4397.35,309.69,8438,
32,20,30.0009,0,4704.04,4717.32,265.382,8855,
32,21,30.0001,0,4281.8,4292.34,271.185,8811,
32,23,30.0006,0,4819.99,4859.45,310.349,9676,
32,25,30.0016,0,5455.99,5470.7,302.825,6923,
32,22,30.0045,0,4523.13,4544.41,285.478,9623,
32,24,30.0036,0,4582.28,4592.37,309.898,5346,
33,1,30.0031,0,4610.65,4628.66,296.622,4788,
33,2,30.0025,0,4932.46,4949.42,306.576,11809,
33,3,30.0022,0,4793.5,4807.97,303.284,8150,
33,4,30.0001,0,4850.97,4865.67,280.098,12346,
33,5,30.0042,0,4623.08,4637.2,281.386,8651,
33,6,30.004,0,4747.77,4768.78,313.351,6202,
33,7,30.0019,0,4889.79,4905.14,283.906,6681,
33,8,30.0029,0,5055.46,5077.15,317.739,3408,
33,9,30.0036,0,6377.49,6395.36,331.537,5086,
33,10,30.0037,0,5429.08,5446.24,315.216,5636,
33,11,30.0007,0,5114.57,5133.46,337.457,15163,
33,12,30.0023,0,4374.7,4384.63,285.729,16461,
33,13,30.0001,0,4831.19,4846.38,309.814,9174,
33,14,30.0038,0,5363.66,5377.64,359.126,8336,
33,15,30.0035,0,5003.99,5019.96,316.183,6757,
33,16,30.0022,0,4331.29,4344.45,273.985,10711,
33,17,30.0007,0,4468.89,4487.58,282.528,5921,
33,18,30.0024,0,4539.33,4557.59,279.038,8750,
33,19,30.0021,0,4639.78,4652.04,309.69,8171,
33,20,30.0028,0,4936.19,4950.91,265.382,8835,
33,21,30.0015,0,4479.39,4489.92,271.185,8617,
33,22,30.0041,0,4646.88,4668.13,285.478,9544,
33,23,30.0007,0,4942.49,4984.57,310.349,12866,
33,24,30.0031,0,4689.68,4704.2,315.945,6214,
33,25,30.0016,0,5543.76,5558.47,302.825,6841,
34,1,30.0054,0,4764.34,4782.38,296.148,4480,
34,2,30.0029,0,5021.12,5038.04,306.272,12666,
34,3,30.0043,0,4983.94,4998.3,302.826,7646,
34,4,30.0006,0,5117.87,5133.79,280.098,11988,
34,5,30.0002,0,4695.94,4710.09,281.386,7631,
34,6,30.0064,0,4841.29,4862.25,313.351,6259,
34,7,30.0017,0,5012.39,5026.05,283.906,7504,
34,8,30.0055,0,5245.68,5267.26,317.739,3290,
34,9,30.0041,0,6418.65,6436.51,331.537,5004,
34,10,30.0074,0,5579.69,5596.77,316.183,5362,
34,11,30.0014,0,5313.93,5333.8,336.883,12548,
34,12,30.0013,0,4394.52,4404.46,285.729,16563,
34,13,30.0035,0,5032.24,5048.89,309.814,8845,
34,14,30.0009,0,5573.43,5590.06,359.126,8176,
34,15,30.0059,0,5299.26,5315.69,315.735,6291,
34,16,30.0027,0,4407.94,4421.03,273.985,9744,
34,17,30.0049,0,4766.51,4785.32,297.617,5049,
34,18,30.0023,0,4754.37,4772.39,277.824,7854,
34,20,30.0001,0,5209.59,5225.54,274.8,6824,
34,19,30.0026,0,4850.41,4862.6,310.068,7995,
34,22,30.0002,0,4734.64,4755.89,285.478,9466,
34,23,30.0018,0,5144.23,5189.97,311.297,12662,
34,21,30.0039,0,4634.44,4644.96,271.185,8522,
34,24,30.0041,0,4953.97,4968.83,309.898,5686,
34,25,30.0039,0,5780.66,5794.95,302.825,6335,
