2,1,6.2025e-05,1,417.089,417.089,261.333,1,
2,2,7.5582e-05,1,602.28,602.28,444.534,1,
2,3,6.0864e-05,1,566.543,566.543,308.962,1,
2,4,0.000194614,1,162.923,184.33,153.619,4,
2,5,6.4541e-05,1,322.48,322.48,254.672,1,
2,6,5.884e-05,1,569.541,569.541,320.232,1,
2,7,8.9577e-05,1,625.203,625.203,322.133,1,
2,8,3.6748e-05,1,185.422,185.422,101.532,1,
2,9,3.7409e-05,1,273.905,273.905,147.893,1,
2,11,5.7257e-05,1,607.286,607.286,347.668,1,
2,10,0.00150145,1,362.03,376.125,217.629,38,
2,12,4.3612e-05,1,405.499,405.499,257.298,1,
2,13,0.000122509,1,562.32,562.734,374.435,2,
2,14,5.8749e-05,1,467.028,467.028,312.706,1,
2,15,7.1503e-05,1,314.929,314.929,301.022,1,
2,16,4.903e-05,1,317.851,317.851,181.555,1,
2,17,5.1597e-05,1,362.736,362.736,286.86,1,
2,18,3.4555e-05,1,272.161,272.161,167.225,1,
2,19,6.0483e-05,1,493.969,493.969,319.21,1,
2,20,5.4871e-05,1,552.574,552.574,280.194,1,
2,21,5.0916e-05,1,513.006,513.006,369.093,1,
2,22,6.4751e-05,1,711.54,711.54,377.825,1,
2,23,6.2798e-05,1,563.145,563.145,282.132,1,
2,24,4.5726e-05,1,401.002,401.002,341.764,1,
2,25,6.6403e-05,1,657.134,657.134,443.615,1,
3,1,5.4221e-05,1,466.21,466.21,261.333,1,
3,2,0.000201456,1,858.452,859.075,444.534,2,
3,3,7.6552e-05,1,774.865,774.865,308.962,1,
3,4,0.000184174,1,346.795,368.202,183.872,4,
3,5,0.000551962,1,608.121,609.256,286.775,12,
3,6,6.9701e-05,1,705.39,705.39,320.232,1,
3,7,6.9079e-05,1,746.973,746.973,322.133,1,
3,8,7.3176e-05,1,493.765,493.765,308.342,1,
3,9,5.5864e-05,1,656.844,656.844,382.939,1,
3,10,0.00124178,1,523.269,537.364,217.629,38,
3,11,0.000119133,1,660.107,687.078,374.638,2,
3,12,0.000105257,1,671.728,672.35,266.229,2,
3,13,0.000308165,1,640.703,642.59,375.908,4,
3,14,8.5719e-05,1,702.941,702.941,312.706,1,
3,15,6.368e-05,1,487.378,487.378,301.022,1,
3,16,5.2529e-05,1,421.195,421.195,181.555,1,
3,18,5.1225e-05,1,556.652,556.652,284.491,1,
3,17,8.8535e-05,1,714.578,714.578,351.842,1,
3,19,6.912e-05,1,758.836,758.836,319.21,1,
3,21,5.8129e-05,1,553.158,553.158,369.093,1,
3,20,0.000375642,1,927.009,927.631,374.435,4,
3,22,8.559e-05,1,1080.18,1080.18,377.825,1,
3,23,0.00011732,1,608.132,635.103,309.103,2,
3,24,5.2006e-05,1,569.373,569.373,341.764,1,
3,25,0.000816605,1,800.796,805.879,448.699,16,
4,1,0.000793713,1,647.306,656.258,261.333,20,
4,2,0.000199492,1,975.752,976.375,445.156,2,
4,3,9.7522e-05,1,831.625,831.625,308.962,1,
4,4,0.000238175,1,724.448,745.855,377.653,4,
4,6,0.000155451,1,934.839,935.462,320.232,2,
4,7,7.9648e-05,1,802.982,802.982,322.133,1,
4,8,0.0001065,1,880.445,880.445,386.68,1,
4,9,9.8193e-05,1,866.163,866.163,382.939,1,
4,10,0.00142332,1,640.394,654.489,217.629,38,
4,11,0.000167122,1,925.989,952.959,374.638,2,
4,12,0.000140813,1,878.199,878.821,266.229,2,
4,13,0.000297596,1,860.168,862.056,375.908,4,
4,14,0.000119552,1,965.318,965.318,312.706,1,
4,15,0.00019249,1,777.262,780.458,303.595,3,
4,16,5.7258e-05,1,577.169,577.169,181.555,1,
4,17,9.093e-05,1,986.7,986.7,351.842,1,
4,18,7.1242e-05,1,605.971,605.971,284.491,1,
4,19,9.4106e-05,1,1039.54,1039.54,319.21,1,
4,20,0.000345996,1,1250.39,1251.01,374.435,4,
4,21,7.4779e-05,1,599.676,599.676,369.093,1,
4,22,0.00018738,1,1343.47,1344.92,377.825,2,
4,23,0.000294931,1,957.434,985.028,349.925,5,
4,24,8.0701e-05,1,716.62,716.62,341.764,1,
4,25,0.000884772,1,907.831,912.914,448.699,16,
5,1,0.000888208,1,900.609,909.561,261.333,20,
5,2,0.000248985,1,1122.56,1123.18,445.156,2,
5,3,9.7693e-05,1,961.632,961.632,308.962,1,
5,4,0.000286836,1,859.395,880.803,377.653,4,
5,6,0.000393224,1,1201.38,1202.91,320.232,7,
5,7,0.000621541,1,1169.13,1171.43,368.444,11,
5,8,0.000314637,1,1236,1236.51,386.68,2,
4,5,0.0463574,1,710.557,850.363,286.492,611,
5,9,9.1542e-05,1,895.446,895.446,382.939,1,
5,11,0.000155991,1,1004.5,1031.47,374.638,2,
5,10,0.00252275,1,751.288,769.082,217.629,76,
5,12,0.000167303,1,1047.51,1048.13,266.229,2,
5,14,0.000131786,1,979.136,979.136,312.706,1,
5,13,0.00063716,1,1182.08,1184.18,375.057,8,
5,15,0.000174958,1,899.032,902.228,303.595,3,
5,16,6.8789e-05,1,644.317,644.317,181.555,1,
5,17,0.000173986,1,1230,1232.49,351.842,2,
5,18,0.000154599,1,878.509,879.131,284.491,2,
5,19,0.000159958,1,1217.7,1218.02,319.21,2,
5,20,0.000737667,1,1584.38,1603.55,374.435,8,
5,21,0.00018275,1,1040.47,1041.09,440.795,2,
5,22,0.000203519,1,1532.8,1534.25,377.825,2,
5,24,9.6129e-05,1,979.904,979.904,341.764,1,
6,1,0.00266136,1,1084.72,1095.91,261.333,62,
6,2,0.000304849,1,1402.07,1402.7,444.534,2,
5,25,0.00419138,1,1281.98,1292.05,443.615,80,
6,3,0.000126938,1,977.494,977.494,308.962,1,
5,5,0.0486287,1,870.016,1009.82,286.492,611,
6,4,0.0109932,1,1045.98,1096.72,377.653,285,
5,23,0.159537,1,1321.87,1360.85,375.825,2778,
6,6,0.000558794,1,1244.2,1245.73,320.232,7,
6,8,0.000229678,1,1525.23,1525.74,386.68,2,
6,7,0.000703173,1,1424.39,1426.69,368.444,11,
6,9,0.000159088,1,1320.31,1320.31,424.866,1,
6,11,0.000258463,1,1127.56,1154.53,374.638,2,
6,12,0.000499032,1,1160.05,1175.73,266.229,8,
6,13,0.00072284,1,1501.1,1503.2,375.057,10,
6,14,0.000139872,1,1354.94,1354.94,375.806,1,
6,10,0.00632963,1,911.878,930.422,217.629,179,
6,15,0.000268881,1,1244.19,1247.39,345.158,3,
6,16,0.000103664,1,714.638,714.638,181.555,1,
6,17,0.00017605,1,1310.29,1312.77,351.842,2,
6,18,0.000253242,1,1226.73,1229.92,350.792,3,
6,19,0.000186919,1,1414.29,1414.61,319.21,2,
6,21,0.00021441,1,1353.18,1353.8,440.795,2,
6,22,0.000359532,1,1631.99,1633.44,377.825,2,
6,24,0.000119974,1,1182.46,1182.46,341.764,1,
7,2,0.000312593,1,1494.42,1495.05,444.534,3,
6,25,0.00389268,1,1374.45,1384.52,443.615,80,
7,3,0.000151332,1,1274.47,1274.47,308.962,1,
7,1,0.00331716,1,1366.66,1377.85,281.939,62,
7,4,0.0162899,1,1213.26,1264.91,377.653,392,
6,5,0.138611,1,1186.91,1327.34,317.519,1694,
7,6,0.000526404,1,1314.96,1316.5,320.232,7,
7,8,0.000677806,1,1851.28,1860.26,386.68,6,
7,9,0.000340957,1,1625.87,1626.49,424.866,2,
7,7,0.00698801,1,1847.29,1876.48,440.697,108,
7,11,0.000306202,1,1464.41,1502.77,374.638,4,
7,10,0.00668912,1,1245.59,1264.14,333.716,183,
7,5,0.139446,1,1236.38,1376.81,317.519,1694,
7,12,0.000582147,1,1322.69,1338.37,266.851,8,
7,13,0.000978588,1,1688.07,1690.17,375.057,10,
7,14,0.000211535,1,1612.52,1612.52,375.806,1,
7,15,0.000314418,1,1630.87,1638.87,391.488,4,
7,16,0.000202748,1,970.158,972.874,258.236,2,
7,17,0.000387164,1,1618.88,1629.84,351.842,5,
7,18,0.000372796,1,1412.73,1416.24,350.792,4,
7,19,0.000407,1,1668.32,1674.54,319.21,4,
7,21,0.000777622,1,1595.52,1607.53,440.795,10,
7,22,0.000586786,1,1961.56,1975.02,377.825,6,
7,24,0.000239797,1,1361.58,1363.81,341.764,2,
8,2,0.000340467,1,1665.54,1666.16,444.534,2,
7,25,0.00453457,1,1651.85,1662.58,448.699,84,
8,3,0.00022525,1,1391.6,1391.6,308.962,1,
8,1,0.0257283,1,1376.61,1394.44,281.939,572,
8,4,0.0208202,1,1333.42,1385.07,377.653,392,
8,8,0.000603557,1,1880.73,1889.71,386.68,6,
8,6,0.00413377,1,1487.74,1492.52,320.232,85,
8,9,0.000405838,1,1928.99,1929.62,424.866,2,
8,11,0.000538345,1,1590.42,1628.78,374.638,4,
8,7,0.00929232,1,2027.47,2057.28,440.697,140,
8,10,0.00691503,1,1387.91,1406.45,333.716,177,
8,5,0.144113,1,1371.33,1511.76,317.519,1694,
6,20,3.93938,1,1651.09,1700.42,374.435,26637,
8,12,0.000805394,1,1614.71,1632.97,294.598,9,
8,13,0.00100015,1,1760.12,1762.21,376.53,10,
8,14,0.00092113,1,1931.73,1940.21,375.806,10,
8,15,0.000461532,1,1774.65,1782.65,391.488,6,
8,16,0.000264605,1,1142.61,1145.95,258.236,3,
8,17,0.00222878,1,1831.53,1844.28,351.842,40,
8,19,0.00369462,1,1888.66,1912.38,335.131,65,
8,21,0.00102865,1,1813.57,1826.21,440.795,14,
8,22,0.000641488,1,2273.87,2287.33,377.825,6,
8,24,0.00158764,1,1613.65,1627.9,341.764,28,
8,25,0.00446336,1,1788.14,1798.88,448.699,84,
9,2,0.000709646,1,1749.66,1761.68,455.926,5,
9,3,0.000204222,1,1439.68,1439.68,308.962,1,
9,4,0.0174196,1,1425.29,1476.94,377.653,395,
9,1,0.053274,1,1653.01,1676.74,282.299,1123,
9,8,0.000645747,1,2027.81,2036.79,386.68,6,
9,6,0.00458458,1,1675.13,1679.91,320.232,85,
9,9,0.000537034,1,2198.53,2199.77,425.489,4,
9,7,0.0418184,1,2375.58,2416.1,446.6,541,
9,5,0.145476,1,1411.48,1551.91,317.519,1694,
9,11,0.000420746,1,1878.1,1916.46,374.638,4,
9,12,0.00123838,1,1922.51,1942.78,307.792,17,
9,13,0.00110878,1,1934.88,1936.97,376.53,10,
9,10,0.00732904,1,1499.83,1518.37,333.716,183,
9,15,0.000484024,1,1818.21,1826.22,391.488,6,
9,16,0.000362637,1,1375.51,1389.69,258.236,4,
9,14,0.00550377,1,2200.53,2219.63,375.806,96,
7,20,4.2962,1,1848.12,1897.46,375.057,29639,
9,17,0.00436926,1,2126.92,2141.08,351.842,76,
9,21,0.00184873,1,2166.72,2179.99,441.419,23,
9,19,0.00390055,1,1974.78,1998.5,335.131,65,
9,22,0.000781279,1,2581.88,2595.34,377.825,5,
9,24,0.000729142,1,1850.45,1864.7,341.764,10,
10,2,0.000665312,1,1759.17,1771.19,455.926,5,
10,3,0.00020352,1,1444.9,1444.9,308.962,1,
10,1,0.0509966,1,1903.41,1927.14,282.299,1044,
8,20,4.42334,1,1864.66,1914,375.057,29639,
10,6,0.00426725,1,1692.86,1697.64,320.232,85,
10,4,0.0170324,1,1518.86,1571,377.653,365,
10,7,0.0839262,1,2639.49,2682.59,446.6,1175,
10,5,0.154374,1,1664.05,1804.48,317.519,1694,
10,8,0.000655865,1,2047.66,2056.64,386.68,6,
10,9,0.000650985,1,2513.99,2515.23,425.489,4,
10,11,0.000446434,1,2035.09,2073.45,374.638,4,
10,10,0.00701052,1,1763.67,1782.22,333.716,177,
10,13,0.00114612,1,2064.16,2066.25,376.53,10,
10,15,0.000699627,1,1965.24,1973.8,391.488,9,
10,16,0.00166818,1,1819.12,1877.11,486.795,18,
10,12,0.0128377,1,2046.54,2083.57,309.808,221,
9,20,4.33773,1,2060.14,2109.48,375.057,29639,
10,14,0.644121,1,2461.16,2483.9,375.806,8492,
10,17,0.00518322,1,2358.18,2372.33,351.842,76,
10,19,0.00466432,1,2121.13,2144.85,335.131,65,
10,21,0.00204895,1,2477.65,2490.91,441.419,23,
10,24,0.00669809,1,2099.24,2113.49,341.764,106,
11,3,0.000281015,1,1567.96,1567.96,308.962,1,
11,2,0.230203,1,1916.96,2003.41,455.926,2485,
11,6,0.00459601,1,1728.78,1733.56,320.232,85,
11,4,0.0435122,1,1783.48,1840.43,377.653,944,
11,5,0.148802,1,1849.35,1989.78,317.519,1694,
11,8,0.000802089,1,2276.49,2285.47,392.584,8,
11,9,0.00136966,1,2713.56,2715.59,425.489,13,
11,7,0.0782326,1,2691.17,2734.26,446.6,1175,
11,10,0.0878933,1,1889.4,1913.28,333.716,2008,
10,22,3.17833,1,2880.15,2953.41,377.825,26990,
11,1,2.9287,1,1956.97,1999.06,282.299,51197,
11,11,0.000485316,1,2173.72,2212.08,374.638,4,
11,13,0.00116423,1,2089.17,2091.27,376.53,10,
11,15,0.000665402,1,2040.49,2049.04,391.488,9,
11,16,0.00174608,1,2137.26,2197.82,486.795,22,
11,12,0.0163104,1,2187.76,2224.79,309.808,221,
11,17,0.00892354,1,2720.77,2734.92,362.591,146,
11,14,0.234035,1,2829.58,2946.38,375.806,2427,
11,19,0.00405184,1,2194.3,2218.02,335.131,65,
11,21,0.0020963,1,2551.73,2564.99,441.419,23,
11,24,0.00545798,1,2195.3,2209.55,341.764,106,
12,3,0.000268311,1,1616.51,1616.51,308.962,1,
12,6,0.00636885,1,2011.91,2017.19,320.232,121,
12,4,0.0438482,1,1862.31,1919.25,377.653,944,
12,5,0.130903,1,2214.84,2425.98,365.488,1417,
12,9,0.00241512,1,2953.55,2956.2,425.489,27,
12,2,1.02076,1,2197.82,2295.67,455.926,8547,
6,23,19.3667,1,1651.44,1691.04,375.825,182401,
12,8,0.396975,1,2574.14,2627.16,399.926,2734,
12,10,0.457341,1,2040.61,2069.99,333.716,7670,
7,23,17.8379,1,2056.52,2107.52,416.473,167396,
12,15,0.00125328,1,2207.49,2237.97,391.488,16,
12,13,0.00678616,1,2291.19,2297.7,376.53,92,
12,11,0.0150384,1,2410.28,2460.03,374.638,275,
12,16,0.0163081,1,2432.65,2499.12,486.795,302,
12,17,0.0145522,1,2968.55,2985.27,362.591,213,
12,12,0.0439134,1,2348.06,2404.26,309.808,683,
12,14,0.241686,1,2862.71,2979.51,375.806,2427,
12,1,3.05895,1,2029.18,2071.27,282.299,51197,
12,24,0.0116333,1,2366.66,2382.9,341.764,212,
12,19,0.0927856,1,2405.83,2434.47,335.131,1442,
12,21,0.0887408,1,2575.88,2598.11,441.419,1131,
8,23,17.6749,1,2247.63,2298.63,405.08,167650,
13,3,0.000297805,1,1734.82,1734.82,308.962,1,
13,4,0.057189,1,2011.09,2068.03,377.653,944,
13,6,0.00676971,1,2372.8,2378.07,360.887,121,
11,22,6.08184,1,3192.85,3266.74,377.825,48414,
13,8,0.398807,1,2612.57,2665.59,399.926,2734,
13,9,0.00224498,1,3322.29,3324.95,424.866,23,
13,2,2.14078,1,2487.57,2590.22,455.926,16101,
13,13,0.00686326,1,2351.17,2357.68,376.53,92,
13,12,0.0470017,1,2682.52,2738.72,334.455,683,
9,23,19.0879,1,2556.73,2607.73,416.473,174421,
13,15,0.00133789,1,2413.81,2444.29,391.488,16,
13,16,0.013264,1,2788.59,2859.86,486.795,208,
13,1,5.88029,1,2250.27,2294.38,282.299,85863,
13,17,0.0158071,1,3234.85,3251.57,362.591,234,
13,11,4.36185,1,2836.34,2894.58,431.972,55059,
13,14,2.55657,1,2981.14,3103.28,375.806,25364,
13,21,0.214538,1,2805.3,2835.69,441.419,2641,
9,25,21.4833,1,1947.18,2188.7,443.615,106584,
13,19,0.669841,1,2557.39,2597.04,335.131,8089,
13,24,3.57674,1,2734.71,2772.35,368.046,32406,
8,18,30.0001,0,1437.15,1472.77,350.792,290051,
10,23,24.0188,1,2870.53,2921.53,405.08,208262,
9,18,30,0,1583.85,1619.43,350.792,287426,
14,3,0.000319726,1,1864.58,1864.58,308.962,1,
13,5,14.2887,1,2321.02,2535.75,365.488,103127,
14,6,0.0080823,1,2433.78,2439.06,360.887,121,
14,4,0.215556,1,2037.27,2108.57,377.653,3831,
10,25,28.7064,1,2215.8,2457.94,443.615,135859,
14,1,7.63296,1,2501.35,2563.96,282.299,104299,
10,18,30.0002,0,1709.86,1745.38,350.792,278091,
10,20,30.0002,0,2104.97,2155.56,375.055,150406,
14,9,0.00918362,1,3529.55,3537.48,424.866,108,
14,12,0.0499645,1,2992.44,3048.64,334.455,689,
14,13,0.00696763,1,2432.52,2439.03,376.53,92,
14,15,0.0084645,1,2490.38,2527.98,391.488,182,
11,25,28.5524,1,2543.25,2797.43,443.615,136895,
14,2,9.53097,1,2573.57,2682.46,455.926,74130,
14,16,0.0138983,1,3059.17,3130.45,486.795,208,
14,17,0.0272281,1,3552.57,3570.17,362.591,378,
11,18,30.0001,0,1754.85,1790.29,350.792,270669,
11,20,30.0001,0,2160.85,2211.44,375.055,150485,
11,23,30.0001,0,3145.51,3199.11,416.473,308488,
14,14,2.89932,1,3355.3,3491.84,388.559,26360,
14,19,0.5568,1,2930.04,2971.03,372.646,6771,
14,21,1.53703,1,2972.91,3008.63,441.419,18564,
12,7,30.0001,0,2744.13,2805.97,422.904,307375,
12,18,30.0001,0,2027.57,2071.27,350.792,219348,
12,20,30.0002,0,2412.92,2463.51,375.055,151063,
12,22,30.0001,0,3525.35,3603.42,382.362,205833,
12,23,30,0,3299.83,3353.35,416.473,300720,
12,25,30.0001,0,2591.81,2846.01,449.199,142054,
15,3,0.000312594,1,1902.06,1902.06,308.962,1,
15,6,0.00718422,1,2565.78,2571.05,360.887,121,
13,7,30.0001,0,3060.4,3127.25,434.141,305231,
15,9,0.0128223,1,3841.71,3857.46,424.866,138,
13,10,30.0001,0,2396.17,2410.44,361.276,212343,
13,18,30,0,2366.17,2416.23,350.792,226744,
13,20,30.0001,0,2641.91,2691.72,375.055,226703,
13,22,30,0,3579.91,3657.91,383.275,202526,
13,23,30.0001,0,3391.38,3444.82,416.473,295344,
13,25,30.0003,0,2811.32,3082.95,445.737,144341,
15,13,0.0085667,1,2527.32,2533.83,376.53,92,
15,15,0.00853522,1,2759.17,2796.78,391.488,178,
15,16,0.0140019,1,3177.52,3249.21,486.795,189,
15,17,0.142515,1,3604.99,3626.06,362.591,1898,
15,1,13.7814,1,2826.76,2893.63,325.404,183338,
14,5,30.0001,0,2571.12,2659.04,376.092,183288,
14,7,30,0,3439.08,3497.02,428.808,306864,
14,8,30.0001,0,3005.07,3066.67,392.5,175362,
14,10,30.0001,0,2771.17,2785.49,375.002,213337,
14,11,30,0,2956.5,3026.53,457.581,289325,
15,21,12.2754,1,3204.42,3241.43,441.419,123143,
16,3,0.000312755,1,2067.12,2067.12,308.962,1,
14,18,30.0001,0,2466.79,2517,350.792,211376,
14,20,30.0001,0,2819.97,2864.32,375.831,259525,
14,22,30.0002,0,3994.48,4072.42,414.563,199180,
14,23,30.0001,0,3563.82,3617.21,416.473,298288,
14,24,30,0,2904.03,2951.98,383.605,308997,
16,6,0.364328,1,2803.15,2820.76,360.887,5539,
14,25,30.0001,0,3178.98,3451.06,445.652,151849,
16,9,0.0141262,1,4115.96,4131.7,424.866,152,
15,2,29.3598,1,2799.97,2913.85,455.926,222244,
15,4,30,0,2301.26,2418.81,377.653,297680,
15,5,30.0001,0,2659.64,2747.41,379.267,182215,
16,13,0.0380112,1,2788.19,2798.44,375.908,470,
15,7,30.0001,0,3717.84,3786.74,440.2,313192,
15,8,30.0001,0,3130.55,3192.13,392.5,175157,
16,15,0.00905625,1,2824.99,2862.59,391.488,178,
15,10,30.0001,0,2994.73,3008.88,375.002,204504,
16,17,0.137598,1,3881.23,3915.6,365.137,1806,
15,11,30.0004,0,3152.33,3240.29,452.232,141074,
15,12,30,0,3049.78,3129.56,334.455,343611,
15,14,30.0001,0,3452.11,3597.15,388.559,231994,
15,18,30.0002,0,2548.78,2598.85,356.695,208126,
15,19,30.0002,0,3189.74,3215.75,372.646,214325,
15,20,30.0001,0,3043.63,3087.95,378.332,255935,
15,22,30.0001,0,4175.84,4253.75,414.563,196989,
17,3,0.000546001,1,2397.18,2403.08,330.063,2,
15,23,30.0001,0,3570.19,3623.43,416.473,288466,
15,24,30.0001,0,3019.79,3067.69,368.046,305865,
15,25,30.0001,0,3620.14,3892.18,446.444,156147,
17,6,0.533793,1,3013.08,3031.3,360.887,7730,
16,1,30.0196,0,2997.35,3066.07,325.404,367681,
16,2,28.4624,1,3098.18,3212.06,455.926,210897,
17,9,0.0145922,1,4335.73,4351.47,424.866,152,
16,4,30,0,2345.76,2463.78,377.653,219908,
16,5,30.0001,0,3071.86,3153.39,413.275,202056,
17,13,0.0393225,1,3099.73,3109.98,375.908,470,
16,7,30,0,3851.24,3920.09,430.204,308958,
16,8,30,0,3217.72,3279.27,392.5,173221,
16,10,30.0001,0,3400.09,3415.89,408.735,237469,
16,11,30.0002,0,3279.43,3367.36,450.818,140162,
17,15,0.0069374,1,3084.18,3121.79,391.488,107,
16,12,30,0,3469.64,3572.51,450.726,258290,
17,17,1.16013,1,4135.87,4174.9,365.137,14556,
16,14,30.0003,0,3566.39,3711.25,388.559,229152,
16,16,30,0,3546.61,3636.52,486.795,304393,
16,18,30.0001,0,2714.51,2776.32,350.792,224717,
16,19,30.0001,0,3427.39,3453.35,372.646,208321,
16,20,30.0001,0,3369.26,3413.42,378.913,242719,
16,21,30.0001,0,3466.57,3508.77,441.502,271453,
16,22,30.0001,0,4536.72,4614.55,414.563,191757,
18,3,0.0680736,1,2442.17,2512.86,330.063,1660,
16,23,30.0001,0,4013.81,4073.28,476.03,288314,
16,24,30,0,3362.42,3401.43,368.046,333731,
16,25,30.0001,0,3813.34,4085.37,447.151,150311,
18,6,0.551669,1,3130.03,3148.25,360.887,7730,
17,1,30.0001,0,3021.15,3087.89,325.404,383442,
17,2,29.7785,1,3308.65,3422.52,455.926,210897,
18,9,0.0156549,1,4622.14,4641.87,424.866,154,
17,4,30.0001,0,2481.2,2599.19,377.653,217616,
17,5,30.0002,0,3180.52,3261.95,415.397,194972,
18,13,0.398581,1,3283.85,3298.19,375.908,4980,
17,7,30.0001,0,3908.65,3977.33,428.808,294350,
17,8,30.0002,0,3294.31,3355.62,392.5,162512,
18,15,0.00722064,1,3329.76,3367.36,391.488,107,
17,10,30.0001,0,3476.68,3492.32,405.365,231175,
17,11,30.0001,0,3553.51,3641.15,440.918,134709,
17,12,30,0,3751.57,3822.31,430.465,295733,
17,14,30.0004,0,3713.88,3892.52,404.135,123978,
18,17,5.02183,1,4453.58,4495.62,365.137,56947,
17,16,30.0001,0,3756.78,3866.58,487.418,186088,
17,18,30.0001,0,2886.96,2948.73,350.792,218824,
17,19,30.0001,0,3523.46,3549.38,372.646,203551,
17,20,30,0,3662.64,3706.25,377.871,235115,
17,21,30.0001,0,3547.92,3590.06,451.54,264522,
17,22,30.0002,0,4618.29,4696.03,414.563,186606,
17,23,30.0002,0,4267.5,4331.85,468.281,233554,
17,24,30.0001,0,3553.68,3590.46,368.046,326899,
19,3,0.0712537,1,2878.74,2958.13,445.265,1663,
17,25,30.0001,0,3944.39,4216.43,446.444,149952,
18,1,30,0,3183.29,3244.05,325.404,367287,
18,2,30.0001,0,3624.11,3727.72,445.445,236722,
19,6,0.565784,1,3216.15,3234.38,360.887,7730,
18,4,30.0001,0,2713.24,2833.8,377.653,213625,
19,9,0.0160804,1,4769.18,4788.9,424.866,154,
18,5,30.0001,0,3529.82,3596.69,423.616,230790,
19,13,0.428336,1,3594.92,3609.26,375.908,4980,
18,7,30,0,4079.3,4148.28,422.904,279694,
18,8,30.0002,0,3557.96,3618.72,392.5,161287,
19,15,0.0209298,1,3604.04,3642.68,391.488,299,
18,10,30.0001,0,3733.23,3755.6,405.365,197690,
18,11,30.0001,0,3572.17,3659.84,439.504,135347,
18,12,30.0001,0,3942.56,4013.3,424.808,290216,
18,14,30.0001,0,4138.68,4306.99,436.89,173254,
18,16,30.0002,0,3843.95,3953.75,487.418,189370,
18,18,30.0001,0,3139.73,3199.73,356.695,223249,
18,19,30.0001,0,3852.36,3878.27,372.646,201673,
18,20,30.0001,0,4004.81,4043.05,380.781,232385,
18,21,30.0001,0,3710.59,3753.14,449.277,261393,
18,22,30.0001,0,4877.78,4955.48,414.563,185307,
18,23,30.0001,0,4400.95,4465.26,462.569,230547,
18,24,30,0,3561.26,3597.91,368.046,312139,
18,25,30.0001,0,3958.57,4230.6,446.444,146225,
20,3,0.199121,1,3097.73,3178.5,445.265,4775,
19,2,30,0,3845.51,3948.93,445.445,227650,
19,1,30.0001,0,3421.61,3482.09,325.404,342101,
20,6,0.8917,1,3444.99,3463.84,360.887,10690,
19,4,30,0,2928.29,3054.98,377.653,306339,
19,5,30,0,3606.35,3673.03,423.616,220907,
19,7,30.0001,0,4187.78,4258.26,436.584,258735,
19,8,30.0002,0,3704.77,3765.49,392.5,160749,
19,11,30.0003,0,3875.66,3958.93,449.294,144070,
19,10,30,0,4016.66,4039.72,409.442,198103,
19,12,30.0001,0,4191.05,4261.22,430.465,271317,
20,15,0.104233,1,3664.12,3707.9,391.488,1645,
20,13,0.435541,1,3898.67,3913.01,375.908,4980,
19,14,30,0,4224.62,4392.89,425.074,167522,
19,16,30.0001,0,4156.65,4265.24,486.795,188414,
19,17,30,0,4744.41,4793.76,365.137,305447,
19,18,30.0001,0,3236.91,3296.87,350.792,217294,
19,19,30.0001,0,4124.48,4150.25,372.646,186807,
19,20,30.0001,0,4217.73,4260.5,377.871,230368,
19,21,30.0001,0,3903.79,3946.49,442.192,243251,
19,22,30,0,5199.33,5276.81,414.563,172478,
19,23,30.0001,0,4661.79,4725.8,455.927,218072,
19,24,30.0001,0,3816.38,3860.03,368.046,302792,
19,25,30.0003,0,4290.58,4562.12,445.737,160069,
20,1,30.0001,0,3435.5,3495.94,331.307,336762,
20,2,30.0002,0,4149.26,4302.71,448.211,157818,
21,6,0.8899,1,3605.89,3624.74,360.887,10690,
20,4,30.0001,0,3100.84,3227.49,377.653,298209,
20,5,30.0002,0,3662.36,3728.8,412.843,209860,
20,7,30.0001,0,4383.6,4505.97,439.083,205924,
20,8,30.0002,0,3917.6,3978.25,392.5,153096,
20,9,30.0001,0,4987.47,5020.95,427.61,203363,
20,10,30.0002,0,4119.1,4141.91,405.365,191491,
20,11,30.0002,0,3893.58,3976.79,445.161,142910,
20,12,30.0001,0,4512.97,4583.14,430.465,264411,
21,13,0.809553,1,4139.34,4165.07,375.908,7988,
20,14,30.0002,0,4558.06,4726.09,424.917,157878,
20,16,30.0001,0,4374.74,4483.13,486.795,183090,
20,17,30.0001,0,4814.1,4863.42,365.137,302839,
20,18,30.0001,0,3530.51,3601.68,356.695,193229,
21,15,1.57494,1,3769.83,3823.78,391.488,23262,
20,19,30.0001,0,4203.31,4229.06,372.646,183302,
20,20,30.0001,0,4247.02,4289.72,377.871,224722,
20,21,30.0001,0,4215.33,4264.75,440.795,213196,
20,22,30.0002,0,5360.13,5437.64,414.563,175405,
20,23,30.0002,0,4822.59,4886.54,459.74,213622,
20,24,30.0001,0,4189.69,4244.06,384.704,270610,
20,25,30.0001,0,4393.93,4665.46,446.444,159099,
21,1,30.0001,0,3698.19,3768.09,325.404,241998,
21,2,30,0,4566.92,4719.28,445.321,164444,
21,3,30.0002,0,3407.24,3461.67,436.572,175421,
21,4,30.0002,0,3542,3687.77,471.39,158707,
21,5,30.0001,0,3940.11,4019.38,431.378,205724,
22,6,1.24525,1,3874.77,3898.39,360.887,14930,
21,7,30.0002,0,4487.04,4609.03,438.46,191793,
21,8,30,0,4177.22,4237.86,392.5,152687,
21,9,30,0,5323.08,5374.89,425.543,181008,
21,10,30.0001,0,4242.98,4265.59,405.365,185496,
21,11,30.0003,0,3996.92,4079.93,444.454,144087,
21,12,30.0001,0,4855.75,4925.78,430.465,254023,
21,14,30.0002,0,4875.26,5043.2,436.903,154043,
21,16,30.0001,0,4587,4760.79,466.74,156669,
21,17,30.0001,0,4922,4971.17,375.161,289024,
21,18,30.0002,0,3818.27,3887.56,356.695,236009,
21,19,30.0002,0,4316.64,4342.36,372.646,179266,
21,20,30.0001,0,4549.54,4582.75,377.898,199007,
21,21,30.0002,0,4361.48,4412.89,440.795,203466,
22,15,4.1328,1,4051.67,4106.24,391.488,48861,
21,22,30.0001,0,5699.48,5772.9,414.563,174999,
21,23,30.0003,0,4906.47,4970.31,454.234,204991,
21,24,30.0001,0,4508.48,4573.19,391.409,265849,
21,25,30.0001,0,4727.64,4985.69,444.527,202327,
22,1,30.0003,0,3885.15,3954.88,325.404,238422,
22,2,30.0002,0,4631.79,4784.12,444.698,160588,
22,3,30.0002,0,3533.12,3587.48,436.572,171114,
22,4,30.0001,0,3787.61,3933.29,467.148,157096,
22,5,30.0001,0,4158.8,4237.77,412.846,199462,
22,7,30.0003,0,4589.38,4711.32,438.46,189545,
22,8,30.0001,0,4443.1,4503.7,392.5,146638,
22,9,30.0001,0,5409.21,5460.98,425.67,178387,
22,10,30.0003,0,4478.17,4500.66,405.365,176299,
22,11,30.0002,0,4199.45,4288.39,449.403,142080,
23,6,8.45227,1,4222.88,4264.18,360.887,90051,
22,13,30,0,4542.83,4584.3,414.881,251980,
22,12,30.0001,0,5126.36,5165.41,419.858,166735,
22,14,30.0001,0,5156.34,5324.09,436.196,144392,
22,16,30.0004,0,4853.23,4993.31,463.235,62381,
22,17,30.0001,0,4975.32,5024.44,365.137,284332,
22,18,30,0,4138.44,4210.71,350.792,252411,
22,20,30.0001,0,4841.97,4875.29,378.578,198398,
22,19,30.0001,0,4645.04,4670.67,372.646,171347,
22,21,30.0002,0,4426.24,4477.57,442.192,198414,
23,15,4.41106,1,4257.69,4315.5,391.488,49165,
22,22,30,0,5866.48,5939.8,414.563,167407,
22,23,30.0001,0,5125.26,5202.63,457.437,211806,
22,24,30.0001,0,4783.98,4848.68,391.409,254493,
22,25,30.0001,0,4749.51,5007.44,444.527,196039,
23,1,30.0001,0,4152.81,4222.54,325.404,228567,
23,2,30.0001,0,4759.73,4912.06,444.534,160083,
23,3,30.0001,0,3817.6,3871.96,436.572,165836,
23,4,30.0001,0,3805.34,3950.75,455.834,153291,
23,5,30.0002,0,4407.19,4480.34,412.846,196996,
23,7,30.0001,0,4900.31,5023.62,423.611,193393,
24,6,8.65607,1,4235.91,4277.21,360.887,90051,
23,8,30.0001,0,4495.92,4556.41,392.5,142055,
23,9,30.0002,0,5570.17,5622.02,432.11,172745,
23,10,30,0,4668.48,4690.97,405.365,174466,
23,11,30.0003,0,4351.91,4437.66,443.747,145727,
23,12,30.0002,0,5291.94,5330.98,419.858,166296,
23,13,30.0001,0,4812.8,4854.26,407.647,246851,
23,14,30.0003,0,5442.42,5613.59,425.112,98728,
23,16,30.0001,0,5175.46,5315.46,463.235,61573,
23,17,30.0003,0,4996.75,5045.78,365.137,277407,
23,18,30,0,4261.1,4333.25,354.568,246773,
23,19,30.0001,0,4893.86,4919.43,372.646,165376,
24,13,5.06937,1,5248.97,5292.89,436.164,45113,
23,20,30.0001,0,5005.48,5050.83,377.178,194675,
23,21,30,0,4665.49,4729.11,447.866,182391,
23,22,30.0001,0,6059.67,6132.83,414.563,154453,
23,23,30,0,5378.19,5459.94,449.875,207527,
23,24,30.0001,0,5093.91,5158.47,381.425,247802,
23,25,30.0003,0,5052.54,5201.21,457.564,137312,
24,1,30.0001,0,4521.91,4590.94,372.058,234209,
24,2,30.0002,0,4916.95,5069.22,445.156,154388,
24,3,30.0001,0,4157.49,4220.76,436.572,166305,
24,4,30.0002,0,4135.17,4277.23,472.097,148137,
24,5,30.0001,0,4602,4675.03,412.846,188272,
24,7,30.0002,0,5169.1,5292.53,427.147,188226,
24,8,30.0002,0,4769.52,4829.96,392.5,136373,
24,9,30.0002,0,5706.94,5758.76,425.142,170639,
24,10,30.0001,0,4976.94,5000.45,405.365,154940,
24,11,30.0002,0,4662.04,4752.17,447.989,166907,
24,12,30.0001,0,5417.21,5456.19,431.251,164932,
24,14,30.0005,0,5706.41,5877.55,425.814,96967,
24,15,30.0001,0,4593.87,4649.82,397.391,284352,
24,16,30.0001,0,5209.47,5349.25,463.235,60039,
24,17,30.0002,0,5293.02,5345.15,375.161,250205,
24,18,30.0002,0,4448.99,4521.01,350.792,243038,
24,19,30.0001,0,5134.38,5159.89,372.646,158989,
24,20,30.0001,0,5304.87,5364.58,374.435,159317,
24,21,30.0002,0,4984.6,5048.01,442.916,172905,
25,13,5.11997,1,5506.45,5561.77,436.164,45252,
24,22,30.0001,0,6143.81,6216.95,414.563,153164,
24,23,30.0001,0,5450.93,5532.6,458.192,200165,
24,24,30.0001,0,5279.51,5343.79,391.409,232658,
24,25,30.0001,0,5209.58,5358.13,455.465,132004,
25,1,30.0001,0,4657.76,4726.78,369.093,224500,
25,2,30.0001,0,5286.26,5438.24,444.534,151138,
25,3,30.0001,0,4417.8,4481.06,436.572,166303,
25,4,30.0001,0,4146.4,4288.11,468.715,141667,
25,5,30.0001,0,4770.29,4858.4,412.846,182608,
25,6,30.0001,0,4307.81,4351.83,365.242,296185,
25,7,30,0,5399.5,5511.08,437.046,156262,
25,8,30.0001,0,5110.79,5171.21,392.5,133191,
25,9,30.0002,0,5963.33,6015.08,424.866,165180,
25,10,30.0002,0,5054.47,5077.79,405.365,151720,
25,11,30.0002,0,4723.81,4813.86,446.575,162489,
25,12,30.0001,0,5434.28,5473.12,419.858,159054,
25,14,30.0003,0,5894.26,6065.22,425.61,91196,
25,16,30.0008,0,5356.78,5496.48,463.235,59365,
25,15,30.0001,0,4747.53,4811.59,391.488,279124,
25,17,30,0,5533.94,5576.34,365.137,170966,
25,18,30.0001,0,4768.2,4813.48,348.219,195504,
25,19,30.0001,0,5182.25,5207.72,372.646,156157,
25,20,30.0002,0,5444.27,5505.74,374.435,128799,
25,21,30.0003,0,5409.4,5472.94,444.534,169465,
25,22,30.0001,0,6210.67,6283.82,414.563,152587,
25,24,30.0001,0,5324.34,5388.56,391.409,226285,
25,23,30.0001,0,5784.52,5865.02,465.88,191832,
25,25,30.0001,0,5527.02,5675.51,457.689,129634,
26,1,30.0001,0,4843.35,4912.38,369.093,220257,
26,2,30.0003,0,5587.8,5740.78,445.156,171148,
26,3,30,0,4678.82,4742.01,436.572,160622,
26,4,30.0004,0,4379.01,4520.61,469.976,140166,
26,5,30.0001,0,5185.72,5256.87,427.604,186169,
26,6,30.0001,0,4486.12,4530.06,366.608,286227,
26,7,30.0002,0,5784.75,5897.45,426.44,170898,
26,8,30.0002,0,5301.78,5362.15,392.5,131966,
26,15,17.0807,1,4846.72,4916.52,391.488,159718,
26,9,30,0,6132.36,6184.04,424.866,160558,
26,10,30.0001,0,5063.98,5087.2,405.365,145983,
26,11,30.0001,0,4790.82,4880.87,427.483,162663,
26,12,30.0003,0,5762.68,5801.63,419.858,153321,
26,13,30.0001,0,5847.86,5913.55,461.223,184807,
26,14,30.0002,0,6103.64,6273.89,424.803,105171,
26,16,30.0008,0,5538.04,5677.74,463.235,59587,
26,17,30.0001,0,5700.25,5742.66,365.137,171919,
26,18,30.0001,0,4995.66,5040.65,348.219,182836,
26,19,30.0002,0,5480.46,5513.25,372.646,148949,
26,20,30.0002,0,5756.44,5817.6,374.435,122312,
26,21,30.0001,0,5598.39,5674.49,442.209,159506,
26,22,30.0001,0,6489.68,6562.7,414.563,145798,
26,23,30.0002,0,5921.24,6010.14,465.629,190767,
26,24,30.0002,0,5482.68,5546.88,391.409,214729,
26,25,30.0004,0,5734.43,5882.77,457.665,125124,
27,1,30.0002,0,4968.49,5038.29,369.093,215782,
27,2,30.0002,0,5960.87,6113.48,448.686,163564,
27,3,30.0003,0,4873.82,4937.01,436.572,154378,
27,4,30.0003,0,4694.25,4835.6,470.683,134615,
27,5,30.0001,0,5203.64,5274.76,427.519,181776,
27,6,30.0001,0,4651.08,4694.95,360.887,275919,
27,7,30.0002,0,6004.37,6116.87,422.904,165504,
27,8,30.0001,0,5533.82,5594.11,392.5,129020,
27,9,30.0001,0,6406.64,6457.39,425.489,169724,
27,10,30.0001,0,5133.5,5156.7,405.365,141858,
27,11,30.0001,0,5024.29,5114.22,426.776,152663,
27,12,30.0002,0,5909.8,5948.61,419.858,146562,
27,13,30.0001,0,6071.04,6136.73,461.223,175305,
27,14,30.0003,0,6386.14,6556.3,424.803,103291,
27,15,30.0002,0,5090.55,5142.6,386.68,135665,
27,16,30.0006,0,5836.31,5976.01,463.235,59280,
27,17,30.0001,0,5826.26,5868.6,365.137,167665,
27,18,30.0001,0,5112.55,5157.43,348.219,178223,
27,19,30.0001,0,5729.79,5762.49,372.646,142011,
27,20,30.0003,0,5772.17,5833.08,374.435,118186,
27,21,30,0,5867.44,6044.86,444.331,161016,
27,22,30.0001,0,6661.04,6734.02,414.563,142169,
27,23,30.0001,0,6131.16,6219.66,464.921,178908,
27,24,30.0001,0,5697.89,5761.93,380.016,208387,
27,25,30.0003,0,5886.66,6034.94,453.932,123200,
28,1,30.0001,0,5117.13,5186.86,372.765,207257,
28,2,30.0001,0,6084.99,6237.63,445.321,160036,
28,3,30.0001,0,5086.08,5158.05,445.477,153277,
28,4,30.0002,0,4867.73,5008.92,470.836,131790,
28,5,30.0001,0,5504.98,5576.1,427.519,174107,
28,6,30.0001,0,4827.26,4870.47,367.613,275197,
28,7,30.0002,0,6195.43,6306.73,467.684,158639,
28,8,30,0,5716.89,5777.02,392.5,122302,
28,9,30.0003,0,6500.44,6551.12,425.489,163473,
28,10,30.0002,0,5280.87,5304.07,405.365,139504,
28,11,30.0001,0,5237.62,5329.03,438.09,194459,
28,12,30.0001,0,5918.49,5957.28,419.858,145710,
28,13,30.0001,0,6175.59,6241.27,461.223,161962,
28,14,30.0004,0,6670.43,6840.32,425.814,98180,
28,15,30.0001,0,5412.89,5464.6,386.68,130520,
28,16,30.0006,0,5973.64,6113.33,463.235,58926,
28,17,30.0001,0,6087.16,6162.4,362.591,166003,
28,18,30.0001,0,5233.61,5280.06,348.219,168052,
28,19,30.0003,0,5970.43,6003.08,372.646,137782,
28,21,30.0002,0,6161.61,6338.88,443.623,153264,
28,20,30.0003,0,5920.95,5981.61,374.435,112416,
28,22,30.0001,0,6964.22,7037.12,414.563,135520,
28,23,30.0001,0,6284.48,6372.94,451.469,176783,
28,24,30.0001,0,5867.41,5931.41,391.409,199591,
28,25,30.0003,0,6010.95,6159.11,456.493,117922,
29,1,30.0001,0,5304.28,5373.86,369.093,200499,
29,2,30.0001,0,6360.49,6515.03,444.698,151139,
29,3,30.0002,0,5347.04,5419.05,445.477,149990,
29,4,30.0001,0,5240.8,5364.35,457.318,156968,
29,5,30.0002,0,5585.27,5656.33,426.755,169472,
29,6,30.0001,0,5092.71,5133.33,368.713,256455,
29,7,30.0001,0,6428.33,6540.5,425.026,150641,
29,8,30.0002,0,5923.53,5983.63,392.5,119741,
29,9,30.0001,0,6678.99,6739.53,425.103,153243,
29,10,30.0003,0,5539.04,5562.06,408.028,135223,
29,11,30.0002,0,5581.55,5666.97,436.676,158643,
29,12,30.0001,0,6204.55,6232.35,419.858,162679,
29,13,30.0002,0,6597.02,6656.25,451.609,132984,
29,14,30.0001,0,6743.18,6912.94,424.803,95872,
29,15,30.0001,0,5630.6,5682.15,386.68,124190,
29,16,30.0004,0,5999.81,6139.46,463.235,58011,
29,17,30.0002,0,6329.64,6404.79,363.486,157079,
29,18,30.0001,0,5463.11,5507.98,348.219,160709,
29,19,30.0002,0,6166.18,6198.81,372.646,136613,
29,20,30.0002,0,5938.87,5999.53,374.435,109805,
29,21,30.0003,0,6449.23,6625.97,441.502,140806,
29,22,30.0001,0,7267.28,7340.06,414.563,129033,
29,23,30.0002,0,6591.34,6679.75,463.507,168823,
29,24,30.0003,0,6232.89,6300.25,381.796,178196,
29,25,30.0003,0,6125.34,6273.39,455.074,112402,
30,1,30.0001,0,5673.02,5752.71,379.077,182701,
30,2,30.0002,0,6564.56,6720.4,445.156,142427,
30,3,30.0001,0,5541.74,5613.95,445.477,139077,
30,4,30.0001,0,5261.52,5384.99,457.619,154286,
30,5,30.0002,0,5857.35,5928.41,426.755,165955,
30,6,30.0001,0,5425.24,5460.51,372.28,211935,
30,7,30.0003,0,6607.71,6719.77,425.733,146958,
30,8,30.0003,0,5981.63,6041.59,392.5,116331,
30,9,30.0001,0,6698.46,6759,424.866,152709,
30,10,30.0002,0,5709.31,5732.13,405.365,126448,
30,11,30.0001,0,5909.95,5979.98,433.056,174527,
30,12,30,0,6454.94,6482.71,431.251,161315,
30,13,30.0002,0,6771.15,6832.01,452.622,126782,
30,14,30.0004,0,7075.2,7245.48,425.782,87865,
30,15,30.0001,0,5766.04,5817.5,386.68,119926,
30,16,30.0003,0,6411.67,6551.18,463.235,56934,
30,17,30.0002,0,6415.63,6490.64,364.193,146874,
30,18,30.0002,0,5848.91,5894.1,386.416,148472,
30,19,30.0002,0,6227.95,6260.54,372.646,132930,
30,20,30.0003,0,6304.36,6372.09,374.435,107462,
30,21,30.0002,0,6835.91,7012.63,449.28,135417,
30,22,30.0001,0,7428.18,7500.97,414.563,129116,
30,23,30.0002,0,6658.21,6746.5,459.638,162203,
30,24,30.0001,0,6468.04,6541.33,380.016,168797,
30,25,30.0001,0,6354.07,6502.15,453.317,113612,
31,1,30.0001,0,5940.58,6020.19,371.13,178893,
31,2,30.0001,0,6860.3,7015.9,445.445,136270,
31,3,30,0,5562.49,5634.65,445.477,136362,
31,4,30,0,5565.01,5706.22,455.834,148665,
31,5,30.0002,0,6011.99,6083.05,426.755,160645,
31,6,30.0001,0,5500.48,5535.64,372.28,203902,
31,7,30.0001,0,6906.03,7018.74,426.44,141820,
31,8,30.0002,0,6163.98,6223.91,392.5,113648,
31,9,30.0002,0,6968.98,7029.46,425.538,147574,
31,10,30.0002,0,5815.73,5838.57,405.365,126804,
31,11,30.0001,0,5984.03,6053.99,427.687,168607,
31,12,30.0001,0,6824.92,6859.15,419.858,151692,
31,13,30.0003,0,7096.73,7157.54,450.873,123737,
31,14,30.0001,0,7429.28,7623.87,424.803,86524,
31,15,30.0004,0,5912.11,5963.57,386.68,117868,
31,16,30.0001,0,6433.1,6572.6,474.628,56887,
31,17,30.0002,0,6495.92,6570.88,365.607,140500,
31,18,30.0001,0,5925.5,5970.64,386.416,143791,
31,19,30.0001,0,6507.04,6539.55,372.646,126856,
31,20,30.0001,0,6536.24,6603.81,385.827,103543,
31,21,30.0001,0,6919.77,7096.33,441.502,129768,
31,22,30.0003,0,7735.41,7808.07,414.563,120365,
31,23,30.0003,0,6782.24,6874.73,466.942,142992,
31,24,30.0001,0,6817.34,6883.55,391.409,170277,
31,25,30.0002,0,6446.93,6594.87,455.448,109295,
32,1,30.0001,0,6200.81,6279.16,382.413,169173,
32,2,30.0002,0,7182.21,7191.76,444.698,137116,
32,3,30.0001,0,5708.06,5780.16,445.477,133482,
32,4,30.0001,0,5802.24,5943.43,455.127,145294,
32,5,30.0001,0,6379.36,6458.11,426.048,154286,
32,6,30.0001,0,5620.05,5655.13,361.51,198389,
32,7,30.0001,0,7088.14,7200.66,423.611,135575,
32,8,30.0003,0,6213,6272.9,392.5,112686,
32,9,30.0003,0,7245.22,7305.62,424.866,138049,
32,10,30.0004,0,6017.11,6039.63,405.365,119071,
32,11,30.0001,0,6078.83,6148.58,427.483,157407,
32,12,30.0001,0,6877.74,6911.86,419.858,143841,
32,13,30.0001,0,7444.02,7506.1,450.435,118627,
32,14,30.0002,0,7847.8,8041.54,426.046,79355,
32,15,30.0004,0,6357.01,6408.18,444.902,109903,
32,16,30.0005,0,6692.14,6831.08,463.235,58305,
32,17,30.0002,0,6665.86,6740.76,362.591,136198,
32,18,30.0001,0,6063.28,6108.19,386.416,137324,
32,19,30.0002,0,6641.99,6674.45,372.646,123903,
32,20,30.0001,0,6878,6945.24,376.881,97860,
32,22,30.0001,0,7890.42,7962.96,414.563,114662,
32,21,30.0002,0,7231.33,7407.82,440.795,125854,
32,23,30.0001,0,6905.3,6997.73,467.598,138577,
32,24,30.0002,0,6831.8,6897.86,375.432,166205,
32,25,30.0003,0,6615.3,6763.21,448.862,107893,
33,1,30.0001,0,6290.76,6369.04,381.423,165709,
33,2,30.0001,0,7515.79,7525.34,444.698,125206,
33,3,30.0001,0,5840.27,5912.36,445.477,127817,
33,4,30.0003,0,6105.91,6246.94,456.715,140084,
33,5,30.0003,0,6690.04,6768.63,426.822,142383,
33,6,30.0001,0,5979.93,6015.26,361.51,193099,
33,7,30,0,7389.75,7496.24,425.026,130089,
33,8,30.0003,0,6230.92,6290.82,392.5,109460,
33,9,30.0002,0,7399.85,7461.75,425.778,121271,
33,10,30.0002,0,6308.52,6330.98,405.365,114372,
33,11,30.0001,0,6455.26,6535.9,426.98,148147,
33,12,30.0003,0,7100.45,7142.99,428.552,135450,
33,13,30.0004,0,7690.48,7752.45,453.023,113220,
33,14,30.0001,0,7972.63,8166.13,424.986,75148,
33,15,30.0001,0,6508.86,6559.81,444.902,107646,
33,16,30.0007,0,6765.55,6904.21,463.235,57209,
33,17,30.0001,0,6759.62,6834.48,363.486,133925,
33,18,30.0001,0,6083.28,6128.04,386.416,128864,
33,19,30.0002,0,6898.03,6930.46,372.646,121304,
33,20,30.0001,0,7003.48,7070.59,376.881,95248,
33,21,30.0001,0,7489.89,7665.99,448.573,119768,
33,22,30.0005,0,8216.06,8288.53,414.563,109359,
33,23,30.0001,0,7027.89,7120.32,467.598,138057,
33,24,30.0001,0,6854.19,6919.93,380.016,154866,
33,25,30.0004,0,6897.14,7044.79,455.448,99885,
34,1,30.0001,0,6563.95,6633.54,381.881,154226,
34,2,30.0001,0,7581.98,7591.53,444.698,123358,
34,3,30.0001,0,6135.76,6217.84,456.87,130735,
34,4,30.0001,0,6385.72,6526.7,457.248,135714,
34,5,30.0003,0,6750.03,6828.61,426.822,141897,
34,6,30.0001,0,6200.27,6234.92,372.28,183042,
34,7,30.0001,0,7557.8,7664.22,424.318,127606,
34,8,30.0004,0,6352.69,6412.59,392.5,106866,
34,9,30.0003,0,7570.99,7632.86,424.866,117608,
34,10,30.0002,0,6641.27,6671.76,405.365,98619,
34,11,30.0001,0,6557.6,6638.12,428.813,142924,
34,12,30.0002,0,7245.17,7287.49,428.552,132441,
34,13,30.0004,0,7861.51,7923.44,451.791,110863,
34,14,30.0003,0,8139.92,8333.33,424.97,73683,
34,15,30.0003,0,6942.93,6993.76,444.902,103934,
34,16,30.0001,0,6794.47,6933.22,463.235,57701,
34,17,30.0002,0,7109.62,7184.37,363.486,128000,
34,18,30.0002,0,6245.42,6290.19,386.416,129670,
34,19,30.0003,0,7064.79,7097.19,372.646,118505,
34,20,30.0002,0,7304.74,7349.68,374.435,113908,
34,21,30.0001,0,7500.86,7676.93,442.209,119181,
34,22,30.0004,0,8228.64,8301.09,414.563,107821,
34,23,30.0002,0,7049.32,7141.73,444.238,136967,
34,24,30.0003,0,7077.76,7143.46,391.409,152124,
34,25,30.0002,0,6977.43,7125.09,455.562,100363,
