2,1,5.9151e-05,1,417.089,417.089,261.333,1,
2,2,9.5249e-05,1,602.28,602.28,444.534,1,
2,3,7.0994e-05,1,566.543,566.543,308.962,1,
2,4,0.000395808,1,162.923,184.33,153.619,4,
2,5,6.9018e-05,1,322.48,322.48,254.672,1,
2,6,6.8177e-05,1,569.541,569.541,320.232,1,
2,8,3.1679e-05,1,185.422,185.422,101.532,1,
2,7,7.7664e-05,1,625.203,625.203,322.133,1,
2,9,5.0926e-05,1,273.905,273.905,147.893,1,
2,11,7.1293e-05,1,607.286,607.286,347.668,1,
2,12,5.9881e-05,1,405.499,405.499,257.298,1,
2,13,0.000215141,1,562.32,562.734,374.435,2,
2,14,9.9496e-05,1,467.028,467.028,312.706,1,
2,10,0.0183902,1,362.03,376.125,217.629,278,
2,15,6.1256e-05,1,314.929,314.929,301.022,1,
2,16,4.5195e-05,1,317.851,317.851,181.555,1,
2,17,6.6274e-05,1,362.736,362.736,286.86,1,
2,19,4.7981e-05,1,493.969,493.969,319.21,1,
2,18,6.3337e-05,1,272.161,272.161,167.225,1,
2,20,6.5793e-05,1,552.574,552.574,280.194,1,
2,21,5.1135e-05,1,513.006,513.006,369.093,1,
2,22,5.9651e-05,1,711.54,711.54,377.825,1,
2,23,4.806e-05,1,563.145,563.145,282.132,1,
2,24,3.9072e-05,1,401.002,401.002,341.764,1,
2,25,7.2926e-05,1,657.134,657.134,443.615,1,
3,1,5.1916e-05,1,466.21,466.21,261.333,1,
3,2,0.000188903,1,858.452,859.075,444.534,2,
3,3,0.000101449,1,774.865,774.865,308.962,1,
3,4,0.00032625,1,346.795,368.202,183.872,4,
3,5,0.00138415,1,608.121,609.256,286.775,12,
3,7,6.4931e-05,1,746.973,746.973,322.133,1,
3,6,9.7784e-05,1,705.39,705.39,320.232,1,
3,8,5.5744e-05,1,493.765,493.765,308.342,1,
3,9,9.4115e-05,1,656.844,656.844,382.939,1,
3,11,0.000237704,1,660.107,687.078,374.638,2,
3,12,0.000198852,1,671.728,672.35,266.229,2,
3,13,0.00046077,1,640.703,642.59,375.908,4,
3,14,0.00010166,1,702.941,702.941,312.706,1,
3,15,5.5785e-05,1,487.378,487.378,301.022,1,
3,16,4.3101e-05,1,421.195,421.195,181.555,1,
3,17,8.7182e-05,1,714.578,714.578,351.842,1,
3,18,9.4837e-05,1,556.652,556.652,284.491,1,
3,19,6.0442e-05,1,758.836,758.836,319.21,1,
3,20,0.000473144,1,927.009,927.631,374.435,4,
3,21,5.3409e-05,1,553.158,553.158,369.093,1,
3,22,7.6865e-05,1,1080.18,1080.18,377.825,1,
3,10,0.0181276,1,523.269,537.364,217.629,278,
3,23,0.00016562,1,608.132,635.103,309.103,2,
3,24,5.5314e-05,1,569.373,569.373,341.764,1,
3,25,0.00209274,1,800.796,805.879,448.699,22,
4,2,0.000213187,1,975.752,976.375,445.156,2,
4,1,0.00417495,1,647.306,656.258,261.333,53,
4,3,0.000108292,1,831.625,831.625,308.962,1,
4,4,0.000365291,1,724.448,745.855,377.653,4,
4,6,0.000245138,1,934.839,935.462,320.232,2,
4,7,0.000109534,1,802.982,802.982,322.133,1,
4,8,0.000110807,1,880.445,880.445,386.68,1,
4,9,7.9379e-05,1,866.163,866.163,382.939,1,
4,11,0.000226824,1,925.989,952.959,374.638,2,
4,10,0.0188403,1,640.394,654.489,217.629,278,
4,5,0.424213,1,710.557,850.363,286.492,1769,
4,12,0.000261569,1,878.199,878.821,266.229,2,
4,13,0.000422168,1,860.168,862.056,375.908,4,
4,14,0.000131766,1,965.318,965.318,312.706,1,
4,15,0.000291745,1,777.262,780.458,303.595,3,
4,17,8.1363e-05,1,986.7,986.7,351.842,1,
4,16,8.1743e-05,1,577.169,577.169,181.555,1,
4,18,6.6935e-05,1,605.971,605.971,284.491,1,
4,19,9.054e-05,1,1039.54,1039.54,319.21,1,
4,20,0.00024648,1,1250.39,1251.01,374.435,2,
4,21,6.429e-05,1,599.676,599.676,369.093,1,
4,23,0.000419904,1,957.434,985.028,349.925,4,
4,22,0.000496247,1,1343.47,1344.92,377.825,2,
4,24,7.4579e-05,1,716.62,716.62,341.764,1,
4,25,0.00243011,1,907.831,912.914,448.699,22,
5,2,0.000311322,1,1122.56,1123.18,445.156,2,
5,3,0.00012266,1,961.632,961.632,308.962,1,
5,4,0.000473464,1,859.395,880.803,377.653,4,
5,1,0.00534571,1,900.609,909.561,261.333,53,
5,6,0.000844907,1,1201.38,1202.91,320.232,8,
5,8,0.000180929,1,1236,1236.51,386.68,2,
5,7,0.0016367,1,1169.13,1171.43,368.444,14,
5,9,0.00010174,1,895.446,895.446,382.939,1,
5,11,0.000340146,1,1004.5,1031.47,374.638,2,
5,12,0.000221584,1,1047.51,1048.13,266.229,2,
5,13,0.000565666,1,1182.08,1184.18,375.057,4,
5,14,0.000124203,1,979.136,979.136,312.706,1,
5,15,0.000307435,1,899.032,902.228,303.595,3,
5,16,6.9689e-05,1,644.317,644.317,181.555,1,
5,17,0.000240769,1,1230,1232.49,351.842,2,
5,18,0.00024674,1,878.509,879.131,284.491,2,
5,19,0.000256639,1,1217.7,1218.02,319.21,2,
5,21,0.000205744,1,1040.47,1041.09,440.795,2,
5,20,0.0018154,1,1584.38,1603.55,374.435,6,
5,22,0.000434632,1,1532.8,1534.25,377.825,2,
5,24,9.6611e-05,1,979.904,979.904,341.764,1,
5,10,0.0239968,1,751.288,769.082,217.629,284,
6,2,0.00028441,1,1402.07,1402.7,444.534,2,
6,3,0.000126898,1,977.494,977.494,308.962,1,
6,1,0.00878768,1,1084.72,1095.91,261.333,92,
5,25,0.0207122,1,1281.98,1292.05,443.615,184,
5,23,0.0876469,1,1321.87,1360.85,364.432,728,
5,5,0.421194,1,870.016,1009.82,286.492,1769,
6,6,0.000974401,1,1244.2,1245.73,320.232,8,
6,7,0.00175643,1,1424.39,1426.69,368.444,14,
6,8,0.000357778,1,1525.23,1525.74,386.68,2,
6,9,0.000153116,1,1320.31,1320.31,424.866,1,
6,11,0.000335095,1,1127.56,1154.53,374.638,2,
6,12,0.00131562,1,1160.05,1175.73,266.229,12,
6,13,0.000625928,1,1501.1,1503.2,375.057,4,
6,14,0.000201124,1,1354.94,1354.94,375.806,1,
6,15,0.000317393,1,1244.19,1247.39,345.158,3,
6,16,8.581e-05,1,714.638,714.638,181.555,1,
6,17,0.000247382,1,1310.29,1312.77,351.842,2,
6,18,0.000725674,1,1226.73,1229.92,350.792,3,
6,19,0.000221594,1,1414.29,1414.61,319.21,2,
6,21,0.000292146,1,1353.18,1353.8,440.795,2,
6,22,0.000514461,1,1631.99,1633.44,377.825,2,
6,20,0.00461954,1,1651.09,1700.42,375.057,17,
6,23,0.00106977,1,1651.44,1691.04,375.825,7,
6,24,0.000148086,1,1182.46,1182.46,341.764,1,
6,10,0.135876,1,911.878,930.422,217.629,1651,
6,4,0.277475,1,1045.98,1096.72,377.653,2540,
6,5,0.941686,1,1186.91,1327.34,317.519,3540,
7,2,0.000453858,1,1494.42,1495.05,444.534,3,
7,3,0.000189845,1,1274.47,1274.47,308.962,1,
7,1,0.00906055,1,1366.66,1377.85,281.939,92,
7,6,0.00110798,1,1314.96,1316.5,320.232,8,
7,7,0.00160577,1,1847.29,1876.48,440.697,8,
7,8,0.000627773,1,1851.28,1860.26,392.584,6,
7,9,0.000427208,1,1625.87,1626.49,424.866,2,
7,11,0.000558232,1,1464.41,1502.77,374.638,4,
7,13,0.000768485,1,1688.07,1690.17,375.057,4,
6,25,0.0208155,1,1374.45,1384.52,443.615,184,
7,14,0.000169848,1,1612.52,1612.52,375.806,1,
7,12,0.00331409,1,1322.69,1338.37,266.851,26,
7,15,0.000552523,1,1630.87,1638.87,391.488,4,
7,16,0.000230921,1,970.158,972.874,258.236,2,
7,10,0.119067,1,1245.59,1264.14,333.716,1652,
7,4,0.584986,1,1213.26,1264.91,377.653,5743,
7,5,0.930271,1,1236.38,1376.81,317.519,3540,
7,17,0.000788312,1,1618.88,1629.84,351.842,5,
7,18,0.000981933,1,1412.73,1416.24,350.792,4,
7,19,0.000528767,1,1668.32,1674.54,319.21,4,
7,21,0.00076027,1,1595.52,1607.53,440.795,5,
7,22,0.00133621,1,1961.56,1975.02,381.487,6,
7,20,0.00500643,1,1848.12,1897.46,375.057,17,
7,23,0.00232398,1,2056.52,2107.52,416.473,14,
7,24,0.000236342,1,1361.58,1363.81,341.764,2,
8,2,0.00043414,1,1665.54,1666.16,444.534,2,
8,3,0.000180887,1,1391.6,1391.6,308.962,1,
8,7,0.00200021,1,2027.47,2057.28,440.697,10,
7,25,0.0137142,1,1651.85,1662.58,448.699,99,
8,9,0.000494454,1,1928.99,1929.62,424.866,2,
8,8,0.000731687,1,1880.73,1889.71,392.584,6,
8,6,0.0480483,1,1487.74,1492.52,320.232,393,
8,1,0.0927213,1,1376.61,1394.44,281.939,910,
8,10,0.12974,1,1387.91,1406.45,333.716,1651,
8,4,0.604226,1,1333.42,1385.07,377.653,5743,
8,5,0.94518,1,1371.33,1511.76,317.519,3540,
8,11,0.000519911,1,1590.42,1628.78,374.638,4,
8,13,0.00113197,1,1760.12,1762.21,376.53,5,
8,12,0.00319336,1,1614.71,1632.97,294.598,27,
8,15,0.000625809,1,1774.65,1782.65,391.488,4,
8,14,0.00127885,1,1931.73,1940.21,375.806,11,
8,16,0.000355855,1,1142.61,1145.95,258.236,3,
8,17,0.00279693,1,1831.53,1844.28,351.842,23,
8,19,0.00226635,1,1888.66,1912.38,335.131,19,
8,22,0.00132514,1,2273.87,2287.33,377.825,6,
8,21,0.00213372,1,1813.57,1826.21,440.795,12,
8,20,0.00512464,1,1864.66,1914,375.057,17,
8,23,0.00239205,1,2247.63,2298.63,405.08,14,
8,24,0.00113865,1,1613.65,1627.9,341.764,8,
9,2,0.000987894,1,1749.66,1761.68,455.926,4,
9,3,0.000167833,1,1439.68,1439.68,308.962,1,
9,8,0.000661796,1,2027.81,2036.79,392.584,6,
9,9,0.00082543,1,2198.53,2199.77,425.489,4,
8,25,0.0139265,1,1788.14,1798.88,443.615,99,
9,7,0.0058992,1,2375.58,2416.1,446.6,32,
8,18,0.0362355,1,1437.15,1540.57,350.792,180,
9,6,0.0484086,1,1675.13,1679.91,320.232,393,
9,1,0.124372,1,1653.01,1676.74,282.299,1153,
9,10,0.128864,1,1499.83,1518.37,333.716,1652,
9,4,0.660422,1,1425.29,1476.94,377.653,5755,
9,5,0.944936,1,1411.48,1551.91,317.519,3540,
9,11,0.000653951,1,1878.1,1916.46,374.638,4,
9,13,0.00120882,1,1934.88,1936.97,376.53,5,
9,15,0.000663068,1,1818.21,1826.22,391.488,4,
9,12,0.00577659,1,1922.51,1942.78,307.792,52,
9,16,0.000656767,1,1375.51,1389.69,258.236,4,
9,19,0.00233785,1,1974.78,1998.5,335.131,19,
9,17,0.00479394,1,2126.92,2141.08,351.842,40,
9,21,0.0031983,1,2166.72,2179.99,441.419,18,
9,20,0.00531808,1,2060.14,2109.48,375.057,17,
9,22,0.00136651,1,2581.88,2595.34,377.825,5,
9,24,0.00109417,1,1850.45,1864.7,341.764,6,
9,23,0.00340338,1,2556.73,2607.73,416.473,14,
9,14,0.0155269,1,2200.53,2219.63,375.806,149,
10,2,0.000973458,1,1759.17,1771.19,455.926,4,
10,3,0.000204824,1,1444.9,1444.9,308.962,1,
10,8,0.000727649,1,2047.66,2056.64,392.584,6,
10,9,0.000768886,1,2513.99,2515.23,425.489,4,
10,7,0.0105502,1,2639.49,2682.59,446.6,46,
9,18,0.0365212,1,1583.85,1687.27,350.792,180,
10,6,0.0486305,1,1692.86,1697.64,320.232,393,
10,1,0.0994288,1,1903.41,1927.14,282.299,925,
10,10,0.132655,1,1763.67,1782.22,333.716,1651,
9,25,0.154366,1,1947.18,2188.7,443.615,476,
10,4,0.407873,1,1518.86,1571,377.653,3604,
10,11,0.000699326,1,2035.09,2073.45,374.638,4,
10,13,0.00134553,1,2064.16,2066.25,376.53,5,
10,15,0.00116194,1,1965.24,1973.8,391.488,8,
10,16,0.00313553,1,1819.12,1877.11,486.795,11,
10,19,0.00287206,1,2121.13,2144.85,335.131,19,
10,17,0.00486885,1,2358.18,2372.33,351.842,40,
10,14,0.0124435,1,2461.16,2483.9,375.806,72,
10,21,0.00343893,1,2477.65,2490.91,441.419,18,
10,23,0.00365486,1,2870.53,2921.53,405.08,14,
10,20,0.0170028,1,2104.97,2160.85,375.057,67,
10,18,0.0376969,1,1709.86,1813.28,350.792,180,
10,22,0.0724599,1,2880.15,2953.41,377.825,250,
10,12,0.184621,1,2046.54,2083.57,309.808,1270,
10,24,0.0012182,1,2099.24,2113.49,341.764,6,
11,3,0.000227364,1,1567.96,1567.96,308.962,1,
11,8,0.000895493,1,2276.49,2285.47,392.584,6,
11,9,0.002748,1,2713.56,2715.59,425.489,16,
11,7,0.00880702,1,2691.17,2734.26,446.6,46,
11,6,0.0503767,1,1728.78,1733.56,320.232,394,
11,2,0.105931,1,1916.96,2003.41,455.926,415,
10,25,0.148632,1,2215.8,2457.94,443.615,448,
11,4,0.432187,1,1783.48,1840.43,377.653,3717,
10,5,2.72182,1,1664.05,1804.48,317.519,9743,
11,11,0.000591976,1,2173.72,2212.08,374.638,4,
11,13,0.00125156,1,2089.17,2091.27,376.53,5,
11,15,0.0011397,1,2040.49,2049.04,391.488,8,
11,16,0.00428588,1,2137.26,2197.82,486.795,13,
11,17,0.0053154,1,2720.77,2734.92,362.591,42,
11,19,0.0025853,1,2194.3,2218.02,335.131,19,
11,18,0.0370811,1,1754.85,1858.27,350.792,180,
11,12,0.188822,1,2187.76,2224.79,309.808,1270,
11,10,0.271116,1,1889.4,1913.28,333.716,3303,
11,1,1.41343,1,1956.97,1999.06,282.299,14598,
11,21,0.00374627,1,2551.73,2564.99,441.419,18,
11,24,0.00118116,1,2195.3,2209.55,341.764,6,
12,3,0.000249497,1,1616.51,1616.51,308.962,1,
11,20,0.0199043,1,2160.85,2216.73,375.057,67,
12,2,0.112601,1,2197.82,2295.67,455.926,417,
11,23,0.170401,1,3145.51,3213.81,416.473,984,
11,25,0.191133,1,2543.25,2797.43,443.615,600,
11,22,0.293134,1,3192.85,3266.74,377.825,1171,
12,4,0.444722,1,1862.31,1919.25,377.653,3717,
11,5,2.80582,1,1849.35,1989.78,317.519,9743,
12,8,0.00219058,1,2574.14,2627.16,399.926,11,
12,11,0.00133146,1,2410.28,2460.03,374.638,10,
12,9,0.00644971,1,2953.55,2956.2,424.866,32,
12,13,0.00290279,1,2291.19,2297.7,376.53,16,
12,15,0.00269218,1,2207.49,2237.97,391.488,14,
12,6,0.0681049,1,2011.91,2017.19,320.232,455,
12,7,0.369296,1,2744.13,2836.11,446.6,1202,
12,1,1.4382,1,2029.18,2071.27,282.299,14598,
12,12,0.667046,1,2348.06,2404.26,309.808,3787,
12,16,0.00834941,1,2432.65,2499.12,486.795,51,
12,17,0.00695883,1,2968.55,2985.27,362.591,48,
12,19,0.00325742,1,2405.83,2434.47,335.131,18,
12,20,0.0262922,1,2412.92,2469.42,375.057,106,
12,21,0.0894991,1,2575.88,2598.11,441.419,367,
12,23,0.172129,1,3299.83,3368.13,416.473,984,
12,18,0.379046,1,2027.57,2176.4,350.792,2176,
12,22,0.706816,1,3525.35,3604.04,377.825,3202,
12,24,0.00457183,1,2366.66,2382.9,341.764,38,
13,3,0.000379528,1,1734.82,1734.82,308.962,1,
13,8,0.00239528,1,2612.57,2665.59,399.926,11,
13,9,0.00678629,1,3322.29,3324.95,424.866,32,
13,6,0.0622618,1,2372.8,2378.07,360.887,455,
13,2,0.112565,1,2487.57,2590.22,455.926,420,
13,4,0.437163,1,2011.09,2068.03,377.653,3717,
13,7,0.674619,1,3060.4,3158.29,440.697,2103,
12,10,2.7689,1,2040.61,2069.99,333.716,22679,
13,11,0.00354605,1,2836.34,2894.58,431.972,22,
13,13,0.00355292,1,2351.17,2357.68,376.53,16,
13,15,0.00285177,1,2413.81,2444.29,391.488,14,
13,17,0.00546531,1,3234.85,3251.57,362.591,36,
13,16,0.00868368,1,2788.59,2859.86,486.795,42,
13,19,0.0146629,1,2557.39,2597.04,335.131,79,
13,12,0.586773,1,2682.52,2738.72,334.455,3411,
13,18,0.774269,1,2366.17,2523.48,356.695,4424,
13,24,0.0479429,1,2734.71,2772.35,368.046,328,
13,23,0.18098,1,3391.38,3459.67,416.473,984,
13,1,2.22623,1,2250.27,2294.38,282.299,19708,
14,2,0.224996,1,2573.57,2682.46,455.926,832,
13,21,0.426231,1,2805.3,2835.69,441.419,1891,
14,1,0.960634,1,2501.35,2563.96,282.299,8251,
14,3,0.000326409,1,1864.58,1864.58,308.962,1,
14,8,0.00608009,1,3005.07,3082.52,416.927,29,
14,9,0.0132261,1,3529.55,3537.48,424.866,64,
14,6,0.064357,1,2433.78,2439.06,360.887,455,
14,4,0.433284,1,2037.27,2108.57,377.653,3714,
14,7,0.801239,1,3439.08,3561.24,440.697,2361,
14,13,0.00296624,1,2432.52,2439.03,376.53,16,
14,11,0.00547668,1,2956.5,3028.45,445.689,36,
14,12,0.603825,1,2992.44,3048.64,334.455,3407,
13,22,2.93403,1,3579.91,3661.34,377.825,12919,
14,16,0.00865705,1,3059.17,3130.45,486.795,42,
14,17,0.01056,1,3552.57,3570.17,362.591,74,
14,15,0.0157145,1,2490.38,2527.98,391.488,140,
14,19,0.0247165,1,2930.04,2971.03,372.646,114,
14,23,0.184776,1,3563.82,3632.12,416.473,1040,
14,18,1.50444,1,2466.79,2624.58,356.695,8482,
14,21,0.508923,1,2972.91,3008.63,441.419,2096,
15,3,0.000351526,1,1902.06,1902.06,308.962,1,
14,24,0.0538859,1,2904.03,2953.06,368.046,347,
15,2,0.318158,1,2799.97,2913.85,455.926,1207,
15,1,0.521927,1,2826.76,2893.63,325.404,4380,
15,9,0.0165054,1,3841.71,3857.46,424.866,71,
15,6,0.0637662,1,2565.78,2571.05,360.887,455,
15,11,0.166001,1,3152.33,3267.8,431.972,627,
15,13,0.00317755,1,2527.32,2533.83,376.53,16,
15,7,2.35604,1,3717.84,3847.06,446.6,6319,
15,16,0.0131563,1,3177.52,3249.21,486.795,48,
15,15,0.0158544,1,2759.17,2796.78,391.488,140,
15,17,0.0119816,1,3604.99,3626.06,362.591,83,
15,19,0.141938,1,3189.74,3233.02,372.646,566,
15,18,1.559,1,2548.78,2706.57,350.792,8482,
15,21,3.93639,1,3204.42,3241.43,441.419,15561,
15,24,0.0559583,1,3019.79,3068.82,368.046,347,
13,20,20.0468,1,2641.91,2710.15,374.435,55988,
11,14,30.0001,0,2829.58,2882.1,379.818,97377,
16,1,3.67086,1,2997.35,3067.48,325.404,27793,
12,5,30.0001,0,2214.84,2372.34,366.108,72474,
16,3,0.000381402,1,2067.12,2067.12,308.962,1,
16,2,0.317958,1,3098.18,3212.06,455.926,1167,
12,14,30.0003,0,2862.71,2915.22,379.818,97329,
12,25,30.0005,0,2591.81,3115.67,444.323,62921,
13,5,30.0002,0,2321.02,2477.77,366.108,80449,
15,12,21.2599,1,3049.78,3184.79,334.455,50437,
13,10,30.0002,0,2396.17,2470.17,400.291,102409,
13,14,30.0001,0,2981.14,3032.5,379.818,100297,
16,9,0.0174917,1,4115.96,4131.7,424.866,71,
16,7,2.43581,1,3851.24,3980.47,446.6,6334,
13,25,30,0,2811.32,3351.38,444.323,73975,
16,13,0.128786,1,2788.19,2798.44,375.908,829,
16,11,0.309226,1,3279.43,3419.54,431.972,1214,
14,5,30.0004,0,2571.12,2727.47,366.108,78174,
16,15,0.016526,1,2824.99,2862.59,391.488,140,
16,17,0.0213648,1,3881.23,3915.6,365.137,103,
16,16,0.315943,1,3546.61,3640.14,487.78,1600,
14,10,30.0004,0,2771.17,2851.07,400.134,102199,
14,14,30.0001,0,3355.3,3431.88,399.952,96914,
16,19,0.150293,1,3427.39,3470.67,372.646,562,
16,24,0.0566082,1,3362.42,3411.46,368.046,347,
14,20,29.8826,1,2819.97,2891.16,375.057,79273,
14,22,30.0002,0,3994.48,4054.86,428.185,153314,
16,18,2.7321,1,2714.51,2893.72,350.792,12450,
14,25,30.0002,0,3178.98,3719.08,444.323,71288,
15,4,30.0002,0,2301.26,2471.11,377.653,133351,
17,3,0.000864344,1,2397.18,2403.08,330.063,2,
17,2,0.323834,1,3308.65,3422.52,455.926,1167,
16,21,3.64039,1,3466.57,3510.12,441.419,14443,
15,5,30.0001,0,2659.64,2812.19,366.108,84686,
15,8,30.0005,0,3130.55,3251.43,417.119,56425,
15,10,30,0,2994.73,3074.63,400.584,100499,
17,9,0.0181122,1,4335.73,4351.47,424.866,71,
15,14,30.0001,0,3452.11,3564.53,393.892,91252,
17,13,0.133919,1,3099.73,3109.98,375.908,829,
15,20,29.996,1,3043.63,3119.62,375.057,79457,
15,22,30.0001,0,4175.84,4236.1,416.684,150536,
15,23,30,0,3570.19,3648.53,416.473,150199,
17,15,0.0119567,1,3084.18,3121.79,391.488,87,
17,7,6.84366,1,3908.65,4043.84,446.6,21226,
17,17,0.0578993,1,4135.87,4174.9,365.137,285,
17,16,0.193056,1,3756.78,3892.32,487.78,912,
17,19,0.34897,1,3523.46,3567.67,374.662,1145,
17,18,2.86514,1,2886.96,3066.17,350.792,12450,
15,25,30.0005,0,3620.14,4160.24,443.615,69209,
17,21,3.69472,1,3547.92,3591.47,441.419,14437,
17,11,14.3286,1,3553.51,3704.77,431.972,43408,
16,4,30.0002,0,2345.76,2531.28,377.653,132738,
16,5,30.0001,0,3071.86,3222.11,412.843,72326,
16,6,30.0002,0,2803.15,2819.98,360.887,163710,
18,2,0.304308,1,3624.11,3738.6,455.926,1013,
16,8,30.0002,0,3217.72,3338.6,417.119,57798,
16,10,30,0,3400.09,3491.06,416.758,131300,
16,12,30.0002,0,3469.64,3625.08,420.769,72423,
16,14,30.0003,0,3566.39,3675.21,388.559,95320,
18,9,0.0190742,1,4622.14,4641.87,424.866,75,
16,20,30.0001,0,3369.26,3446.43,375.057,81724,
16,22,30.0001,0,4536.72,4574.17,417.05,136208,
16,23,30.0002,0,4013.81,4092.93,444.527,151942,
16,25,30.0001,0,3813.34,4367.84,443.615,63795,
17,1,30.0001,0,3021.15,3095.45,327.977,231279,
17,4,30.0002,0,2481.2,2666.72,377.653,125571,
17,5,30.0001,0,3180.52,3324.88,412.843,67004,
17,6,30.0001,0,3013.08,3030.31,360.887,157805,
17,8,30.0007,0,3294.31,3430.48,417.119,44647,
18,13,1.58953,1,3283.85,3298.19,375.908,11507,
17,10,30.0002,0,3476.68,3567.4,413.932,91769,
18,15,0.012921,1,3329.76,3367.36,391.488,87,
18,17,0.105568,1,4453.58,4495.62,365.137,535,
18,16,0.189245,1,3843.95,3979.49,487.78,912,
17,12,30.0002,0,3751.57,3910.84,420.481,72055,
18,18,2.73935,1,3139.73,3319.57,356.695,11392,
17,14,30,0,3713.88,3846.31,393.892,81128,
18,21,3.71764,1,3710.59,3754.15,441.419,14370,
18,7,11.0576,1,4079.3,4216.03,446.6,35297,
19,2,0.316198,1,3845.51,3960.01,455.926,1013,
17,20,30.0004,0,3662.64,3747.57,375.057,79025,
17,22,30.0002,0,4618.29,4655.72,416.684,135779,
17,23,30.0001,0,4267.5,4359.55,455.631,141051,
18,11,14.5669,1,3572.17,3723.43,431.972,43408,
17,24,30.0004,0,3553.68,3605.13,383.189,75770,
17,25,30.0005,0,3944.39,4498.89,444.323,59067,
19,9,0.0197235,1,4769.18,4788.9,424.866,75,
18,1,30.0001,0,3183.29,3257,327.977,220896,
19,13,1.63087,1,3594.92,3609.26,375.908,11507,
18,3,30,0,2442.17,2490.46,330.063,326246,
18,4,30.0002,0,2713.24,2901.34,377.653,126079,
18,5,30.0005,0,3529.82,3584.77,412.843,67951,
19,15,0.0360356,1,3604.04,3642.68,391.488,257,
19,16,0.306767,1,4156.65,4292.74,487.706,1402,
18,6,30,0,3130.03,3147.24,360.887,156051,
18,8,30.0003,0,3557.96,3695.52,417.119,44090,
18,10,30.0001,0,3733.23,3833.8,413.932,105886,
19,11,13.8712,1,3875.66,4027.54,431.972,39266,
18,12,30.0005,0,3942.56,4104.06,420.481,67251,
19,18,5.54748,1,3236.91,3422.08,350.792,22784,
18,14,30,0,4138.68,4259.27,427.384,89453,
18,19,30.0001,0,3852.36,3900.59,374.662,91403,
18,20,30.0003,0,4004.81,4090.33,375.057,73691,
18,22,30.0001,0,4877.78,4912.07,417.05,134405,
18,23,30.0002,0,4400.95,4493,455.631,139662,
18,24,30,0,3561.26,3612.69,383.189,74280,
18,25,30.0001,0,3958.57,4529.09,444.323,59820,
19,1,30,0,3421.61,3497.46,330.33,216465,
19,3,30,0,2878.74,2935.73,445.265,325004,
19,4,30.0002,0,2928.29,3173.01,377.653,132880,
19,5,30.0001,0,3606.35,3659.39,412.843,69029,
20,9,0.500595,1,4987.47,5023.31,424.866,1769,
19,6,30,0,3216.15,3233.36,360.887,151538,
19,7,30.0001,0,4187.78,4369.42,446.6,63894,
19,8,30.0011,0,3704.77,3842.33,417.119,42707,
20,13,1.70269,1,3898.67,3913.01,375.908,11507,
19,17,18.877,1,4744.41,4798.75,365.137,97823,
20,16,0.581039,1,4374.74,4516.89,487.706,2343,
19,10,30,0,4016.66,4137.4,413.932,95688,
19,12,30.0003,0,4191.05,4338.91,457.985,65544,
20,15,0.9547,1,3664.12,3707.9,391.488,8798,
19,14,30,0,4224.62,4345.19,425.426,88388,
20,11,14.1405,1,3893.58,4045.46,431.972,39266,
19,19,30.0004,0,4124.48,4182.09,375.284,82063,
19,20,30.0002,0,4217.73,4303.25,375.057,73896,
19,21,30.0001,0,3903.79,3958.83,443.481,135364,
19,22,30.0001,0,5199.33,5232.3,416.085,139690,
19,23,30.0001,0,4661.79,4754.35,455.631,131423,
19,24,30,0,3816.38,3879.85,383.123,68185,
19,25,30.0002,0,4290.58,4861.1,444.323,57756,
20,1,30.0001,0,3435.5,3511.33,333.881,214402,
20,2,30.0008,0,4149.26,4373.77,455.926,36815,
20,17,19.0759,1,4814.1,4868.45,365.137,97823,
20,3,30,0,3097.73,3167.83,445.888,210037,
20,4,30.0001,0,3100.84,3327.46,389.045,127324,
20,5,30.0006,0,3662.36,3794.03,444.128,61113,
20,6,30,0,3444.99,3462.66,360.887,152531,
20,7,30.0003,0,4383.6,4596.19,469.927,54108,
20,8,30.0003,0,3917.6,4059.81,417.119,60397,
21,9,1.31242,1,5323.08,5381.58,424.866,3924,
21,13,2.12962,1,4139.34,4165.07,375.908,11997,
20,10,30.0002,0,4119.1,4260.1,410.698,62186,
20,12,30.0003,0,4512.97,4676.54,457.985,67741,
21,15,3.38605,1,3769.83,3823.78,391.488,29264,
20,14,30.0001,0,4558.06,4670.68,426.544,80089,
20,18,30.0002,0,3530.51,3726.92,356.695,119603,
20,19,30,0,4203.31,4260.91,373.604,81454,
20,20,30.0002,0,4247.02,4332.53,375.057,73078,
20,21,30.0004,0,4215.33,4280.84,443.606,125333,
20,22,30.0002,0,5360.13,5397.73,417.049,132861,
21,16,13.2391,1,4587,4795.88,466.74,25607,
20,23,30.0001,0,4822.59,4925.01,456.042,133812,
20,24,30.0001,0,4189.69,4273.12,382.278,84665,
20,25,30.0001,0,4393.93,4964.45,444.323,55613,
21,1,30.0003,0,3698.19,3799.14,335.919,144513,
21,2,30.0004,0,4566.92,4802.99,456.091,36770,
21,17,19.5146,1,4922,4976.34,365.137,97823,
21,3,30.0001,0,3407.24,3499.53,445.265,201354,
21,4,30.0001,0,3542,3780.32,480.838,134145,
21,5,30.0006,0,3940.11,4089.69,455.521,63295,
21,6,30.0001,0,3605.89,3623.56,360.887,150718,
21,7,30.0004,0,4487.04,4737.65,468.831,43084,
21,8,30.0004,0,4177.22,4340.72,422.59,80962,
22,9,2.11397,1,5409.21,5474,424.866,5885,
21,10,30.0002,0,4242.98,4383.75,408.028,60301,
21,11,30.0004,0,3996.92,4149.27,433.387,82025,
21,12,30.0001,0,4855.75,5022.39,431.251,63712,
21,14,30.0005,0,4875.26,4986.39,424.803,81530,
22,16,3.80163,1,4853.23,5062.1,466.74,7686,
22,15,4.57986,1,4051.67,4106.24,391.488,39443,
21,18,30.0001,0,3818.27,4017.51,356.695,65020,
21,19,30.0001,0,4316.64,4388.76,374.662,80922,
21,20,30.0007,0,4549.54,4634.9,375.057,65002,
21,21,30.0001,0,4361.48,4429.45,442.192,122113,
21,22,30.0001,0,5699.48,5739.74,415.748,98029,
21,23,30.0002,0,4906.47,5017.07,455.919,123426,
21,24,30.0001,0,4508.48,4602.19,382.278,77113,
22,17,14.3262,1,4975.32,5033.4,365.137,60555,
21,25,30.0009,0,4727.64,5148.12,465.991,46294,
22,1,30.0001,0,3885.15,3985.95,331.307,134240,
22,2,30.0002,0,4631.79,4899.15,456.091,38351,
22,3,30,0,3533.12,3625.55,445.265,248820,
22,4,30,0,3787.61,4018.52,480.838,130189,
22,5,30.0006,0,4158.8,4308.33,444.128,62586,
22,6,30.0001,0,3874.77,3896.95,360.887,144022,
22,7,30.0001,0,4589.38,4841.33,469.653,41150,
22,8,30.0001,0,4443.1,4611.76,422.59,74607,
22,10,30.0003,0,4478.17,4616.08,405.987,65432,
23,9,3.61865,1,5570.17,5635.41,424.866,10887,
22,11,30.0003,0,4199.45,4357.82,426.776,78919,
22,12,30.0001,0,5126.36,5294.87,419.858,52135,
22,13,30.0003,0,4542.83,4582.59,405.61,74044,
22,14,30.0001,0,5156.34,5261.16,424.803,84015,
22,18,30.0005,0,4138.44,4339.9,370.412,65413,
23,15,4.81255,1,4257.69,4315.5,391.488,39472,
22,19,30.0002,0,4645.04,4735.68,374.662,46837,
22,20,30,0,4841.97,4936.43,374.435,60544,
22,21,30.0002,0,4426.24,4494.17,442.192,117650,
22,22,30.0003,0,5866.48,5932.15,415.401,96468,
22,23,30.0002,0,5125.26,5250.46,455.631,103611,
22,24,30,0,4783.98,4880.57,382.278,76535,
22,25,30.0007,0,4749.51,5168.85,469.423,45188,
23,1,30.0001,0,4152.81,4243.96,325.404,123927,
23,2,30.0006,0,4759.73,5027.09,456.091,37786,
23,17,14.5284,1,4996.75,5054.83,365.137,60555,
23,3,30.0001,0,3817.6,3934.28,445.888,185009,
23,4,30.0001,0,3805.34,4036.21,486.171,129603,
23,5,30.0003,0,4407.19,4584.67,444.128,52814,
23,6,30,0,4222.88,4262.81,366.608,139257,
23,7,30.0004,0,4900.31,5147.36,462.579,39087,
23,8,30.0003,0,4495.92,4760.02,449.513,69954,
24,9,3.80627,1,5706.94,5772.19,424.866,10887,
23,10,30.0002,0,4668.48,4804.71,408.028,67106,
23,11,30.0004,0,4351.91,4510.31,432.685,75530,
23,12,30.0002,0,5291.94,5457.25,457.985,47717,
24,13,1.46126,1,5248.97,5292.89,436.164,6263,
23,13,30.0005,0,4812.8,4852.57,405.61,73355,
23,14,30.0003,0,5442.42,5564.53,424.803,84056,
23,16,30.0004,0,5175.46,5404.57,467.447,49167,
23,18,30.0001,0,4261.1,4472.93,350.792,58841,
23,19,30.0002,0,4893.86,4982.3,375.284,44790,
23,20,30,0,5005.48,5112.04,375.055,58955,
23,21,30.0001,0,4665.49,4756.05,442.899,70499,
23,22,30.0003,0,6059.67,6151.45,414.563,79375,
23,23,30,0,5378.19,5511.6,455.631,87087,
23,24,30.0003,0,5093.91,5194.92,382.278,74447,
23,25,30.0011,0,5052.54,5471.42,446.422,22293,
24,1,30.0002,0,4521.91,4614.49,369.093,117951,
24,2,30.0009,0,4916.95,5190.64,456.091,33230,
24,15,14.0187,1,4593.87,4652.7,391.488,88287,
24,3,30.0002,0,4157.49,4338.87,445.972,74172,
24,4,30.0002,0,4135.17,4378.55,480.838,118575,
24,5,30.0003,0,4602,4779.43,455.521,53435,
24,6,30.0001,0,4235.91,4275.83,360.887,137385,
24,7,30.0007,0,5169.1,5413.83,496.931,35320,
24,8,30.0004,0,4769.52,5036.41,449.513,64516,
24,10,30.0002,0,4976.94,5110.64,407.048,62359,
24,11,30.0001,0,4662.04,4849.4,426.776,91773,
24,12,30.0003,0,5417.21,5576.4,448.518,44226,
25,13,1.50072,1,5506.45,5561.77,436.164,6289,
24,14,30.0001,0,5706.41,5830.72,425.426,84221,
24,16,30.0007,0,5209.47,5438.56,468.154,48295,
24,17,30.0002,0,5293.02,5362.33,365.76,115289,
24,18,30.0001,0,4448.99,4660.64,370.412,57650,
24,19,30.0002,0,5134.38,5231.78,375.284,49771,
24,20,30.0005,0,5304.87,5435.71,375.057,45752,
24,21,30.0003,0,4984.6,5075.16,442.899,68930,
24,22,30.0003,0,6143.81,6235.56,415.401,78047,
24,23,30,0,5450.93,5623.06,460.092,32639,
24,24,30.0001,0,5279.51,5381.88,380.927,75627,
24,25,30.0012,0,5209.58,5624.37,471.856,20300,
25,1,30.0001,0,4657.76,4752.96,374.997,110644,
25,2,30.0001,0,5286.26,5559.95,456.091,31130,
25,3,30.0002,0,4417.8,4599.41,446.658,69177,
25,4,30.0003,0,4146.4,4389.51,486.171,114686,
25,5,30.0001,0,4770.29,4965.41,444.128,52363,
25,6,30.0003,0,4307.81,4349.78,366.608,132715,
25,7,30.0006,0,5399.5,5642.39,469.927,33173,
25,8,30,0,5110.79,5413.07,449.513,66744,
25,9,30.0002,0,5963.33,6034.03,425.489,101923,
25,10,30.0004,0,5054.47,5206.89,406.567,52022,
25,11,30.0003,0,4723.81,4931.12,426.776,81510,
25,12,30.0003,0,5434.28,5593.13,457.985,43546,
25,14,30.0005,0,5894.26,6068.86,424.803,27329,
25,15,30.0001,0,4747.53,4812.93,391.488,184920,
25,16,30.0007,0,5356.78,5589.36,467.447,49461,
25,17,30.0003,0,5533.94,5616.51,365.137,99198,
25,18,30.0003,0,4768.2,4984.57,366.798,49802,
25,19,30.0002,0,5182.25,5279.59,374.662,47682,
25,20,30.0002,0,5444.27,5575.1,375.057,44979,
25,21,30.0006,0,5409.4,5498.57,442.083,72190,
25,22,30.0001,0,6210.67,6313.26,414.563,72421,
25,23,30.0017,0,5784.52,5955.55,443.615,29195,
25,24,30.0003,0,5324.34,5447.06,382.133,74398,
25,25,30.0003,0,5527.02,5956.99,468.429,19279,
26,1,30.0005,0,4843.35,4936.68,369.093,108307,
26,2,30.0004,0,5587.8,5892.31,456.838,62394,
26,3,30.0003,0,4678.82,4862.95,446.658,68149,
26,4,30.0002,0,4379.01,4616.95,480.838,100140,
26,5,30.0007,0,5185.72,5383.17,455.521,48400,
26,6,30.0003,0,4486.12,4528.09,366.608,131626,
26,7,30.0002,0,5784.75,6037.54,452.134,27741,
26,8,30.0002,0,5301.78,5608.51,449.513,71720,
26,9,30.0001,0,6132.36,6203.27,425.778,100319,
26,10,30.0008,0,5063.98,5216.34,407.612,51233,
26,11,30.0003,0,4790.82,5003.22,426.776,79863,
26,12,30.0002,0,5762.68,5910.75,457.985,40109,
26,13,30.0047,0,5847.86,5929.18,437.075,98318,
26,14,30.0001,0,6103.64,6276.29,424.803,26426,
26,15,30.0001,0,4846.72,4913.53,391.488,197603,
26,16,30,0,5538.04,5770.6,468.136,48688,
26,17,30.0004,0,5700.25,5782.81,365.137,98500,
26,18,30.0007,0,4995.66,5208.21,356.695,41396,
26,19,30.0001,0,5480.46,5584.67,374.662,46063,
26,20,30.0003,0,5756.44,5904.87,375.057,42417,
26,21,30.001,0,5598.39,5763.12,457.521,35877,
26,22,30.0002,0,6489.68,6590.93,414.563,67279,
26,23,30.0005,0,5921.24,6091.36,448.699,26657,
26,24,30.0007,0,5482.68,5613.9,382.236,62135,
26,25,30.0017,0,5734.43,6136,462.83,20769,
27,1,30.0002,0,4968.49,5064.47,370.644,99799,
27,2,30.0003,0,5960.87,6278.09,456.838,56852,
27,3,30.0002,0,4873.82,5088.86,445.888,64573,
27,4,30.0003,0,4694.25,4935.95,486.794,90047,
27,5,30.0002,0,5203.64,5400.67,438.756,45516,
27,6,30.0001,0,4651.08,4692.7,366.608,123483,
27,7,30.0006,0,6004.37,6249.93,469.653,25605,
27,8,30.0003,0,5533.82,5849.45,449.513,63039,
27,9,30.0002,0,6406.64,6485.14,424.866,93756,
27,10,30.0004,0,5133.5,5385.96,410.698,45902,
27,11,30.0003,0,5024.29,5240.59,432.68,58438,
27,12,30.0004,0,5909.8,6050.1,419.858,40373,
27,13,30.0003,0,6071.04,6160.64,436.786,91742,
27,14,30.0009,0,6386.14,6557.57,430.136,24392,
27,15,30.0007,0,5090.55,5177.23,391.488,48285,
27,16,30.0001,0,5836.31,6083.84,466.74,43555,
27,17,30.0001,0,5826.26,5908.84,365.137,98062,
27,18,30.0006,0,5112.55,5314.13,366.798,34710,
27,19,30,0,5729.79,5833.61,374.662,39197,
27,20,30,0,5772.17,5920.13,375.057,39589,
27,21,30.0018,0,5867.44,6085.81,462.536,25170,
27,22,30.0003,0,6661.04,6762.28,414.563,66758,
27,23,30.0007,0,6131.16,6305.41,455.008,22796,
27,24,30.0003,0,5697.89,5836.72,373.311,48263,
27,25,30.0014,0,5886.66,6292.23,492.04,20390,
28,1,30.0004,0,5117.13,5212.93,369.093,95092,
28,2,30.0001,0,6084.99,6402.14,455.926,55477,
28,3,30.0007,0,5086.08,5308.3,451.97,67959,
28,4,30.0002,0,4867.73,5109.8,481.461,89018,
28,5,30.0001,0,5504.98,5700.96,442.983,39497,
28,6,30.0001,0,4827.26,4868.53,360.887,112417,
28,7,30.0009,0,6195.43,6438.59,422.904,23493,
28,8,30.0004,0,5716.89,6034.93,449.513,54562,
28,9,30.0002,0,6500.44,6583.82,424.866,88390,
28,10,30.0004,0,5280.87,5532.2,410.698,43490,
28,11,30.0003,0,5237.62,5461.97,431.972,74467,
28,12,30.0004,0,5918.49,6080.9,424.942,36572,
28,13,30.0004,0,6175.59,6320.31,441.087,29553,
28,14,30.0001,0,6670.43,6839.86,424.803,21210,
28,15,30.0005,0,5412.89,5518.49,391.488,47543,
28,16,30.0006,0,5973.64,6242.18,468.154,37918,
28,17,30.0001,0,6087.16,6205.93,362.591,74962,
28,18,30.0001,0,5233.61,5441.13,364.225,28809,
28,19,30.0004,0,5970.43,6081.79,373.268,36327,
28,20,30,0,5920.95,6069.81,374.435,39328,
28,21,30.0002,0,6161.61,6374.48,462.536,24110,
28,22,30.0004,0,6964.22,7090.65,414.563,69380,
28,23,30.0009,0,6284.48,6458.21,443.615,21634,
28,24,30.0001,0,5867.41,6015.2,382.278,44244,
28,25,30.0013,0,6010.95,6344.54,460.023,21274,
29,1,30.0001,0,5304.28,5405.48,374.997,84633,
29,2,30.0002,0,6360.49,6686.67,456.549,43072,
29,3,30.0001,0,5347.04,5580.56,454.155,48971,
29,4,30.0002,0,5240.8,5523.78,480.838,71233,
29,5,30.0007,0,5585.27,5779.97,437.08,34521,
29,6,30,0,5092.71,5134.4,360.887,98205,
29,7,30.0008,0,6428.33,6663.75,464.845,20607,
29,8,30.0004,0,5923.53,6250.89,449.513,52789,
29,9,30.0001,0,6678.99,6770.54,426.511,81183,
29,10,30.0008,0,5539.04,5787.08,410.698,40616,
29,11,30.0002,0,5581.55,5808.18,426.069,78189,
29,12,30.0002,0,6204.55,6357.08,457.985,31160,
29,13,30.0014,0,6597.02,6740.97,447.557,25553,
29,14,30.0013,0,6743.18,6928.38,430.136,20389,
29,15,30.0003,0,5630.6,5740.38,391.488,45295,
29,16,30.0002,0,5999.81,6277.21,468.358,33606,
29,17,30,0,6329.64,6450.11,362.591,70059,
29,18,30.0004,0,5463.11,5685.75,356.695,24460,
29,19,30.0005,0,6166.18,6302.08,374.662,34751,
29,20,30.0002,0,5938.87,6087.1,375.057,36196,
29,21,30.0004,0,6449.23,6658.86,462.536,20757,
29,22,30.0004,0,7267.28,7400.94,414.563,61230,
29,23,30.0067,0,6591.34,6764.21,443.615,20611,
29,24,30.0003,0,6232.89,6384.32,391.409,43941,
29,25,30.0004,0,6125.34,6452.34,462.83,19126,
30,1,30.0003,0,5673.02,5782.51,373.826,68909,
30,2,30.0003,0,6564.56,6916.02,456.549,34079,
30,3,30.0002,0,5541.74,5819.38,451.908,29531,
30,4,30.0003,0,5261.52,5544.31,480.838,67190,
30,5,30.0003,0,5857.35,6049.2,454.376,27837,
30,6,30.0003,0,5425.24,5469.88,361.51,83428,
30,7,30.0013,0,6607.71,6842.51,440.2,17909,
30,8,30.0004,0,5981.63,6308.95,449.513,50399,
30,9,30.0001,0,6698.46,6789.95,425.489,74206,
30,10,30.0001,0,5709.31,5959.74,405.365,30518,
30,11,30.0001,0,5909.95,6187.85,426.069,70029,
30,12,30.0016,0,6454.94,6602.74,457.985,24239,
30,13,30.001,0,6771.15,6913.56,436.164,22491,
30,14,30.0006,0,7075.2,7273.32,424.803,17605,
30,15,30.0006,0,5766.04,5875.77,391.488,42186,
30,16,30.0008,0,6411.67,6689.8,482.39,15592,
30,17,30.0003,0,6415.63,6557.01,367.399,26662,
30,18,30.0007,0,5848.91,6081.72,409.385,16397,
30,19,30.0007,0,6227.95,6363.46,373.268,25997,
30,20,30.0006,0,6304.36,6456.4,382.784,27256,
30,21,30.0006,0,6835.91,7030.95,462.536,20479,
30,22,30.0002,0,7428.18,7573.63,414.563,51728,
30,23,30.0001,0,6658.21,6835.84,455.008,20919,
30,24,30.0005,0,6468.04,6621.68,387.2,29432,
30,25,30.0001,0,6354.07,6641.22,469.423,16516,
31,1,30.0003,0,5940.58,6049.11,374.449,63187,
31,2,30.0001,0,6860.3,7210.1,455.926,24667,
31,3,30.0007,0,5562.49,5843.4,442.475,14429,
31,4,30.0004,0,5565.01,5863.47,480.838,50133,
31,5,30.0002,0,6011.99,6203.41,437.08,26307,
31,6,30.0001,0,5500.48,5545.08,366.608,65652,
31,7,30.0019,0,6906.03,7128.8,446.231,11345,
31,8,30.0005,0,6163.98,6492.35,449.513,41487,
31,9,30,0,6968.98,7062.94,425.489,66283,
31,10,30.0005,0,5815.73,6063.36,410.698,29238,
31,11,30.0003,0,5984.03,6260.31,465.803,65420,
31,12,30.0014,0,6824.92,6980.53,424.942,21969,
31,13,30.001,0,7096.73,7235.46,436.164,22248,
31,14,30.0019,0,7429.28,7654.11,430.136,13877,
31,15,30.001,0,5912.11,6021.67,391.488,33398,
31,16,30.0003,0,6433.1,6709.9,542.064,15066,
31,17,30.0002,0,6495.92,6673.96,363.235,15064,
31,18,30.001,0,5925.5,6190.11,413.182,14874,
31,19,30.0003,0,6507.04,6642.51,375.284,24879,
31,20,30.0013,0,6536.24,6686.64,385.827,23909,
31,21,30.0012,0,6919.77,7109.66,457.203,14842,
31,22,30.0005,0,7735.41,7880.98,414.563,46353,
31,23,30.0007,0,6782.24,6959.1,443.615,16644,
31,24,30.0005,0,6817.34,6974.46,384.704,23071,
31,25,30.002,0,6446.93,6722.08,462.83,16585,
32,1,30,0,6200.81,6311.08,374.738,59488,
32,2,30.0012,0,7182.21,7523.7,461.185,13402,
32,3,30.0006,0,5708.06,5992.46,442.475,17355,
32,4,30.0001,0,5802.24,6130.84,481.461,36034,
32,5,30.0032,0,6379.36,6550.41,451.715,9790,
32,6,30.0006,0,5620.05,5665.4,360.887,70436,
32,7,30.0032,0,7088.14,7314.6,462.579,13126,
32,8,30.0031,0,6213,6542.6,449.513,28537,
32,9,30.0006,0,7245.22,7338.41,425.489,29451,
32,10,30.0015,0,6017.11,6262.14,410.698,24930,
32,11,30.0004,0,6078.83,6373.3,426.069,32833,
32,12,30.0001,0,6877.74,7129.02,448.268,19528,
32,13,30.001,0,7444.02,7582.57,436.164,17988,
32,14,30.0013,0,7847.8,8070.08,424.803,12160,
32,15,30.0015,0,6357.01,6486.06,464.522,24422,
32,16,30.0008,0,6692.14,6964.72,474.628,10456,
32,17,30.007,0,6665.86,6833.25,375.168,15147,
32,18,30.0007,0,6063.28,6322.23,442.123,14852,
32,19,30.0018,0,6641.99,6792.06,373.268,20297,
32,20,30.0016,0,6878,7029.11,382.784,14903,
32,21,30.0012,0,7231.33,7417.99,457.936,13381,
32,22,30.0006,0,7890.42,8129.24,425.955,15973,
32,23,30.002,0,6905.3,7087.28,443.615,17743,
32,24,30.0001,0,6831.8,6986.19,376.881,15076,
32,25,30.0013,0,6615.3,6893.33,463.235,19105,
33,1,30.0003,0,6290.76,6399.86,369.365,36798,
33,2,30.0007,0,7515.79,7854.06,461.185,12701,
33,3,30.0081,0,5840.27,6125.12,442.475,14395,
33,4,30.0009,0,6105.91,6436.64,481.461,19036,
33,5,30.0014,0,6690.04,6872.08,438.756,12868,
33,6,30.0003,0,5979.93,6025.01,366.608,55953,
33,7,30.0089,0,7389.75,7593.94,440.2,5270,
33,8,30.0001,0,6230.92,6560.69,449.513,30918,
33,9,30.0002,0,7399.85,7502.06,425.489,45483,
33,10,30.0029,0,6308.52,6545.46,410.698,15374,
33,11,30.0012,0,6455.26,6754.35,437.462,21977,
33,12,30.0011,0,7100.45,7343.47,430.275,15302,
33,13,30.001,0,7690.48,7822.31,436.164,10238,
33,14,30.0106,0,7972.63,8229.29,424.803,7914,
33,15,30.0012,0,6508.86,6642.15,464.522,19483,
33,16,30.0058,0,6765.55,7003.93,455.008,4414,
33,17,30.0018,0,6759.62,6921.93,375.168,12829,
33,18,30.0036,0,6083.28,6361.94,413.182,13507,
33,19,30.0019,0,6898.03,7050.22,372.646,20494,
33,20,30.0013,0,7003.48,7176.78,404.98,12216,
33,21,30.0034,0,7489.89,7671.11,457.203,10283,
33,22,30.0009,0,8216.06,8458.99,414.563,10730,
33,23,30.0016,0,7027.89,7209.18,443.615,16410,
33,24,30.002,0,6854.19,7010.15,392.404,17621,
33,25,30.001,0,6897.14,7171.58,460.023,15974,
34,1,30.0001,0,6563.95,6674.02,369.365,47883,
34,2,30.0001,0,7581.98,7925.23,455.926,17049,
34,3,30.0029,0,6135.76,6392.86,442.475,5829,
34,4,30.0011,0,6385.72,6760.89,480.838,7843,
34,5,30.0022,0,6750.03,6923.81,440.883,10429,
34,6,30.0002,0,6200.27,6244.67,365.242,17664,
34,7,30.0009,0,7557.8,7776.88,446.231,9877,
34,8,30.0008,0,6352.69,6693.18,449.56,20653,
34,9,30.0005,0,7570.99,7678.22,425.489,36176,
34,10,30.0006,0,6641.27,6934.89,405.365,16016,
34,11,30.0007,0,6557.6,6856.18,465.803,21582,
34,12,30.0008,0,7245.17,7498.08,443.185,14375,
34,13,30.0012,0,7861.51,8002.68,441.087,12005,
34,14,30.0014,0,8139.92,8395.91,448.13,7806,
34,15,30.001,0,6942.93,7095.96,464.522,34974,
34,16,30.0023,0,6794.47,7056.41,494.197,7917,
34,17,30.0014,0,7109.62,7257.27,369.973,11327,
34,18,30.0015,0,6245.42,6550.03,413.182,10963,
34,19,30.0003,0,7064.79,7218.53,375.284,25411,
34,20,30.0005,0,7304.74,7479.81,399.077,11478,
34,21,30.0006,0,7500.86,7689.97,462.536,19146,
34,22,30.0012,0,8228.64,8474.4,414.563,12470,
34,23,30.0007,0,7049.32,7231.3,466.942,17663,
34,24,30.0008,0,7077.76,7245.95,387.618,17979,
34,25,30.0012,0,6977.43,7252.3,466.042,16340,
