0,4.5,5,0.00064259,1350,450,0
1,4.5,5,0.000118972,900,360,0
2,4.5,5,0.000149098,1050,540,0
3,4.5,5,0.00151647,1140,420,0
4,4.5,5,0.000113472,1110,330,0
5,4.5,5,0.00010714,810,270,0
6,4.5,5,0.000845326,870,270,0
7,4.5,5,0.00529648,1152.73,420,0
8,4.5,5,0.000237424,1380,390,0
9,4.5,5,0.000130293,990,330,0
10,4.5,5,9.4246e-05,690,240,0
11,4.5,5,0.000657067,1530,510,0
13,4.5,5,9.079e-05,930,300,0
14,4.5,5,0.000395979,1230,330,0
16,4.5,5,0.000643201,1350,390,0
17,4.5,5,0.000343701,1650,540,0
18,4.5,5,9.4307e-05,720,240,0
19,4.5,5,0.000189153,930,240,0
20,4.5,5,0.000818348,1260,390,0
21,4.5,5,0.000126116,1200,420,0
22,4.5,5,0.000321339,1470,570,0
25,4.5,5,9.9175e-05,600,210,0
23,4.5,5,0.00754659,1020,270,0
26,4.5,5,0.000420446,960,270,0
27,4.5,5,0.000281205,1110,510,0
28,4.5,5,0.000902043,1830,600,0
29,4.5,5,0.00025658,690,300,0
30,4.5,5,0.000117239,840,240,0
32,4.5,5,0.000561337,1800,540,0
33,4.5,5,0.000164076,1320,570,0
31,4.5,5,0.00519507,1602.73,480,0
34,4.5,5,9.7742e-05,900,330,0
35,4.5,5,0.000588499,1020,450,0
36,4.5,5,0.000374269,720,390,0
37,4.5,5,9.0779e-05,780,360,0
38,4.5,5,0.000215833,1020,300,0
39,4.5,5,0.000127648,1290,390,0
40,4.5,5,0.000376013,1080,360,0
41,4.5,5,0.00102919,990,540,0
43,4.5,5,0.000255847,1140,420,0
42,4.5,5,0.00410946,1050,330,0
45,4.5,5,0.000303247,960,390,0
46,4.5,5,0.000748067,1230,510,0
48,4.5,5,0.000606562,1140,420,0
49,4.5,5,0.00025209,1260,420,0
50,4.5,5,0.000384678,1350,390,0
53,4.5,5,9.6991e-05,900,270,0
52,4.5,5,0.000692873,1200,390,0
54,4.5,5,0.00155715,1530,630,0
55,4.5,5,0.000189473,900,240,0
57,4.5,5,0.000135563,1320,420,0
58,4.5,5,9.9878e-05,990,450,0
60,4.5,5,0.00311325,1500,450,0
61,4.5,5,0.000136465,1440,480,0
62,4.5,5,0.000469056,1800,630,0
63,4.5,5,0.00013387,1530,450,0
64,4.5,5,0.000147936,1620,480,0
65,4.5,5,0.00036403,990,210,0
66,4.5,5,0.000452464,1140,540,0
67,4.5,5,0.000222376,960,330,0
68,4.5,5,0.000172592,1890,540,0
69,4.5,5,0.000318575,1320,540,0
70,4.5,5,0.000131575,1260,450,0
71,4.5,5,9.2151e-05,870,300,0
74,4.5,5,0.000368708,810,210,0
75,4.5,5,0.000395788,960,270,0
76,4.5,5,0.000173302,1710,630,0
77,4.5,5,0.000126106,1260,510,0
78,4.5,5,0.000631379,1020,390,0
72,4.5,5,4.73811,1632.73,510,0
79,4.5,5,0.000144257,1200,390,0
81,4.5,5,0.00120128,1200,420,0
82,4.5,5,0.000118521,810,300,0
83,4.5,5,0.000116017,1020,480,0
84,4.5,5,0.000425163,1680,600,0
85,4.5,5,0.000147075,1560,660,0
87,4.5,5,0.00194432,1740,540,0
88,4.5,5,0.000323222,1290,480,0
89,4.5,5,0.0160559,870,330,0
90,4.5,5,0.000249155,1020,360,0
91,4.5,5,0.000119143,1140,510,0
92,4.5,5,0.00141251,1500,480,0
93,4.5,5,0.000136285,1560,480,0
94,4.5,5,0.000102421,1020,420,0
95,4.5,5,0.000619827,1230,360,0
96,4.5,5,0.000152034,1590,630,0
97,4.5,5,0.000421027,1470,360,0
98,4.5,5,0.000625536,1140,450,0
99,4.5,5,0.000875545,1800,480,0
0,4.5,6,0.000748909,1530,450,0
1,4.5,6,0.000143217,1290,390,0
3,4.5,6,0.00205009,1380,420,0
4,4.5,6,0.000122478,1260,330,0
6,4.5,6,0.00133446,1230,360,0
8,4.5,6,0.000253533,1620,390,0
9,4.5,6,0.000126035,1050,330,0
10,4.5,6,0.000100217,840,240,0
11,4.5,6,0.00101654,1560,510,0
13,4.5,6,0.00018741,1020,300,0
14,4.5,6,0.000476619,1290,330,0
16,4.5,6,0.00172856,1830,480,0
17,4.5,6,0.00126462,1980,540,0
18,4.5,6,0.000147516,900,240,0
19,4.5,6,0.000262139,1050,240,0
20,4.5,6,0.00172441,1650,390,0
22,4.5,6,0.000295601,1590,570,0
21,4.5,6,0.00037459,1560,420,0
25,4.5,6,9.3926e-05,780,210,0
23,4.5,6,0.00742888,1410,390,0
26,4.5,6,0.00104491,1170,330,0
27,4.5,6,0.00031546,1260,510,0
28,4.5,6,0.000936869,2130,600,0
29,4.5,6,0.000890261,1140,450,0
31,4.5,6,0.00586164,1722.73,480,0
32,4.5,6,0.000582518,1950,540,0
33,4.5,6,0.000612713,1470,570,0
34,4.5,6,0.000169757,1350,450,0
35,4.5,6,0.00061103,1200,450,0
36,4.5,6,0.000363349,960,390,0
37,4.5,6,0.000676423,1350,570,0
38,4.5,6,0.000300039,1170,300,0
39,4.5,6,0.000334584,1650,390,0
40,4.5,6,0.000399807,1260,360,0
41,4.5,6,0.00150654,1290,540,0
42,4.5,6,0.00436513,1080,330,0
43,4.5,6,0.0013497,1590,450,0
45,4.5,6,0.000351236,1140,390,0
46,4.5,6,0.00112533,1470,510,0
48,4.5,6,0.000870966,1530,420,0
49,4.5,6,0.000322662,1560,420,0
50,4.5,6,0.000433308,1410,390,0
52,4.5,6,0.00117098,1650,450,0
53,4.5,6,0.000184654,930,270,0
54,4.5,6,0.00169049,1620,630,0
55,4.5,6,0.000232705,1080,240,0
58,4.5,6,0.000146194,1410,450,0
60,4.5,6,0.00345145,1650,450,0
61,4.5,6,0.000153638,1530,480,0
62,4.5,6,0.00317967,1860,630,0
63,4.5,6,0.000578159,1740,450,0
64,4.5,6,0.000660663,2190,570,0
65,4.5,6,0.000443468,1170,210,0
66,4.5,6,0.00127356,1560,540,0
67,4.5,6,0.000810944,1290,330,0
68,4.5,6,0.000356475,2040,540,0
69,4.5,6,0.000282015,1560,540,0
70,4.5,6,0.0019378,1452.73,450,0
71,4.5,6,0.000110677,1080,300,0
72,4.5,6,4.82697,1812.73,510,0
74,4.5,6,0.000357527,930,210,0
75,4.5,6,0.00041253,1050,270,0
76,4.5,6,0.000443058,1950,630,0
77,4.5,6,0.000173934,1530,510,0
78,4.5,6,0.000615398,1110,390,0
79,4.5,6,0.00014433,1290,390,0
81,4.5,6,0.00151882,1440,420,0
82,4.5,6,0.000120555,900,300,0
83,4.5,6,0.00176715,1302.73,480,0
84,4.5,6,0.00155517,2130,600,0
85,4.5,6,0.00019241,1890,660,0
87,4.5,6,0.00420812,1980,600,0
88,4.5,6,0.00119505,1770,480,0
89,4.5,6,0.0189548,1410,540,0
90,4.5,6,0.00033738,1140,360,0
91,4.5,6,0.000167222,1530,510,0
92,4.5,6,0.0105202,1650,480,0
93,4.5,6,0.00741952,1710,480,0
94,4.5,6,0.000132507,1140,420,0
95,4.5,6,0.0113973,1572.73,360,0
12,4.5,5,300.024,1629,450,0
97,4.5,6,0.000830921,1590,360,0
96,4.5,6,0.00128929,2070,630,0
15,4.5,5,300.04,1089,330,0
99,4.5,6,0.000920488,2010,480,0
98,4.5,6,0.00213661,1230,450,0
1,4.5,7,0.000156352,1380,390,0
3,4.5,7,0.00243791,1740,420,0
4,4.5,7,0.000174215,1380,330,0
24,4.5,5,300.055,999,390,0
6,4.5,7,0.00140741,1410,360,0
44,4.5,5,300.019,1431.73,420,0
8,4.5,7,0.00076608,1920,390,0
47,4.5,5,300.048,1869,600,0
9,4.5,7,0.000158285,1260,330,0
10,4.5,7,0.000109845,900,240,0
51,4.5,5,300.011,1599,480,0
11,4.5,7,0.001405,1890,510,0
13,4.5,7,0.000129362,1170,300,0
56,4.5,5,300.023,1419,510,0
14,4.5,7,0.000447555,1620,330,0
16,4.5,7,0.00172483,2070,480,0
59,4.5,5,300.056,1329,459,0
17,4.5,7,0.00147458,2070,540,0
18,4.5,7,0.000120735,1110,240,0
19,4.5,7,0.000242563,1170,240,0
20,4.5,7,0.00210439,2130,480,0
21,4.5,7,0.00129879,1950,420,0
22,4.5,7,0.000284131,1770,570,0
25,4.5,7,0.000103704,960,210,0
26,4.5,7,0.00110813,1470,330,0
27,4.5,7,0.00047107,1290,510,0
28,4.5,7,0.00110179,2250,600,0
29,4.5,7,0.00102733,1170,450,0
73,4.5,5,300.014,909,390,0
31,4.5,7,0.00836242,2202.73,480,0
32,4.5,7,0.00103922,2370,540,0
33,4.5,7,0.00246359,1860,570,0
34,4.5,7,0.000159769,1650,450,0
80,4.5,5,300.018,1359,450,0
35,4.5,7,0.000603296,1530,450,0
36,4.5,7,0.000402821,1080,390,0
37,4.5,7,0.000903447,1680,570,0
38,4.5,7,0.000247632,1230,300,0
86,4.5,5,300.026,1359,450,0
40,4.5,7,0.000406158,1470,360,0
41,4.5,7,0.00141119,1350,540,0
42,4.5,7,0.00462206,1560,480,0
43,4.5,7,0.00143153,1800,450,0
2,4.5,6,300.041,1389,549,0
46,4.5,7,0.000851348,1590,510,0
5,4.5,6,300.009,939,279,0
48,4.5,7,0.00108124,1800,420,0
49,4.5,7,0.000622132,1830,420,0
50,4.5,7,0.000533376,1530,390,0
7,4.5,6,300.054,1641.73,489,0
52,4.5,7,0.0013047,1980,450,0
53,4.5,7,0.000743829,1350,420,0
12,4.5,6,300.047,1749,450,0
55,4.5,7,0.00021964,1110,240,0
15,4.5,6,300.065,1479,390,0
24,4.5,6,300.041,1149,390,0
58,4.5,7,0.000843935,1740,510,0
30,4.5,6,300.016,1089,249,0
60,4.5,7,0.00360371,1800,450,0
61,4.5,7,0.0023777,2130,600,0
62,4.5,7,0.00398655,2160,630,0
63,4.5,7,0.00133293,1860,450,0
64,4.5,7,0.000650505,2370,570,0
65,4.5,7,0.000409053,1350,210,0
66,4.5,7,0.00204464,1662.73,540,0
44,4.5,6,300.02,1701.73,420,0
68,4.5,7,0.00036399,2220,540,0
69,4.5,7,0.000350775,1890,540,0
47,4.5,6,300.064,2259,600,0
70,4.5,7,0.00193253,1542.73,450,0
71,4.5,7,0.000193411,1230,300,0
51,4.5,6,300.043,1869,480,0
74,4.5,7,0.00038057,960,210,0
75,4.5,7,0.00565972,1392.73,330,0
72,4.5,7,4.89827,1992.73,510,0
76,4.5,7,0.000494413,2340,630,0
77,4.5,7,0.000365131,1950,510,0
78,4.5,7,0.00492625,1440,390,0
79,4.5,7,0.000333411,1500,390,0
81,4.5,7,0.00148824,1590,420,0
82,4.5,7,0.000227745,1080,300,0
83,4.5,7,0.00280744,1512.73,480,0
84,4.5,7,0.00206566,2400,600,0
85,4.5,7,0.000179134,2070,660,0
56,4.5,6,300.02,2049,630,0
87,4.5,7,0.00506712,2040,600,0
88,4.5,7,0.0010805,1920,480,0
89,4.5,7,0.0168669,1830,540,0
90,4.5,7,0.000316961,1290,360,0
91,4.5,7,0.000298948,1680,510,0
92,4.5,7,0.0123382,2040,480,0
93,4.5,7,0.00607146,1830,480,0
94,4.5,7,0.000215532,1260,420,0
95,4.5,7,22.7799,1971.73,399,0
96,4.5,7,0.00126087,2430,630,0
57,4.5,6,300.057,1569,420,0
97,4.5,7,0.00147401,2130,540,0
98,4.5,7,0.00192137,1500,450,0
99,4.5,7,0.000998643,2430,480,0
1,4.5,8,0.005086,1662.73,390,0
59,4.5,6,300.055,1719,459,0
3,4.5,8,0.00300926,1830,420,0
4,4.5,8,0.000329315,1530,330,0
73,4.5,6,300.039,1278,390,0
80,4.5,6,300.012,1479,450,0
86,4.5,6,300.034,1599,459,0
8,4.5,8,0.00127828,2040,390,0
9,4.5,8,0.000174105,1470,330,0
10,4.5,8,0.00933222,1452.73,540,0
0,4.5,7,300.044,1989,459,0
2,4.5,7,300.017,1719,549,0
13,4.5,8,0.000579702,1470,300,0
14,4.5,8,0.00045545,1830,330,0
5,4.5,7,300.037,1059,279,0
16,4.5,8,0.0131897,2400,480,0
17,4.5,8,0.00155448,2190,540,0
7,4.5,7,300.072,1941.73,489,0
18,4.5,8,0.000129383,1200,240,0
19,4.5,8,0.000520491,1320,240,0
20,4.5,8,0.00273215,2310,480,0
21,4.5,8,0.00168207,2340,420,0
22,4.5,8,0.000505154,2070,570,0
12,4.5,7,300.059,2019,450,0
25,4.5,8,0.000107801,1050,210,0
15,4.5,7,300.037,1737,390,0
26,4.5,8,0.0011591,1620,330,0
27,4.5,8,0.000474416,1410,510,0
28,4.5,8,0.00167947,2340,600,0
29,4.5,8,0.0011228,1380,450,0
23,4.5,7,300.043,1689,390,0
24,4.5,7,300.055,1431.73,390,0
32,4.5,8,0.00130799,2880,540,0
33,4.5,8,0.00283765,2280,570,0
31,4.5,8,0.0176943,2322.73,480,0
34,4.5,8,0.000227545,1980,450,0
35,4.5,8,0.00139217,1590,450,0
37,4.5,8,0.000918945,2190,570,0
38,4.5,8,0.000644253,1590,360,0
40,4.5,8,0.00106913,1590,360,0
30,4.5,7,300.022,1359,270,0
41,4.5,8,0.00219447,1620,540,0
42,4.5,8,0.00606503,2040,480,0
43,4.5,8,0.00159835,1890,450,0
39,4.5,7,300.039,1929,390,0
46,4.5,8,0.00179303,1980,510,0
44,4.5,7,300.015,1971.73,420,0
48,4.5,8,0.00155142,2010,420,0
45,4.5,7,300.046,1419,390,0
49,4.5,8,0.000705367,2070,420,0
50,4.5,8,0.000464407,1620,390,0
52,4.5,8,0.00123536,2160,450,0
53,4.5,8,0.000760399,1530,420,0
47,4.5,7,300.015,2577,600,0
55,4.5,8,0.000279361,1230,240,0
51,4.5,7,300.033,2409,540,0
54,4.5,7,300.04,1719,630,0
58,4.5,8,0.000973397,1950,510,0
56,4.5,7,300.029,2529,630,0
57,4.5,7,300.035,1878,420,0
61,4.5,8,0.0266661,2460,600,0
62,4.5,8,0.00732868,2400,630,0
63,4.5,8,0.00190563,2130,450,0
64,4.5,8,9.84944,2622.73,570,0
65,4.5,8,0.000443367,1830,480,0
59,4.5,7,300.028,1809,450,0
67,4.5,7,300.066,1419,330,0
68,4.5,8,0.000367426,2250,540,0
73,4.5,7,300.058,1608,390,0
70,4.5,8,0.00174574,1962.73,450,0
71,4.5,8,0.000396491,1620,390,0
69,4.5,8,12.6343,2472.73,570,0
80,4.5,7,300.035,1539,450,0
72,4.5,8,4.78469,2082.73,510,0
74,4.5,8,0.00112834,1380,420,0
75,4.5,8,0.00562827,1452.73,330,0
76,4.5,8,0.000498281,2550,630,0
77,4.5,8,0.0223343,2352.73,510,0
79,4.5,8,0.000321099,1650,390,0
86,4.5,7,300.041,1689,459,0
81,4.5,8,0.221208,1680,420,0
82,4.5,8,0.000292655,1530,450,0
83,4.5,8,0.00252782,1662.73,480,0
0,4.5,8,300.013,2259,519,0
85,4.5,8,0.000726655,2430,660,0
2,4.5,8,300.028,2169,540,0
87,4.5,8,0.00541236,2130,600,0
88,4.5,8,0.00334584,2130,480,0
89,4.5,8,0.0184694,2010,540,0
90,4.5,8,0.000328122,1530,360,0
91,4.5,8,0.00139079,2040,510,0
92,4.5,8,0.0105307,2130,480,0
93,4.5,8,0.00752517,2190,480,0
94,4.5,8,0.000271907,1500,420,0
95,4.5,8,23.3858,2511.73,540,0
96,4.5,8,0.00307577,2772.73,630,0
97,4.5,8,0.00157202,2280,540,0
98,4.5,8,0.0159214,1890,450,0
99,4.5,8,0.00105829,3030,600,0
5,4.5,8,300.054,1521.73,450,0
1,4.5,9,0.0144109,2112.73,450,0
6,4.5,8,300.013,1509,360,0
3,4.5,9,0.00340861,1950,420,0
4,4.5,9,0.00087889,2070,540,0
7,4.5,8,300.052,2109,480,0
11,4.5,8,300.006,2379,519,0
12,4.5,8,300.043,2469,450,0
8,4.5,9,0.00115101,2340,390,0
9,4.5,9,0.000205383,1860,390,0
10,4.5,9,0.00972299,1542.73,540,0
15,4.5,8,300.02,2097,390,0
24,4.5,8,300.024,1761.73,390,0
23,4.5,8,300.044,1839,390,0
13,4.5,9,0.000763174,1740,300,0
30,4.5,8,300.047,1419,270,0
16,4.5,9,0.0253284,2700,480,0
36,4.5,8,300.038,1149,399,0
18,4.5,9,0.000444069,1410,240,0
19,4.5,9,0.00172384,1740,420,0
39,4.5,8,300.053,2199,450,0
20,4.5,9,0.00258188,2400,480,0
21,4.5,9,0.00225343,2580,420,0
22,4.5,9,0.000522975,2340,570,0
44,4.5,8,300.039,2091.73,420,0
25,4.5,9,0.000120315,1200,210,0
45,4.5,8,300.037,1509,390,0
26,4.5,9,0.00462067,1740,330,0
27,4.5,9,0.000788692,1470,510,0
28,4.5,9,0.00169805,2460,600,0
29,4.5,9,0.00324533,1530,510,0
31,4.5,9,0.017567,2772.73,480,0
32,4.5,9,0.00477992,3330,540,0
33,4.5,9,0.00276454,2400,570,0
47,4.5,8,300.031,2877,600,0
35,4.5,9,0.0012954,1890,450,0
51,4.5,8,300.062,2589,549,0
37,4.5,9,0.00209832,2280,570,0
38,4.5,9,0.000667855,1740,360,0
54,4.5,8,300.044,2169,630,0
40,4.5,9,0.00109415,1920,360,0
41,4.5,9,0.00222422,1830,540,0
42,4.5,9,0.0143204,2340,480,0
43,4.5,9,0.00157122,1980,450,0
56,4.5,8,300.069,2709,630,0
57,4.5,8,300.028,2298,420,0
46,4.5,9,0.0525236,2202.73,510,0
59,4.5,8,300.068,2019,450,0
48,4.5,9,0.00216958,2220,420,0
60,4.5,8,300.073,1989,450,0
50,4.5,9,0.000689506,1710,390,0
66,4.5,8,300.033,1791.73,540,0
52,4.5,9,0.00155246,2520,450,0
53,4.5,9,0.0026755,2040,510,0
67,4.5,8,300.074,1779,360,0
55,4.5,9,0.00032114,1380,240,0
73,4.5,8,300.053,1728,390,0
78,4.5,8,300.062,1659,399,0
58,4.5,9,0.00100299,2250,510,0
80,4.5,8,300.029,1839,450,0
84,4.5,8,300.081,2529,600,0
61,4.5,9,0.272525,2640,600,0
62,4.5,9,0.00640599,2610,630,0
63,4.5,9,0.00201123,2700,570,0
64,4.5,9,3.26444,2682.73,570,0
65,4.5,9,0.000574563,1920,480,0
86,4.5,8,300.014,1809,459,0
0,4.5,9,300.02,2439,510,0
68,4.5,9,0.000499572,2340,540,0
69,4.5,9,12.5406,2982.73,570,0
70,4.5,9,0.00197548,2622.73,660,0
71,4.5,9,0.00156002,2070,450,0
2,4.5,9,300.043,2649,549,0
72,4.5,9,4.8697,2142.73,510,0
74,4.5,9,0.178156,1779,420,0
75,4.5,9,0.00792828,1992.73,540,0
5,4.5,9,300.043,1851.73,450,0
77,4.5,9,0.0240343,2592.73,510,0
6,4.5,9,300.095,1659,360,0
79,4.5,9,0.000310218,1710,390,0
7,4.5,9,300.062,2529,480,0
81,4.5,9,0.237944,2250,570,0
82,4.5,9,0.000281635,1710,450,0
83,4.5,9,0.00240009,1692.73,480,0
11,4.5,9,300,2808,510,0
12,4.5,9,300.032,2979,510,0
85,4.5,9,0.0397405,2760,660,0
87,4.5,9,0.00534323,2250,600,0
88,4.5,9,0.00272018,2430,480,0
89,4.5,9,0.0187652,2520,540,0
90,4.5,9,0.000398575,1590,360,0
15,4.5,9,300.068,2457,390,0
14,4.5,9,300.084,2229,390,0
92,4.5,9,0.0204828,2520,480,0
94,4.5,9,0.000641587,1830,420,0
93,4.5,9,0.300491,2310,540,0
96,4.5,9,0.0038799,3252.73,630,0
17,4.5,9,300.013,2649,540,0
97,4.5,9,0.00173724,2520,540,0
98,4.5,9,0.016369,2070,450,0
99,4.5,9,0.00530632,3300,600,0
1,4.5,10,0.0130236,2352.73,450,0
23,4.5,9,300.045,2259,420,0
24,4.5,9,300.041,2061.73,390,0
4,4.5,10,0.0146395,2502.73,540,0
30,4.5,9,300.046,1929,510,0
34,4.5,9,300.064,2559,579,0
95,4.5,9,15.5875,2914.46,540,0
8,4.5,10,0.00117136,2580,390,0
9,4.5,10,0.000260355,2010,390,0
10,4.5,10,0.0126105,1902.73,540,0
36,4.5,9,300.039,1539,399,0
39,4.5,9,300.028,2439,450,0
13,4.5,10,0.00115218,1920,300,0
44,4.5,9,300.021,2271.73,420,0
45,4.5,9,300.027,1659,390,0
16,4.5,10,0.0110125,2970,480,0
47,4.5,9,300.08,2967,600,0
18,4.5,10,0.00135572,1800,390,0
19,4.5,10,0.00400479,2190,450,0
49,4.5,9,300.05,2349,420,0
51,4.5,9,300.025,2781.73,549,0
22,4.5,10,0.00563936,2469,570,0
54,4.5,9,300.024,2670.73,630,0
56,4.5,9,300.009,2949,630,0
25,4.5,10,0.000159067,1410,210,0
26,4.5,10,0.00454105,2040,330,0
27,4.5,10,0.00136451,1830,510,0
28,4.5,10,0.00262678,2640,600,0
29,4.5,10,0.00460732,1650,510,0
57,4.5,9,300.042,2598,420,0
31,4.5,10,0.0215029,3162.73,480,0
59,4.5,9,300.055,2259,450,0
60,4.5,9,300.068,2259,450,0
66,4.5,9,300.06,1911.73,540,0
35,4.5,10,0.00157963,2130,450,0
67,4.5,9,300.068,2229,450,0
37,4.5,10,0.00177649,2550,570,0
38,4.5,10,0.00300045,2040,360,0
73,4.5,9,300.066,2148,420,0
40,4.5,10,0.00130742,2310,390,0
41,4.5,10,0.00261721,1890,540,0
76,4.5,9,300.017,2889,630,0
43,4.5,10,0.00181773,2100,450,0
78,4.5,9,300.035,1779,390,0
80,4.5,9,300.072,2109,450,0
46,4.5,10,0.0537642,2532.73,510,0
84,4.5,9,300.032,2949,600,0
48,4.5,10,1.69118,2469,420,0
86,4.5,9,300.008,2079,459,0
50,4.5,10,0.00176808,2190,480,0
91,4.5,9,300.011,2619,570,0
52,4.5,10,0.00227191,2880,450,0
53,4.5,10,0.0031924,2220,510,0
0,4.5,10,300.01,2589,510,0
2,4.5,10,300.008,2829,549,0
3,4.5,10,300.027,2127,420,0
5,4.5,10,300.028,2451.73,600,0
58,4.5,10,0.00464238,2790,540,0
6,4.5,10,300.028,1839,360,0
7,4.5,10,300.042,3009,480,0
61,4.5,10,0.286106,2970,600,0
62,4.5,10,0.00704831,2730,630,0
63,4.5,10,0.0133599,3210,570,0
11,4.5,10,300,3108,510,0
12,4.5,10,300.007,3069,510,0
64,4.5,10,6.00009,3192.73,570,0
14,4.5,10,300.01,2379,390,0
68,4.5,10,0.00276778,2460,540,0
15,4.5,10,300.019,2937,480,0
70,4.5,10,1.5737,3055.46,660,0
71,4.5,10,0.00163653,2640,570,0
17,4.5,10,300.027,2799,540,0
20,4.5,10,300.033,2529,480,0
74,4.5,10,0.171351,1899,420,0
69,4.5,10,15.6204,3102.73,570,0
75,4.5,10,0.00783817,2142.73,540,0
77,4.5,10,0.0261892,2712.73,510,0
21,4.5,10,300,3039,459,0
79,4.5,10,0.00110427,1980,390,0
23,4.5,10,300.016,2769,510,0
81,4.5,10,0.219818,2820,570,0
82,4.5,10,0.0285153,2340,630,0
24,4.5,10,300.029,2331.73,390,0
30,4.5,10,300.033,2079,510,0
85,4.5,10,0.0424585,2970,660,0
32,4.5,10,300.036,3489,540,0
87,4.5,10,0.336017,2442.73,600,0
88,4.5,10,0.00270144,2730,480,0
89,4.5,10,0.104602,2790,540,0
90,4.5,10,0.00131109,2100,510,0
33,4.5,10,300,2850,570,0
34,4.5,10,300.058,3129,579,0
92,4.5,10,0.182774,3042.73,522.728,0
94,4.5,10,0.000828265,2190,420,0
36,4.5,10,300.022,1659,399,0
96,4.5,10,0.00388922,3612.73,630,0
97,4.5,10,0.00205982,2580,540,0
98,4.5,10,0.0258249,2520,450,0
99,4.5,10,0.00651598,3390,600,0
93,4.5,10,36.7488,2550,540,0
39,4.5,10,300.016,2769,450,0
42,4.5,10,300.029,2868,549,0
44,4.5,10,300.017,2811.73,540,0
4,4.5,11,0.0245851,3102.73,600,0
45,4.5,10,300.017,1779,390,0
47,4.5,10,300.087,3537,600,0
49,4.5,10,300.045,2409,420,0
8,4.5,11,0.00299533,2880,390,0
9,4.5,11,0.000270044,2190,390,0
10,4.5,11,0.0249001,2262.73,540,0
51,4.5,10,300.078,3141.73,549,0
54,4.5,10,300.029,2910.73,630,0
13,4.5,11,0.0601103,2348.18,402.728,0
55,4.5,10,300.054,1509,240,0
56,4.5,10,300.014,3099,630,0
16,4.5,11,0.0127622,3210,480,0
57,4.5,10,300.003,2838,420,0
18,4.5,11,0.00169318,2040,390,0
19,4.5,11,0.00487146,2610,450,0
59,4.5,10,300.007,2439,450,0
60,4.5,10,300.06,2388,459,0
65,4.5,10,300.029,2139,480,0
66,4.5,10,300.038,2031.73,540,0
67,4.5,10,300.007,2379,450,0
25,4.5,11,0.00119771,1830,420,0
26,4.5,11,0.00471601,2310,330,0
27,4.5,11,0.00163312,1950,510,0
28,4.5,11,0.038695,3000,600,0
72,4.5,10,300,2529,510,0
73,4.5,10,300.027,2718,570,0
31,4.5,11,0.0211372,3522.73,480,0
76,4.5,10,300.025,3159,630,0
78,4.5,10,300.047,2289,510,0
80,4.5,10,300.036,2619,510,0
35,4.5,11,0.00185144,2460,450,0
83,4.5,10,300.048,1971.73,480,0
84,4.5,10,300.042,3099,600,0
38,4.5,11,0.00169245,2370,360,0
86,4.5,10,300.051,2199,459,0
40,4.5,11,0.0011911,2370,390,0
41,4.5,11,0.00276389,2160,540,0
91,4.5,10,300.006,2799,570,0
43,4.5,11,0.00200259,2400,450,0
95,4.5,10,300,3210.73,540,0
0,4.5,11,300.03,2679,510,0
1,4.5,11,300.053,2481.73,450,0
2,4.5,11,300.017,3159,549,0
48,4.5,11,1.78004,2679,420,0
3,4.5,11,300.018,2277,420,0
50,4.5,11,0.00951684,2292.73,480,0
5,4.5,11,300.039,2991.73,600,0
52,4.5,11,0.00235937,3090,450,0
53,4.5,11,0.00425807,2400,510,0
6,4.5,11,300.027,1929,360,0
7,4.5,11,300.005,3429,480,0
11,4.5,11,300,3288,510,0
12,4.5,11,300.01,3609,540,0
58,4.5,11,0.00502748,3090,540,0
14,4.5,11,300.02,2619,399,0
15,4.5,11,300.019,3039,480,0
61,4.5,11,0.43883,3060,600,0
62,4.5,11,0.723108,2880,630,0
17,4.5,11,300.011,3129,540,0
21,4.5,11,300,3489,450,0
20,4.5,11,300.008,2949,480,0
22,4.5,11,300.037,2799,570,0
64,4.5,11,6.34069,3492.73,570,0
68,4.5,11,0.00270758,2550,540,0
23,4.5,11,300.012,2919,510,0
24,4.5,11,300.032,2571.73,390,0
71,4.5,11,0.00225639,3000,570,0
70,4.5,11,3.53614,3235.46,660,0
29,4.5,11,300.048,2076,450,0
74,4.5,11,0.179424,1929,420,0
75,4.5,11,0.0200336,2245.46,540,0
30,4.5,11,300.071,2379,510,0
77,4.5,11,0.0263274,2892.73,510,0
32,4.5,11,300.053,3759,540,0
79,4.5,11,0.00119028,2040,390,0
33,4.5,11,300,3210,570,0
34,4.5,11,300.073,3288,579,0
82,4.5,11,0.0129482,2790,630,0
36,4.5,11,300.046,1839,399,0
37,4.5,11,300.012,2979,570,0
39,4.5,11,300.035,2829,450,0
42,4.5,11,300.023,3108,549,0
87,4.5,11,0.351861,2622.73,600,0
69,4.5,11,94.6932,3312.73,570,0
89,4.5,11,0.145361,3270,540,0
90,4.5,11,0.00138042,2310,510,0
44,4.5,11,300.033,2901.73,540,0
92,4.5,11,2.48971,3531.73,522.728,0
45,4.5,11,300.056,1959,390,0
94,4.5,11,0.00200321,2490,420,0
46,4.5,11,300,2988,510,0
96,4.5,11,0.332336,3762.73,630,0
97,4.5,11,0.00244711,2790,540,0
98,4.5,11,0.0323317,2700,450,0
99,4.5,11,0.00600808,3480,600,0
93,4.5,11,35.346,2850,540,0
47,4.5,11,300.084,3738,600,0
49,4.5,11,300.056,2739,420,0
51,4.5,11,300.011,3411.73,549,0
4,4.5,12,0.125916,3402.73,660,0
54,4.5,11,300.026,3270.73,630,0
55,4.5,11,300.05,1629,240,0
56,4.5,11,300.049,3669,630,0
8,4.5,12,0.00368363,3090,390,0
57,4.5,11,300,3309,420,0
10,4.5,12,0.017778,2322.73,540,0
59,4.5,11,300.042,2799,450,0
60,4.5,11,300,2781.73,450,0
63,4.5,11,300.049,3669,570,0
65,4.5,11,300.068,2439,480,0
66,4.5,11,300.072,2121.73,540,0
16,4.5,12,0.012455,3249,480,0
67,4.5,11,300.051,2679,450,0
18,4.5,12,0.00166919,2100,390,0
19,4.5,12,0.0051484,2880,450,0
72,4.5,11,300,2829,510,0
73,4.5,11,300.014,2898,570,0
76,4.5,11,300.035,3519,630,0
78,4.5,11,300.021,2379,510,0
80,4.5,11,300.022,2799,510,0
81,4.5,11,300.021,3117,579,0
26,4.5,12,0.00592713,2880,570,0
27,4.5,12,0.00260296,2370,510,0
83,4.5,11,300.04,2091.73,480,0
28,4.5,12,0.0464474,3090,600,0
84,4.5,11,300.005,3219,600,0
31,4.5,12,0.0630899,4002.73,480,0
85,4.5,11,300.008,3339,660,0
86,4.5,11,300.055,2469,459,0
88,4.5,11,300.014,2979,480,0
35,4.5,12,0.0120352,2760,450,0
91,4.5,11,300.054,3069,570,0
95,4.5,11,300,3574.46,540,0
38,4.5,12,0.00196685,2880,510,0
0,4.5,12,300.053,3129,459,0
40,4.5,12,0.00342092,2640,390,0
41,4.5,12,0.018592,2430,540,0
1,4.5,12,300.02,2781.73,450,0
43,4.5,12,0.00215044,2640,450,0
2,4.5,12,300.059,3249,549,0
3,4.5,12,300.017,2526,420,0
5,4.5,12,300.042,3261.73,600,0
6,4.5,12,300.028,2388,450,0
48,4.5,12,2.33144,3099,420,0
7,4.5,12,300.014,3489,480,0
50,4.5,12,0.00961868,2442.73,480,0
9,4.5,12,300.034,2589,390,0
52,4.5,12,0.00242027,3120,450,0
53,4.5,12,0.00432742,2460,510,0
11,4.5,12,300,3378,510,0
12,4.5,12,300.032,3729,540,0
13,4.5,12,300.035,2937,600,0
14,4.5,12,300.064,2769,399,0
15,4.5,12,300.011,3399,480,0
17,4.5,12,300.051,3759,630,0
20,4.5,12,300.014,3249,480,0
61,4.5,12,0.449995,3300,600,0
21,4.5,12,300,3729,459,0
22,4.5,12,300.027,3189,570,0
64,4.5,12,1.88224,3552.73,570,0
23,4.5,12,300.028,3189,510,0
24,4.5,12,300.037,3111.73,540,0
25,4.5,12,300.071,2289,459,0
68,4.5,12,0.00276482,2790,540,0
29,4.5,12,300.035,2346,450,0
30,4.5,12,300.026,2589,510,0
71,4.5,12,0.00309499,3210,570,0
70,4.5,12,3.45457,3565.46,660,0
32,4.5,12,300.039,3879,570,0
33,4.5,12,300,3480,570,0
75,4.5,12,0.0177366,2305.46,540,0
34,4.5,12,300.045,3678,579,0
77,4.5,12,0.00472883,3000,570,0
36,4.5,12,300.052,2169,399,0
79,4.5,12,0.00155633,2070,390,0
37,4.5,12,300.035,3099,570,0
69,4.5,12,92.5237,3492.73,570,0
82,4.5,12,0.014155,3240,630,0
39,4.5,12,300.06,2859,450,0
42,4.5,12,300.045,3438,549,0
44,4.5,12,300.013,3051.73,540,0
45,4.5,12,300.007,2019,390,0
87,4.5,12,0.853191,2922.73,600,0
46,4.5,12,300,3228,510,0
89,4.5,12,0.850285,3702.73,540,0
90,4.5,12,0.00387866,2550,510,0
47,4.5,12,300.011,3978,600,0
49,4.5,12,300.06,3249,510,0
51,4.5,12,300.004,3759,549,0
94,4.5,12,0.0103312,3039,540,0
54,4.5,12,300.01,3600.73,630,0
96,4.5,12,0.362471,4152.73,630,0
97,4.5,12,0.00281776,3060,540,0
98,4.5,12,0.0258606,2970,450,0
55,4.5,12,300.01,1809,240,0
56,4.5,12,300.017,3969,630,0
57,4.5,12,300,3777,486.001,0
58,4.5,12,300,3471.73,540,0
59,4.5,12,300.013,3039,450,0
4,4.5,13,0.0608673,3702.73,660,0
60,4.5,12,300,2931.73,450,0
62,4.5,12,300.066,2898,630,0
63,4.5,12,300.024,4029,570,0
8,4.5,13,0.00625207,3180,390,0
93,4.5,12,83.9313,3330,540,0
10,4.5,13,0.0219747,2952.73,630,0
65,4.5,12,300.06,2679,480,0
66,4.5,12,300.063,2481.73,540,0
67,4.5,12,300.035,3099,450,0
72,4.5,12,300,2919,510,0
73,4.5,12,300.058,3168,570,0
16,4.5,13,0.0143191,3579,480,0
74,4.5,12,300,2388,459,0
18,4.5,13,0.00229273,2250,390,0
19,4.5,13,0.0313349,3210,450,0
76,4.5,12,300.061,3759,630,0
78,4.5,12,300.005,2679,510,0
80,4.5,12,300.033,2949,510,0
81,4.5,12,300.043,3177,579,0
83,4.5,12,300.01,2224.46,480,0
84,4.5,12,300.001,3402,678,0
85,4.5,12,300.041,3429,660,0
86,4.5,12,300.035,2940,450,0
28,4.5,13,0.0420279,3510,600,0
88,4.5,12,300.058,3309,480,0
91,4.5,12,300.026,3348,570,0
31,4.5,13,0.253189,4110,480,0
92,4.5,12,300,3999.73,522.728,0
95,4.5,12,300,3844.46,540,0
99,4.5,12,300.043,3609,600,0
0,4.5,13,300.039,3309,459,0
1,4.5,13,300.007,3021.73,450,0
2,4.5,13,300.067,3519,549,0
38,4.5,13,0.0100252,3252.73,510,0
3,4.5,13,300,2796,420,0
5,4.5,13,300.086,3522,627,0
40,4.5,13,0.00409742,2670,390,0
41,4.5,13,0.0153781,2460,540,0
43,4.5,13,0.00739278,3240,600,0
6,4.5,13,300.067,2427,450,0
7,4.5,13,300.039,3738,489,0
9,4.5,13,300.05,2829,390,0
11,4.5,13,300,3528,510,0
12,4.5,13,300.061,3909,600,0
13,4.5,13,300.057,3147,600,0
50,4.5,13,0.00940702,2472.73,480,0
48,4.5,13,5.99331,3549,450,0
52,4.5,13,0.00471824,3210,450,0
53,4.5,13,0.00444834,2550,510,0
14,4.5,13,300.017,2919,399,0
15,4.5,13,300.052,3639,480,0
17,4.5,13,300.029,4239,630,0
20,4.5,13,300.025,3399,480,0
21,4.5,13,300,3909,450,0
22,4.5,13,300.045,3339,570,0
23,4.5,13,300.014,3489,510,0
61,4.5,13,0.473007,3420,600,0
24,4.5,13,300.023,3231.73,540,0
25,4.5,13,300.048,2739,459,0
26,4.5,13,300.051,3249,579,0
27,4.5,13,300.066,2529,519,0
29,4.5,13,300.011,2436,450,0
30,4.5,13,300.045,2799,510,0
32,4.5,13,300.009,4059,570,0
33,4.5,13,300,3570,570,0
70,4.5,13,1.58249,3715.46,660,0
71,4.5,13,0.00448351,3270,570,0
34,4.5,13,300.042,3999,570,0
35,4.5,13,300.033,2829,450,0
72,4.5,13,46.7582,3009,570,0
75,4.5,13,0.0188837,2575.46,540,0
36,4.5,13,300.069,2679,510,0
77,4.5,13,0.0069952,3252.73,570,0
37,4.5,13,300.046,3459,570,0
39,4.5,13,300.034,3498,630,0
42,4.5,13,300.019,3528,549,0
44,4.5,13,300.048,3351.73,540,0
45,4.5,13,300.077,2589,570,0
46,4.5,13,300,3438,510,0
47,4.5,13,300.082,4287.73,600,0
49,4.5,13,300.008,3339,510,0
51,4.5,13,300.053,4059,549,0
55,4.5,13,300.026,1899,240,0
54,4.5,13,300.038,3810.73,630,0
89,4.5,13,0.870232,3762.73,540,0
90,4.5,13,0.00557043,2760,510,0
56,4.5,13,300.039,4239,630,0
69,4.5,13,166.087,3702.73,582.728,0
57,4.5,13,300,3897,477.001,0
94,4.5,13,0.0140579,3189,540,0
58,4.5,13,300.002,3715.46,540,0
96,4.5,13,0.360012,4272.73,630,0
97,4.5,13,0.00330163,3240,540,0
98,4.5,13,0.0316404,3090,450,0
59,4.5,13,300.067,3309,450,0
60,4.5,13,300,3111.73,450,0
62,4.5,13,300.025,3288,630,0
63,4.5,13,300.006,4419,570,0
74,4.5,13,153.274,2841.73,462.728,0
64,4.5,13,300.03,3999,570,0
4,4.5,14,0.0993651,4002.73,660,0
65,4.5,13,300.011,3099,480,0
93,4.5,13,100.892,3450,540,0
8,4.5,14,0.00600578,3390,390,0
66,4.5,13,300.064,2916,540,0
10,4.5,14,0.0852587,3205.46,630,0
67,4.5,13,300.067,3249,450,0
68,4.5,13,300.009,2979,540,0
73,4.5,13,300.015,3468,570,0
76,4.5,13,300.009,4269,630,0
78,4.5,13,300.014,3129,510,0
16,4.5,14,0.145863,3720.73,480,0
79,4.5,13,300.02,2109,390,0
18,4.5,14,0.00533974,2439,390,0
19,4.5,14,0.0323557,3330,450,0
80,4.5,13,300.07,3339,510,0
81,4.5,13,300.031,3807,630,0
82,4.5,13,300.06,3429,630,0
83,4.5,13,300.04,2464.46,480,0
84,4.5,13,300,3492,678,0
85,4.5,13,300.012,3489,660,0
86,4.5,13,300.037,3390,450,0
87,4.5,13,300.014,3261.73,600,0
28,4.5,14,1.27186,3690,660,0
88,4.5,13,300.042,3639,480,0
91,4.5,13,300.015,3498,570,0
31,4.5,14,0.288985,4380,480,0
92,4.5,13,300.001,4137,510,0
95,4.5,13,300,3934.46,540,0
99,4.5,13,300.073,3969,660,0
0,4.5,14,300.064,3609,459,0
1,4.5,14,300.034,3291.73,450,0
2,4.5,14,300.007,4119,600,0
38,4.5,14,0.0101428,3552.73,510,0
3,4.5,14,300.062,3258,480,0
40,4.5,14,0.00374285,3090,420,0
41,4.5,14,0.015305,2550,540,0
5,4.5,14,300.027,3732,627,0
43,4.5,14,0.00740028,3690,600,0
6,4.5,14,300.082,2697,450,0
7,4.5,14,300.027,3849,480,0
9,4.5,14,300.052,2979,390,0
11,4.5,14,300,3978,510,0
12,4.5,14,300.004,4236,540,0
13,4.5,14,300.09,3627,600,0
14,4.5,14,300.062,3549,630,0
15,4.5,14,300.015,3729,480,0
52,4.5,14,0.00535095,3570,450,0
53,4.5,14,0.00772678,2970,510,0
17,4.5,14,300.032,4449,630,0
20,4.5,14,300.017,3969,570,0
21,4.5,14,300,4359,459,0
22,4.5,14,300.056,3429,570,0
23,4.5,14,300.03,3729,510,0
24,4.5,14,300.043,3291.73,540,0
25,4.5,14,300.036,2829,459,0
61,4.5,14,0.461738,3960,600,0
26,4.5,14,300.094,3366,570,0
27,4.5,14,300.053,2859,519,0
29,4.5,14,300.071,2826,450,0
30,4.5,14,300.048,3129,510,0
48,4.5,14,180.619,4059,510,0
32,4.5,14,300.044,4269,570,0
33,4.5,14,300,3720,570,0
34,4.5,14,300.061,4299,570,0
70,4.5,14,1.6053,3925.46,660,0
71,4.5,14,0.143757,3835.46,570,0
35,4.5,14,300.027,2859,450,0
36,4.5,14,300.056,3339,660,0
74,4.5,14,0.395269,3069,510,0
75,4.5,14,0.0281384,3115.46,540,0
37,4.5,14,300.036,3669,570,0
77,4.5,14,0.00732521,3402.73,570,0
39,4.5,14,300.038,3669,750,0
42,4.5,14,300.051,3768,549,0
44,4.5,14,300.02,3681.73,540,0
45,4.5,14,300.031,2739,570,0
46,4.5,14,300,3588,510,0
47,4.5,14,300.074,4317.73,600,0
69,4.5,14,103.458,3835.46,582.728,0
49,4.5,14,300.075,3480,510,0
50,4.5,14,300.037,2589,480,0
51,4.5,14,300.037,4299,549,0
54,4.5,14,300,4174.46,630,0
55,4.5,14,300.029,2289,390,0
90,4.5,14,0.00660773,2820,510,0
89,4.5,14,5.2338,4165.46,540,0
56,4.5,14,300.067,4611,588,0
57,4.5,14,300,4197,486.001,0
58,4.5,14,300.001,4105.46,540,0
59,4.5,14,300.031,3609,450,0
60,4.5,14,300,3621.73,510,0
96,4.5,14,0.395676,4512.73,630,0
97,4.5,14,0.00469029,3510,540,0
98,4.5,14,0.0296533,3210,450,0
62,4.5,14,300.007,3378,630,0
63,4.5,14,300.012,4659,579,0
64,4.5,14,300.056,4509,570,0
65,4.5,14,300.026,3129,480,0
66,4.5,14,300.075,3126,540,0
67,4.5,14,300.034,3369,450,0
68,4.5,14,300.07,3042.73,540,0
72,4.5,14,300.009,3066,519,0
8,4.5,15,0.00919751,3810,420,0
73,4.5,14,300.027,3708,570,0
76,4.5,14,300.043,4599,630,0
78,4.5,14,300.099,3549,510,0
93,4.5,14,103.639,3570,540,0
79,4.5,14,300.071,2529,420,0
80,4.5,14,300.007,3489,510,0
81,4.5,14,300.036,3927,630,0
16,4.5,15,0.130454,3870.73,480,0
82,4.5,14,300.023,3669,630,0
83,4.5,14,300.051,2644.46,480,0
84,4.5,14,300.087,3657,600,0
85,4.5,14,300.056,3609,660,0
86,4.5,14,300.078,3720,450,0
87,4.5,14,300.064,3381.73,600,0
88,4.5,14,300.046,3909,480,0
91,4.5,14,300.043,3738,570,0
92,4.5,14,300.039,4575,510,0
94,4.5,14,300.046,3399,540,0
95,4.5,14,300,4354.46,540,0
99,4.5,14,300.074,4137,600,0
0,4.5,15,300.036,3879,450,0
1,4.5,15,300.004,3711.73,450,0
2,4.5,15,300.041,4255.46,600,0
3,4.5,15,300.028,3348,480,0
4,4.5,15,300.009,4401.73,660,0
5,4.5,15,300.074,4032,627,0
6,4.5,15,300.023,3177,480,0
7,4.5,15,300.035,4299.73,489,0
9,4.5,15,300.014,3099,390,0
10,4.5,15,291.123,3625.46,690,0
11,4.5,15,300,4428,510,0
40,4.5,15,0.00400083,3240,420,0
41,4.5,15,0.00709144,2670,540,0
12,4.5,15,300.092,4416,540,0
43,4.5,15,0.0103186,4230,600,0
13,4.5,15,300.017,3768,600,0
38,4.5,15,44.7316,3732.73,510,0
14,4.5,15,300.075,3609,630,0
15,4.5,15,300.055,4047,480,0
17,4.5,15,300.015,4959,630,0
18,4.5,15,300.079,2997,510,0
19,4.5,15,300.046,3639,450,0
20,4.5,15,300.005,4290,570,0
52,4.5,15,0.00522095,3660,450,0
53,4.5,15,0.0127142,3450,510,0
21,4.5,15,300,4659,450,0
22,4.5,15,300.012,3669,570,0
23,4.5,15,300.03,3768,510,0
24,4.5,15,300.015,3381.73,540,0
25,4.5,15,300.031,2919,459,0
26,4.5,15,300.02,3555,570,0
27,4.5,15,300.031,2949,519,0
28,4.5,15,300.013,4185,609,0
29,4.5,15,300.045,3306,480,0
30,4.5,15,300.026,3639,510,0
31,4.5,15,300.027,4737,480,0
32,4.5,15,300.016,4509,570,0
33,4.5,15,300,3840,570,0
34,4.5,15,300.021,4599,570,0
35,4.5,15,300.058,3189,450,0
36,4.5,15,300.043,3519,660,0
37,4.5,15,300.028,3759,570,0
70,4.5,15,2.22318,4195.46,660,0
71,4.5,15,11.0076,4045.46,630,0
39,4.5,15,300.03,3909,750,0
42,4.5,15,300.059,3888,549,0
75,4.5,15,5.15651,3304.46,540,0
44,4.5,15,300.056,3810.73,540,0
77,4.5,15,0.0120514,3865.46,570,0
45,4.5,15,300.037,3189,570,0
46,4.5,15,300,3738,510,0
47,4.5,15,300.078,4707.73,600,0
48,4.5,15,300,4500,510,0
49,4.5,15,300.035,3750,510,0
50,4.5,15,300.008,2769,480,0
51,4.5,15,300.005,4749,549,0
54,4.5,15,300,4418.18,630,0
55,4.5,15,300.061,2679,390,0
69,4.5,15,130.031,4135.46,570,0
56,4.5,15,300.029,4941,588,0
57,4.5,15,300,4377,477.001,0
90,4.5,15,0.00763351,2910,510,0
89,4.5,15,5.70825,4555.46,540,0
58,4.5,15,300,4345.46,540,0
59,4.5,15,300.013,4149,480,0
60,4.5,15,300,3715.46,510,0
61,4.5,15,300,4476,600,0
62,4.5,15,300.032,3798,630,0
96,4.5,15,0.386489,4632.73,630,0
63,4.5,15,300.033,4779,579,0
97,4.5,15,0.00507712,3810,540,0
98,4.5,15,0.0306467,3540,450,0
64,4.5,15,300.068,4809,570,0
65,4.5,15,300.062,3639,510,0
66,4.5,15,300.004,3471,540,0
67,4.5,15,300.055,3399,450,0
68,4.5,15,300.041,3162.73,540,0
72,4.5,15,300.098,3297,510,0
73,4.5,15,300.03,3948,570,0
8,4.5,16,0.0102959,3900,420,0
74,4.5,15,300,3438,510,0
76,4.5,15,300.041,4749,630,0
78,4.5,15,300.016,3669,510,0
79,4.5,15,300.09,2979,450,0
93,4.5,15,149.872,3960,540,0
80,4.5,15,300.049,3549,510,0
81,4.5,15,300.062,4296,630,0
16,4.5,16,0.192796,4350.73,480,0
82,4.5,15,300.024,3939,630,0
18,4.5,16,0.575009,3159,570,0
83,4.5,15,300.007,2949.73,489,0
84,4.5,15,300.064,4017,600,0
85,4.5,15,300.062,3969,660,0
86,4.5,15,300.011,4080,450,0
87,4.5,15,300.063,3441.73,600,0
88,4.5,15,300.067,4029,480,0
91,4.5,15,300.034,3888,570,0
92,4.5,15,300.021,4659,510,0
94,4.5,15,300,3960,570,0
95,4.5,15,300,4534.46,540,0
99,4.5,15,300.102,4407,600,0
1,4.5,16,300.006,4011.73,450,0
2,4.5,16,300.006,4461.73,600,0
0,4.5,16,300.077,4059,450,0
3,4.5,16,300.052,3648,480,0
4,4.5,16,300.036,4727.18,660,0
5,4.5,16,300.009,4122,627,0
6,4.5,16,300.06,3297,480,0
7,4.5,16,300.004,4539.73,489,0
38,4.5,16,2.96283,3822.73,570,0
9,4.5,16,300.057,3249,390,0
40,4.5,16,0.00865291,3522.73,420,0
41,4.5,16,0.0183309,2760,540,0
10,4.5,16,294.04,3895.46,690,0
43,4.5,16,0.0115012,4470,600,0
11,4.5,16,300.065,4659,510,0
12,4.5,16,300.017,4716,540,0
13,4.5,16,300.07,4251.73,609,0
14,4.5,16,300.061,3819,630,0
15,4.5,16,300.011,4638.73,570,0
17,4.5,16,300.216,5370,630,0
19,4.5,16,300.037,4179,480,0
20,4.5,16,300.007,4449,570,0
52,4.5,16,0.00809157,4140,480,0
21,4.5,16,300.002,5319,630,0
53,4.5,16,0.0175278,4020,570,0
22,4.5,16,300.063,4119,570,0
23,4.5,16,300.006,4158,510,0
24,4.5,16,300.041,3681.73,540,0
25,4.5,16,300.013,3399,459,0
26,4.5,16,300.039,3765,570,0
27,4.5,16,300.072,3189,519,0
28,4.5,16,300.072,4503,609,0
29,4.5,16,300.071,3585,480,0
30,4.5,16,300.069,3777,510,0
31,4.5,16,300.02,4917,480,0
32,4.5,16,300.057,4569,570,0
33,4.5,16,300,4080,570,0
34,4.5,16,300.023,4758,570,0
35,4.5,16,300.054,3309,450,0
36,4.5,16,300.023,3819,660,0
70,4.5,16,2.29935,4375.46,660,0
37,4.5,16,300.01,4419,660,0
71,4.5,16,11.1302,4375.46,630,0
39,4.5,16,300.026,4278,750,0
42,4.5,16,300.022,3978,549,0
44,4.5,16,300.058,4050.73,540,0
45,4.5,16,300.025,3438,570,0
77,4.5,16,0.0148018,4135.46,570,0
46,4.5,16,300,4428,690,0
69,4.5,16,69.8575,4255.46,570,0
47,4.5,16,300.107,4827.73,600,0
48,4.5,16,300.062,5169,669,0
49,4.5,16,300.024,3930,510,0
50,4.5,16,300.08,3039,480,0
51,4.5,16,300.008,4917,549,0
54,4.5,16,300.001,4954.46,630,0
55,4.5,16,300.069,2949,390,0
56,4.5,16,300.03,5091,588,0
57,4.5,16,300.001,4885.46,510,0
58,4.5,16,300,4767,540,0
59,4.5,16,300.053,4329,480,0
60,4.5,16,300,3955.46,510,0
61,4.5,16,300.083,4704,600,0
93,4.5,16,1.08097,4122.73,540,0
62,4.5,16,300.054,3978,690,0
63,4.5,16,300.046,5259,579,0
64,4.5,16,300.012,4839,570,0
97,4.5,16,0.00535332,3960,540,0
65,4.5,16,300.01,4059,510,0
98,4.5,16,0.0358,3750,450,0
66,4.5,16,300.035,3561,540,0
67,4.5,16,300.039,3669,450,0
68,4.5,16,300.005,3519,540,0
72,4.5,16,300.014,3507,510,0
74,4.5,16,300,3858,510,0
73,4.5,16,300.062,4248,570,0
75,4.5,16,300.039,3634.46,540,0
76,4.5,16,300.023,5319,630,0
8,4.5,17,0.0577624,4389,480,0
78,4.5,16,300.085,3789,510,0
79,4.5,16,300.06,3168,450,0
80,4.5,16,300.059,4029,510,0
81,4.5,16,300.039,4443,630,0
96,4.5,16,101.054,4735.46,630,0
82,4.5,16,300.077,3969,630,0
83,4.5,16,300.01,3219.73,489,0
16,4.5,17,0.343071,4710.73,480,0
84,4.5,16,300.062,4317,600,0
85,4.5,16,300.033,4359,660,0
18,4.5,17,2.08389,3351.73,570,0
86,4.5,16,300.01,4170,450,0
87,4.5,16,300.075,4011.73,600,0
88,4.5,16,300.071,4299,480,0
89,4.5,16,300.05,4891.46,576.001,0
90,4.5,16,300.05,3399,519,0
91,4.5,16,300.008,4458,570,0
92,4.5,16,300.066,5109,510,0
94,4.5,16,300.071,4452,567,0
95,4.5,16,300,4624.46,540,0
99,4.5,16,300.008,4797,600,0
1,4.5,17,300.051,4131.73,450,0
0,4.5,17,300.075,4329,459,0
2,4.5,17,300.027,4671.73,600,0
3,4.5,17,300.043,3858,480,0
4,4.5,17,300.005,5057.18,660,0
5,4.5,17,300.042,4420.46,600,0
6,4.5,17,300.01,3597,480,0
7,4.5,17,300.058,4809.73,489,0
38,4.5,17,3.04536,4032.73,570,0
9,4.5,17,300.069,3369,390,0
40,4.5,17,0.0117061,3792.73,420,0
41,4.5,17,0.046063,3360,600,0
10,4.5,17,299.091,4225.46,690,0
11,4.5,17,300.066,4899,570,0
12,4.5,17,300.033,5016,540,0
13,4.5,17,300.007,4311.73,609,0
15,4.5,17,300.01,5097,630,0
14,4.5,17,300.026,4029,630,0
17,4.5,17,300,5640,630,0
19,4.5,17,300.048,4329,480,0
20,4.5,17,300.049,4659,570,0
21,4.5,17,300.001,5859,630,0
52,4.5,17,0.0425752,4290,480,0
22,4.5,17,300.02,4329,570,0
23,4.5,17,300.019,4668,510,0
24,4.5,17,300.024,4041.73,540,0
25,4.5,17,300.066,3729,459,0
26,4.5,17,300.02,4215,570,0
27,4.5,17,300.01,3429,519,0
28,4.5,17,300.035,4866,609,0
29,4.5,17,300.067,3675,480,0
30,4.5,17,300.093,4167,510,0
31,4.5,17,300.028,5307,480,0
32,4.5,17,300.019,4899,570,0
33,4.5,17,300,4290,570,0
34,4.5,17,300.043,4788,570,0
35,4.5,17,300.042,3519,450,0
36,4.5,17,300.054,3909,660,0
37,4.5,17,300.052,4749,660,0
39,4.5,17,300.029,4758,750,0
42,4.5,17,300.028,4248,549,0
43,4.5,17,300.026,4677,549,0
44,4.5,17,300.032,4260.73,540,0
45,4.5,17,300.017,3678,570,0
46,4.5,17,300,4587,690,0
47,4.5,17,300.088,5007,630,0
48,4.5,17,300.018,5319,669,0
77,4.5,17,2.27909,4615.46,570,0
49,4.5,17,300.019,4050,510,0
50,4.5,17,300.072,3129,480,0
51,4.5,17,300.065,4977,549,0
53,4.5,17,300.005,4195.46,570,0
54,4.5,17,300.028,5601.73,630,0
55,4.5,17,300.011,3085.46,390,0
56,4.5,17,300.005,5181,588,0
57,4.5,17,300.01,5047.46,510,0
58,4.5,17,300.003,4830.73,540,0
59,4.5,17,300.074,4419,480,0
60,4.5,17,300,4341.73,510,0
69,4.5,17,224.512,4375.46,570,0
61,4.5,17,300.086,4884,600,0
62,4.5,17,300.074,4278,690,0
63,4.5,17,300.058,5685,570,0
64,4.5,17,300.055,5418,579,0
65,4.5,17,300.057,4329,510,0
66,4.5,17,300.022,3861,540,0
67,4.5,17,300.023,3699,450,0
68,4.5,17,300.005,3687,540,0
98,4.5,17,0.0337921,3840,450,0
70,4.5,17,300.03,4581.73,660,0
71,4.5,17,300.001,4500.73,630,0
72,4.5,17,300.053,3687,510,0
73,4.5,17,300.04,4638,570,0
74,4.5,17,300,3942.73,510,0
97,4.5,17,65.1191,4422.73,540,0
75,4.5,17,300.033,4144.46,540,0
76,4.5,17,300.041,5406,630,0
78,4.5,17,300.042,4329,540,0
8,4.5,18,0.217024,4659,480,0
79,4.5,17,300.029,3636,450,0
80,4.5,17,300.025,4209,510,0
81,4.5,17,300.015,4983,630,0
82,4.5,17,300.022,4149,630,0
83,4.5,17,300.009,3369.73,489,0
84,4.5,17,300.057,4527,600,0
85,4.5,17,300.029,4509,660,0
16,4.5,18,0.197251,4860.73,480,0
86,4.5,17,300.037,4329,450,0
18,4.5,18,2.08383,3681.73,570,0
87,4.5,17,300.036,4071.73,600,0
88,4.5,17,300.075,4419,480,0
89,4.5,17,300.086,5346,579,0
90,4.5,17,300.032,3879,519,0
91,4.5,17,300.015,4698,570,0
92,4.5,17,300.047,5229,510,0
93,4.5,17,300.027,4149,540,0
94,4.5,17,300.016,4617,570,0
95,4.5,17,300,4714.46,540,0
96,4.5,17,300.048,4887,630,0
99,4.5,17,300.037,4887,600,0
0,4.5,18,300.122,4659,459,0
1,4.5,18,300.019,4281.73,450,0
2,4.5,18,300.009,5001.73,600,0
3,4.5,18,300.024,4368,510,0
4,4.5,18,300.032,5177.18,660,0
5,4.5,18,300.021,4570.46,600,0
6,4.5,18,300.015,3678,480,0
7,4.5,18,300.078,4929.73,489,0
9,4.5,18,300.067,3639,390,0
10,4.5,18,300.028,4401,630,0
40,4.5,18,0.0130402,3972.73,420,0
11,4.5,18,300.008,5199,570,0
12,4.5,18,300.059,5106,540,0
41,4.5,18,2.44114,4050,690,0
13,4.5,18,300.14,4714.46,609,0
14,4.5,18,300.064,4419,630,0
15,4.5,18,300.031,5427,630,0
17,4.5,18,300,6120,630,0
19,4.5,18,300.027,4668,480,0
20,4.5,18,300.059,5049,570,0
21,4.5,18,300.001,6459,630,0
22,4.5,18,300.021,4473,570,0
23,4.5,18,300.03,5118,510,0
24,4.5,18,300.046,4341.73,540,0
25,4.5,18,300.06,3849,459,0
26,4.5,18,300.08,4575,570,0
27,4.5,18,300.09,3669,519,0
28,4.5,18,300.06,5106,609,0
29,4.5,18,300.086,3819,480,0
52,4.5,18,160.673,4632.73,480,0
30,4.5,18,300.077,4347,510,0
31,4.5,18,300.082,5487,480,0
32,4.5,18,300.057,4959,570,0
33,4.5,18,300,4590,630,0
34,4.5,18,300.036,5028,570,0
35,4.5,18,300.062,3759,450,0
36,4.5,18,300.062,4218,660,0
37,4.5,18,300.009,4908,660,0
38,4.5,18,300.05,4566,558,0
39,4.5,18,300.029,4938,750,0
69,4.5,18,7.27745,4504.46,630,0
42,4.5,18,300.033,4587,540,0
43,4.5,18,300.05,4857,549,0
44,4.5,18,300.033,4440.73,540,0
45,4.5,18,300.05,3948,570,0
46,4.5,18,300,4887,690,0
47,4.5,18,300.115,5169,600,0
48,4.5,18,300.042,5439,609,0
49,4.5,18,300.016,4197,510,0
50,4.5,18,300.011,3399,480,0
51,4.5,18,300.052,5325,558,0
53,4.5,18,300.067,4255.46,570,0
54,4.5,18,300.073,5637,630,0
55,4.5,18,300.072,3535.46,450,0
56,4.5,18,300.007,5631,588,0
57,4.5,18,300.035,5137.46,510,0
58,4.5,18,300.06,5175,540,0
59,4.5,18,300.035,4689,480,0
60,4.5,18,300.002,5019,630,0
61,4.5,18,300.022,5304,600,0
62,4.5,18,300.042,4530.73,690,0
63,4.5,18,300.048,6075,570,0
64,4.5,18,300.065,5850.73,579,0
65,4.5,18,300.064,4581.73,510,0
66,4.5,18,300.058,4131,540,0
67,4.5,18,300.03,4089,450,0
68,4.5,18,300.046,4107,540,0
70,4.5,18,300.05,4791.73,660,0
98,4.5,18,0.0344627,3990,450,0
71,4.5,18,300,4770.73,630,0
72,4.5,18,300.058,3867,510,0
73,4.5,18,300.083,4758,570,0
74,4.5,18,300.017,4137,450,0
75,4.5,18,300.029,4362.64,540,0
76,4.5,18,300.01,5436,630,0
77,4.5,18,300.031,4834.46,570,0
78,4.5,18,300,4420.46,540.728,0
79,4.5,18,300.032,3786,450,0
80,4.5,18,300.014,4749,540,0
97,4.5,18,65.8544,4572.73,540,0
81,4.5,18,300.037,5433,630,0
82,4.5,18,300.035,4689,630,0
83,4.5,18,300.05,3789.73,489,0
84,4.5,18,300.048,4797,600,0
85,4.5,18,300.037,4695.73,660,0
86,4.5,18,300.019,4599,450,0
87,4.5,18,300.012,4311.73,600,0
88,4.5,18,300.062,4869,480,0
18,4.5,19,2.79987,3985.46,570,0
89,4.5,18,300.034,5736,579,0
90,4.5,18,300.02,4089,519,0
91,4.5,18,300.005,5280.64,592.457,0
92,4.5,18,300.059,5469,510,0
93,4.5,18,300.01,4449,540,0
94,4.5,18,300.073,5217,570,0
95,4.5,18,300.007,4744.46,540,0
96,4.5,18,300.034,5337,630,0
99,4.5,18,300.003,5097,600,0
0,4.5,19,300.046,4899,459,0
1,4.5,19,300.006,4581.73,510,0
2,4.5,19,300.007,5061.73,600,0
3,4.5,19,300.069,4458,510,0
4,4.5,19,300.005,5217.73,660,0
5,4.5,19,300.021,4660.46,600,0
6,4.5,19,300.041,3918,480,0
7,4.5,19,300.038,5049.73,489,0
8,4.5,19,300,4929,480,0
9,4.5,19,300.046,3699,390,0
10,4.5,19,300.001,4984.46,630,0
11,4.5,19,300.011,5649,570,0
40,4.5,19,0.0110619,4302.73,420,0
12,4.5,19,300,5589,540,0
13,4.5,19,300.064,4908.73,609,0
14,4.5,19,300.021,4569,630,0
15,4.5,19,300.01,5847,630,0
16,4.5,19,300.001,5319.73,480,0
17,4.5,19,300,6690,630,0
19,4.5,19,300.057,4848,480,0
20,4.5,19,300.074,5499,570,0
21,4.5,19,300.001,6759,630,0
22,4.5,19,300.057,4953,570,0
23,4.5,19,300.013,5538,510,0
24,4.5,19,300.016,4722,540,0
25,4.5,19,300.027,4179,459,0
26,4.5,19,300.047,4845,570,0
27,4.5,19,300.035,3909,519,0
28,4.5,19,300.067,5277,609,0
29,4.5,19,300.015,4029,480,0
30,4.5,19,300.05,4497,510,0
31,4.5,19,300.1,5607,480,0
32,4.5,19,300.056,5409,570,0
33,4.5,19,300,4839,630,0
34,4.5,19,300.042,5148,570,0
35,4.5,19,300.007,4158,450,0
36,4.5,19,300.058,4518,660,0
37,4.5,19,300.017,5217,660,0
38,4.5,19,300.018,4716,558,0
39,4.5,19,300.044,5388,750,0
41,4.5,19,300.06,4299,690,0
69,4.5,19,0.446463,4804.46,630,0
42,4.5,19,300.006,4809,489,0
43,4.5,19,300.061,4947,549,0
44,4.5,19,300.017,4980.73,540,0
45,4.5,19,300.064,4128,570,0
46,4.5,19,300,5247,690,0
47,4.5,19,300.068,5229,600,0
48,4.5,19,300.016,5889,609,0
49,4.5,19,300.016,4506,510,0
50,4.5,19,300.022,3489,480,0
51,4.5,19,300.042,5715,558,0
52,4.5,19,300.079,4836,480,0
53,4.5,19,300.074,4705.46,570,0
54,4.5,19,300.084,5847,630,0
55,4.5,19,300.057,3754.46,450,0
56,4.5,19,300.04,6231,600,0
57,4.5,19,300.024,5197.46,510,0
58,4.5,19,300.005,5475,540,0
59,4.5,19,300.046,4779,480,0
60,4.5,19,300.001,5112.73,630,0
61,4.5,19,300.044,5664,600,0
62,4.5,19,300.044,5010.73,690,0
63,4.5,19,300.023,6267,570,0
64,4.5,19,300.08,6120.73,579,0
65,4.5,19,300.051,4731.73,510,0
66,4.5,19,300.057,4671,540,0
67,4.5,19,300.009,4299,450,0
68,4.5,19,300.043,4467,540,0
70,4.5,19,300.03,5139,660,0
71,4.5,19,300.001,4890.73,630,0
72,4.5,19,300.066,4017,510,0
73,4.5,19,300.055,4911.73,570,0
74,4.5,19,300.049,4497,450,0
75,4.5,19,300.069,4422.64,540,0
76,4.5,19,300.087,5475,630,0
77,4.5,19,300.029,5014.46,570,0
78,4.5,19,300.061,4810.46,540.728,0
79,4.5,19,300.021,4086,450,0
80,4.5,19,300.059,5139,540,0
81,4.5,19,300.082,5580,630,0
82,4.5,19,300.018,5007,570,0
83,4.5,19,300.067,4116,540,0
84,4.5,19,300.014,5457,630,0
85,4.5,19,300.015,4935.73,660,0
86,4.5,19,300.03,5019,450,0
87,4.5,19,300.067,4431.73,600,0
88,4.5,19,300.056,4929,480,0
89,4.5,19,300.021,6096,579,0
90,4.5,19,300.032,4719,630,0
91,4.5,19,300.046,5730.64,592.457,0
92,4.5,19,300.016,5880,510,0
93,4.5,19,300.019,5055,570,0
94,4.5,19,300.021,5547,570,0
95,4.5,19,300.027,4839.73,540,0
96,4.5,19,300.006,5397,630,0
97,4.5,19,300,4692.73,540,0
98,4.5,19,300,4329,450,0
18,4.5,20,72.0272,4054.46,510,0
99,4.5,19,300.011,5487,600,0
0,4.5,20,300.024,5109,459,0
1,4.5,20,300.035,4695.73,510,0
2,4.5,20,300.066,5541.73,600,0
3,4.5,20,300.051,4650.73,510,0
4,4.5,20,300.035,5637.73,660,0
5,4.5,20,300.078,5050.46,600,0
6,4.5,20,300.023,4227,480,0
7,4.5,20,300.009,5319.73,489,0
8,4.5,20,300.055,5257.46,480,0
9,4.5,20,300.046,4029,390,0
10,4.5,20,300.122,5451,630,0
11,4.5,20,300.016,6078,519,0
12,4.5,20,300.001,5742,540,0
13,4.5,20,300.024,5358.73,609,0
14,4.5,20,300.023,5049,630,0
15,4.5,20,300.068,6117,630,0
16,4.5,20,300.07,5830.46,510,0
17,4.5,20,300,7020,630,0
19,4.5,20,300.059,5088,480,0
20,4.5,20,300.062,5961.73,570,0
21,4.5,20,300,7299,630,0
22,4.5,20,300.077,5463,570,0
23,4.5,20,300.031,5778,510,0
24,4.5,20,300.065,5052,540,0
25,4.5,20,300.012,4299,459,0
26,4.5,20,300.093,5505,660,0
27,4.5,20,300.097,4008,519,0
28,4.5,20,300.111,5757,609,0
29,4.5,20,300.046,4089,480,0
30,4.5,20,300.027,5037,540,0
31,4.5,20,300.107,5967,480,0
32,4.5,20,300.059,5736,540,0
33,4.5,20,300,5169,630,0
34,4.5,20,300.059,5418,570,0
35,4.5,20,300.067,4338,450,0
36,4.5,20,300.029,4578,660,0
37,4.5,20,300.054,5607,660,0
38,4.5,20,300.017,4806,558,0
39,4.5,20,300.009,5748,750,0
40,4.5,20,300.038,4491.73,420,0
41,4.5,20,300.051,4581.73,690,0
42,4.5,20,300.009,5079,489,0
69,4.5,20,0.544236,5314.46,630,0
43,4.5,20,300.073,5277,549,0
44,4.5,20,300.038,5070.73,540,0
45,4.5,20,300.004,4518,570,0
46,4.5,20,300.022,5454,690,0
47,4.5,20,300.075,5829,630,0
48,4.5,20,300.087,6189,609,0
49,4.5,20,300.09,4896,510,0
50,4.5,20,300.031,4029,540,0
51,4.5,20,300.018,6105,558,0
52,4.5,20,300.034,5106,480,0
53,4.5,20,300.071,4855.46,570,0
54,4.5,20,300.004,6207,630,0
55,4.5,20,300.01,3981.73,459,0
56,4.5,20,300.043,6441,600,0
57,4.5,20,300.019,5407.46,510,0
58,4.5,20,300.09,5535,540,0
59,4.5,20,300.006,4989,480,0
60,4.5,20,300.001,5262.73,630,0
61,4.5,20,300.066,6114,600,0
62,4.5,20,300.03,5277,690,0
63,4.5,20,300.031,6837,570,0
64,4.5,20,300.046,6570.73,579,0
65,4.5,20,300.039,4941.73,510,0
66,4.5,20,300.071,4821,567,0
67,4.5,20,300.009,4509,450,0
68,4.5,20,300.066,4497,540,0
71,4.5,20,300,4920.73,630,0
70,4.5,20,300.007,5217,660,0
98,4.5,20,1.33505,4542.73,450,0
72,4.5,20,300.011,4347,510,0
73,4.5,20,300.008,5121.73,570,0
74,4.5,20,300.029,4797,450,0
75,4.5,20,300.023,4512.64,540,0
76,4.5,20,300,5772,630,0
77,4.5,20,300.015,5113.46,570,0
78,4.5,20,300,5086.46,540,0
79,4.5,20,300.069,4395,468,0
80,4.5,20,300.018,5319,540,0
81,4.5,20,300.051,5763,630,0
82,4.5,20,300.008,5247,570,0
83,4.5,20,300.063,4437,540,0
84,4.5,20,300.05,5667,630,0
85,4.5,20,300.047,5025.73,660,0
86,4.5,20,300.011,5208,450,0
87,4.5,20,300.091,4731.73,600,0
88,4.5,20,300.009,5259,570,0
89,4.5,20,300.012,6366,579,0
90,4.5,20,300.011,5289,630,0
91,4.5,20,300.057,6123,588,0
92,4.5,20,300.064,5970,510,0
93,4.5,20,300.015,5205,570,0
94,4.5,20,300.097,5853,570,0
95,4.5,20,300.046,5028.73,540,0
96,4.5,20,300.031,5607,630,0
97,4.5,20,300.001,5232.73,540,0
18,4.5,21,73.065,4354.46,510,0
99,4.5,20,300.019,5787,660,0
0,4.5,21,300.008,5169,459,0
1,4.5,21,300.041,4995.73,510,0
2,4.5,21,300.068,5841.73,600,0
3,4.5,21,300.028,4899.73,510,0
4,4.5,21,300.001,6161.19,660,0
5,4.5,21,300.043,5505.73,600,0
6,4.5,21,300.031,4347,480,0
7,4.5,21,300.051,5619.73,489,0
8,4.5,21,300.027,5647.46,480,0
9,4.5,21,300.073,4089,399,0
10,4.5,21,300.093,5601,630,0
11,4.5,21,300.107,6288,519,0
12,4.5,21,300,6249,540,0
13,4.5,21,300.046,5418.73,609,0
14,4.5,21,300.007,5109,630,0
15,4.5,21,300.007,6507,630,0
16,4.5,21,300.099,6070.46,510,0
17,4.5,21,300,7500,630,0
19,4.5,21,300.074,5388,480,0
20,4.5,21,300.051,6051.73,570,0
33,4.5,21,204.101,5202.73,630,0
21,4.5,21,300,7458,630,0
22,4.5,21,300.017,5648.1,570,0
23,4.5,21,300.047,5928,510,0
24,4.5,21,300.005,5142,540,0
25,4.5,21,300.049,4359,459,0
26,4.5,21,300.019,5925,660,0
27,4.5,21,300.045,4098,519,0
28,4.5,21,300.084,5787,609,0
29,4.5,21,300.085,4569,480,0
30,4.5,21,300.045,5277,540,0
31,4.5,21,300.047,6159,510,0
32,4.5,21,300.059,6096,540,0
34,4.5,21,300.07,5568,570,0
35,4.5,21,300.055,4638,450,0
36,4.5,21,300.046,4788,660,0
37,4.5,21,300.025,5925,660,0
38,4.5,21,300.102,5076,558,0
39,4.5,21,300.026,6047.91,651.728,0
40,4.5,21,300.027,4821.73,420,0
41,4.5,21,300.033,5037,690,0
42,4.5,21,300.07,5148,540,0
43,4.5,21,300.108,5346,549,0
44,4.5,21,300.051,5229.73,540,0
45,4.5,21,300.019,4806,579,0
71,4.5,21,37.8244,5194.46,630,0
46,4.5,21,300.073,5604,690,0
47,4.5,21,300.091,6339,630,0
48,4.5,21,300.042,6369,609,0
49,4.5,21,300.106,5256,510,0
50,4.5,21,300.054,4410,540,0
51,4.5,21,300.012,6292.46,549,0
52,4.5,21,300.014,5286,510,0
53,4.5,21,300.012,4945.46,570,0
54,4.5,21,300.044,6387,630,0
55,4.5,21,300.017,4329,399,0
56,4.5,21,300.011,6591,600,0
57,4.5,21,300.093,5827.46,510,0
58,4.5,21,300.009,5925,540,0
59,4.5,21,300.027,5139,480,0
60,4.5,21,300.001,5388,639,0
61,4.5,21,300.029,6474,600,0
62,4.5,21,300.075,5457,690,0
63,4.5,21,300.089,7167,570,0
64,4.5,21,300.009,6759,570,0
65,4.5,21,300.05,5190,540,0
66,4.5,21,300.037,5301,567.001,0
67,4.5,21,300.072,4797,450,0
68,4.5,21,300.016,4617,540,0
69,4.5,21,300.108,5436,588,0
70,4.5,21,300.022,5697,660,0
72,4.5,21,300.017,4437,510,0
73,4.5,21,300.07,5481.73,570,0
74,4.5,21,300.032,4887,450,0
75,4.5,21,300.044,4782.64,540,0
76,4.5,21,300,5922,630,0
77,4.5,21,300.054,5533.46,570,0
78,4.5,21,300.001,5236.46,552.728,0
79,4.5,21,300.061,4455,468,0
80,4.5,21,300.024,5628,540,0
81,4.5,21,300.035,5853,630,0
82,4.5,21,300,5511,570,0
83,4.5,21,300.06,4677,540,0
84,4.5,21,300.035,6117,630,0
85,4.5,21,300.014,5475.73,660,0
86,4.5,21,300.044,5298,450,0
87,4.5,21,300.057,4848,600,0
88,4.5,21,300.058,5439,570,0
89,4.5,21,300.009,6687,600,0
90,4.5,21,300.007,5448,630,0
91,4.5,21,300.006,6234,588,0
92,4.5,21,300.022,6150,510,0
93,4.5,21,300.029,5655,570,0
94,4.5,21,300.053,6147.73,570,0
95,4.5,21,300.071,5358.73,540,0
96,4.5,21,300.047,6141.73,630,0
97,4.5,21,300.016,5301.73,552.728,0
98,4.5,21,300.057,4725,450,0
99,4.5,21,300.033,5967,660,0
0,4.5,22,300.068,5589,450,0
1,4.5,22,300.007,5475.73,480,0
2,4.5,22,300.029,6027.73,600,0
3,4.5,22,300.058,5028,510,0
4,4.5,22,300,6486.73,660,0
5,4.5,22,300.029,5586.73,618,0
6,4.5,22,300.005,4767,480,0
7,4.5,22,300.089,5889.73,489,0
8,4.5,22,300.047,6156,480,0
9,4.5,22,300.03,4299,399,0
10,4.5,22,300.089,5901,630,0
11,4.5,22,300.046,6348,519,0
12,4.5,22,300.048,6438,540,0
13,4.5,22,300.032,5946,600,0
14,4.5,22,300.017,5193,630,0
15,4.5,22,300.057,6903,630,0
16,4.5,22,300.096,6327,510,0
17,4.5,22,300,7680,630,0
18,4.5,22,300.044,4506,528,0
19,4.5,22,300.05,5517,480,0
20,4.5,22,300.048,6250.46,570,0
21,4.5,22,300.001,7641.73,630,0
22,4.5,22,300.043,5846.1,570,0
23,4.5,22,300.077,6168,510,0
24,4.5,22,300.053,5532,540,0
25,4.5,22,300.049,4449,459,0
26,4.5,22,300.053,6165,660,0
27,4.5,22,300.034,4218,519,0
28,4.5,22,300.06,5967,609,0
29,4.5,22,300.083,4659,480,0
30,4.5,22,300.076,5679.73,540,0
31,4.5,22,300.053,6609,510,0
33,4.5,22,289.69,5322.73,630,0
32,4.5,22,300.022,6306,540,0
34,4.5,22,300.032,6138,630,0
35,4.5,22,300.011,4758,450,0
36,4.5,22,300.061,4977,660,0
37,4.5,22,300.024,6135,660,0
38,4.5,22,300.066,5226,558,0
39,4.5,22,300.076,6467.91,651.728,0
40,4.5,22,300.052,4950.73,420,0
41,4.5,22,300.027,5496,648,0
42,4.5,22,300.095,5445,558,0
43,4.5,22,300.073,5616,549,0
44,4.5,22,300,5331.73,540,0
45,4.5,22,300.008,5205,579,0
46,4.5,22,300.027,5964,690,0
47,4.5,22,300.092,6579,630,0
48,4.5,22,300.089,6519,609,0
49,4.5,22,300.115,5616,510,0
50,4.5,22,300.054,4710,540,0
51,4.5,22,300.024,6532.46,549,0
52,4.5,22,300.029,5556,510,0
53,4.5,22,300.02,5151.73,570,0
54,4.5,22,300.082,6969,630,0
55,4.5,22,300.056,4671.73,459,0
56,4.5,22,300.014,6837.73,600,0
57,4.5,22,300.009,5857.46,510,0
58,4.5,22,300.071,6315,540,0
59,4.5,22,300.001,5643.73,546.001,0
60,4.5,22,300.002,5418,639,0
61,4.5,22,300.074,6852,600,0
62,4.5,22,300.053,5589.73,690,0
63,4.5,22,300.039,7557,570,0
64,4.5,22,300.045,6849,570,0
65,4.5,22,300.091,5550,540,0
66,4.5,22,300.021,5574.73,540,0
67,4.5,22,300.005,5007,450,0
68,4.5,22,300.023,4827,540,0
69,4.5,22,300.002,5736,588,0
70,4.5,22,300.021,6087,660,0
71,4.5,22,300.012,5307.73,630,0
72,4.5,22,300.012,4587,510,0
73,4.5,22,300.008,5997,570,0
74,4.5,22,300.015,5367,480,0
75,4.5,22,300.007,5322.64,540,0
76,4.5,22,300,6159.73,630,0
77,4.5,22,300.026,5653.46,570,0
78,4.5,22,300.024,5270.19,540.728,0
79,4.5,22,300.036,4875,468,0
80,4.5,22,300.037,5718,540,0
81,4.5,22,300.005,5883,630,0
82,4.5,22,300.001,5571,570,0
83,4.5,22,300.022,5076,540,0
84,4.5,22,300.025,6387,660,0
85,4.5,22,300.09,5925.73,699,0
86,4.5,22,300.08,5688,450,0
87,4.5,22,300.006,5337.73,630.728,0
88,4.5,22,300.032,5547,480,0
89,4.5,22,300.059,6987,600,0
90,4.5,22,300.071,5538,630,0
91,4.5,22,300.013,6357,579,0
92,4.5,22,300.06,6180,510,0
93,4.5,22,300.053,6195,570,0
94,4.5,22,300.115,6297.73,570,0
95,4.5,22,300.042,5974.46,570,0
96,4.5,22,300.022,6201.73,630,0
97,4.5,22,300.025,5451.73,552.728,0
98,4.5,22,300.038,4905,450,0
99,4.5,22,300.056,6147,660,0
0,4.5,23,300.011,5661.73,450,0
1,4.5,23,300.022,5775.73,480,0
2,4.5,23,300.05,6147.73,600,0
3,4.5,23,300.067,5379,510,0
4,4.5,23,300,6907.46,660,0
5,4.5,23,300.023,5856,609,0
6,4.5,23,300,4830,456.001,0
7,4.5,23,300.057,6309.73,489,0
8,4.5,23,300.025,6306,480,0
9,4.5,23,300.045,4419,399,0
10,4.5,23,300.135,6321,630,0
11,4.5,23,300.044,6738,519,0
12,4.5,23,300.019,6678,540,0
13,4.5,23,300.078,6126,600,0
14,4.5,23,300.027,5373,630,0
15,4.5,23,300.039,7023,630,0
16,4.5,23,300.07,6747,510,0
17,4.5,23,300,7962.73,630,0
18,4.5,23,300,5058,594.001,0
19,4.5,23,300.041,5697,480,0
20,4.5,23,300.053,6460.46,570,0
21,4.5,23,300,7941.73,630,0
22,4.5,23,300.037,6296.1,570,0
23,4.5,23,300.041,6378,510,0
24,4.5,23,300.025,5679.73,540,0
25,4.5,23,300.05,4536,510,0
26,4.5,23,300.007,6375,660,0
27,4.5,23,300.061,4578,519,0
28,4.5,23,300.108,6237,609,0
29,4.5,23,300.077,4908,480,0
30,4.5,23,300.023,5817,540,0
31,4.5,23,300.052,6678,510,0
33,4.5,23,293.095,5562.73,630,0
32,4.5,23,300.05,6405,540,0
34,4.5,23,300.029,6408,630,0
35,4.5,23,300.024,4827,450,0
36,4.5,23,300.056,5196,660,0
37,4.5,23,300.072,6297,660,0
38,4.5,23,300.046,5507.18,540,0
39,4.5,23,300.027,6617.91,651.728,0
40,4.5,23,300.067,5130.73,420,0
41,4.5,23,300.043,5670,630,0
42,4.5,23,300.094,5775,540,0
43,4.5,23,300.018,5736,549,0
44,4.5,23,300,5704.46,552.728,0
45,4.5,23,300.001,5703,510,0
46,4.5,23,300.058,6144,690,0
47,4.5,23,300.052,6819,630,0
48,4.5,23,300.154,6678,660,0
49,4.5,23,300.054,5886,510,0
50,4.5,23,300.019,4770,540,0
51,4.5,23,300.03,6765,558,0
52,4.5,23,300.005,6006,510,0
53,4.5,23,300.009,5310.73,570,0
54,4.5,23,300.025,7089,630,0
55,4.5,23,300.019,4821.73,459,0
56,4.5,23,300.071,6927.73,600,0
57,4.5,23,300.036,6157.46,510,0
58,4.5,23,300.001,6474,540,0
59,4.5,23,300.002,5751,546.001,0
60,4.5,23,300.002,5748,639,0
61,4.5,23,300.102,7026,600,0
62,4.5,23,300.041,5865.73,630,0
63,4.5,23,300.052,7947,570,0
64,4.5,23,300.032,7125,600,0
65,4.5,23,300.062,5640,540,0
66,4.5,23,300.001,5841,558,0
67,4.5,23,300.017,5187,450,0
68,4.5,23,300.069,5037,540,0
69,4.5,23,300.087,5826,588,0
70,4.5,23,300.058,6327,660,0
71,4.5,23,300.059,5427.73,630,0
72,4.5,23,300.05,5037,510,0
73,4.5,23,300.041,6147,570,0
74,4.5,23,300.006,5547,480,0
75,4.5,23,300.071,5652.64,540,0
76,4.5,23,300.001,6609,630,0
77,4.5,23,300.036,5773.46,570,0
78,4.5,23,300.002,5508.64,540,0
79,4.5,23,300.033,4941.73,462.728,0
80,4.5,23,300.056,5838,540,0
81,4.5,23,300.04,5943,630,0
82,4.5,23,300.001,5841,570,0
83,4.5,23,300.035,5277,540,0
84,4.5,23,300.046,6537,639,0
85,4.5,23,300.011,6435.73,699,0
86,4.5,23,300.008,5898,450,0
87,4.5,23,300.071,5427.73,630.728,0
88,4.5,23,300.03,5967,480,0
89,4.5,23,300.01,7275,540,0
90,4.5,23,300.03,5757,630,0
91,4.5,23,300.04,6507,579,0
92,4.5,23,300.102,6510,510,0
93,4.5,23,300.008,6585,570,0
94,4.5,23,300.011,6477.73,570,0
95,4.5,23,300.041,6394.46,570,0
96,4.5,23,300.058,6261.73,630,0
97,4.5,23,300.017,5751.73,552.728,0
98,4.5,23,300.019,5073,450,0
99,4.5,23,300.089,6267,660,0
0,4.5,24,300.097,5841.73,450,0
1,4.5,24,300.035,6105.73,480,0
2,4.5,24,300.036,6477.73,600,0
3,4.5,24,300.046,5589,510,0
4,4.5,24,300,7356,660,0
5,4.5,24,300.033,6396.73,609,0
6,4.5,24,300,5100,456.001,0
7,4.5,24,300.082,6549.73,489,0
8,4.5,24,300.048,6696,480,0
9,4.5,24,300.01,4599,399,0
10,4.5,24,300.133,6741,630,0
11,4.5,24,300.047,6936,510,0
12,4.5,24,300.072,6828,540,0
13,4.5,24,300.014,6156,600,0
14,4.5,24,300.027,5613,630,0
15,4.5,24,300.02,7353,630,0
16,4.5,24,300.099,6867,510,0
17,4.5,24,300,8118,639,0
18,4.5,24,300.001,5478,600,0
19,4.5,24,300.027,5859,540,0
20,4.5,24,300.049,6970.46,570,0
21,4.5,24,300.003,8331.73,630,0
22,4.5,24,300.001,6954,690,0
23,4.5,24,300.062,6501,510,0
24,4.5,24,300.066,5757,540,0
25,4.5,24,300.069,4866,510,0
26,4.5,24,300.041,6543,660,0
27,4.5,24,300.063,4998,519,0
28,4.5,24,300.065,6366,660,0
29,4.5,24,300.09,5028,480,0
30,4.5,24,300.083,5967,540,0
31,4.5,24,300.013,6768,510,0
32,4.5,24,300.004,6447.73,540,0
33,4.5,24,300,5949,630,0
34,4.5,24,300,6819,630,0
35,4.5,24,300.066,5037,450,0
36,4.5,24,300.043,5487,660,0
37,4.5,24,300.042,6582,660,0
38,4.5,24,300.075,5955.73,540,0
39,4.5,24,300.087,6707.91,651.728,0
40,4.5,24,300.008,5250.73,420,0
41,4.5,24,300.084,5730,630,0
42,4.5,24,300.054,6192,549,0
43,4.5,24,300.061,5916,549,0
44,4.5,24,300.022,6039.73,540,0
45,4.5,24,300,5913,510,0
46,4.5,24,300.068,6444,690,0
47,4.5,24,300.018,6879,630,0
48,4.5,24,300.011,6798,660,0
49,4.5,24,300.094,6126,510,0
50,4.5,24,300.005,5115,540,0
51,4.5,24,300.025,7038,600,0
52,4.5,24,300.085,6546,540,0
53,4.5,24,300.044,5946,669,0
54,4.5,24,300.006,7159.46,630,0
55,4.5,24,300.018,5301.73,480,0
56,4.5,24,300.077,7077.73,600,0
57,4.5,24,300.039,6457.46,510,0
58,4.5,24,300.001,6564,540,0
59,4.5,24,300.002,6021,546.001,0
60,4.5,24,300.002,5928,639,0
61,4.5,24,300.018,7272,600,0
62,4.5,24,300.016,6465.73,630,0
63,4.5,24,300.001,8217,570,0
64,4.5,24,300.108,7485,600,0
65,4.5,24,300.063,5730,540,0
66,4.5,24,300,5871,540,0
67,4.5,24,300.058,5727,540,0
68,4.5,24,300.063,5157,540,0
69,4.5,24,300.106,6156,588,0
70,4.5,24,300.022,6927,660,0
71,4.5,24,300.024,5667.73,630,0
72,4.5,24,300.078,5367,510,0
73,4.5,24,300.065,6423,570,0
74,4.5,24,300.014,5787,480,0
75,4.5,24,300.046,5682.64,540,0
76,4.5,24,300.001,6789,630,0
77,4.5,24,300.001,6483,750,0
78,4.5,24,300,5967,540,0
79,4.5,24,300.056,5151.73,462.728,0
80,4.5,24,300.045,6288,540,0
81,4.5,24,300,6300.73,630,0
82,4.5,24,300.001,6171,570,0
83,4.5,24,300.064,5607,540,0
84,4.5,24,300.026,6663,630,0
85,4.5,24,300.034,6945.73,699,0
86,4.5,24,300.085,6108,450,0
87,4.5,24,300.04,5667.73,621.728,0
88,4.5,24,300.023,6147,480,0
89,4.5,24,300.043,7716,600,0
90,4.5,24,300.027,5967,630,0
91,4.5,24,300.116,6747,579,0
92,4.5,24,300.071,6900,510,0
93,4.5,24,300.028,6855,570,0
94,4.5,24,300.012,6537.73,570,0
95,4.5,24,300.081,6807.73,570,0
96,4.5,24,300.054,6531.73,630,0
97,4.5,24,300.03,6171.73,552.728,0
98,4.5,24,300.033,5643,570,0
99,4.5,24,300.077,6447,660,0
