0,4.5,5,0.000646006,1350,450,0
1,4.5,5,0.000100708,900,360,0
2,4.5,5,0.000100498,1050,540,0
4,4.5,5,0.000107711,1110,330,0
3,4.5,5,0.00189722,1140,420,10
5,4.5,5,0.000116238,810,270,0
6,4.5,5,0.00115009,870,270,7
8,4.5,5,0.000226883,1380,390,0
9,4.5,5,9.8644e-05,990,330,0
10,4.5,5,8.8695e-05,690,240,0
7,4.5,5,0.0059655,1152.73,420,17
11,4.5,5,0.000752383,1530,510,3
13,4.5,5,9.7592e-05,930,300,0
14,4.5,5,0.000440573,1230,330,0
16,4.5,5,0.000649272,1350,390,2
17,4.5,5,0.000355873,1650,540,3
18,4.5,5,8.6332e-05,720,240,0
19,4.5,5,0.000170879,930,240,0
21,4.5,5,0.00011304,1200,420,0
20,4.5,5,0.000909146,1260,390,3
22,4.5,5,0.000242293,1470,570,0
25,4.5,5,9.0729e-05,600,210,0
23,4.5,5,0.00509336,998.184,240,5
26,4.5,5,0.00044973,960,270,4
27,4.5,5,0.000319666,1110,510,0
28,4.5,5,0.00125102,1830,600,3
29,4.5,5,0.000322422,690,300,3
30,4.5,5,0.000163615,840,240,0
32,4.5,5,0.000603657,1800,540,3
33,4.5,5,0.000134411,1320,570,0
34,4.5,5,8.7342e-05,900,330,0
35,4.5,5,0.000758487,1020,450,6
31,4.5,5,0.0100247,1602.73,480,15
36,4.5,5,0.000394545,720,390,3
37,4.5,5,8.3495e-05,780,360,0
38,4.5,5,0.000227134,1020,300,2
39,4.5,5,0.000131896,1290,390,0
40,4.5,5,0.000358247,1080,360,3
41,4.5,5,0.00110401,990,540,4
43,4.5,5,0.000265846,1140,420,0
42,4.5,5,0.00241048,1032.73,312.728,6
45,4.5,5,0.000305279,960,390,0
46,4.5,5,0.000770018,1230,510,4
48,4.5,5,0.000799983,1140,420,4
49,4.5,5,0.000278178,1260,420,0
50,4.5,5,0.000366163,1350,390,0
52,4.5,5,0.000796385,1200,390,3
53,4.5,5,0.00525932,900,270,0
55,4.5,5,0.000172461,900,240,0
54,4.5,5,0.00174527,1530,630,4
57,4.5,5,0.000146373,1320,420,0
58,4.5,5,0.000166071,990,450,0
61,4.5,5,0.000122228,1440,480,0
63,4.5,5,0.000128751,1530,450,0
60,4.5,5,0.00451147,1500,450,19
62,4.5,5,0.000628784,1800,630,0
64,4.5,5,0.000174114,1620,480,0
65,4.5,5,0.000434412,990,210,2
66,4.5,5,0.000447154,1140,540,3
67,4.5,5,0.000276277,960,330,0
68,4.5,5,0.000149268,1890,540,0
69,4.5,5,0.000332892,1320,540,2
70,4.5,5,0.00014472,1260,450,0
71,4.5,5,0.000109193,870,300,0
74,4.5,5,0.000453767,810,210,2
75,4.5,5,0.000514319,960,270,0
76,4.5,5,0.000189914,1710,630,0
77,4.5,5,0.000138048,1260,510,0
78,4.5,5,0.000732757,1020,390,4
79,4.5,5,0.000147314,1200,390,0
82,4.5,5,9.8323e-05,810,300,0
81,4.5,5,0.00182263,1200,420,16
83,4.5,5,0.000129552,1020,480,0
84,4.5,5,0.000514261,1680,600,0
85,4.5,5,0.000166249,1560,660,0
88,4.5,5,0.000382905,1290,480,2
87,4.5,5,0.00201524,1740,540,7
91,4.5,5,0.000114404,1140,510,0
90,4.5,5,0.000290803,1020,360,0
92,4.5,5,0.00225389,1500,480,5
93,4.5,5,0.000155109,1560,480,0
89,4.5,5,0.0128679,848.184,295.456,10
94,4.5,5,0.000118361,1020,420,0
95,4.5,5,0.000626048,1230,360,4
96,4.5,5,0.000189013,1590,630,0
97,4.5,5,0.000450712,1470,360,0
98,4.5,5,0.000891193,1140,450,6
99,4.5,5,0.000896803,1800,480,4
0,4.5,6,0.000744809,1530,450,0
1,4.5,6,0.000115215,1290,390,0
3,4.5,6,0.00176537,1380,420,10
4,4.5,6,0.00014965,1260,330,0
6,4.5,6,0.0012885,1230,360,7
8,4.5,6,0.000247492,1620,390,0
9,4.5,6,0.000113241,1050,330,0
10,4.5,6,0.000107419,840,240,0
11,4.5,6,0.00110994,1560,510,5
13,4.5,6,0.000112009,1020,300,0
14,4.5,6,0.000435763,1290,330,0
16,4.5,6,0.00244478,1830,480,6
17,4.5,6,0.00130074,1980,540,5
18,4.5,6,0.000133489,900,240,0
19,4.5,6,0.000343832,1050,240,0
20,4.5,6,0.00183683,1650,390,5
21,4.5,6,0.00031626,1560,420,0
22,4.5,6,0.000383785,1590,570,0
25,4.5,6,0.000108001,780,210,0
23,4.5,6,0.00457667,1388.18,390,5
27,4.5,6,0.000341647,1260,510,0
26,4.5,6,0.00153195,1170,330,10
29,4.5,6,0.000777792,1140,450,6
28,4.5,6,0.00148416,2130,600,3
32,4.5,6,0.000603357,1950,540,3
33,4.5,6,0.000601973,1470,570,3
34,4.5,6,0.000143106,1350,450,0
35,4.5,6,0.000845679,1200,450,6
31,4.5,6,0.00989776,1722.73,480,19
36,4.5,6,0.000415345,960,390,3
37,4.5,6,0.000545589,1350,570,2
38,4.5,6,0.000237283,1170,300,2
39,4.5,6,0.000276997,1650,390,0
40,4.5,6,0.000439962,1260,360,3
41,4.5,6,0.00188355,1290,540,8
43,4.5,6,0.001388,1590,450,4
42,4.5,6,0.0022037,1062.73,312.728,6
45,4.5,6,0.000297384,1140,390,0
46,4.5,6,0.000854926,1470,510,4
49,4.5,6,0.000259244,1560,420,0
48,4.5,6,0.00105863,1530,420,4
50,4.5,6,0.000390759,1410,390,0
53,4.5,6,9.8735e-05,930,270,0
52,4.5,6,0.0012704,1650,450,5
55,4.5,6,0.000244035,1080,240,0
54,4.5,6,0.00218173,1620,630,6
58,4.5,6,0.000187419,1410,450,0
61,4.5,6,0.000149439,1530,480,0
60,4.5,6,0.00551345,1650,450,23
62,4.5,6,0.00476652,1860,630,5
63,4.5,6,0.00086158,1740,450,2
64,4.5,6,0.00083062,2190,570,2
65,4.5,6,0.000495576,1170,210,2
66,4.5,6,0.00163942,1560,540,5
67,4.5,6,0.00099096,1290,330,3
68,4.5,6,0.000458084,2040,540,2
69,4.5,6,0.000334274,1560,540,2
71,4.5,6,0.000136175,1080,300,0
70,4.5,6,0.00241332,1452.73,450,8
74,4.5,6,0.000432708,930,210,2
75,4.5,6,0.000608827,1050,270,0
72,4.5,5,6.30394,1632.73,522.728,33
76,4.5,6,0.000655813,1950,630,3
77,4.5,6,0.00018733,1530,510,0
78,4.5,6,0.00066944,1110,390,4
79,4.5,6,0.000150241,1290,390,0
72,4.5,6,6.04565,1812.73,522.728,33
81,4.5,6,0.00212621,1440,420,19
82,4.5,6,0.000134069,900,300,0
83,4.5,6,0.00164132,1302.73,480,4
84,4.5,6,0.00167627,2130,600,2
85,4.5,6,0.000181358,1890,660,0
87,4.5,6,0.00522677,1980,600,16
88,4.5,6,0.00126524,1770,480,8
89,4.5,6,0.015168,1388.18,540,13
90,4.5,6,0.000448446,1140,360,2
91,4.5,6,0.000252591,1530,510,0
92,4.5,6,0.00780781,1628.18,480,10
93,4.5,6,0.00715027,1688.18,480,7
94,4.5,6,0.00017199,1140,420,0
95,4.5,6,0.0138231,1572.73,360,25
96,4.5,6,0.00146169,2070,630,4
97,4.5,6,0.000973207,1590,360,5
98,4.5,6,0.00218939,1212.73,450,9
99,4.5,6,0.000965811,2010,480,4
15,4.5,5,300.024,1089,330,7
24,4.5,5,300.016,999,390,6
12,4.5,5,300.044,1629,450,15
47,4.5,5,300.008,1838.18,600,25
44,4.5,5,300.047,1431.73,420,53
56,4.5,5,300.038,1419,510,2
86,4.5,5,300.011,1359,450,2
51,4.5,5,300.075,1599,480,6
73,4.5,5,300.041,909,390,2
80,4.5,5,300.051,1359,450,5
12,4.5,6,300.003,1749,450,10
59,4.5,5,300.133,1329,459,9
2,4.5,6,300.056,1389,549,2
7,4.5,6,300.053,1641.73,489,29
30,4.5,6,300.022,1089,249,2
15,4.5,6,300.062,1479,390,7
5,4.5,6,300.094,939,279,2
24,4.5,6,300.047,1149,390,6
57,4.5,6,300.015,1547.18,420,6
44,4.5,6,300.046,1701.73,420,53
56,4.5,6,300.032,2049,630,12
51,4.5,6,300.05,1869,480,6
47,4.5,6,300.069,2228.18,600,25
1,4.5,7,0.000147035,1380,390,0
4,4.5,7,0.000127628,1380,330,0
3,4.5,7,0.00272989,1740,420,14
6,4.5,7,0.0013685,1410,360,7
8,4.5,7,0.000820131,1920,390,3
9,4.5,7,0.000137226,1260,330,0
10,4.5,7,9.5127e-05,900,240,0
11,4.5,7,0.00153764,1890,510,7
13,4.5,7,0.000113512,1170,300,0
14,4.5,7,0.000476821,1620,330,0
16,4.5,7,0.00170777,2070,480,6
17,4.5,7,0.00136821,2070,540,5
18,4.5,7,0.000126207,1110,240,0
19,4.5,7,0.000219119,1170,240,0
20,4.5,7,0.00216454,2130,480,5
21,4.5,7,0.00137861,1950,420,2
22,4.5,7,0.000288118,1770,570,0
25,4.5,7,0.000113673,960,210,0
26,4.5,7,0.00116962,1470,330,10
27,4.5,7,0.000493661,1290,510,4
28,4.5,7,0.00116883,2250,600,5
29,4.5,7,0.00107887,1170,450,9
32,4.5,7,0.00102931,2370,540,3
34,4.5,7,0.000157535,1650,450,0
33,4.5,7,0.00226028,1860,570,4
35,4.5,7,0.00069135,1530,450,6
36,4.5,7,0.000358789,1080,390,3
37,4.5,7,0.000927992,1680,570,4
38,4.5,7,0.000222846,1230,300,2
31,4.5,7,0.0131469,2202.73,480,20
40,4.5,7,0.000402912,1470,360,3
41,4.5,7,0.00154203,1350,540,8
43,4.5,7,0.00148202,1800,450,6
42,4.5,7,0.00256272,1542.73,480,6
46,4.5,7,0.000816262,1590,510,4
49,4.5,7,0.000790836,1830,420,3
50,4.5,7,0.000472493,1530,390,0
48,4.5,7,0.001182,1800,420,4
52,4.5,7,0.00123604,1980,450,5
53,4.5,7,0.000632088,1350,420,4
55,4.5,7,0.000206986,1110,240,0
58,4.5,7,0.00086348,1740,510,4
61,4.5,7,0.00275343,2130,600,8
60,4.5,7,0.00420553,1800,450,23
63,4.5,7,0.00122923,1860,450,6
64,4.5,7,0.000766419,2370,570,2
62,4.5,7,0.0035276,2160,630,5
65,4.5,7,0.000447506,1350,210,2
59,4.5,6,300.011,1719,459,10
68,4.5,7,0.000385468,2220,540,2
66,4.5,7,0.00328322,1662.73,540,9
69,4.5,7,0.000351907,1890,540,2
71,4.5,7,0.00013923,1230,300,0
70,4.5,7,0.00262375,1542.73,450,8
74,4.5,7,0.000469296,960,210,2
76,4.5,7,0.000521222,2340,630,3
77,4.5,7,0.000502178,1950,510,2
75,4.5,7,0.00640087,1392.73,330,19
79,4.5,7,0.000301703,1500,390,0
78,4.5,7,0.00683727,1422.73,390,14
81,4.5,7,0.00248429,1590,420,19
82,4.5,7,0.000252442,1080,300,2
83,4.5,7,0.00272092,1512.73,480,6
84,4.5,7,0.00221995,2400,600,2
73,4.5,6,300.096,1281.73,390,21
85,4.5,7,0.000195716,2070,660,0
88,4.5,7,0.00130067,1920,480,8
87,4.5,7,0.00760543,2040,600,18
90,4.5,7,0.0004181,1290,360,2
91,4.5,7,0.00032177,1680,510,0
89,4.5,7,0.372932,1830,540,33
72,4.5,7,5.95669,1992.73,522.728,35
94,4.5,7,0.000222025,1260,420,0
92,4.5,7,0.00841378,2018.18,480,10
93,4.5,7,0.00823122,1808.18,480,7
96,4.5,7,0.0014532,2430,630,4
97,4.5,7,0.00150589,2130,540,8
98,4.5,7,0.00185658,1482.73,450,9
99,4.5,7,0.00121062,2430,480,4
1,4.5,8,0.00613755,1662.73,390,18
80,4.5,6,300.04,1479,450,10
3,4.5,8,0.0033757,1830,420,17
4,4.5,8,0.000474997,1530,330,4
86,4.5,6,300.009,1599,459,6
0,4.5,7,300.036,1989,459,5
8,4.5,8,0.00114996,2040,390,5
9,4.5,8,0.000149029,1470,330,0
10,4.5,8,0.0105031,1452.73,540,22
95,4.5,7,48.6363,1971.73,399,57
12,4.5,7,300.008,2019,450,18
23,4.5,7,300.026,1658.18,390,6
30,4.5,7,300.024,1359,270,2
2,4.5,7,300.077,1719,549,2
44,4.5,7,300.006,1971.73,420,53
24,4.5,7,300.044,1431.73,390,11
15,4.5,7,300.076,1731.73,390,11
45,4.5,7,300.033,1419,390,2
7,4.5,7,300.105,1938,489,17
54,4.5,7,300.028,1719,630,16
56,4.5,7,300.028,2529,630,12
59,4.5,7,300.032,1809,450,14
39,4.5,7,300.066,1929,390,2
5,4.5,7,300.13,1059,279,2
57,4.5,7,300.059,1856.18,420,6
51,4.5,7,300.071,2409,540,6
47,4.5,7,300.091,2577,600,30
13,4.5,8,0.000623042,1470,300,3
14,4.5,8,0.000550868,1830,330,0
17,4.5,8,0.00140937,2190,540,5
18,4.5,8,0.000123049,1200,240,0
19,4.5,8,0.000604709,1320,240,2
20,4.5,8,0.00282089,2310,480,9
21,4.5,8,0.00182262,2340,420,5
22,4.5,8,0.000425363,2070,570,0
16,4.5,8,0.0149272,2400,480,34
25,4.5,8,0.00012314,1050,210,0
26,4.5,8,0.00133841,1620,330,10
27,4.5,8,0.000501657,1410,510,4
28,4.5,8,0.00185149,2340,600,9
29,4.5,8,0.00119485,1380,450,9
32,4.5,8,0.00136404,2880,540,3
34,4.5,8,0.000193962,1980,450,0
33,4.5,8,0.00295571,2280,570,7
35,4.5,8,0.00129841,1590,450,9
37,4.5,8,0.00118483,2190,570,4
38,4.5,8,0.000731946,1590,360,5
31,4.5,8,0.0169245,2322.73,480,24
40,4.5,8,0.00146174,1590,360,11
41,4.5,8,0.00252822,1620,540,12
43,4.5,8,0.00148528,1890,450,6
42,4.5,8,0.00430367,2022.73,480,10
46,4.5,8,0.00199248,1980,510,8
48,4.5,8,0.00163698,2010,420,8
49,4.5,8,0.000689285,2070,420,3
50,4.5,8,0.000526504,1620,390,0
52,4.5,8,0.00137879,2160,450,7
55,4.5,8,0.000247462,1230,240,0
53,4.5,8,0.00201515,1530,420,4
67,4.5,7,300.066,1419,330,3
58,4.5,8,0.000861768,1950,510,4
62,4.5,8,0.00727452,2400,630,10
61,4.5,8,0.0193838,2438.18,600,17
73,4.5,7,300.057,1611.73,390,21
63,4.5,8,0.00209574,2130,450,9
65,4.5,8,0.000506286,1830,480,2
80,4.5,7,300.053,1539,450,13
68,4.5,8,0.000414102,2250,540,2
70,4.5,8,0.00264634,1962.73,450,8
86,4.5,7,300.056,1689,459,10
71,4.5,8,0.000417499,1620,390,0
0,4.5,8,300.088,2259,519,13
74,4.5,8,0.00109716,1380,420,5
2,4.5,8,300.057,2169,540,2
76,4.5,8,0.000660692,2550,630,3
75,4.5,8,0.00726015,1452.73,330,19
5,4.5,8,300.054,1521.73,450,22
72,4.5,8,5.88181,2082.73,522.728,39
79,4.5,8,0.000321249,1650,390,0
77,4.5,8,0.0402091,2352.73,510,40
6,4.5,8,300.086,1509,360,6
64,4.5,8,9.59425,2622.73,570,34
82,4.5,8,0.000329374,1530,450,2
83,4.5,8,0.00332761,1662.73,480,6
81,4.5,8,0.121415,1662.73,462.728,39
85,4.5,8,0.000850178,2430,660,4
87,4.5,8,0.00858453,2130,600,22
88,4.5,8,0.00408525,2130,480,20
89,4.5,8,0.368119,2010,540,35
7,4.5,8,300.045,2109,480,23
90,4.5,8,0.000443989,1530,360,2
91,4.5,8,0.00168506,2040,510,8
92,4.5,8,0.00939434,2108.18,480,10
94,4.5,8,0.000295291,1500,420,0
93,4.5,8,0.00781921,2168.18,480,7
96,4.5,8,0.00320345,2772.73,630,9
97,4.5,8,0.00174595,2280,540,8
98,4.5,8,0.0180841,1855.46,450,11
99,4.5,8,0.0011954,3030,600,4
1,4.5,9,0.0139236,2112.73,450,22
69,4.5,8,18.5049,2472.73,570,44
3,4.5,9,0.00410581,1950,420,17
4,4.5,9,0.000960293,2070,540,8
11,4.5,8,300.047,2379,510,13
12,4.5,8,300.101,2469,450,18
95,4.5,8,76.9341,2511.73,540,60
8,4.5,9,0.0011975,2340,390,5
9,4.5,9,0.000190575,1860,390,0
10,4.5,9,0.0105376,1542.73,540,22
44,4.5,8,300.002,2088,429,51
23,4.5,8,300.047,1808.18,390,6
39,4.5,8,300.032,2199,450,12
51,4.5,8,300.009,2589,549,12
36,4.5,8,300.04,1149,399,9
47,4.5,8,300.025,2877,600,30
30,4.5,8,300.057,1419,270,2
24,4.5,8,300.079,1761.73,390,12
45,4.5,8,300.059,1509,390,2
15,4.5,8,300.133,2091.73,390,11
56,4.5,8,300.061,2709,630,12
54,4.5,8,300.09,2169,630,24
57,4.5,8,300.092,2276.18,420,8
13,4.5,9,0.000866697,1740,300,6
18,4.5,9,0.00049809,1410,240,2
19,4.5,9,0.00204027,1740,420,9
20,4.5,9,0.00283781,2400,480,9
21,4.5,9,0.00203143,2580,420,5
22,4.5,9,0.000553964,2340,570,0
25,4.5,9,0.000141243,1200,210,0
16,4.5,9,0.0306098,2700,480,41
26,4.5,9,0.00508808,1740,330,23
60,4.5,8,300.052,1989,450,24
59,4.5,8,300.074,2019,450,14
27,4.5,9,0.000879712,1470,510,6
28,4.5,9,0.00177852,2460,600,9
29,4.5,9,0.00314545,1530,510,12
33,4.5,9,0.00286974,2400,570,7
32,4.5,9,0.00416617,3330,540,10
35,4.5,9,0.00128056,1890,450,9
37,4.5,9,0.00173365,2280,570,8
38,4.5,9,0.000831731,1740,360,5
31,4.5,9,0.0231307,2772.73,480,27
66,4.5,8,300.059,1791.73,540,8
40,4.5,9,0.00164937,1920,360,11
41,4.5,9,0.00311696,1830,540,12
42,4.5,9,0.00643448,2322.73,480,12
43,4.5,9,0.00238525,1980,450,9
67,4.5,8,300.036,1779,360,3
48,4.5,9,0.00244986,2220,420,8
50,4.5,9,0.000614717,1710,390,0
52,4.5,9,0.00172203,2520,450,7
53,4.5,9,0.00345286,2040,510,7
73,4.5,8,300.1,1731.73,399,21
55,4.5,9,0.000247271,1380,240,0
78,4.5,8,300.011,1629,399,15
80,4.5,8,300.082,1839,450,13
84,4.5,8,300.07,2529,600,7
58,4.5,9,0.00174777,2250,510,4
86,4.5,8,300.087,1809,459,10
61,4.5,9,0.0452797,2618.18,600,33
62,4.5,9,0.00703555,2610,630,10
63,4.5,9,0.00218353,2700,570,9
64,4.5,9,3.35586,2682.73,570,36
0,4.5,9,300.051,2439,510,15
65,4.5,9,0.00064337,1920,480,4
2,4.5,9,300.081,2649,549,25
68,4.5,9,0.000485556,2340,540,2
5,4.5,9,300.008,1851.73,450,22
70,4.5,9,0.00315444,2622.73,660,8
71,4.5,9,0.00183743,2070,450,4
6,4.5,9,300.118,1659,360,6
72,4.5,9,5.87291,2142.73,522.728,39
74,4.5,9,0.168756,1779,420,52
75,4.5,9,0.00967159,1992.73,540,30
69,4.5,9,18.4329,2982.73,570,44
77,4.5,9,0.0450628,2592.73,510,40
7,4.5,9,300.04,2529,480,26
79,4.5,9,0.000312615,1710,390,0
11,4.5,9,300.008,2799,510,48
81,4.5,9,0.123453,2232.73,570,37
82,4.5,9,0.000352537,1710,450,2
83,4.5,9,0.00277741,1692.73,480,6
12,4.5,9,300.035,2979,510,23
15,4.5,9,300.05,2451.73,390,13
24,4.5,9,300.034,2061.73,390,12
23,4.5,9,300.044,2228.18,420,6
17,4.5,9,300.096,2649,540,10
14,4.5,9,300.123,2229,390,2
88,4.5,9,0.00310268,2430,480,12
90,4.5,9,0.000447034,1590,360,2
85,4.5,9,0.0117874,2738.18,660,26
87,4.5,9,0.00679373,2250,600,22
89,4.5,9,0.341127,2520,540,38
34,4.5,9,300.008,2559,570,9
36,4.5,9,300.106,1539,399,12
30,4.5,9,300.123,1929,510,6
94,4.5,9,0.000630588,1830,420,0
97,4.5,9,0.00166931,2520,540,8
92,4.5,9,0.0111008,2498.18,480,14
96,4.5,9,0.00574239,3252.73,630,11
98,4.5,9,0.0154038,2035.46,450,11
93,4.5,9,0.087081,2270.91,522.728,21
44,4.5,9,300.001,2268,429,51
46,4.5,9,300.009,2199,510,21
47,4.5,9,300.053,2967,600,30
45,4.5,9,300.085,1659,390,2
39,4.5,9,300.101,2439,450,12
99,4.5,9,0.00641803,3300,600,14
1,4.5,10,0.0129174,2352.73,450,26
8,4.5,10,0.00132933,2580,390,5
9,4.5,10,0.000264935,2010,390,0
4,4.5,10,0.0147516,2502.73,540,17
3,4.5,10,0.0926881,2112.73,420,36
49,4.5,9,300.096,2349,420,5
13,4.5,10,0.00135495,1920,300,6
10,4.5,10,0.0125903,1902.73,540,25
16,4.5,10,0.0151092,2970,480,50
51,4.5,9,300.018,2781.73,549,18
18,4.5,10,0.00136314,1800,390,6
19,4.5,10,0.00440018,2190,450,20
54,4.5,9,300.022,2667,630,110
22,4.5,10,0.0082315,2469,570,14
56,4.5,9,300.037,2949,630,18
25,4.5,10,0.000154889,1410,210,0
26,4.5,10,0.00552498,2040,330,25
27,4.5,10,0.00163014,1830,510,10
57,4.5,9,300.083,2576.18,420,8
28,4.5,10,0.00276341,2640,600,15
29,4.5,10,0.00556454,1650,510,15
59,4.5,9,300.026,2259,450,19
60,4.5,9,300.07,2259,450,24
31,4.5,10,0.0232354,3162.73,480,27
66,4.5,9,300.078,1911.73,540,8
35,4.5,10,0.00190173,2130,450,12
67,4.5,9,300.075,2229,450,6
37,4.5,10,0.00182355,2550,570,8
38,4.5,10,0.00173989,2040,360,12
73,4.5,9,300.041,2151.73,420,30
40,4.5,10,0.00186184,2310,390,11
41,4.5,10,0.0025885,1890,540,12
76,4.5,9,300.079,2889,630,17
43,4.5,10,0.00242693,2100,450,9
78,4.5,9,300.005,1779,390,35
80,4.5,9,300.075,2109,450,13
84,4.5,9,300.102,2949,600,7
95,4.5,9,234.721,2914.46,540,69
48,4.5,10,2.17125,2469,420,26
86,4.5,9,300.017,2079,459,10
50,4.5,10,0.00197211,2190,480,4
91,4.5,9,300.027,2619,579,16
52,4.5,10,0.00266867,2880,450,12
0,4.5,10,300.015,2589,510,13
7,4.5,10,300.011,3009,480,26
5,4.5,10,300.038,2451.73,600,26
6,4.5,10,300.079,1839,360,6
2,4.5,10,300.125,2829,549,35
53,4.5,10,0.00432543,2220,510,21
58,4.5,10,0.00476899,2790,540,10
11,4.5,10,300.003,3099,510,48
14,4.5,10,300.038,2379,390,2
12,4.5,10,300.058,3069,510,19
15,4.5,10,300.069,2931.73,480,17
62,4.5,10,0.00698669,2730,630,13
63,4.5,10,0.0134316,3210,570,24
61,4.5,10,0.0537818,2948.18,600,33
20,4.5,10,300.025,2529,480,14
17,4.5,10,300.081,2799,540,14
68,4.5,10,0.00352465,2460,540,19
21,4.5,10,300.001,3039,459,67
71,4.5,10,0.00179631,2640,570,4
24,4.5,10,300.012,2331.73,390,21
23,4.5,10,300.122,2738.18,510,6
74,4.5,10,0.17248,1899,420,55
75,4.5,10,0.00949928,2142.73,540,32
64,4.5,10,5.74473,3192.73,570,39
77,4.5,10,0.050666,2712.73,510,47
30,4.5,10,300.013,2079,510,16
79,4.5,10,0.00115024,1980,390,5
33,4.5,10,300,2850,570,92
32,4.5,10,300.076,3489,540,27
81,4.5,10,0.122004,2802.73,570,39
34,4.5,10,300.006,3129,579,11
82,4.5,10,0.0130645,2322.73,570,14
85,4.5,10,0.0115661,2948.18,660,26
36,4.5,10,300.097,1659,399,12
87,4.5,10,0.659463,2442.73,600,54
88,4.5,10,0.00307369,2730,480,12
39,4.5,10,300.093,2769,450,12
90,4.5,10,0.00166681,2100,510,4
89,4.5,10,0.238968,2790,540,41
69,4.5,10,20.0205,3102.73,570,44
92,4.5,10,0.165996,3020.91,522.728,25
94,4.5,10,0.00078749,2190,420,0
42,4.5,10,300.029,2868,549,17
96,4.5,10,0.00473655,3612.73,630,11
44,4.5,10,300.009,2811.73,540,53
97,4.5,10,0.00172293,2580,540,8
99,4.5,10,0.00617597,3390,600,17
98,4.5,10,0.0207937,2485.46,450,21
45,4.5,10,300.121,1779,390,2
46,4.5,10,300.115,2529,510,21
47,4.5,10,300.092,3537,600,33
4,4.5,11,0.027554,3102.73,600,17
49,4.5,10,300.09,2409,420,4
51,4.5,10,300.09,3141.73,549,18
57,4.5,10,300.011,2816.18,420,12
55,4.5,10,300.018,1509,240,2
54,4.5,10,300.04,2907,630,113
56,4.5,10,300.105,3069,630,21
8,4.5,11,0.00345099,2880,390,15
9,4.5,11,0.000292627,2190,390,0
10,4.5,11,0.0189517,2262.73,540,37
60,4.5,10,300.025,2388,459,34
59,4.5,10,300.103,2439,450,22
13,4.5,11,0.0139563,2335.46,402.728,18
67,4.5,10,300.047,2379,450,6
66,4.5,10,300.06,2031.73,540,8
65,4.5,10,300.09,2139,480,3
18,4.5,11,0.00177864,2040,390,6
19,4.5,11,0.00542131,2610,450,26
16,4.5,11,0.018417,3210,480,55
70,4.5,10,300.039,3045,660,57
72,4.5,10,300,2529,510,179
73,4.5,10,300.082,2721.73,570,31
25,4.5,11,0.00123975,1830,420,8
26,4.5,11,0.00555885,2310,330,25
76,4.5,10,300.011,3159,630,19
27,4.5,11,0.00190498,1950,510,10
28,4.5,11,0.0169737,2982.73,600,20
78,4.5,10,300.105,2289,510,45
31,4.5,11,0.0282725,3522.73,480,29
80,4.5,10,300.059,2619,510,19
83,4.5,10,300.11,1971.73,480,9
35,4.5,11,0.00181841,2460,450,12
84,4.5,10,300.096,3099,600,7
86,4.5,10,300.002,2199,459,10
38,4.5,11,0.00176209,2370,360,10
91,4.5,10,300.056,2799,579,19
40,4.5,11,0.00144524,2370,390,11
93,4.5,10,300.062,2486.19,528.729,50
41,4.5,11,0.00270906,2160,540,12
43,4.5,11,0.00226933,2400,450,11
95,4.5,10,300,3210.73,540,93
0,4.5,11,300.088,2679,510,13
1,4.5,11,300.028,2481.73,450,43
2,4.5,11,300.116,3159,549,41
48,4.5,11,2.01253,2679,420,26
3,4.5,11,300.111,2271.73,420,49
50,4.5,11,0.0165706,2292.73,480,14
5,4.5,11,300.105,2991.73,600,33
52,4.5,11,0.00271642,3090,450,12
53,4.5,11,0.00454297,2400,510,25
6,4.5,11,300.03,1929,360,6
7,4.5,11,300.03,3429,480,28
11,4.5,11,300,3288,510,82
14,4.5,11,300.012,2619,399,8
12,4.5,11,300.023,3609,540,19
15,4.5,11,300.1,3039,480,24
58,4.5,11,0.00465235,3090,540,10
17,4.5,11,300.034,3129,540,26
61,4.5,11,0.403331,3050.91,600,47
20,4.5,11,300.002,2949,480,14
21,4.5,11,300,3489,459,67
22,4.5,11,300.02,2799,570,16
23,4.5,11,300.045,2919,510,20
24,4.5,11,300.042,2571.73,390,21
62,4.5,11,0.0356691,2858.18,630,24
68,4.5,11,0.00304681,2550,540,23
29,4.5,11,300.06,2079,450,38
71,4.5,11,0.00256822,3000,570,8
30,4.5,11,300.027,2379,510,16
32,4.5,11,300.056,3759,540,38
74,4.5,11,0.167538,1929,420,55
33,4.5,11,300,3210,570,95
64,4.5,11,5.69458,3492.73,570,39
75,4.5,11,0.0198406,2245.46,540,33
77,4.5,11,0.0507527,2892.73,510,47
34,4.5,11,300.061,3288,579,22
79,4.5,11,0.00126885,2040,390,5
81,4.5,11,0.342603,3115.46,642.728,53
37,4.5,11,300.034,2979,570,11
36,4.5,11,300.052,1839,399,12
82,4.5,11,0.0166699,2790,630,17
39,4.5,11,300.051,2829,450,12
42,4.5,11,300.044,3108,549,19
87,4.5,11,0.630432,2622.73,600,54
44,4.5,11,300.01,2901.73,540,53
89,4.5,11,0.301055,3270,540,43
45,4.5,11,300.032,1959,390,2
90,4.5,11,0.00150906,2310,510,6
92,4.5,11,4.75505,3509.91,522.728,109
46,4.5,11,300.005,2982.73,510,68
47,4.5,11,300.039,3723,600,39
94,4.5,11,0.00256727,2490,420,10
96,4.5,11,0.953683,3762.73,630,35
97,4.5,11,0.00285217,2790,540,12
98,4.5,11,0.024936,2665.46,450,21
99,4.5,11,0.00657643,3480,600,17
49,4.5,11,300.056,2739,420,7
51,4.5,11,300.104,3411.73,549,18
54,4.5,11,300,3265.46,630,112
69,4.5,11,120.341,3312.73,570,52
4,4.5,12,0.153618,3399,660,41
55,4.5,11,300.105,1629,240,2
56,4.5,11,300.098,3639,630,21
57,4.5,11,300.067,3278.91,462.728,50
59,4.5,11,300.114,2799,450,22
8,4.5,12,0.00400627,3090,390,17
60,4.5,11,300,2781.73,450,70
10,4.5,12,0.0188821,2322.73,540,37
63,4.5,11,300.026,3669,570,33
65,4.5,11,300.023,2439,480,3
66,4.5,11,300.022,2121.73,540,33
67,4.5,11,300.112,2679,450,10
70,4.5,11,300.075,3225,660,71
16,4.5,12,0.0173696,3249,480,56
18,4.5,12,0.0021606,2100,390,6
19,4.5,12,0.00555958,2880,450,26
72,4.5,11,300,2829,510,179
73,4.5,11,300.088,2901.73,570,31
76,4.5,11,300.106,3519,630,70
80,4.5,11,300.103,2799,510,28
78,4.5,11,300.123,2379,510,45
84,4.5,11,300.027,3219,600,11
83,4.5,11,300.053,2091.73,480,9
26,4.5,12,0.00809855,2880,570,31
85,4.5,11,300.113,3339,660,49
27,4.5,12,0.00266749,2370,510,15
28,4.5,12,0.0186665,3072.73,600,20
86,4.5,11,300.009,2469,459,10
31,4.5,12,0.095642,4002.73,480,37
88,4.5,11,300.011,2979,480,5
91,4.5,11,300.011,3069,579,19
35,4.5,12,0.00224583,2760,450,12
93,4.5,11,300.031,2786.19,528.729,50
95,4.5,11,300,3570.73,540,97
38,4.5,12,0.00249236,2880,510,10
0,4.5,12,300.021,3129,459,80
40,4.5,12,0.00408877,2640,390,24
41,4.5,12,0.0132892,2408.18,540,23
1,4.5,12,300.081,2781.73,450,47
43,4.5,12,0.00215711,2640,450,11
2,4.5,12,300.074,3249,549,45
3,4.5,12,300.086,2517,420,104
5,4.5,12,300.009,3261.73,600,33
6,4.5,12,300.016,2388,450,7
48,4.5,12,2.96615,3099,420,45
7,4.5,12,300.062,3489,480,28
50,4.5,12,0.0183334,2442.73,480,14
9,4.5,12,300.065,2589,390,7
52,4.5,12,0.00257639,3120,450,12
11,4.5,12,300,3378,510,82
14,4.5,12,300.031,2778,399,22
12,4.5,12,300.101,3729,540,24
13,4.5,12,300.127,2937,600,31
53,4.5,12,0.00439179,2460,510,23
15,4.5,12,300.08,3399,480,25
17,4.5,12,300.01,3759,630,34
21,4.5,12,300,3729,459,76
20,4.5,12,300.06,3249,480,14
61,4.5,12,0.379175,3290.91,600,47
22,4.5,12,300.095,3189,570,20
24,4.5,12,300.061,3111.73,540,24
25,4.5,12,300.073,2289,459,21
23,4.5,12,300.121,3189,510,24
64,4.5,12,2.45356,3552.73,570,39
29,4.5,12,300.053,2349,450,38
68,4.5,12,0.00387812,2790,540,23
32,4.5,12,300.053,3861.73,552.728,38
30,4.5,12,300.111,2589,510,16
71,4.5,12,0.00332572,3210,570,11
33,4.5,12,300,3480,570,94
34,4.5,12,300.07,3678,579,22
75,4.5,12,0.0212511,2305.46,540,33
36,4.5,12,300.088,2169,399,15
77,4.5,12,0.00525498,3000,570,17
37,4.5,12,300.039,3099,570,11
79,4.5,12,0.00163506,2070,390,9
39,4.5,12,300.075,2859,450,12
81,4.5,12,0.329889,3175.46,642.728,53
82,4.5,12,0.0158317,3240,630,21
42,4.5,12,300.053,3438,549,19
44,4.5,12,300.001,3048,540,56
45,4.5,12,300.147,2019,390,2
58,4.5,12,98.3707,3475.46,540,92
46,4.5,12,300.003,3222.73,510,68
87,4.5,12,1.60601,2922.73,600,58
69,4.5,12,111.084,3492.73,570,52
90,4.5,12,0.00401169,2550,510,15
47,4.5,12,300.059,3978,600,33
92,4.5,12,8.64181,3989.91,522.728,100
49,4.5,12,300.082,3249,510,7
94,4.5,12,0.0114555,3039,540,30
51,4.5,12,300.117,3759,549,17
96,4.5,12,0.968278,4152.73,630,34
97,4.5,12,0.00329712,3060,540,14
98,4.5,12,0.0211608,2935.46,450,21
54,4.5,12,300,3595.46,630,112
56,4.5,12,300.108,3894,588,39
55,4.5,12,300.137,1809,240,2
57,4.5,12,300.063,3735.8,486.001,69
59,4.5,12,300.031,3039,450,26
60,4.5,12,300,2931.73,450,76
4,4.5,13,0.159413,3702.73,660,41
62,4.5,12,300.077,2897.18,630,29
63,4.5,12,300.048,4029,570,49
67,4.5,12,300.053,3099,450,10
66,4.5,12,300.071,2481.73,540,33
65,4.5,12,300.128,2679,480,3
8,4.5,13,0.00749931,3180,390,21
10,4.5,13,0.0242845,2952.73,630,51
72,4.5,12,300,2919,510,185
70,4.5,12,300.074,3555,660,73
73,4.5,12,300.108,3171.73,570,41
16,4.5,13,0.0200221,3579,480,58
74,4.5,12,300.054,2388,459,125
18,4.5,13,0.00195043,2250,390,6
19,4.5,13,0.0589067,3210,450,38
76,4.5,12,300.096,3759,630,63
78,4.5,12,300.072,2679,510,54
80,4.5,12,300.029,2949,510,31
83,4.5,12,300.047,2224.46,480,24
84,4.5,12,300.009,3375,669,103
85,4.5,12,300.097,3429,660,53
86,4.5,12,300.065,2940,450,12
88,4.5,12,300.115,3309,480,8
28,4.5,13,0.0198473,3492.73,600,22
89,4.5,12,300.071,3702,576.001,67
91,4.5,12,300.055,3348,579,28
31,4.5,13,0.307726,4105.46,480,43
93,4.5,12,300.112,3266.19,528.729,54
95,4.5,12,300.001,3840.73,540,97
0,4.5,13,300.034,3309,459,82
99,4.5,12,300.04,3609,600,19
1,4.5,13,300.051,3021.73,450,47
2,4.5,13,300.126,3519,549,55
38,4.5,13,0.0117968,3252.73,510,17
3,4.5,13,300.089,2787,420,104
40,4.5,13,0.00410843,2670,390,24
5,4.5,13,300.063,3522,627,79
41,4.5,13,0.0145264,2438.18,540,25
6,4.5,13,300.039,2427,450,13
43,4.5,13,0.0077422,3240,600,22
7,4.5,13,300.093,3738,489,50
11,4.5,13,300,3528,510,89
9,4.5,13,300.095,2829,390,11
13,4.5,13,300.013,3147,600,31
12,4.5,13,300.04,3890.91,552.728,39
50,4.5,13,0.0146003,2472.73,480,14
14,4.5,13,300.109,2928,390,18
52,4.5,13,0.00493502,3210,450,20
15,4.5,13,300.046,3639,480,29
53,4.5,13,0.00506891,2550,510,27
17,4.5,13,300.043,4239,630,36
20,4.5,13,300.041,3399,480,14
21,4.5,13,300.001,3909,450,71
22,4.5,13,300.042,3339,570,23
48,4.5,13,19.4655,3549,450,60
58,4.5,13,5.15458,3715.46,540,80
23,4.5,13,300.061,3489,510,24
61,4.5,13,0.405498,3410.91,600,51
24,4.5,13,300.023,3231.73,540,23
25,4.5,13,300.079,2739,459,19
26,4.5,13,300.023,3249,579,84
27,4.5,13,300.034,2529,519,15
29,4.5,13,300.113,2436,450,34
30,4.5,13,300.005,2799,510,23
32,4.5,13,300.06,4041.73,552.728,43
33,4.5,13,300.001,3570,570,94
71,4.5,13,0.00576918,3270,570,16
34,4.5,13,300.104,3999,570,13
72,4.5,13,115.68,3009,570,123
35,4.5,13,300.032,2829,450,12
37,4.5,13,300.081,3459,570,15
36,4.5,13,300.086,2679,510,15
77,4.5,13,0.0112075,3252.73,570,29
75,4.5,13,0.0218871,2575.46,540,35
39,4.5,13,300.076,3498,630,68
42,4.5,13,300.062,3528,549,22
44,4.5,13,300.085,3351.73,540,58
81,4.5,13,1.01135,3805.46,630,57
46,4.5,13,300,3432.73,510,71
45,4.5,13,300.091,2589,570,14
47,4.5,13,300.051,4266,600,48
49,4.5,13,300.076,3339,510,11
51,4.5,13,300.039,4059,549,39
54,4.5,13,300,3805.46,630,133
55,4.5,13,300.102,1899,240,9
56,4.5,13,300.033,4164,588,39
90,4.5,13,0.00649537,2760,510,21
57,4.5,13,300.037,3855.8,486.001,71
59,4.5,13,300.074,3309,450,28
94,4.5,13,0.0305005,3189,540,40
60,4.5,13,300,3111.73,450,85
62,4.5,13,300.05,3287.18,630,32
69,4.5,13,227.481,3702.73,570,54
63,4.5,13,300.081,4419,570,47
97,4.5,13,0.00312653,3240,540,14
96,4.5,13,1.00717,4272.73,630,34
98,4.5,13,0.0240263,3055.46,450,22
64,4.5,13,300.035,3999,570,22
65,4.5,13,300.049,3099,480,11
4,4.5,14,0.263032,4002.73,660,47
66,4.5,13,300.022,2882,540,32
67,4.5,13,300.051,3230.91,450,37
68,4.5,13,300.058,2979,540,35
8,4.5,14,0.00663874,3390,390,21
70,4.5,13,300.009,3705,660,80
10,4.5,14,0.096172,3205.46,630,65
73,4.5,13,300.095,3471.73,570,41
74,4.5,13,300.044,2838,459,119
76,4.5,13,300.097,4269,630,56
78,4.5,13,300.089,3114,510,56
79,4.5,13,300.117,2109,390,14
16,4.5,14,0.200486,3720.73,480,70
80,4.5,13,300.098,3339,510,40
18,4.5,14,0.00512132,2439,390,13
19,4.5,14,0.0575529,3330,450,41
84,4.5,13,300.001,3465,669,103
83,4.5,13,300.007,2464.46,480,26
82,4.5,13,300.045,3429,630,23
85,4.5,13,300.106,3489,660,56
86,4.5,13,300.139,3390,450,12
87,4.5,13,300.022,3261.73,600,79
88,4.5,13,300.094,3639,480,14
89,4.5,13,300.051,3762,576.001,67
28,4.5,14,0.057203,3668.18,612.728,40
91,4.5,13,300.05,3498,570,30
92,4.5,13,300.061,4113,510,74
31,4.5,14,0.297772,4375.46,480,43
93,4.5,13,300.01,3386.19,528.729,58
95,4.5,13,300,3930.73,540,107
99,4.5,13,300.032,3969,660,50
2,4.5,14,300.027,4119,600,64
1,4.5,14,300.045,3291.73,450,52
0,4.5,14,300.098,3609,459,84
38,4.5,14,0.0109306,3552.73,510,19
3,4.5,14,300.013,3258,480,58
40,4.5,14,0.004373,3090,420,26
41,4.5,14,0.0146449,2528.18,540,25
5,4.5,14,300.051,3732,627,90
43,4.5,14,0.00795981,3690,600,22
6,4.5,14,300.025,2697,450,16
7,4.5,14,300.064,3837,480,36
9,4.5,14,300.06,2979,390,11
11,4.5,14,300,3978,510,89
12,4.5,14,300.101,4185,540,40
13,4.5,14,300.027,3627,600,39
14,4.5,14,300.009,3558,630,18
15,4.5,14,300.048,3729,480,31
52,4.5,14,0.00645966,3570,450,20
53,4.5,14,0.00876056,2970,510,27
17,4.5,14,300.05,4449,630,36
20,4.5,14,300.048,3969,570,20
21,4.5,14,300,4359,450,71
24,4.5,14,300.018,3291.73,540,27
23,4.5,14,300.038,3721.46,510,23
22,4.5,14,300.108,3429,570,29
25,4.5,14,300.074,2829,459,23
61,4.5,14,0.419559,3950.91,600,51
26,4.5,14,300.088,3364.46,570,35
27,4.5,14,300.022,2859,519,18
58,4.5,14,4.78857,4105.46,540,80
29,4.5,14,300.084,2826,450,39
30,4.5,14,300.086,3129,510,25
33,4.5,14,300.001,3720,570,95
32,4.5,14,300.078,4251.73,552.728,43
34,4.5,14,300.033,4299,570,13
35,4.5,14,300.007,2859,450,14
71,4.5,14,0.0498175,3818.18,570,22
37,4.5,14,300.01,3669,570,22
36,4.5,14,300.068,3339,660,29
74,4.5,14,0.399209,3069,510,68
39,4.5,14,300.042,3669,750,27
75,4.5,14,0.0328647,3115.46,540,39
77,4.5,14,0.0108862,3402.73,570,32
42,4.5,14,300.081,3768,549,22
45,4.5,14,300.04,2739,570,14
44,4.5,14,300.046,3681.73,540,58
81,4.5,14,2.78736,3925.46,630,60
46,4.5,14,300,3582.73,510,74
47,4.5,14,300.09,4296,600,48
48,4.5,14,300,4050,510,58
69,4.5,14,123.503,3835.46,570,68
49,4.5,14,300.104,3480,510,24
50,4.5,14,300.039,2589,480,9
51,4.5,14,300.032,4299,549,39
54,4.5,14,300,4165.46,630,136
55,4.5,14,300.1,2289,390,13
90,4.5,14,0.0073956,2820,510,21
56,4.5,14,300.022,4554,597,44
59,4.5,14,300.012,3609,450,31
57,4.5,14,300.101,4155.8,477.001,71
60,4.5,14,300,3621.73,510,92
63,4.5,14,300.026,4659,579,121
62,4.5,14,300.086,3377.18,630,32
64,4.5,14,300.021,4509,570,22
65,4.5,14,300.035,3129,480,11
97,4.5,14,0.00557927,3510,540,19
96,4.5,14,1.01963,4512.73,630,34
98,4.5,14,0.0245035,3175.46,450,26
66,4.5,14,300.129,3092,540,34
67,4.5,14,300.042,3350.91,450,37
68,4.5,14,300.037,3042.73,540,31
70,4.5,14,300.022,3915,660,86
72,4.5,14,300.033,3066,528,53
73,4.5,14,300.11,3711.73,570,41
8,4.5,15,0.0106222,3810,420,28
76,4.5,14,300.126,4599,630,59
78,4.5,14,300.113,3534,510,66
79,4.5,14,300.113,2529,420,25
80,4.5,14,300.106,3489,510,40
82,4.5,14,300.004,3669,630,27
83,4.5,14,300.09,2644.46,480,29
16,4.5,15,0.225503,3870.73,480,74
84,4.5,14,300.008,3669,600,30
85,4.5,14,300.07,3609,660,52
86,4.5,14,300.032,3720,450,12
87,4.5,14,300.062,3381.73,600,55
88,4.5,14,300.098,3909,480,14
89,4.5,14,300.13,4160.18,570.728,94
91,4.5,14,300.011,3723,570,57
92,4.5,14,300.074,4533,510,75
93,4.5,14,300.013,3506.19,528.729,58
94,4.5,14,300.041,3399,540,152
95,4.5,14,300,4350.73,540,103
99,4.5,14,300.079,4137,600,89
0,4.5,15,300.083,3909,450,79
1,4.5,15,300.039,3711.73,450,63
2,4.5,15,300.054,4255.46,600,43
3,4.5,15,300.094,3348,480,58
4,4.5,15,300.112,4398,669,59
5,4.5,15,300.058,4032,627,96
6,4.5,15,300.045,3177,480,23
7,4.5,15,300.002,4296,489,51
11,4.5,15,300,4428,510,89
9,4.5,15,300.013,3099,390,14
10,4.5,15,300.016,3574.46,630,66
12,4.5,15,300.073,4365,540,44
40,4.5,15,0.0044455,3240,420,26
41,4.5,15,0.00896601,2670,540,27
43,4.5,15,0.012575,4230,600,23
13,4.5,15,300.024,3768,600,33
14,4.5,15,300.061,3618,630,23
15,4.5,15,300.026,4035,480,36
17,4.5,15,300.051,4959,630,41
18,4.5,15,300.126,2997,510,24
19,4.5,15,300.09,3639,450,35
20,4.5,15,300.069,4290,570,26
21,4.5,15,300,4659,459,73
52,4.5,15,0.00724282,3660,450,20
53,4.5,15,0.0189633,3450,510,36
22,4.5,15,300.007,3669,570,40
23,4.5,15,300.021,3758.91,510,34
24,4.5,15,300.022,3381.73,540,30
25,4.5,15,300.018,2919,459,27
26,4.5,15,300.088,3553.46,570,60
27,4.5,15,300.084,2949,519,18
58,4.5,15,5.61333,4345.46,540,83
28,4.5,15,300.089,4185,609,52
29,4.5,15,300.061,3306,480,41
32,4.5,15,300.07,4491.73,552.728,43
30,4.5,15,300.097,3639,510,29
31,4.5,15,300.146,4737,480,57
33,4.5,15,300.001,3822.73,570,98
34,4.5,15,300.074,4599,570,13
35,4.5,15,300.029,3189,450,18
36,4.5,15,300.05,3519,660,31
37,4.5,15,300.068,3759,570,25
38,4.5,15,300.019,3705.73,510,56
39,4.5,15,300.076,3909,750,31
42,4.5,15,300.102,3888,549,22
44,4.5,15,300,3801.73,540,74
45,4.5,15,300.019,3189,570,14
46,4.5,15,300.04,3732.73,510,75
77,4.5,15,0.016664,3865.46,570,36
47,4.5,15,300.028,4686,600,48
48,4.5,15,300.001,4500,510,77
49,4.5,15,300.095,3750,510,24
50,4.5,15,300.092,2769,480,9
51,4.5,15,300.09,4749,549,52
69,4.5,15,154.551,4135.46,570,69
54,4.5,15,300.073,4407,630,114
55,4.5,15,300.042,2679,390,16
56,4.5,15,300.011,4884,597,44
57,4.5,15,300.029,4335.8,477.001,75
59,4.5,15,300.057,4110,480,37
60,4.5,15,300,3711.73,510,93
61,4.5,15,300.001,4461.73,600,209
62,4.5,15,300.016,3797.18,630,35
90,4.5,15,0.00814424,2910,510,25
63,4.5,15,300.079,4779,579,116
64,4.5,15,300.015,4809,570,22
65,4.5,15,300.043,3639,510,14
66,4.5,15,300.112,3444,540,35
97,4.5,15,0.00648761,3810,540,24
98,4.5,15,0.0279597,3505.46,450,28
96,4.5,15,1.06378,4632.73,630,34
67,4.5,15,300.028,3380.91,450,37
68,4.5,15,300.069,3162.73,540,31
70,4.5,15,300.074,4185,660,87
71,4.5,15,300,4040.91,582.728,129
72,4.5,15,300.082,3297,510,67
73,4.5,15,300.127,3948,570,35
74,4.5,15,300,3438,510,109
75,4.5,15,300.094,3287.18,540,62
8,4.5,16,0.0151707,3900,420,30
76,4.5,15,300.131,4749,630,36
78,4.5,15,300.077,3654,510,66
79,4.5,15,300.08,2979,450,36
80,4.5,15,300.016,3549,510,40
81,4.5,15,300.128,4293,666.001,73
82,4.5,15,300.091,3939,630,31
83,4.5,15,300.064,2949.73,489,38
16,4.5,16,0.325914,4350.73,480,70
84,4.5,15,300.099,4029,600,44
18,4.5,16,0.990333,3159,570,91
85,4.5,15,300.045,3969,660,58
86,4.5,15,300.03,4080,450,12
87,4.5,15,300.045,3441.73,600,58
88,4.5,15,300.113,4029,480,14
89,4.5,15,300.003,4550.18,570.728,96
91,4.5,15,300.049,3873,570,59
92,4.5,15,300.068,4647.73,510,45
93,4.5,15,300.045,3896.19,528.729,59
95,4.5,15,300,4530.73,540,104
94,4.5,15,300.115,3951.73,540,78
1,4.5,16,300.001,4008,450,66
99,4.5,15,300.042,4407,600,89
0,4.5,16,300.045,4089,450,51
2,4.5,16,300.022,4461.73,600,38
3,4.5,16,300.117,3648,480,58
4,4.5,16,300.061,4715,660,56
5,4.5,16,300.028,4122,627,81
6,4.5,16,300.055,3297,480,23
7,4.5,16,300.006,4536,489,51
38,4.5,16,0.787382,3800.91,535.456,53
10,4.5,16,300.121,3844.46,630,66
9,4.5,16,300.126,3249,390,39
40,4.5,16,0.0115643,3522.73,420,37
41,4.5,16,0.0237343,2760,540,36
43,4.5,16,0.0116146,4470,600,25
11,4.5,16,300.122,4659,510,11
12,4.5,16,300.066,4665,540,44
13,4.5,16,300.011,4251.73,609,51
14,4.5,16,300.113,3828,630,26
15,4.5,16,300.199,4606,607,45
17,4.5,16,300,5370,630,60
19,4.5,16,300.041,4157.18,505.456,52
20,4.5,16,300.086,4449,570,33
52,4.5,16,0.00941208,4140,480,27
53,4.5,16,0.0196248,4020,570,38
21,4.5,16,300.001,5319,630,112
22,4.5,16,300.084,4119,570,40
23,4.5,16,300.032,4158,510,49
24,4.5,16,300.133,3681.73,540,30
25,4.5,16,300.067,3399,459,36
26,4.5,16,300.096,3763.46,570,64
27,4.5,16,300.091,3189,519,17
28,4.5,16,300.102,4452,630,52
29,4.5,16,300.034,3585,480,46
30,4.5,16,300.069,3777,510,34
32,4.5,16,300.097,4551.73,552.728,43
31,4.5,16,300.107,4917,480,57
33,4.5,16,300,4062.73,570,101
34,4.5,16,300.07,4758,570,20
35,4.5,16,300.09,3309,450,18
36,4.5,16,300.035,3819,660,33
37,4.5,16,300.039,4419,660,25
39,4.5,16,300.093,4278,750,33
42,4.5,16,300.014,3978,549,26
44,4.5,16,300.001,4041.73,540,72
45,4.5,16,300.091,3438,570,23
46,4.5,16,300.001,4422.73,690,87
47,4.5,16,300.079,4806,600,48
77,4.5,16,0.0183747,4135.46,570,37
48,4.5,16,300.098,5169,669,40
69,4.5,16,79.4798,4255.46,570,71
49,4.5,16,300.14,3930,510,24
50,4.5,16,300.066,3039,480,9
51,4.5,16,300.028,4908,540,70
54,4.5,16,300.009,4947,630,137
55,4.5,16,300.014,2949,390,29
56,4.5,16,300.032,5034,597,44
57,4.5,16,300.063,4845.8,510,79
58,4.5,16,300.042,4761.73,540,161
59,4.5,16,300.069,4290,480,37
60,4.5,16,300,3951.73,510,104
61,4.5,16,300.009,4704,600,60
62,4.5,16,300.066,3978,690,42
63,4.5,16,300.007,5259,579,130
66,4.5,16,300.016,3534,540,35
65,4.5,16,300.079,4059,510,16
64,4.5,16,300.105,4839,570,27
93,4.5,16,1.09051,4100.91,540,41
97,4.5,16,0.00718068,3960,540,27
67,4.5,16,300.059,3650.91,450,36
98,4.5,16,0.0285131,3715.46,450,32
68,4.5,16,300.051,3492.73,540,48
70,4.5,16,300.096,4365,660,90
71,4.5,16,300.001,4370.91,582.728,129
72,4.5,16,300.126,3507,510,67
73,4.5,16,300.117,4248,570,35
74,4.5,16,300.088,3846.73,510,81
75,4.5,16,300.112,3617.18,540,66
76,4.5,16,300.114,5319,630,42
8,4.5,17,0.071912,4389,480,47
78,4.5,16,300.066,3774,510,66
79,4.5,16,300.094,3168,450,37
80,4.5,16,300.133,4029,510,40
81,4.5,16,300.033,4431,666.001,84
82,4.5,16,300.098,3969,630,32
83,4.5,16,300.073,3219.73,489,38
84,4.5,16,300.139,4329,600,57
85,4.5,16,300.055,4359,660,58
16,4.5,17,3.01299,4710.73,480,102
86,4.5,16,300.012,4170,450,16
87,4.5,16,300.085,4011.73,600,58
88,4.5,16,300.026,4299,480,14
89,4.5,16,300.119,4874.91,583.456,86
90,4.5,16,300.048,3399,519,36
91,4.5,16,300.04,4443,570,67
92,4.5,16,300.056,5097.73,510,47
94,4.5,16,300.11,4413,546.001,52
95,4.5,16,300.117,4617,540,93
96,4.5,16,300.015,4719,630,54
99,4.5,16,300.073,4797,600,92
1,4.5,17,300.006,4131.73,450,66
0,4.5,17,300.062,4329,459,34
2,4.5,17,300.029,4671.73,600,70
3,4.5,17,300.036,3858,480,58
4,4.5,17,300.12,5045,660,60
5,4.5,17,300.009,4420.46,600,107
6,4.5,17,300.092,3597,480,23
7,4.5,17,300.074,4806,489,50
9,4.5,17,300.046,3369,390,39
38,4.5,17,0.803954,4010.91,535.456,53
10,4.5,17,300.014,4174.46,630,66
40,4.5,17,0.0126209,3792.73,420,43
41,4.5,17,0.0524829,3360,600,60
11,4.5,17,300.072,4863,510,32
12,4.5,17,300.059,5016,540,79
13,4.5,17,300.046,4311.73,609,51
14,4.5,17,300.014,4038,630,26
15,4.5,17,300.146,5085,630,52
17,4.5,17,300,5640,630,65
18,4.5,17,300.09,3348,570,123
19,4.5,17,300.031,4324.46,492.728,55
20,4.5,17,300.012,4659,570,33
21,4.5,17,300.001,5859,630,112
52,4.5,17,0.0806251,4290,480,59
22,4.5,17,300.106,4324.46,570,62
23,4.5,17,300.117,4647.73,510,50
24,4.5,17,300.093,4041.73,540,34
25,4.5,17,300.033,3729,459,36
26,4.5,17,300.043,4203,570,65
27,4.5,17,300.005,3429,519,17
28,4.5,17,300.117,4842,630,56
29,4.5,17,300.059,3675,480,50
30,4.5,17,300.072,4167,510,34
31,4.5,17,300.051,5307,480,57
32,4.5,17,300.103,4881.73,552.728,45
33,4.5,17,300,4272.73,570,107
34,4.5,17,300.079,4788,570,26
35,4.5,17,300.034,3519,450,21
36,4.5,17,300.005,3879,660,40
37,4.5,17,300.112,4749,660,29
39,4.5,17,300.079,4758,750,37
42,4.5,17,300.026,4248,549,29
43,4.5,17,300.096,4677,549,44
44,4.5,17,300.001,4251.73,540,72
45,4.5,17,300.027,3678,570,23
46,4.5,17,300.104,4580.91,690,101
47,4.5,17,300.016,5007,630,57
48,4.5,17,300.08,5319,669,40
49,4.5,17,300.042,4050,510,24
77,4.5,17,6.16002,4615.46,570,73
50,4.5,17,300.054,3129,480,13
51,4.5,17,300.016,4968,540,70
69,4.5,17,261.739,4375.46,570,76
53,4.5,17,300.141,4195.46,570,59
54,4.5,17,300.019,5556,630,36
55,4.5,17,300.048,3079.53,390,52
56,4.5,17,300.04,5124,597,44
57,4.5,17,300.035,5022.73,510,71
58,4.5,17,300.003,4827,540,110
59,4.5,17,300.043,4380,480,39
60,4.5,17,300,4341.73,510,116
61,4.5,17,300.101,4884,600,63
62,4.5,17,300.091,4278,690,42
63,4.5,17,300.054,5641.46,570,41
64,4.5,17,300.069,5418,579,33
65,4.5,17,300.096,4329,510,16
66,4.5,17,300.011,3834,540,35
67,4.5,17,300.059,3680.91,450,36
68,4.5,17,300.097,3687,540,27
98,4.5,17,0.0299984,3805.46,450,32
70,4.5,17,300.053,4581.73,660,42
71,4.5,17,300.023,4466.1,630,61
72,4.5,17,300.05,3687,510,67
73,4.5,17,300.046,4638,570,35
74,4.5,17,300.068,3936.73,510,83
97,4.5,17,90.2893,4422.73,540,86
75,4.5,17,300.092,4114.6,540,72
76,4.5,17,300.048,5406,630,76
78,4.5,17,300.002,4314,540,70
79,4.5,17,300.015,3618.73,459,54
80,4.5,17,300.122,4209,510,22
81,4.5,17,300.06,4971,666.001,90
82,4.5,17,300.068,4149,630,37
83,4.5,17,300.128,3369.73,489,40
84,4.5,17,300.059,4527,600,45
85,4.5,17,300.103,4455,660,52
86,4.5,17,300.022,4329,450,18
16,4.5,18,0.398305,4860.73,480,81
87,4.5,17,300.042,4071.73,600,58
88,4.5,17,300.047,4419,480,44
89,4.5,17,300.045,5344.46,582.728,57
90,4.5,17,300.104,3879,519,36
91,4.5,17,300.102,4683,570,71
92,4.5,17,300.016,5217.73,510,70
93,4.5,17,300.072,4127.18,540,42
94,4.5,17,300.007,4632.73,570,105
95,4.5,17,300.12,4710.73,540,111
96,4.5,17,300.057,4869,630,58
99,4.5,17,300.014,4887,600,100
0,4.5,18,300.005,4659,459,41
1,4.5,18,300.002,4257.73,450,73
2,4.5,18,300.018,5001.73,600,70
3,4.5,18,300.021,4368,510,63
4,4.5,18,300.002,5165,660,60
5,4.5,18,300.087,4570.46,600,107
6,4.5,18,300.042,3666,480,25
7,4.5,18,300.054,4926,489,54
8,4.5,18,300.113,4654.46,480,91
9,4.5,18,300.014,3639,390,42
38,4.5,18,6.0432,4550.91,540,96
10,4.5,18,300.03,4367.18,630,75
40,4.5,18,0.0127627,3972.73,420,43
11,4.5,18,300.091,5163,510,34
12,4.5,18,300.061,5106,540,79
13,4.5,18,300.039,4714.46,609,62
14,4.5,18,300.126,4428,630,27
15,4.5,18,300.106,5415,630,50
17,4.5,18,300,6120,630,67
18,4.5,18,300.076,3678,570,123
19,4.5,18,300.113,4668,480,160
20,4.5,18,300.098,5049,570,35
21,4.5,18,300.108,6363,570,20
22,4.5,18,300.047,4474,570,68
23,4.5,18,300.033,5097.73,510,54
24,4.5,18,300.035,4341.73,540,34
25,4.5,18,300.105,3849,459,36
26,4.5,18,300.098,4563,570,65
27,4.5,18,300.11,3669,519,19
28,4.5,18,300.101,5082,630,56
29,4.5,18,300.055,3819,480,16
30,4.5,18,300.061,4347,510,40
31,4.5,18,300.147,5487,480,61
32,4.5,18,300.01,4941.73,552.728,47
33,4.5,18,300,4572.73,630,120
34,4.5,18,300.01,5028,570,47
35,4.5,18,300.037,3759,450,21
36,4.5,18,300.086,4188,660,46
37,4.5,18,300.105,4908,660,38
39,4.5,18,300.057,4938,750,37
41,4.5,18,300.123,4036.36,678.729,80
42,4.5,18,300.084,4587,540,39
43,4.5,18,300.082,4857,549,44
44,4.5,18,300.002,4431.73,540,76
45,4.5,18,300.086,3948,570,31
46,4.5,18,300.027,4880.91,690,101
47,4.5,18,300.173,5136,600,51
48,4.5,18,300.028,5439,609,45
49,4.5,18,300.082,4206,510,56
50,4.5,18,300.056,3399,480,13
51,4.5,18,300.131,5325,558,98
52,4.5,18,300.001,4629,510,83
53,4.5,18,300.121,4255.46,570,59
54,4.5,18,300.055,5614.6,630,45
55,4.5,18,300.004,3529.53,450,54
56,4.5,18,300.013,5574,597,44
57,4.5,18,300.113,5112.73,510,68
58,4.5,18,300.111,5160.73,540,136
59,4.5,18,300.029,4650,480,39
60,4.5,18,300.017,5019.1,630,229
61,4.5,18,300.125,5304,600,67
62,4.5,18,300.111,4530.73,690,86
63,4.5,18,300.109,6038.33,570,40
64,4.5,18,300.026,5838,579,43
65,4.5,18,300.027,4581.73,510,46
66,4.5,18,300.043,4104,540,43
67,4.5,18,300.035,4070.91,450,39
68,4.5,18,300.104,4107,540,37
69,4.5,18,300.061,4495.46,630,78
70,4.5,18,300.058,4791.73,660,42
98,4.5,18,0.0353392,3955.46,450,32
71,4.5,18,300.085,4736.1,630,60
72,4.5,18,300.079,3867,510,69
73,4.5,18,300.043,4758,570,35
74,4.5,18,300.007,4155,450,22
75,4.5,18,300.032,4367.18,540,95
76,4.5,18,300.11,5436,630,81
77,4.5,18,300.032,4827.73,570,98
78,4.5,18,300.08,4383,567.001,99
79,4.5,18,300.015,3786,450,56
80,4.5,18,300.059,4749,540,22
81,4.5,18,300.032,5421,666.001,101
82,4.5,18,300.053,4689,630,75
83,4.5,18,300.007,3789.73,489,41
84,4.5,18,300.052,4797,600,49
85,4.5,18,300.018,4666.6,660,60
86,4.5,18,300.024,4599,450,20
87,4.5,18,300.089,4308,600,42
88,4.5,18,300.115,4869,480,44
97,4.5,18,91.4266,4572.73,540,86
89,4.5,18,300.009,5734.46,582.728,57
90,4.5,18,300.117,4089,519,40
91,4.5,18,300.004,5280.64,592.456,95
92,4.5,18,300.018,5457.73,510,70
93,4.5,18,300.06,4427.18,540,42
94,4.5,18,300.046,5217,570,62
95,4.5,18,300.041,4731.73,540,66
96,4.5,18,300.088,5319,630,60
99,4.5,18,300.06,5097,600,104
0,4.5,19,300.073,4899,459,48
1,4.5,19,300.003,4553.91,462.728,88
2,4.5,19,300.012,5061.73,600,74
3,4.5,19,300.051,4458,510,68
4,4.5,19,300.069,5195,660,65
5,4.5,19,300.116,4660.46,600,107
6,4.5,19,300.09,3906,480,25
7,4.5,19,300.054,5046,489,58
8,4.5,19,300.069,4926,480,101
9,4.5,19,300.098,3699,390,44
10,4.5,19,300.018,4907.18,630,71
11,4.5,19,300.033,5613,510,46
38,4.5,19,7.1641,4700.91,540,95
40,4.5,19,0.0165542,4302.73,420,46
12,4.5,19,300,5580,540,86
13,4.5,19,300.085,4912.46,609,62
14,4.5,19,300.02,4578,630,30
15,4.5,19,300.075,5835,630,53
16,4.5,19,300.046,5310.73,480,106
17,4.5,19,300,6690,630,75
18,4.5,19,300.006,3960.73,570,87
19,4.5,19,300.047,4848,480,160
20,4.5,19,300.044,5499,570,35
21,4.5,19,300.002,6693,570,39
22,4.5,19,300.081,4954,570,71
23,4.5,19,300.007,5517.73,510,54
24,4.5,19,300.104,4722,540,25
25,4.5,19,300.024,4179,459,37
26,4.5,19,300.126,4833,570,67
27,4.5,19,300.161,3909,519,19
28,4.5,19,300.085,5277,609,42
29,4.5,19,300.107,4029,480,16
30,4.5,19,300.028,4497,510,40
31,4.5,19,300.005,5607,480,64
32,4.5,19,300.019,5391.73,552.728,52
33,4.5,19,300,4821.73,630,87
34,4.5,19,300.087,5148,570,45
35,4.5,19,300.059,4158,450,50
36,4.5,19,300.113,4488,660,52
37,4.5,19,300.048,5217,660,44
39,4.5,19,300.023,5388,750,37
41,4.5,19,300.071,4276.36,678.729,80
69,4.5,19,1.15714,4804.46,630,86
42,4.5,19,300.076,4803,567.001,60
43,4.5,19,300.089,4947,549,41
44,4.5,19,300.001,4971.73,540,80
45,4.5,19,300.06,4128,570,37
46,4.5,19,300,5246.18,690,202
47,4.5,19,300.122,5196,600,51
48,4.5,19,300.065,5889,609,47
49,4.5,19,300.116,4506,510,68
50,4.5,19,300.077,3489,480,13
51,4.5,19,300.09,5715,558,98
52,4.5,19,300,4842,486,138
53,4.5,19,300.032,4705.46,570,62
54,4.5,19,300.073,5817.73,630,42
55,4.5,19,300.019,3739.53,450,53
56,4.5,19,300.095,6174,600,44
57,4.5,19,300.025,5172.73,510,68
58,4.5,19,300.071,5460.73,540,141
59,4.5,19,300.028,4740,480,43
60,4.5,19,300.018,5109.1,630,202
61,4.5,19,300.033,5664,600,71
62,4.5,19,300.006,5010.73,690,86
63,4.5,19,300.036,6232.6,570,32
64,4.5,19,300.079,6108,579,43
65,4.5,19,300.04,4713,510,50
66,4.5,19,300.118,4644,540,47
67,4.5,19,300.052,4289.91,450,50
68,4.5,19,300.104,4467,540,37
70,4.5,19,300.042,5139,660,48
71,4.5,19,300.044,4856.1,630,60
72,4.5,19,300.025,4017,510,85
73,4.5,19,300.014,4908,570,35
74,4.5,19,300.113,4515,450,22
75,4.5,19,300.094,4427.18,540,95
76,4.5,19,300.015,5469.73,639,102
77,4.5,19,300.003,5007.73,570,104
78,4.5,19,300.051,4774.46,540,86
79,4.5,19,300.109,4086,450,64
80,4.5,19,300.018,5139,540,22
81,4.5,19,300.013,5562,630,74
82,4.5,19,300.128,4977,570,48
83,4.5,19,300.115,4116,540,65
84,4.5,19,300.124,5457,630,64
85,4.5,19,300.089,4906.6,660,61
86,4.5,19,300.021,5019,450,22
87,4.5,19,300.112,4428,600,44
88,4.5,19,300.021,4929,480,44
89,4.5,19,300.019,6094.46,582.728,56
90,4.5,19,300.079,4719,630,53
91,4.5,19,300.106,5730.64,592.456,102
92,4.5,19,300.056,5877.73,510,84
93,4.5,19,300.071,5040,570,39
94,4.5,19,300.002,5547,570,63
95,4.5,19,300.048,4821.73,540,71
96,4.5,19,300.042,5379,630,60
97,4.5,19,300.001,4692.73,540,98
98,4.5,19,300.011,4294.46,450,81
99,4.5,19,300.058,5487,600,97
0,4.5,20,300.092,5109,459,48
1,4.5,20,300,4691.27,462.728,85
2,4.5,20,300.085,5541.73,600,75
3,4.5,20,300.032,4650.73,510,108
4,4.5,20,300.069,5615,660,65
5,4.5,20,300.067,5050.46,600,108
6,4.5,20,300.066,4206,480,63
7,4.5,20,300.017,5316,489,58
8,4.5,20,300.084,5257.46,480,67
9,4.5,20,300.075,4029,390,59
10,4.5,20,300.023,5447.18,630,89
38,4.5,20,7.28661,4790.91,540,95
11,4.5,20,300.103,6063,510,49
12,4.5,20,300.001,5733,540,71
13,4.5,20,300.104,5362.46,609,62
14,4.5,20,300.105,5058,630,34
15,4.5,20,300.093,6070.09,630,58
16,4.5,20,300.103,5833.46,510,54
17,4.5,20,300,7020,630,78
18,4.5,20,300.067,4020.73,510,101
19,4.5,20,300.041,5088,480,160
20,4.5,20,300.051,5949,570,47
21,4.5,20,300.057,7233,570,42
22,4.5,20,300.054,5464,570,75
23,4.5,20,300.11,5757.73,510,54
24,4.5,20,300.053,5052,540,32
25,4.5,20,300.099,4299,459,41
26,4.5,20,300.069,5493,660,78
27,4.5,20,300.073,4008,519,31
28,4.5,20,300.139,5757,609,51
29,4.5,20,300.087,4089,480,16
30,4.5,20,300.027,5037,540,42
31,4.5,20,300.037,5967,480,64
32,4.5,20,300.032,5736,540,71
33,4.5,20,300,5151.73,630,87
34,4.5,20,300.01,5418,570,65
35,4.5,20,300.029,4338,450,49
36,4.5,20,300.04,4548,660,57
37,4.5,20,300.04,5607,660,44
39,4.5,20,300.041,5748,750,41
40,4.5,20,300.059,4491.73,420,23
41,4.5,20,300.113,4527,630,79
69,4.5,20,1.46159,5314.46,630,91
42,4.5,20,300.048,5073,567.001,60
43,4.5,20,300.116,5277,549,41
44,4.5,20,300.001,5061.73,540,84
45,4.5,20,300.03,4518,570,44
46,4.5,20,300.117,5436,690,64
47,4.5,20,300.009,5805,600,50
48,4.5,20,300.143,6189,609,65
49,4.5,20,300.035,4839.73,522.728,85
50,4.5,20,300.109,4029,540,19
51,4.5,20,300.086,6105,558,98
52,4.5,20,300.001,5112,486,138
53,4.5,20,300.033,4855.46,570,62
54,4.5,20,300.03,6124.46,630,47
55,4.5,20,300.107,3946.6,450,55
56,4.5,20,300.108,6384,600,44
57,4.5,20,300.07,5382.73,510,68
58,4.5,20,300.056,5526,540,94
59,4.5,20,300.061,4950,480,47
60,4.5,20,300.046,5259.1,630,180
61,4.5,20,300.057,6114,600,71
62,4.5,20,300.01,5262,630,85
63,4.5,20,300.044,6802.6,570,63
64,4.5,20,300.027,6558,579,45
65,4.5,20,300.114,4923,510,50
66,4.5,20,300.011,4803,540,81
67,4.5,20,300.035,4496.18,450,46
68,4.5,20,300.048,4497,540,37
70,4.5,20,300.14,5235,660,57
98,4.5,20,4.07546,4508.18,450,114
71,4.5,20,300.059,4886.1,630,60
72,4.5,20,300.008,4347,510,105
73,4.5,20,300.067,5121.73,570,51
74,4.5,20,300.122,4797,450,38
75,4.5,20,300.128,4517.18,540,95
76,4.5,20,300.045,5757,630,94
77,4.5,20,300.111,5097.73,570,107
78,4.5,20,300.04,5012.19,540,56
79,4.5,20,300.019,4377,450,77
80,4.5,20,300.038,5319,540,25
81,4.5,20,300.097,5763,630,84
82,4.5,20,300.103,5217,570,48
83,4.5,20,300.003,4437,540,60
84,4.5,20,300.034,5667,630,46
85,4.5,20,300.073,5025.73,660,57
86,4.5,20,300.039,5208,450,25
87,4.5,20,300.029,4728,600,46
88,4.5,20,300.08,5259,570,72
89,4.5,20,300.034,6364.46,582.728,56
90,4.5,20,300.065,5289,630,54
91,4.5,20,300.065,6123,588,39
92,4.5,20,300.086,5970,510,78
93,4.5,20,300.023,5190,570,39
94,4.5,20,300.043,5847.73,570,85
95,4.5,20,300.106,5010.73,540,82
96,4.5,20,300.033,5589,630,60
97,4.5,20,300,5232.73,540,106
99,4.5,20,300.072,5787,660,121
0,4.5,21,300.027,5169,459,53
1,4.5,21,300,4991.27,462.728,88
2,4.5,21,300.071,5825.8,600,89
3,4.5,21,300.155,4899,510,107
4,4.5,21,300.079,6125,660,57
5,4.5,21,300.097,5487,639,74
6,4.5,21,300.003,4317,480,64
7,4.5,21,300.051,5616,489,58
8,4.5,21,300.076,5647.46,480,76
9,4.5,21,300.114,4089,399,53
10,4.5,21,300.007,5597.18,630,89
11,4.5,21,300.119,6273,510,49
12,4.5,21,300,6243,540,72
13,4.5,21,300.134,5422.46,609,62
14,4.5,21,300.111,5118,630,57
15,4.5,21,300.054,6460.09,630,58
16,4.5,21,300.037,6073.46,510,54
17,4.5,21,300,7500,630,104
18,4.5,21,300.056,4320.73,510,101
19,4.5,21,300.062,5388,480,144
20,4.5,21,300.055,6039,570,47
33,4.5,21,81.5391,5185.46,630,91
21,4.5,21,300.036,7458,630,145
22,4.5,21,300.118,5607,570,39
23,4.5,21,300.131,5907.73,510,54
24,4.5,21,300.04,5142,540,32
25,4.5,21,300.117,4359,459,45
26,4.5,21,300.043,5913,660,80
27,4.5,21,300.01,4098,519,31
28,4.5,21,300.013,5787,609,51
29,4.5,21,300.065,4569,480,20
30,4.5,21,300.061,5277,540,45
31,4.5,21,300.133,6159,510,58
32,4.5,21,300.082,6096,540,73
36,4.5,21,300.057,4767,660,69
35,4.5,21,300.059,4638,450,49
34,4.5,21,300.07,5568,570,49
37,4.5,21,300.098,5916,660,87
38,4.5,21,300.131,5067.73,558,111
39,4.5,21,300.115,6033,648,45
40,4.5,21,300.114,4821.73,420,23
41,4.5,21,300.054,4977,630,83
42,4.5,21,300.01,5133,567.001,90
43,4.5,21,300.09,5346,549,43
44,4.5,21,300.001,5215.46,540,94
45,4.5,21,300.017,4722,510,53
46,4.5,21,300.006,5586,690,64
47,4.5,21,300.136,6315,600,51
48,4.5,21,300.061,6369,609,68
49,4.5,21,300.072,5194.46,510,75
50,4.5,21,300.049,4397.18,540,30
51,4.5,21,300.035,6292.46,549,148
52,4.5,21,300.051,5286,480,104
53,4.5,21,300.029,4945.46,570,85
71,4.5,21,118.077,5194.46,630,157
54,4.5,21,300.113,6304.46,630,47
55,4.5,21,300.12,4276.6,450,60
56,4.5,21,300.056,6534,600,47
57,4.5,21,300.005,5823.73,510,73
58,4.5,21,300.014,5916,540,146
59,4.5,21,300.088,5088,480,65
60,4.5,21,300.062,5370.1,630,125
61,4.5,21,300.047,6474,600,73
63,4.5,21,300.011,7132.6,570,63
64,4.5,21,300.079,6756,570,54
62,4.5,21,300.092,5442,630,85
65,4.5,21,300.013,5163,540,64
66,4.5,21,300.03,5283,540,91
67,4.5,21,300.068,4796.18,450,40
68,4.5,21,300.056,4617,540,35
69,4.5,21,300.073,5415,570,66
70,4.5,21,300.007,5697,660,52
72,4.5,21,300.055,4437,510,100
73,4.5,21,300.115,5481.73,570,63
74,4.5,21,300.05,4887,450,42
75,4.5,21,300.104,4787.18,540,95
76,4.5,21,300.002,5889.73,630,68
77,4.5,21,300.085,5517.73,570,109
78,4.5,21,300.123,5162.19,540,56
79,4.5,21,300.11,4437,450,81
80,4.5,21,300.033,5628,540,70
81,4.5,21,300.076,5853,630,88
83,4.5,21,300.034,4677,540,62
82,4.5,21,300.056,5487,609,66
84,4.5,21,300.032,6117,630,53
85,4.5,21,300.11,5475.73,660,58
86,4.5,21,300.056,5298,450,28
87,4.5,21,300.111,4848,600,62
88,4.5,21,300.072,5439,570,72
89,4.5,21,300.05,6636,600,37
90,4.5,21,300.021,5439,630,57
91,4.5,21,300.008,6234,588,40
92,4.5,21,300.062,6150,510,78
93,4.5,21,300.072,5640,570,59
94,4.5,21,300.07,6147.73,570,103
95,4.5,21,300.086,5340.73,540,109
96,4.5,21,300.026,6129,630,90
97,4.5,21,300.043,5301.73,552.728,43
98,4.5,21,300.087,4665,450,37
99,4.5,21,300.073,5967,660,121
0,4.5,22,300.022,5589,450,110
1,4.5,22,300.001,5471.27,489,108
2,4.5,22,300.006,5955.5,600,44
3,4.5,22,300.086,4995.73,510,77
4,4.5,22,300.096,6460.46,660,63
5,4.5,22,300.101,5577.73,618,107
6,4.5,22,300.106,4737,480,64
7,4.5,22,300.025,5886,489,60
8,4.5,22,300.132,6135.8,480,64
9,4.5,22,300.049,4299,399,51
10,4.5,22,300.163,5901,630,112
11,4.5,22,300.069,6333,510,49
12,4.5,22,300.115,6438,540,81
33,4.5,22,108.808,5305.46,630,94
13,4.5,22,300.021,5920.46,600,55
14,4.5,22,300.054,5193,630,97
15,4.5,22,300.112,6814.6,630,44
16,4.5,22,300.06,6336,510,72
17,4.5,22,300,7680,630,108
18,4.5,22,300.075,4470.73,510,101
21,4.5,22,300.001,7632,666.001,103
19,4.5,22,300.019,5517,480,61
20,4.5,22,300.037,6232.46,570,49
22,4.5,22,300.03,5805,570,46
23,4.5,22,300.08,6147.73,510,54
24,4.5,22,300.046,5532,540,33
25,4.5,22,300.048,4449,459,45
26,4.5,22,300.075,6147,660,90
27,4.5,22,300.049,4218,519,31
28,4.5,22,300.101,5967,609,53
29,4.5,22,300.102,4659,480,20
30,4.5,22,300.072,5679.73,540,55
31,4.5,22,300.018,6609,510,70
32,4.5,22,300.055,6306,540,73
34,4.5,22,300.143,6132.06,610.528,104
35,4.5,22,300.071,4758,450,49
36,4.5,22,300.113,4956,660,74
37,4.5,22,300.096,6126,660,92
38,4.5,22,300.073,5217.73,558,109
39,4.5,22,300.06,6453,648,45
40,4.5,22,300.02,4950.73,420,27
41,4.5,22,300.082,5427,630,92
42,4.5,22,300.062,5433,567.001,104
43,4.5,22,300.136,5616,549,40
44,4.5,22,300.001,5331.73,540,158
45,4.5,22,300.101,5142,510,58
46,4.5,22,300.037,5946,690,72
47,4.5,22,300.139,6555,600,51
48,4.5,22,300.104,6519,609,68
49,4.5,22,300.129,5608.53,510,115
50,4.5,22,300.026,4697.18,540,81
51,4.5,22,300.013,6532.46,549,148
52,4.5,22,300.106,5556,480,107
53,4.5,22,300.073,5142.73,570,126
54,4.5,22,300.071,6904.46,630,62
55,4.5,22,300.046,4606.6,450,85
56,4.5,22,300.08,6828.73,600,60
57,4.5,22,300.09,5853.73,510,73
58,4.5,22,300.014,6306,540,154
59,4.5,22,300.136,5577,519,45
60,4.5,22,300.124,5400.1,630,128
61,4.5,22,300.059,6822,600,95
62,4.5,22,300.093,5577,690,108
63,4.5,22,300.002,7522.6,570,63
64,4.5,22,300.032,6846,570,54
65,4.5,22,300.12,5523,540,64
66,4.5,22,300.021,5553,540,115
67,4.5,22,300.137,5006.18,450,59
68,4.5,22,300.039,4813.46,540,32
69,4.5,22,300.089,5715,570,66
70,4.5,22,300.043,6087,660,52
71,4.5,22,300.032,5307.73,630,99
72,4.5,22,300.151,4587,510,104
73,4.5,22,300.007,5991.73,570,53
74,4.5,22,300.087,5367,480,42
75,4.5,22,300.007,5330.18,540,93
76,4.5,22,300.083,6129.73,630,69
77,4.5,22,300.055,5637.73,570,109
78,4.5,22,300.013,5222.19,540,76
79,4.5,22,300.053,4857,450,84
80,4.5,22,300.017,5718,540,74
81,4.5,22,300.072,5883,630,90
82,4.5,22,300.115,5547,609,66
83,4.5,22,300.081,5076,540,71
84,4.5,22,300.099,6364,630,91
85,4.5,22,300.049,5925.73,699,104
86,4.5,22,300.063,5688,450,28
87,4.5,22,300.067,5325,627,82
88,4.5,22,300.001,5547,480,133
89,4.5,22,300.083,6936,600,49
90,4.5,22,300.097,5529,630,67
91,4.5,22,300.124,6357,579,33
92,4.5,22,300.026,6180,510,78
93,4.5,22,300.112,6180,570,73
94,4.5,22,300.138,6297.73,570,106
95,4.5,22,300.065,5927.91,570,56
96,4.5,22,300.069,6189,630,93
97,4.5,22,300.027,5451.73,552.728,43
98,4.5,22,300.053,4845,450,37
99,4.5,22,300.132,6147,660,127
0,4.5,23,300.044,5661.73,450,103
1,4.5,23,300,5771.27,480,116
2,4.5,23,300.049,6075.5,600,44
3,4.5,23,300.135,5359.46,510,77
4,4.5,23,300.128,6880.46,660,47
5,4.5,23,300.036,5877.73,618,118
6,4.5,23,300,4812,450,50
7,4.5,23,300.098,6306,489,66
8,4.5,23,300.076,6292.46,480,78
9,4.5,23,300.006,4419,399,51
10,4.5,23,300.104,6321,630,112
11,4.5,23,300.061,6723,510,49
12,4.5,23,300.039,6678,540,83
13,4.5,23,300.086,6100.46,600,55
14,4.5,23,300.122,5364,639,95
15,4.5,23,300.094,6934.6,630,44
16,4.5,23,300.108,6756,510,68
17,4.5,23,300.052,7959,630,108
18,4.5,23,300.049,5008.6,603.801,65
19,4.5,23,300.12,5697,480,61
20,4.5,23,300.101,6442.46,570,49
33,4.5,23,109.191,5545.46,630,94
21,4.5,23,300,7932,666.001,109
22,4.5,23,300.059,6255,570,46
23,4.5,23,300.007,6357.73,510,54
24,4.5,23,300.091,5675,540,63
25,4.5,23,300.117,4503,486.001,67
26,4.5,23,300.025,6357,660,96
27,4.5,23,300.088,4578,519,31
28,4.5,23,300.056,6237,609,53
29,4.5,23,300.116,4908,480,39
30,4.5,23,300.045,5817,540,48
31,4.5,23,300.106,6678,510,94
32,4.5,23,300.032,6405,540,75
34,4.5,23,300.071,6402.06,610.528,104
35,4.5,23,300.105,4827,450,53
36,4.5,23,300.104,5166,660,73
37,4.5,23,300.059,6297,660,107
38,4.5,23,300.128,5499,540,112
39,4.5,23,300.022,6585,648,54
40,4.5,23,300.095,5130.73,420,31
41,4.5,23,300.093,5596.36,678.729,82
42,4.5,23,300.041,5763.73,576.001,60
43,4.5,23,300.033,5736,549,45
44,4.5,23,300.052,5697,540,122
45,4.5,23,300.132,5652,510,80
46,4.5,23,300.028,6126,690,71
47,4.5,23,300.068,6795,600,54
48,4.5,23,300.032,6651,660,72
49,4.5,23,300.092,5878.53,510,112
50,4.5,23,300.053,4757.18,540,85
51,4.5,23,300.045,6768.73,552.728,93
52,4.5,23,300.046,6006,480,90
53,4.5,23,300.056,5290.46,600.728,89
54,4.5,23,300.105,7024.46,630,67
55,4.5,23,300.015,4756.6,450,85
56,4.5,23,300.109,6918.73,600,45
57,4.5,23,300.124,6153.73,510,76
58,4.5,23,300.103,6399.73,540,101
59,4.5,23,300.101,5667,519,45
60,4.5,23,300.015,5730.1,630,129
61,4.5,23,300.017,7005,600,95
62,4.5,23,300.093,5853.64,630,80
63,4.5,23,300.062,7912.6,570,63
64,4.5,23,300.056,7072.46,600,71
65,4.5,23,300.073,5613,540,67
66,4.5,23,300.041,5823,540,117
67,4.5,23,300.082,5186.18,450,62
68,4.5,23,300.047,5076,540,131
69,4.5,23,300.093,5805,570,70
70,4.5,23,300.033,6327,660,53
71,4.5,23,300.025,5427.73,630,99
72,4.5,23,300.049,5031,510,101
73,4.5,23,300.014,6147,570,68
74,4.5,23,300.018,5547,480,46
75,4.5,23,300.071,5658.46,540,81
76,4.5,23,300.028,6597.83,630,87
77,4.5,23,300.015,5757.73,570,112
78,4.5,23,300.01,5495.18,540.728,107
79,4.5,23,300.039,4941.73,462.728,60
80,4.5,23,300.08,5838,540,76
81,4.5,23,300.068,5943,630,87
82,4.5,23,300.005,5817,609,66
83,4.5,23,300.029,5277,540,58
84,4.5,23,300.039,6524.18,630,157
85,4.5,23,300.084,6433.9,687.9,75
86,4.5,23,300.007,5898,450,34
87,4.5,23,300.068,5415,627,82
88,4.5,23,300.001,5961.73,570,127
89,4.5,23,300.05,7254,600,87
90,4.5,23,300,5751.73,642.728,106
91,4.5,23,300.05,6507,579,20
92,4.5,23,300.08,6519,510,87
93,4.5,23,300.105,6570,570,75
94,4.5,23,300.118,6477.73,570,115
95,4.5,23,300.13,6347.91,570,56
96,4.5,23,300.006,6249,630,97
97,4.5,23,300.008,5751.73,552.728,44
98,4.5,23,300.05,5085,450,52
99,4.5,23,300.099,6267,660,128
0,4.5,24,300.035,5835.73,497,164
1,4.5,24,300.001,6101.27,480,116
2,4.5,24,300.08,6405.7,600,49
3,4.5,24,300.111,5589,510,115
4,4.5,24,300.076,7330.46,660,47
5,4.5,24,300.135,6417.73,618,124
6,4.5,24,300.001,5082,450,50
7,4.5,24,300.016,6546,489,66
8,4.5,24,300.122,6682.46,480,78
9,4.5,24,300.017,4599,399,51
10,4.5,24,300.058,6741,630,111
11,4.5,24,300.002,6933,510,73
12,4.5,24,300.059,6828,540,83
13,4.5,24,300.055,6130.46,600,55
14,4.5,24,300.09,5604,639,95
15,4.5,24,300.015,7264.6,630,51
16,4.5,24,300.076,6876,510,68
17,4.5,24,300.005,8109,639,98
18,4.5,24,300.071,5428.6,603.801,64
19,4.5,24,300.023,5845.46,480,52
20,4.5,24,300.129,6952.46,570,63
21,4.5,24,300,8322,666.001,109
22,4.5,24,300.001,6939,675.001,95
23,4.5,24,300.07,6477.73,510,60
24,4.5,24,300.028,5705,540,45
25,4.5,24,300.095,4833,486.001,69
26,4.5,24,300.084,6543,660,104
27,4.5,24,300.145,4998,519,37
28,4.5,24,300.099,6363,687.001,88
29,4.5,24,300.043,5028,480,39
30,4.5,24,300.109,5967,540,49
31,4.5,24,300.092,6768,510,97
32,4.5,24,300.08,6447.73,540,92
33,4.5,24,300,5931.73,630,97
34,4.5,24,300.042,6762.06,610.528,49
35,4.5,24,300.057,5037,450,59
36,4.5,24,300.084,5457,660,81
37,4.5,24,300.009,6582,660,122
38,4.5,24,300.052,5919,540,49
39,4.5,24,300.103,6675,648,54
40,4.5,24,300.121,5250.73,420,31
41,4.5,24,300.131,5656.36,678.729,85
42,4.5,24,300.119,6165.73,567.001,63
43,4.5,24,300.181,5916,549,45
44,4.5,24,300.008,6027,540,121
45,4.5,24,300.133,5862,510,80
46,4.5,24,300.072,6426,690,86
47,4.5,24,300.038,6855,600,54
48,4.5,24,300.007,6771,660,72
49,4.5,24,300.085,6118.53,510,130
50,4.5,24,300.104,5091,540,181
51,4.5,24,300.029,7007.91,565.456,114
52,4.5,24,300.064,6546,540,90
53,4.5,24,300.097,5961,696.001,128
54,4.5,24,300.034,7155,630,123
55,4.5,24,300.094,5236.6,480,86
56,4.5,24,300.024,7068.73,600,45
57,4.5,24,300.11,6453.73,510,76
58,4.5,24,300.08,6489.73,540,101
59,4.5,24,300.153,5937,519,45
60,4.5,24,300.071,5910.1,630,133
61,4.5,24,300.069,7245,600,100
62,4.5,24,300.023,6445.53,630,71
63,4.5,24,300.067,8154.8,570,43
64,4.5,24,300.071,7444.46,612.728,78
65,4.5,24,300.076,5703,540,67
66,4.5,24,300.094,5853,540,117
67,4.5,24,300.012,5726.18,540,75
68,4.5,24,300.015,5157.73,540,57
69,4.5,24,300.036,6135,570,57
70,4.5,24,300.078,6927,660,64
71,4.5,24,300.037,5667.73,630,98
72,4.5,24,300.018,5361,510,105
73,4.5,24,300.003,6393,570,96
74,4.5,24,300.058,5787,480,57
75,4.5,24,300.096,5688.46,540,81
76,4.5,24,300.011,6777.83,630,87
77,4.5,24,300.01,6477,735.001,144
78,4.5,24,300.024,5940.73,540,107
79,4.5,24,300.103,5151.73,462.728,60
80,4.5,24,300.075,6288,540,64
81,4.5,24,300.013,6273,630,89
82,4.5,24,300.071,6147,609,66
83,4.5,24,300.056,5607,540,58
84,4.5,24,300.035,6644.18,630,129
85,4.5,24,300.006,6943.9,687.9,82
86,4.5,24,300.108,6087,450,48
87,4.5,24,300.132,5667.73,621.728,90
88,4.5,24,300,6147,570,127
89,4.5,24,300.042,7674,600,87
90,4.5,24,300.005,5964.73,678.729,112
91,4.5,24,300.114,6747,579,20
92,4.5,24,300.103,6909,510,87
93,4.5,24,300.04,6840,570,75
94,4.5,24,300.053,6537.73,570,109
95,4.5,24,300.075,6767.91,570,60
96,4.5,24,300.006,6519,630,97
97,4.5,24,300.018,6171.73,552.728,46
98,4.5,24,300.127,5655,570,54
99,4.5,24,300.119,6421.46,600,100
