2,0,0,DS,0,0.500000000,1,0.001798285,1,270.928160792,270.928160792,152.388740215,1,0,0,0.000000000,0,0.000000000,0,0.000000000,0,0.000000000,
3,0,0,DS,0,0.500000000,1,0.119245716,1,432.617821368,433.087112569,162.158951776,22,0,126,1122.161035761,21,336.384501297,0,0.000000000,0,0.000000000,
4,0,0,DS,0,0.500000000,1,0.119388573,1,494.836818290,495.306109491,162.158951776,22,0,126,1122.161035761,21,336.384501297,0,0.000000000,0,0.000000000,
5,0,0,DS,0,0.500000000,1,0.121845648,1,529.416610812,529.885902013,162.158951776,22,0,126,1122.161035761,21,336.384501297,0,0.000000000,0,0.000000000,
6,0,0,DS,0,0.500000000,1,3.658833797,1,850.779313443,851.564430460,321.678528447,219,0,1236,7278.025221181,218,1756.951339069,0,0.000000000,0,0.000000000,
7,0,0,DS,0,0.500000000,1,11.529113398,1,1051.560068741,1052.380250136,321.678528447,750,0,4278,24931.082667351,749,6482.153600509,0,0.000000000,0,0.000000000,
8,0,0,DS,0,0.500000000,1,11.437038508,1,1188.655025008,1189.475206403,321.678528447,750,0,4278,24931.082667351,749,6482.153600509,0,0.000000000,0,0.000000000,
2,0,0,DS,0,0.500000000,2,0.000842943,1,120.463862273,120.463862273,115.523027433,1,0,0,0.000000000,0,0.000000000,0,0.000000000,0,0.000000000,
3,0,0,DS,0,0.500000000,2,0.269998251,1,293.895241510,293.959115808,173.431379237,63,0,352,822.454354569,62,120.859184973,0,0.000000000,0,0.000000000,
5,0,0,DS,0,0.500000000,2,0.275384781,1,598.423441790,598.487316088,195.922948551,63,0,352,822.454354569,62,120.859184973,0,0.000000000,0,0.000000000,
6,0,0,DS,0,0.500000000,2,0.273771280,1,867.431996027,867.495870325,269.008554237,63,0,352,822.454354569,62,120.859184973,0,0.000000000,0,0.000000000,
4,0,0,DS,0,0.500000000,2,0.273718734,1,402.500493239,402.564367536,173.431379237,63,0,352,822.454354569,62,120.859184973,0,0.000000000,0,0.000000000,
7,0,0,DS,0,0.500000000,2,0.285838297,1,1014.044161657,1014.108035955,269.008554237,63,0,352,822.454354569,62,120.859184973,0,0.000000000,0,0.000000000,
8,0,0,DS,0,0.500000000,2,1.552138531,1,1024.337945667,1024.580126229,269.008554237,76,0,429,1003.500578481,75,120.859184973,0,0.000000000,0,0.000000000,
9,0,0,DS,0,0.500000000,2,1.610888730,1,1185.348096505,1185.590277068,269.008554237,76,0,429,1003.500578481,75,120.859184973,0,0.000000000,0,0.000000000,
11,0,0,DS,0,0.500000000,2,1.554851318,1,1507.418664011,1507.660844573,269.008554237,76,0,429,1003.500578481,75,120.859184973,0,0.000000000,0,0.000000000,
10,0,0,DS,0,0.500000000,2,1.624645319,1,1361.259992477,1361.502173039,269.008554237,76,0,429,1003.500578481,75,120.859184973,0,0.000000000,0,0.000000000,
12,0,0,DS,0,0.500000000,2,1.578134232,1,1564.528663362,1564.770843925,269.008554237,76,0,429,1003.500578481,75,120.859184973,0,0.000000000,0,0.000000000,
9,0,0,DS,0,0.500000000,1,30.002834274,0,1455.697720769,1456.276958974,321.364638382,2862,0,16396,121536.376092364,2861,20545.014311800,0,0.000000000,0,0.000000000,
14,0,0,DS,0,0.500000000,2,9.094422576,1,1899.115228129,1900.016798714,269.088434618,572,0,2863,9922.237096229,571,2206.059926600,0,0.000000000,0,0.000000000,
13,0,0,DS,0,0.500000000,2,9.185925528,1,1656.873501402,1657.775071987,269.088434618,572,0,2863,9922.237096229,571,2206.059926600,0,0.000000000,0,0.000000000,
15,0,0,DS,0,0.500000000,2,9.235521657,1,2132.270382912,2133.171953497,269.088434618,572,0,2863,9922.237096229,571,2206.059926600,0,0.000000000,0,0.000000000,
16,0,0,DS,0,0.500000000,2,9.374038305,1,2362.590007237,2363.491577821,269.088434618,572,0,2863,9922.237096229,571,2206.059926600,0,0.000000000,0,0.000000000,
18,0,0,DS,0,0.500000000,2,9.377226725,1,2445.148062777,2446.049633361,269.088434618,572,0,2863,9922.237096229,571,2206.059926600,0,0.000000000,0,0.000000000,
17,0,0,DS,0,0.500000000,2,9.565417596,1,2405.133401300,2406.034971884,269.088434618,572,0,2863,9922.237096229,571,2206.059926600,0,0.000000000,0,0.000000000,
10,0,0,DS,0,0.500000000,1,30.006852291,0,1741.261553794,1741.505750125,321.362702631,1008,0,10668,66583.189989492,1007,5583.291067631,0,0.000000000,0,0.000000000,
2,0,0,DS,0,0.500000000,3,0.000414825,1,103.095307677,103.095307677,53.173525643,1,0,0,0.000000000,0,0.000000000,0,0.000000000,0,0.000000000,
3,0,0,DS,0,0.500000000,3,0.001032476,1,217.204673270,217.204673270,114.109365593,1,0,0,0.000000000,0,0.000000000,0,0.000000000,0,0.000000000,
4,0,0,DS,0,0.500000000,3,0.001713578,1,300.983020560,300.983020560,114.109365593,1,0,0,0.000000000,0,0.000000000,0,0.000000000,0,0.000000000,
5,0,0,DS,0,0.500000000,3,0.002197841,1,394.775363325,394.775363325,114.109365593,1,0,0,0.000000000,0,0.000000000,0,0.000000000,0,0.000000000,
11,0,0,DS,0,0.500000000,1,30.050328680,0,1956.387912942,1956.627118746,321.362702631,879,0,10062,54867.770067823,878,3988.850395742,0,0.000000000,0,0.000000000,
12,0,0,DS,0,0.500000000,1,30.009170715,0,2091.406311334,2091.644527082,321.362702631,886,0,10132,55239.503203172,885,4024.150516374,0,0.000000000,0,0.000000000,
13,0,0,DS,0,0.500000000,1,30.014953369,0,2269.047016264,2269.457746846,321.362702631,1426,0,14836,105330.203067887,1425,5741.930410015,0,0.000000000,0,0.000000000,
14,0,0,DS,0,0.500000000,1,30.003830034,0,2550.351454954,2551.172123559,321.362702631,747,0,8982,62692.115232718,738,4966.759270805,0,0.000000000,0,0.000000000,
6,0,0,DS,0,0.500000000,3,0.003308204,1,571.625976867,571.625976867,176.850613541,1,0,0,0.000000000,0,0.000000000,0,0.000000000,0,0.000000000,
7,0,0,DS,0,0.500000000,3,0.004865550,1,831.063235461,831.063235461,259.437258595,1,0,0,0.000000000,0,0.000000000,0,0.000000000,0,0.000000000,
8,0,0,DS,0,0.500000000,3,0.176446866,1,1001.767158386,1002.144194636,259.437258595,2,0,4,6.455157674,1,0.000000000,0,0.000000000,0,0.000000000,
15,0,0,DS,0,0.500000000,1,30.000267434,0,2697.561083539,2698.387181040,321.362702631,729,0,8800,61599.988854418,720,4908.191606107,0,0.000000000,0,0.000000000,
9,0,0,DS,0,0.500000000,3,2.892474807,1,1162.921577261,1163.427316008,259.437258595,294,0,1658,5575.156561582,293,1085.973508516,0,0.000000000,0,0.000000000,
10,0,0,DS,0,0.500000000,3,2.991044176,1,1407.637936247,1408.143674994,259.437258595,294,0,1658,5575.156561582,293,1085.973508516,0,0.000000000,0,0.000000000,
11,0,0,DS,0,0.500000000,3,2.936045770,1,1449.120793410,1449.626532157,259.437258595,294,0,1658,5575.156561582,293,1085.973508516,0,0.000000000,0,0.000000000,
16,0,0,DS,0,0.500000000,1,30.085271980,0,2767.106930668,2767.932071421,321.362702631,741,0,8928,62342.245181475,732,4954.242430925,0,0.000000000,0,0.000000000,
17,0,0,DS,0,0.500000000,1,30.104970632,0,2797.124623436,2797.728268716,321.365216462,405,0,5008,31835.137095273,399,2067.291334947,0,0.000000000,0,0.000000000,
18,0,0,DS,0,0.500000000,1,30.081845428,0,2898.619061520,2899.236676660,321.362702631,577,0,6213,36925.824588004,573,2690.271069720,0,0.000000000,0,0.000000000,
19,0,0,DS,0,0.500000000,1,30.124833742,0,2968.964531500,2969.573237623,321.362702631,561,0,6050,36036.275848873,557,2602.734157107,0,0.000000000,0,0.000000000,
2,0,0,DS,0,0.500000000,4,0.001689262,1,248.335671148,248.335671148,127.063561164,1,0,0,0.000000000,0,0.000000000,0,0.000000000,0,0.000000000,
20,0,0,DS,0,0.500000000,1,30.127056700,0,3034.341650593,3034.959265733,321.362702631,577,0,6213,36925.824588004,573,2690.271069720,0,0.000000000,0,0.000000000,
3,0,0,DS,0,0.500000000,4,0.003405453,1,419.594172579,419.594172579,171.258501431,1,0,0,0.000000000,0,0.000000000,0,0.000000000,0,0.000000000,
4,0,0,DS,0,0.500000000,4,0.003201523,1,502.748005742,502.748005742,171.258501431,1,0,0,0.000000000,0,0.000000000,0,0.000000000,0,0.000000000,
21,0,0,DS,0,0.500000000,1,30.223928803,0,3109.722137706,3110.383430403,321.362702631,693,0,7574,47444.282253939,692,3206.535607951,0,0.000000000,0,0.000000000,
5,0,0,DS,0,0.500000000,4,0.004508904,1,704.228709184,704.228709184,201.480703442,1,0,0,0.000000000,0,0.000000000,0,0.000000000,0,0.000000000,
6,0,0,DS,0,0.500000000,4,0.005057979,1,713.707813553,713.707813553,201.480703442,1,0,0,0.000000000,0,0.000000000,0,0.000000000,0,0.000000000,
7,0,0,DS,0,0.500000000,4,0.006759392,1,939.471044601,939.471044601,225.763231048,1,0,0,0.000000000,0,0.000000000,0,0.000000000,0,0.000000000,
22,0,0,DS,0,0.500000000,1,30.006442599,0,3125.146452259,3125.821044925,321.362702631,708,0,7731,48368.384504666,707,3284.355906471,0,0.000000000,0,0.000000000,
23,0,0,DS,0,0.500000000,1,30.272593669,0,3316.515815535,3317.104951064,321.362702631,106,0,1208,6356.362645991,105,290.884750054,0,0.000000000,0,0.000000000,
12,0,0,DS,0,0.500000000,3,17.106904065,1,1512.185088797,1512.709762736,259.437258595,1619,0,9116,31642.047858007,1618,6444.825239877,0,0.000000000,0,0.000000000,
10,0,0,DS,0,0.500000000,4,6.137285856,1,1347.835425987,1348.031013207,257.153942492,150,0,841,839.575968676,149,151.449659417,0,0.000000000,0,0.000000000,
9,0,0,DS,0,0.500000000,4,6.181200352,1,1268.668427604,1268.864014825,257.153942492,150,0,841,839.575968676,149,151.449659417,0,0.000000000,0,0.000000000,
8,0,0,DS,0,0.500000000,4,6.246104966,1,1196.429399873,1196.624987093,257.153942492,150,0,841,839.575968676,149,151.449659417,0,0.000000000,0,0.000000000,
19,0,0,DS,0,0.500000000,2,30.058756692,0,2605.599571167,2606.246571309,269.013199861,126,0,618,1250.569061274,125,120.630794378,0,0.000000000,0,0.000000000,
20,0,0,DS,0,0.500000000,2,30.407912545,0,2765.376415368,2766.001426158,269.008554237,144,0,787,1891.166283357,143,253.597040256,0,0.000000000,0,0.000000000,
21,0,0,DS,0,0.500000000,2,30.444836716,0,2888.271826129,2888.896836919,269.008554237,144,0,787,1891.166283357,143,253.597040256,0,0.000000000,0,0.000000000,
22,0,0,DS,0,0.500000000,2,30.095539640,0,3057.094132582,3057.820231630,269.013199861,183,0,1262,4628.288050763,182,504.565093538,0,0.000000000,0,0.000000000,
23,0,0,DS,0,0.500000000,2,30.021069961,0,3322.671567429,3323.423025839,269.066940156,391,0,2948,10514.781326535,390,1154.177586198,0,0.000000000,0,0.000000000,
13,0,0,DS,0,0.500000000,3,30.002653554,0,1694.695969100,1695.451602112,259.437258595,2299,0,14806,53038.410982724,2298,9194.953608378,0,0.000000000,0,0.000000000,
15,0,0,DS,0,0.500000000,3,30.007429309,0,1963.506070420,1964.133404539,259.437258595,2007,0,15582,93928.148093202,2006,13294.010647096,0,0.000000000,0,0.000000000,
16,0,0,DS,0,0.500000000,3,30.006639388,0,2196.398984409,2197.082437553,259.437258595,1335,0,13188,93835.059240997,1318,9679.785171747,0,0.000000000,0,0.000000000,
14,0,0,DS,0,0.500000000,3,30.012289736,0,1762.448327382,1763.204275703,259.437258595,2311,0,14888,53326.946507121,2310,9236.764680835,0,0.000000000,0,0.000000000,
2,0,0,DS,0,0.500000000,5,0.002202540,1,318.539071397,318.539071397,179.297856041,1,0,0,0.000000000,0,0.000000000,0,0.000000000,0,0.000000000,
3,0,0,DS,0,0.500000000,5,0.002915401,1,459.956679347,459.956679347,179.297856041,1,0,0,0.000000000,0,0.000000000,0,0.000000000,0,0.000000000,
4,0,0,DS,0,0.500000000,5,0.003814878,1,588.769134359,588.769134359,179.297856041,1,0,0,0.000000000,0,0.000000000,0,0.000000000,0,0.000000000,
17,0,0,DS,0,0.500000000,3,30.013543111,0,2263.810008753,2264.492384909,259.437258595,1328,0,13132,93472.074328079,1311,9642.497895293,0,0.000000000,0,0.000000000,
5,0,0,DS,0,0.500000000,5,0.005217966,1,623.965182969,623.965182969,179.297856041,1,0,0,0.000000000,0,0.000000000,0,0.000000000,0,0.000000000,
6,0,0,DS,0,0.500000000,5,0.004282521,1,665.461034051,665.461034051,179.297856041,1,0,0,0.000000000,0,0.000000000,0,0.000000000,0,0.000000000,
7,0,0,DS,0,0.500000000,5,0.004436880,1,724.691592206,724.691592206,179.297856041,1,0,0,0.000000000,0,0.000000000,0,0.000000000,0,0.000000000,
18,0,0,DS,0,0.500000000,3,30.007860975,0,2423.634846187,2424.304103055,259.437258595,1475,0,15974,128186.655544474,1398,10930.449104264,0,0.000000000,0,0.000000000,
19,0,0,DS,0,0.500000000,3,30.012628432,0,2603.495951624,2604.180751097,259.437258595,1356,0,17170,121048.795454991,1298,8381.736697405,0,0.000000000,0,0.000000000,
20,0,0,DS,0,0.500000000,3,30.015013293,0,2666.262586014,2666.952168882,259.437258595,1373,0,17380,122481.277916539,1315,8536.562146127,0,0.000000000,0,0.000000000,
21,0,0,DS,0,0.500000000,3,30.011238817,0,2802.207464723,2803.197069404,259.437258595,1363,0,17224,118743.366538257,1311,7991.908700701,0,0.000000000,0,0.000000000,
8,0,0,DS,0,0.500000000,5,0.006002271,1,939.227791142,939.227791142,214.536198936,1,0,0,0.000000000,0,0.000000000,0,0.000000000,0,0.000000000,
9,0,0,DS,0,0.500000000,5,0.006697568,1,986.260117651,986.260117651,214.536198936,1,0,0,0.000000000,0,0.000000000,0,0.000000000,0,0.000000000,
10,0,0,DS,0,0.500000000,5,0.009138564,1,1247.993561569,1247.993561569,261.733443919,1,0,0,0.000000000,0,0.000000000,0,0.000000000,0,0.000000000,
11,0,0,DS,0,0.500000000,5,0.266857514,1,1341.059773869,1341.833840747,261.733443919,67,0,316,745.035916444,66,104.443494018,0,0.000000000,0,0.000000000,
12,0,0,DS,0,0.500000000,5,0.272204993,1,1543.832271680,1544.606338558,261.733443919,67,0,316,745.035916444,66,104.443494018,0,0.000000000,0,0.000000000,
22,0,0,DS,0,0.500000000,3,30.033009032,0,2965.714162287,2966.703748695,259.437258595,1006,0,14604,108925.435352278,973,4753.812463809,0,0.000000000,0,0.000000000,
23,0,0,DS,0,0.500000000,3,30.044224001,0,3054.970735120,3055.958965647,259.437258595,1005,0,14586,108752.499100784,972,4749.446546110,0,0.000000000,0,0.000000000,
13,0,0,DS,0,0.500000000,5,2.261839824,1,1629.264533437,1630.470029526,261.733443919,597,0,2830,6591.568149594,596,1005.106979081,0,0.000000000,0,0.000000000,
14,0,0,DS,0,0.500000000,5,2.314556678,1,1766.410646217,1767.616142306,261.733443919,597,0,2830,6591.568149594,596,1005.106979081,0,0.000000000,0,0.000000000,
11,0,0,DS,0,0.500000000,4,30.000544759,0,1569.282906081,1569.875849078,257.399488839,1058,0,7729,7594.308521565,1056,899.137246767,0,0.000000000,0,0.000000000,
2,0,0,DS,0,0.500000000,6,0.003210980,1,389.614560908,389.614560908,228.344802699,1,0,0,0.000000000,0,0.000000000,0,0.000000000,0,0.000000000,
12,0,0,DS,0,0.500000000,4,30.010627708,0,1612.555770590,1613.086389527,257.263152617,1039,0,7587,7461.357607360,1037,878.316646648,0,0.000000000,0,0.000000000,
3,0,0,DS,0,0.500000000,6,0.003699023,1,482.963858206,482.963858206,228.344802699,1,0,0,0.000000000,0,0.000000000,0,0.000000000,0,0.000000000,
4,0,0,DS,0,0.500000000,6,0.004863978,1,666.946724076,666.946724076,228.344802699,1,0,0,0.000000000,0,0.000000000,0,0.000000000,0,0.000000000,
5,0,0,DS,0,0.500000000,6,0.004978780,1,717.739198756,717.739198756,228.344802699,1,0,0,0.000000000,0,0.000000000,0,0.000000000,0,0.000000000,
6,0,0,DS,0,0.500000000,6,0.005202258,1,763.741588532,763.741588532,228.344802699,1,0,0,0.000000000,0,0.000000000,0,0.000000000,0,0.000000000,
7,0,0,DS,0,0.500000000,6,0.005445021,1,825.721953298,825.721953298,228.344802699,1,0,0,0.000000000,0,0.000000000,0,0.000000000,0,0.000000000,
13,0,0,DS,0,0.500000000,4,30.008569241,0,1764.312953746,1764.890651656,257.263152617,1350,0,8775,9937.938417798,1348,1162.566528166,0,0.000000000,0,0.000000000,
8,0,0,DS,0,0.500000000,6,0.166243256,1,1026.147185786,1026.228120445,228.344802699,28,0,144,1060.997475136,27,216.702920650,0,0.000000000,0,0.000000000,
14,0,0,DS,0,0.500000000,4,30.016269680,0,1956.582665980,1958.240354520,257.270156848,1165,0,8309,17100.576489376,1162,2474.617024997,0,0.000000000,0,0.000000000,
15,0,0,DS,0,0.500000000,4,30.002516850,0,2090.148868432,2091.816041902,257.263152617,1163,0,8292,17082.974891180,1160,2472.579563532,0,0.000000000,0,0.000000000,
16,0,0,DS,0,0.500000000,4,30.005452381,0,2258.574535867,2260.212029654,257.263152617,2174,0,12692,51857.958071022,2172,12376.607134892,0,0.000000000,0,0.000000000,
17,0,0,DS,0,0.500000000,4,30.001891568,0,2386.184980414,2387.696525138,256.958355271,1006,0,8211,50953.029560866,1001,7490.851810514,0,0.000000000,0,0.000000000,
9,0,0,DS,0,0.500000000,6,0.163106593,1,1115.789703038,1115.870637697,228.344802699,28,0,144,1060.997475136,27,216.702920650,0,0.000000000,0,0.000000000,
10,0,0,DS,0,0.500000000,6,0.165553619,1,1392.216676377,1392.297611036,276.426973339,28,0,144,1060.997475136,27,216.702920650,0,0.000000000,0,0.000000000,
18,0,0,DS,0,0.500000000,4,30.021127971,0,2567.528845316,2568.970764923,257.112225220,866,0,8181,56029.189315081,861,6251.828443201,0,0.000000000,0,0.000000000,
19,0,0,DS,0,0.500000000,4,30.040446960,0,2790.348084490,2791.800331121,257.112225220,867,0,8191,56041.627656355,862,6254.677694890,0,0.000000000,0,0.000000000,
20,0,0,DS,0,0.500000000,4,30.030844754,0,2918.770816008,2920.108895704,256.958355271,853,0,8063,55123.888490072,848,6159.336325491,0,0.000000000,0,0.000000000,
21,0,0,DS,0,0.500000000,4,30.015570292,0,3124.957629130,3126.411302191,256.958355271,862,0,8149,55819.012674463,857,6223.648329435,0,0.000000000,0,0.000000000,
22,0,0,DS,0,0.500000000,4,30.007833694,0,3395.732256056,3396.912777540,270.798314886,666,0,6181,31987.203873902,665,3627.778149237,0,0.000000000,0,0.000000000,
23,0,0,DS,0,0.500000000,4,30.015573093,0,3527.288241605,3528.548432990,271.002497787,674,0,6407,33140.895218407,673,3651.987297990,0,0.000000000,0,0.000000000,
15,0,0,DS,0,0.500000000,5,30.035140755,0,2056.944432251,2058.189471796,290.533786034,1313,0,6388,21280.629296784,1312,4804.215082849,0,0.000000000,0,0.000000000,
17,0,0,DS,0,0.500000000,5,30.000958420,0,2095.391153641,2096.609132344,291.038306481,1322,0,6423,21324.407358128,1321,4803.845067315,0,0.000000000,0,0.000000000,
16,0,0,DS,0,0.500000000,5,30.023930628,0,2075.464982628,2076.723870108,291.038306481,1319,0,6409,21293.714843383,1318,4802.850551489,0,0.000000000,0,0.000000000,
18,0,0,DS,0,0.500000000,5,30.003004844,0,2150.242994059,2151.469861327,291.065615895,1324,0,6435,21358.906919423,1323,4804.287697590,0,0.000000000,0,0.000000000,
19,0,0,DS,0,0.500000000,5,30.076573484,0,2333.605220063,2334.838833373,290.533786034,857,0,4229,14438.228056922,856,3192.671650609,0,0.000000000,0,0.000000000,
2,0,0,DS,0,0.500000000,7,0.000827172,1,134.973331474,134.973331474,128.620364257,1,0,0,0.000000000,0,0.000000000,0,0.000000000,0,0.000000000,
3,0,0,DS,0,0.500000000,7,0.001548770,1,269.109129434,269.109129434,134.135797960,1,0,0,0.000000000,0,0.000000000,0,0.000000000,0,0.000000000,
4,0,0,DS,0,0.500000000,7,0.155627161,1,464.284561352,464.415780041,195.306650607,33,0,160,1242.863319967,32,298.331089691,0,0.000000000,0,0.000000000,
5,0,0,DS,0,0.500000000,7,0.159956492,1,627.691300715,627.822519404,195.306650607,33,0,160,1242.863319967,32,298.331089691,0,0.000000000,0,0.000000000,
6,0,0,DS,0,0.500000000,7,0.157180953,1,741.299406571,741.430625260,195.306650607,33,0,160,1242.863319967,32,298.331089691,0,0.000000000,0,0.000000000,
20,0,0,DS,0,0.500000000,5,30.071518316,0,2389.562666499,2390.799617486,290.533786034,867,0,4275,14543.532372830,866,3210.498804963,0,0.000000000,0,0.000000000,
7,0,0,DS,0,0.500000000,7,0.161324734,1,857.649085362,857.780304051,195.306650607,33,0,160,1242.863319967,32,298.331089691,0,0.000000000,0,0.000000000,
8,0,0,DS,0,0.500000000,7,0.158726959,1,958.992179414,959.123398103,195.306650607,33,0,160,1242.863319967,32,298.331089691,0,0.000000000,0,0.000000000,
9,0,0,DS,0,0.500000000,7,0.160891828,1,1044.629308536,1044.760527225,195.306650607,33,0,160,1242.863319967,32,298.331089691,0,0.000000000,0,0.000000000,
21,0,0,DS,0,0.500000000,5,30.007283133,0,2555.592908550,2556.847545519,291.139472840,855,0,4221,14425.617509363,854,3189.550574969,0,0.000000000,0,0.000000000,
22,0,0,DS,0,0.500000000,5,30.027186678,0,2677.680169525,2678.669798322,291.138227079,1117,0,5610,24424.553527744,1116,5732.627004217,0,0.000000000,0,0.000000000,
23,0,0,DS,0,0.500000000,5,30.025830319,0,2828.344492021,2829.333299577,291.139472840,1122,0,5632,24477.278326872,1121,5751.828878238,0,0.000000000,0,0.000000000,
10,0,0,DS,0,0.500000000,7,2.281368628,1,1155.026009844,1155.257341689,195.306650607,602,0,3040,12572.208438944,601,3658.240604653,0,0.000000000,0,0.000000000,
12,0,0,DS,0,0.500000000,7,2.241366059,1,1227.972339156,1228.203671002,195.306650607,602,0,3040,12572.208438944,601,3658.240604653,0,0.000000000,0,0.000000000,
11,0,0,DS,0,0.500000000,7,2.294519170,1,1163.947736016,1164.179067862,195.306650607,602,0,3040,12572.208438944,601,3658.240604653,0,0.000000000,0,0.000000000,
13,0,0,DS,0,0.500000000,7,2.283507236,1,1474.153517496,1474.384849342,246.181178340,602,0,3040,12572.208438944,601,3658.240604653,0,0.000000000,0,0.000000000,
14,0,0,DS,0,0.500000000,7,2.287633887,1,1596.516201770,1596.747533615,246.181178340,602,0,3040,12572.208438944,601,3658.240604653,0,0.000000000,0,0.000000000,
16,0,0,DS,0,0.500000000,7,3.733288610,1,1828.253110708,1829.239659031,246.181178340,672,0,3358,15327.453312873,671,4298.851071674,0,0.000000000,0,0.000000000,
15,0,0,DS,0,0.500000000,7,3.762735683,1,1776.950856359,1777.937404682,246.181178340,672,0,3358,15327.453312873,671,4298.851071674,0,0.000000000,0,0.000000000,
17,0,0,DS,0,0.500000000,7,3.768469845,1,1936.131388245,1937.117936568,246.181178340,672,0,3358,15327.453312873,671,4298.851071674,0,0.000000000,0,0.000000000,
2,0,0,DS,0,0.500000000,8,0.001690785,1,246.943162175,246.943162175,137.030992916,1,0,0,0.000000000,0,0.000000000,0,0.000000000,0,0.000000000,
3,0,0,DS,0,0.500000000,8,0.001940040,1,282.703854233,282.703854233,137.030992916,1,0,0,0.000000000,0,0.000000000,0,0.000000000,0,0.000000000,
4,0,0,DS,0,0.500000000,8,0.002014810,1,289.170487592,289.170487592,137.030992916,1,0,0,0.000000000,0,0.000000000,0,0.000000000,0,0.000000000,
5,0,0,DS,0,0.500000000,8,0.004620432,1,544.361709814,544.361709814,255.191222223,1,0,0,0.000000000,0,0.000000000,0,0.000000000,0,0.000000000,
6,0,0,DS,0,0.500000000,8,0.005361746,1,591.834523595,591.834523595,255.191222223,1,0,0,0.000000000,0,0.000000000,0,0.000000000,0,0.000000000,
7,0,0,DS,0,0.500000000,8,0.005389978,1,661.988188858,661.988188858,255.191222223,1,0,0,0.000000000,0,0.000000000,0,0.000000000,0,0.000000000,
8,0,0,DS,0,0.500000000,8,0.005368119,1,664.854280971,664.854280971,255.191222223,1,0,0,0.000000000,0,0.000000000,0,0.000000000,0,0.000000000,
9,0,0,DS,0,0.500000000,8,0.006583706,1,818.461276207,818.461276207,255.191222223,1,0,0,0.000000000,0,0.000000000,0,0.000000000,0,0.000000000,
10,0,0,DS,0,0.500000000,8,0.006804057,1,886.776718147,886.776718147,255.191222223,1,0,0,0.000000000,0,0.000000000,0,0.000000000,0,0.000000000,
18,0,0,DS,0,0.500000000,7,7.467571667,1,2031.405485535,2032.412853046,246.181178340,1129,0,5618,25606.152761339,1128,6577.805178963,0,0.000000000,0,0.000000000,
11,0,0,DS,0,0.500000000,8,0.007019259,1,919.556590476,919.556590476,255.191222223,1,0,0,0.000000000,0,0.000000000,0,0.000000000,0,0.000000000,
12,0,0,DS,0,0.500000000,8,0.008304258,1,1044.490087493,1044.490087493,255.191222223,1,0,0,0.000000000,0,0.000000000,0,0.000000000,0,0.000000000,
13,0,0,DS,0,0.500000000,8,1.124737536,1,1338.873059443,1338.925287967,294.435200474,4,0,12,11.612329024,3,0.000000000,0,0.000000000,0,0.000000000,
19,0,0,DS,0,0.500000000,7,7.469758162,1,2191.016857287,2192.024224799,246.181178340,1130,0,5622,25615.764073985,1129,6582.103222619,0,0.000000000,0,0.000000000,
11,0,0,DS,0,0.500000000,6,30.005175807,0,1627.829028618,1628.015398227,276.426973339,2925,0,16576,47364.649836969,2924,8956.319644642,0,0.000000000,0,0.000000000,
15,0,0,DS,0,0.500000000,8,1.119578861,1,1555.278017385,1555.330245910,294.435200474,4,0,12,11.612329024,3,0.000000000,0,0.000000000,0,0.000000000,
14,0,0,DS,0,0.500000000,8,1.154430270,1,1455.671289133,1455.723517658,294.435200474,4,0,12,11.612329024,3,0.000000000,0,0.000000000,0,0.000000000,
16,0,0,DS,0,0.500000000,8,1.160062009,1,1696.978252654,1697.030481179,294.435200474,4,0,12,11.612329024,3,0.000000000,0,0.000000000,0,0.000000000,
12,0,0,DS,0,0.500000000,6,30.004151968,0,1823.751106768,1823.916621534,276.426973339,3121,0,16966,47923.413899678,3120,9173.834422859,0,0.000000000,0,0.000000000,
13,0,0,DS,0,0.500000000,6,30.005255990,0,1916.300722383,1916.462894620,276.426973339,3133,0,17032,48092.396831728,3132,9207.403249139,0,0.000000000,0,0.000000000,
14,0,0,DS,0,0.500000000,6,30.008343163,0,2003.234153827,2003.449636658,276.426973339,3475,0,24062,94005.462621635,3474,12784.906540700,0,0.000000000,0,0.000000000,
15,0,0,DS,0,0.500000000,6,30.002223567,0,2173.530052558,2173.746087858,276.426973339,3391,0,23466,91801.456626649,3390,12527.757808813,0,0.000000000,0,0.000000000,
17,0,0,DS,0,0.500000000,6,30.000267178,0,2516.084926438,2516.368880605,276.426973339,3242,0,23186,94751.820233411,3241,12043.239444307,0,0.000000000,0,0.000000000,
16,0,0,DS,0,0.500000000,6,30.005061205,0,2339.950161385,2340.239134957,276.426973339,3216,0,23028,94138.535121416,3215,11932.993386219,0,0.000000000,0,0.000000000,
17,0,0,DS,0,0.500000000,8,1.159830331,1,1830.409457425,1830.461685950,294.435200474,4,0,12,11.612329024,3,0.000000000,0,0.000000000,0,0.000000000,
2,0,0,DS,0,0.500000000,9,0.003570743,1,474.435626950,474.435626950,252.689178428,1,0,0,0.000000000,0,0.000000000,0,0.000000000,0,0.000000000,
3,0,0,DS,0,0.500000000,9,0.003919344,1,532.647246272,532.647246272,252.689178428,1,0,0,0.000000000,0,0.000000000,0,0.000000000,0,0.000000000,
18,0,0,DS,0,0.500000000,8,1.123922023,1,1861.102552036,1861.154780561,294.435200474,4,0,12,11.612329024,3,0.000000000,0,0.000000000,0,0.000000000,
4,0,0,DS,0,0.500000000,9,4.055992680,1,776.496565183,777.383813626,253.570639959,169,0,962,5713.938004059,168,959.542793171,0,0.000000000,0,0.000000000,
5,0,0,DS,0,0.500000000,9,4.036322631,1,937.883275858,938.770524301,253.570639959,169,0,962,5713.938004059,168,959.542793171,0,0.000000000,0,0.000000000,
18,0,0,DS,0,0.500000000,6,30.023451212,0,2795.810246412,2796.064359495,279.725319974,1400,0,11584,92467.549664222,1399,12971.952400491,0,0.000000000,0,0.000000000,
19,0,0,DS,0,0.500000000,6,30.032225779,0,2873.636463407,2873.890191216,279.725319974,1388,0,11486,91757.219506338,1387,12882.746508417,0,0.000000000,0,0.000000000,
20,0,0,DS,0,0.500000000,6,30.018171738,0,3102.628240418,3102.897221479,279.725319974,1672,0,13972,99326.480012817,1671,14066.103237371,0,0.000000000,0,0.000000000,
21,0,0,DS,0,0.500000000,6,30.006253907,0,3321.464663498,3321.720446010,279.725319974,1460,0,13094,90160.788711544,1459,11945.301414180,0,0.000000000,0,0.000000000,
22,0,0,DS,0,0.500000000,6,30.042364544,0,3505.069012626,3505.335017151,279.725319974,1103,0,11920,87746.984214385,1102,9559.909778857,0,0.000000000,0,0.000000000,
23,0,0,DS,0,0.500000000,6,30.036146284,0,3555.097051761,3555.362764221,279.725319974,1099,0,11872,87374.613736820,1098,9512.030079148,0,0.000000000,0,0.000000000,
20,0,0,DS,0,0.500000000,7,30.016627510,0,2433.223603387,2434.106574438,246.181178340,1382,0,8002,49582.110807005,1381,8491.874132348,0,0.000000000,0,0.000000000,
21,0,0,DS,0,0.500000000,7,30.011119442,0,2555.255476521,2556.131834003,246.181178340,1378,0,7992,49484.545580751,1377,8467.007652541,0,0.000000000,0,0.000000000,
22,0,0,DS,0,0.500000000,7,30.015959747,0,2668.566949921,2669.448702153,246.181178340,1388,0,8050,49825.338443260,1387,8519.869233425,0,0.000000000,0,0.000000000,
23,0,0,DS,0,0.500000000,7,30.004088043,0,2753.966772364,2755.374823289,246.181178340,1669,0,9364,57717.810327555,1668,9255.290855085,0,0.000000000,0,0.000000000,
19,0,0,DS,0,0.500000000,8,30.033309261,0,1985.910443195,1986.541286279,294.384907701,532,0,3306,8437.277071606,531,1060.302069037,0,0.000000000,0,0.000000000,
22,0,0,DS,0,0.500000000,8,30.005337293,0,2438.371641543,2439.109080112,294.494056533,1657,0,12512,57386.407671904,1656,9877.042018257,0,0.000000000,0,0.000000000,
21,0,0,DS,0,0.500000000,8,30.091858910,0,2290.502195584,2291.328919638,294.384907701,3312,0,17018,24167.781664584,3311,3857.062188389,0,0.000000000,0,0.000000000,
20,0,0,DS,0,0.500000000,8,30.208143172,0,2092.490475028,2093.367324036,294.383209084,3354,0,17218,24356.108645033,3353,3882.996232282,0,0.000000000,0,0.000000000,
2,0,0,DS,0,0.500000000,10,0.001250514,1,221.408549047,221.408549047,132.945719372,1,0,0,0.000000000,0,0.000000000,0,0.000000000,0,0.000000000,
3,0,0,DS,0,0.500000000,10,0.005387133,1,301.607416628,301.607692970,132.945719372,2,0,6,35.902684124,1,10.798215398,0,0.000000000,0,0.000000000,
6,0,0,DS,0,0.500000000,9,30.004161830,0,1175.577287263,1176.788862892,253.570639959,1474,0,7808,35120.325983704,1473,5860.655964496,0,0.000000000,0,0.000000000,
4,0,0,DS,0,0.500000000,10,0.005858112,1,404.020939874,404.021216216,132.945719372,2,0,6,35.902684124,1,10.798215398,0,0.000000000,0,0.000000000,
7,0,0,DS,0,0.500000000,9,30.013495391,0,1218.605096300,1219.769319027,252.791792637,1458,0,7726,34857.141855899,1457,5826.490018546,0,0.000000000,0,0.000000000,
23,0,0,DS,0,0.500000000,8,30.006360418,0,2454.293431080,2455.030869650,294.494056533,1657,0,12512,57386.407671904,1656,9877.042018257,0,0.000000000,0,0.000000000,
5,0,0,DS,0,0.500000000,10,0.006211202,1,486.929435977,486.929712319,132.945719372,2,0,6,35.902684124,1,10.798215398,0,0.000000000,0,0.000000000,
8,0,0,DS,0,0.500000000,9,30.000116620,0,1250.334291021,1251.549118925,253.570639959,1473,0,7804,35108.702688490,1472,5858.945184406,0,0.000000000,0,0.000000000,
9,0,0,DS,0,0.500000000,9,30.008324308,0,1375.183272484,1376.394848113,253.570639959,1474,0,7808,35120.325983704,1473,5860.655964496,0,0.000000000,0,0.000000000,
10,0,0,DS,0,0.500000000,9,30.007110386,0,1405.039741774,1406.259852443,253.496297463,1488,0,7876,35309.090512216,1487,5886.140612899,0,0.000000000,0,0.000000000,
6,0,0,DS,0,0.500000000,10,1.559563258,1,691.255892589,691.343040891,204.413328572,11,0,42,81.873300653,10,10.798215398,0,0.000000000,0,0.000000000,
7,0,0,DS,0,0.500000000,10,2.259175694,1,751.740289939,751.858092622,204.443982953,16,0,67,158.789905448,15,10.798215398,0,0.000000000,0,0.000000000,
8,0,0,DS,0,0.500000000,10,2.272746120,1,833.272027292,833.389829976,204.443982953,16,0,67,158.789905448,15,10.798215398,0,0.000000000,0,0.000000000,
9,0,0,DS,0,0.500000000,10,3.756998708,1,977.497201674,977.903825567,204.443982953,41,0,179,434.554021075,40,10.798215398,0,0.000000000,0,0.000000000,
10,0,0,DS,0,0.500000000,10,3.756096185,1,1231.909358668,1232.315982562,254.412156994,41,0,179,434.554021075,40,10.798215398,0,0.000000000,0,0.000000000,
11,0,0,DS,0,0.500000000,9,30.000588988,0,1550.284454133,1551.453275681,253.570639959,1503,0,7948,35486.437033436,1502,5912.824442560,0,0.000000000,0,0.000000000,
12,0,0,DS,0,0.500000000,9,30.018980802,0,1742.484162385,1743.011658192,252.846639990,1272,0,7688,46613.600585373,1271,8242.206700842,0,0.000000000,0,0.000000000,
13,0,0,DS,0,0.500000000,9,30.030578650,0,1854.400508882,1854.784154698,252.934658854,1066,0,7812,41250.434467870,1065,5495.323289120,0,0.000000000,0,0.000000000,
11,0,0,DS,0,0.500000000,10,3.748245491,1,1319.323425481,1319.730049374,254.412156994,41,0,179,434.554021075,40,10.798215398,0,0.000000000,0,0.000000000,
12,0,0,DS,0,0.500000000,10,3.715692379,1,1456.993742906,1457.400366799,254.412156994,41,0,179,434.554021075,40,10.798215398,0,0.000000000,0,0.000000000,
13,0,0,DS,0,0.500000000,10,3.767472714,1,1607.742473346,1608.149097239,254.412156994,41,0,179,434.554021075,40,10.798215398,0,0.000000000,0,0.000000000,
14,0,0,DS,0,0.500000000,10,4.375996692,1,1740.936915211,1741.343539104,254.412156994,41,0,197,632.266299420,40,10.798215398,0,0.000000000,0,0.000000000,
2,0,0,DS,0,0.500000000,11,0.000955664,1,196.315844921,196.315844921,151.513947780,1,0,0,0.000000000,0,0.000000000,0,0.000000000,0,0.000000000,
3,0,0,DS,0,0.500000000,11,0.001890789,1,352.635329813,352.635329813,156.319484892,1,0,0,0.000000000,0,0.000000000,0,0.000000000,0,0.000000000,
4,0,0,DS,0,0.500000000,11,0.002215334,1,410.573414594,410.573414594,156.319484892,1,0,0,0.000000000,0,0.000000000,0,0.000000000,0,0.000000000,
5,0,0,DS,0,0.500000000,11,0.002327014,1,439.331477254,439.331477254,156.319484892,1,0,0,0.000000000,0,0.000000000,0,0.000000000,0,0.000000000,
6,0,0,DS,0,0.500000000,11,0.002431437,1,483.582467043,483.582467043,156.319484892,1,0,0,0.000000000,0,0.000000000,0,0.000000000,0,0.000000000,
14,0,0,DS,0,0.500000000,9,30.006868020,0,2020.764286474,2021.216624165,252.917901101,1561,0,12030,73040.266108111,1560,9645.638369685,0,0.000000000,0,0.000000000,
7,0,0,DS,0,0.500000000,11,0.004683501,1,725.203641324,725.203641324,241.621174281,1,0,0,0.000000000,0,0.000000000,0,0.000000000,0,0.000000000,
8,0,0,DS,0,0.500000000,11,0.005705307,1,904.464926289,904.464926289,241.621174281,1,0,0,0.000000000,0,0.000000000,0,0.000000000,0,0.000000000,
15,0,0,DS,0,0.500000000,9,30.010479302,0,2056.421184349,2056.815583950,252.723126229,1567,0,12080,73318.873601900,1566,9680.379218880,0,0.000000000,0,0.000000000,
16,0,0,DS,0,0.500000000,9,30.008052118,0,2223.425384917,2223.848131121,252.744024771,1386,0,12230,78741.131490636,1385,8878.550409194,0,0.000000000,0,0.000000000,
9,0,0,DS,0,0.500000000,11,1.304915907,1,1020.360210574,1020.530172108,241.621174281,157,0,734,1380.209537703,156,338.785885498,0,0.000000000,0,0.000000000,
10,0,0,DS,0,0.500000000,11,1.285489983,1,1051.288705587,1051.458667120,241.621174281,157,0,734,1380.209537703,156,338.785885498,0,0.000000000,0,0.000000000,
17,0,0,DS,0,0.500000000,9,30.046091405,0,2237.917959259,2238.269452518,252.712204677,1393,0,12290,79151.894631580,1392,8916.139284487,0,0.000000000,0,0.000000000,
18,0,0,DS,0,0.500000000,9,30.006561987,0,2348.928256808,2349.351003012,252.744024771,1386,0,12230,78741.131490636,1385,8878.550409194,0,0.000000000,0,0.000000000,
15,0,0,DS,0,0.500000000,10,16.760795563,1,1813.724984446,1814.163109146,254.412156994,175,0,845,2588.841032317,174,45.171607354,0,0.000000000,0,0.000000000,
19,0,0,DS,0,0.500000000,9,30.020447339,0,2523.621046687,2524.018137499,252.822805388,1320,0,12404,81578.404745564,1319,8720.984113275,0,0.000000000,0,0.000000000,
20,0,0,DS,0,0.500000000,9,30.016120906,0,2636.089908832,2636.445954323,252.786036382,1289,0,12118,79702.062601171,1288,8516.521907925,0,0.000000000,0,0.000000000,
21,0,0,DS,0,0.500000000,9,30.065822084,0,2708.607562659,2709.125382313,252.716688503,149,0,1519,7015.656826700,148,263.901100399,0,0.000000000,0,0.000000000,
22,0,0,DS,0,0.500000000,9,30.224183815,0,2832.930378064,2833.712262108,252.689178428,273,0,2780,14758.034983354,250,1499.921908200,0,0.000000000,0,0.000000000,
23,0,0,DS,0,0.500000000,9,30.025758981,0,3001.333437844,3002.090626845,252.716688503,271,0,2761,14619.706357196,248,1484.537308574,0,0.000000000,0,0.000000000,
2,0,0,DS,0,0.500000000,12,0.003464556,1,418.118189468,418.118189468,226.009705095,1,0,0,0.000000000,0,0.000000000,0,0.000000000,0,0.000000000,
3,0,0,DS,0,0.500000000,12,0.003966363,1,507.828469835,507.828469835,226.009705095,1,0,0,0.000000000,0,0.000000000,0,0.000000000,0,0.000000000,
4,0,0,DS,0,0.500000000,12,0.193335633,1,611.637269042,611.687003913,226.059439965,2,0,4,7.477913019,1,0.000000000,0,0.000000000,0,0.000000000,
5,0,0,DS,0,0.500000000,12,0.197575765,1,728.073249910,728.122984780,226.059439965,2,0,4,7.477913019,1,0.000000000,0,0.000000000,0,0.000000000,
16,0,0,DS,0,0.500000000,10,30.016294532,0,1970.239632302,1970.560763747,254.434995787,319,0,1551,5028.330226049,318,177.798583273,0,0.000000000,0,0.000000000,
17,0,0,DS,0,0.500000000,10,30.037133714,0,1990.867707095,1991.189597629,254.412156994,328,0,1587,5083.801547837,327,177.798583273,0,0.000000000,0,0.000000000,
19,0,0,DS,0,0.500000000,10,30.001596337,0,2110.923959537,2111.245090982,254.412156994,320,0,1555,5034.138019859,319,177.798583273,0,0.000000000,0,0.000000000,
18,0,0,DS,0,0.500000000,10,30.036204855,0,2078.209406327,2078.521621199,254.434995787,316,0,1539,5008.369048479,315,177.798583273,0,0.000000000,0,0.000000000,
20,0,0,DS,0,0.500000000,10,30.069678400,0,2188.096000762,2188.487789153,254.412156994,313,0,1602,6449.068849578,312,381.476931199,0,0.000000000,0,0.000000000,
22,0,0,DS,0,0.500000000,10,30.098565766,0,2720.349965546,2720.721324581,283.340694276,478,0,2881,13856.508439909,477,1395.171897684,0,0.000000000,0,0.000000000,
21,0,0,DS,0,0.500000000,10,30.330848867,0,2471.424828991,2471.813289870,283.329614066,285,0,1518,6195.363468296,284,371.836711544,0,0.000000000,0,0.000000000,
6,0,0,DS,0,0.500000000,12,2.146531377,1,994.059268626,994.672749883,265.986018716,110,0,470,1128.023917546,109,342.655125203,0,0.000000000,0,0.000000000,
7,0,0,DS,0,0.500000000,12,2.187768800,1,1106.818818340,1107.432299598,265.986018716,110,0,470,1128.023917546,109,342.655125203,0,0.000000000,0,0.000000000,
23,0,0,DS,0,0.500000000,10,30.003153961,0,2800.603988807,2801.181351491,283.340694276,301,0,1737,6430.903315064,300,790.288223590,0,0.000000000,0,0.000000000,
8,0,0,DS,0,0.500000000,12,2.164034297,1,1372.698583688,1373.312064945,265.986018716,110,0,470,1128.023917546,109,342.655125203,0,0.000000000,0,0.000000000,
9,0,0,DS,0,0.500000000,12,2.883429109,1,1507.483857317,1508.109751383,265.986018716,111,0,474,1132.023917596,110,342.655125203,0,0.000000000,0,0.000000000,
12,0,0,DS,0,0.500000000,11,30.024035810,0,1122.120890320,1122.617737283,241.712188928,918,0,4702,9488.908496049,917,1109.816851531,0,0.000000000,0,0.000000000,
11,0,0,DS,0,0.500000000,11,30.084849355,0,1100.237205783,1100.767994894,241.925444200,930,0,4763,9637.596064128,929,1126.321778727,0,0.000000000,0,0.000000000,
13,0,0,DS,0,0.500000000,11,30.211639708,0,1174.374379183,1174.905168295,241.925444200,930,0,4763,9637.596064128,929,1126.321778727,0,0.000000000,0,0.000000000,
14,0,0,DS,0,0.500000000,11,30.002314591,0,1287.664161947,1288.176065612,241.836236149,926,0,4743,9568.650880587,925,1120.729192040,0,0.000000000,0,0.000000000,
15,0,0,DS,0,0.500000000,11,30.030160614,0,1430.581432922,1431.094368075,241.764278866,928,0,4753,9590.877974004,927,1124.692433890,0,0.000000000,0,0.000000000,
16,0,0,DS,0,0.500000000,11,30.258946384,0,1465.827635341,1466.082402656,241.703327485,910,0,4666,9414.486989048,909,1101.352081157,0,0.000000000,0,0.000000000,
2,0,0,DS,0,0.500000000,13,0.002145925,1,268.761669953,268.761669953,229.271877291,1,0,0,0.000000000,0,0.000000000,0,0.000000000,0,0.000000000,
3,0,0,DS,0,0.500000000,13,0.002388347,1,318.789709088,318.789709088,229.271877291,1,0,0,0.000000000,0,0.000000000,0,0.000000000,0,0.000000000,
17,0,0,DS,0,0.500000000,11,30.024390353,0,1523.727386701,1524.252649953,241.945529906,923,0,4729,9536.050226000,922,1115.680371936,0,0.000000000,0,0.000000000,
4,0,0,DS,0,0.500000000,13,0.004968845,1,604.630517272,604.630517272,285.840808184,1,0,0,0.000000000,0,0.000000000,0,0.000000000,0,0.000000000,
5,0,0,DS,0,0.500000000,13,0.005200065,1,684.310659879,684.310659879,285.840808184,1,0,0,0.000000000,0,0.000000000,0,0.000000000,0,0.000000000,
18,0,0,DS,0,0.500000000,11,30.021698400,0,1579.721708074,1580.238839652,241.928029929,921,0,4717,9518.119711016,920,1112.546370278,0,0.000000000,0,0.000000000,
6,0,0,DS,0,0.500000000,13,0.005898149,1,838.840507490,838.840507490,285.840808184,1,0,0,0.000000000,0,0.000000000,0,0.000000000,0,0.000000000,
7,0,0,DS,0,0.500000000,13,0.007505879,1,1040.214893953,1040.214893953,285.840808184,1,0,0,0.000000000,0,0.000000000,0,0.000000000,0,0.000000000,
8,0,0,DS,0,0.500000000,13,0.008530891,1,1215.516765469,1215.516765469,285.840808184,1,0,0,0.000000000,0,0.000000000,0,0.000000000,0,0.000000000,
9,0,0,DS,0,0.500000000,13,0.009275410,1,1325.113034558,1325.113034558,285.840808184,1,0,0,0.000000000,0,0.000000000,0,0.000000000,0,0.000000000,
19,0,0,DS,0,0.500000000,11,30.004436991,0,1752.912432527,1753.749073599,241.784146212,877,0,5130,10331.150552216,876,1340.682301960,0,0.000000000,0,0.000000000,
20,0,0,DS,0,0.500000000,11,30.018336251,0,1806.668421689,1807.467240487,241.688798692,893,0,5279,12506.026823928,892,1521.187845506,0,0.000000000,0,0.000000000,
21,0,0,DS,0,0.500000000,11,30.001870470,0,2108.558892921,2109.351157954,301.890471232,143,0,1327,8360.130153360,142,260.029831827,0,0.000000000,0,0.000000000,
22,0,0,DS,0,0.500000000,11,30.241750607,0,2189.348871572,2190.101521028,301.993085441,145,0,1345,8557.424110778,144,262.748175938,0,0.000000000,0,0.000000000,
23,0,0,DS,0,0.500000000,11,30.515403314,0,2308.821797005,2309.608768043,301.985380777,151,0,1383,8803.824326014,150,273.355185760,0,0.000000000,0,0.000000000,
10,0,0,DS,0,0.500000000,12,30.050679932,0,1703.968138472,1704.914591346,266.721195837,694,0,4435,20243.711219521,693,2620.462717937,0,0.000000000,0,0.000000000,
11,0,0,DS,0,0.500000000,12,30.022324351,0,1911.897105901,1912.781148227,266.228742711,645,0,4371,20884.598177252,644,2412.707546314,0,0.000000000,0,0.000000000,
12,0,0,DS,0,0.500000000,12,30.002427248,0,2191.448308117,2192.195481145,279.574653837,327,0,2835,11123.898302355,326,1185.780536918,0,0.000000000,0,0.000000000,
13,0,0,DS,0,0.500000000,12,30.017254759,0,2234.930304937,2235.738843572,279.570202212,331,0,2867,11229.630078310,330,1203.556504888,0,0.000000000,0,0.000000000,
14,0,0,DS,0,0.500000000,12,30.039926455,0,2312.984747894,2313.753775320,279.570202212,336,0,2907,11373.556445795,335,1225.897647575,0,0.000000000,0,0.000000000,
15,0,0,DS,0,0.500000000,12,30.035963118,0,2498.609746156,2499.378773582,279.570202212,336,0,2907,11373.556445795,335,1225.897647575,0,0.000000000,0,0.000000000,
16,0,0,DS,0,0.500000000,12,30.152090326,0,2604.827987525,2605.634798166,279.570202212,325,0,2817,11093.675992830,324,1183.846064087,0,0.000000000,0,0.000000000,
2,0,0,DS,0,0.500000000,14,0.003263080,1,444.686045778,444.686045778,229.493984203,1,0,0,0.000000000,0,0.000000000,0,0.000000000,0,0.000000000,
17,0,0,DS,0,0.500000000,12,30.170476500,0,2670.264031307,2671.067828266,279.570202212,326,0,2830,11119.669673149,325,1183.884444465,0,0.000000000,0,0.000000000,
3,0,0,DS,0,0.500000000,14,0.013553837,1,678.679312415,678.685180152,233.993266637,2,0,4,34.521241229,1,10.504095605,0,0.000000000,0,0.000000000,
4,0,0,DS,0,0.500000000,14,0.014158436,1,741.297590011,741.303457747,233.993266637,2,0,4,34.521241229,1,10.504095605,0,0.000000000,0,0.000000000,
5,0,0,DS,0,0.500000000,14,0.014323494,1,856.699383146,856.705250882,233.993266637,2,0,4,34.521241229,1,10.504095605,0,0.000000000,0,0.000000000,
18,0,0,DS,0,0.500000000,12,30.020415150,0,2850.321276580,2851.054757899,279.570202212,314,0,2669,11129.524665368,313,1258.069543715,0,0.000000000,0,0.000000000,
20,0,0,DS,0,0.500000000,12,30.013285259,0,3123.818641806,3124.513879535,279.570202212,262,0,2073,6800.043579377,261,713.006962192,0,0.000000000,0,0.000000000,
21,0,0,DS,0,0.500000000,12,30.021441495,0,3300.021480477,3300.737495189,279.570202212,264,0,2090,6848.307004904,263,718.521630990,0,0.000000000,0,0.000000000,
6,0,0,DS,0,0.500000000,14,0.016647229,1,1047.614547121,1047.620414858,233.993266637,2,0,4,34.521241229,1,10.504095605,0,0.000000000,0,0.000000000,
19,0,0,DS,0,0.500000000,12,30.745020239,0,2980.760483683,2981.469615633,279.570202212,348,0,2944,11989.171054732,347,1391.521179525,0,0.000000000,0,0.000000000,
7,0,0,DS,0,0.500000000,14,0.129620341,1,1160.910257289,1160.929022973,233.993266637,16,0,82,251.487424064,15,66.829673889,0,0.000000000,0,0.000000000,
8,0,0,DS,0,0.500000000,14,0.125610275,1,1168.363793698,1168.382559382,233.993266637,16,0,82,251.487424064,15,66.829673889,0,0.000000000,0,0.000000000,
9,0,0,DS,0,0.500000000,14,0.129326012,1,1384.957549231,1384.976314915,233.993266637,16,0,82,251.487424064,15,66.829673889,0,0.000000000,0,0.000000000,
10,0,0,DS,0,0.500000000,14,0.132281035,1,1594.663480961,1594.682246645,233.993266637,16,0,82,251.487424064,15,66.829673889,0,0.000000000,0,0.000000000,
23,0,0,DS,0,0.500000000,12,30.019009371,0,3624.494654380,3625.305689261,279.570202212,195,0,1918,8501.893609063,194,804.044913265,0,0.000000000,0,0.000000000,
22,0,0,DS,0,0.500000000,12,30.091255708,0,3553.744991150,3554.579551654,279.570202212,197,0,1941,8632.816284555,196,814.544256294,0,0.000000000,0,0.000000000,
13,0,0,DS,0,0.500000000,14,0.066407531,1,1962.688303001,1962.707068685,233.993266637,7,0,44,99.326243365,6,16.662284536,0,0.000000000,0,0.000000000,
11,0,0,DS,0,0.500000000,14,0.134454172,1,1704.923111236,1704.941876920,233.993266637,16,0,82,251.487424064,15,66.829673889,0,0.000000000,0,0.000000000,
12,0,0,DS,0,0.500000000,14,0.136355160,1,1860.287124075,1860.305889759,233.993266637,16,0,82,251.487424064,15,66.829673889,0,0.000000000,0,0.000000000,
14,0,0,DS,0,0.500000000,14,0.073806411,1,2086.074029628,2086.092795312,233.993266637,7,0,44,99.326243365,6,16.662284536,0,0.000000000,0,0.000000000,
15,0,0,DS,0,0.500000000,14,0.448164664,1,2198.458204697,2198.556737932,233.993266637,41,0,274,840.932115940,40,119.944404831,0,0.000000000,0,0.000000000,
10,0,0,DS,0,0.500000000,13,30.008698915,0,1531.504375893,1531.777628598,285.909192519,1914,0,14138,34294.364912940,1913,4668.215023018,0,0.000000000,0,0.000000000,
11,0,0,DS,0,0.500000000,13,30.015069167,0,1637.697858296,1637.970225323,285.880746008,1950,0,14414,34864.414531664,1949,4722.996924128,0,0.000000000,0,0.000000000,
2,0,0,DS,0,0.500000000,15,0.001162920,1,216.259940054,216.259940054,129.538095442,1,0,0,0.000000000,0,0.000000000,0,0.000000000,0,0.000000000,
12,0,0,DS,0,0.500000000,13,30.001060147,0,1836.155468223,1836.431233855,285.853970515,1933,0,14288,34627.728316010,1932,4696.788918524,0,0.000000000,0,0.000000000,
3,0,0,DS,0,0.500000000,15,0.001552228,1,279.624404709,279.624404709,129.538095442,1,0,0,0.000000000,0,0.000000000,0,0.000000000,0,0.000000000,
4,0,0,DS,0,0.500000000,15,0.003780686,1,517.133462337,517.133462337,237.509057628,1,0,0,0.000000000,0,0.000000000,0,0.000000000,0,0.000000000,
5,0,0,DS,0,0.500000000,15,0.004455105,1,605.147760130,605.147760130,237.509057628,1,0,0,0.000000000,0,0.000000000,0,0.000000000,0,0.000000000,
6,0,0,DS,0,0.500000000,15,0.004819275,1,708.656019580,708.656019580,237.509057628,1,0,0,0.000000000,0,0.000000000,0,0.000000000,0,0.000000000,
7,0,0,DS,0,0.500000000,15,0.005312735,1,845.777576757,845.777576757,237.509057628,1,0,0,0.000000000,0,0.000000000,0,0.000000000,0,0.000000000,
8,0,0,DS,0,0.500000000,15,0.005745423,1,903.396585631,903.396585631,237.509057628,1,0,0,0.000000000,0,0.000000000,0,0.000000000,0,0.000000000,
9,0,0,DS,0,0.500000000,15,0.007807953,1,1107.757714811,1107.757714811,237.509057628,1,0,0,0.000000000,0,0.000000000,0,0.000000000,0,0.000000000,
13,0,0,DS,0,0.500000000,13,30.007902289,0,1928.020548519,1928.169097116,285.853970515,1719,0,12580,37004.680561515,1718,6346.229416022,0,0.000000000,0,0.000000000,
14,0,0,DS,0,0.500000000,13,30.003847516,0,2016.795582697,2016.966940167,285.853970515,1695,0,12396,36532.265649243,1694,6276.691577648,0,0.000000000,0,0.000000000,
15,0,0,DS,0,0.500000000,13,30.036237464,0,2058.850039830,2059.025882969,285.840808184,1722,0,12602,37059.466834217,1721,6353.162545008,0,0.000000000,0,0.000000000,
16,0,0,DS,0,0.500000000,13,30.007417273,0,2098.590615396,2098.725066370,285.854115687,1171,0,8568,26337.535592150,1170,4630.650401769,0,0.000000000,0,0.000000000,
17,0,0,DS,0,0.500000000,13,30.019403147,0,2142.265295885,2142.417793123,285.854115687,1159,0,8476,26033.737063611,1158,4569.067421479,0,0.000000000,0,0.000000000,
10,0,0,DS,0,0.500000000,15,15.352723018,1,1269.566729791,1271.871634073,237.509057628,948,0,5658,12246.671804821,946,1863.255959345,0,0.000000000,0,0.000000000,
18,0,0,DS,0,0.500000000,13,30.018175838,0,2286.746321098,2286.894940752,285.854115687,1146,0,8376,25810.763121139,1145,4538.618249169,0,0.000000000,0,0.000000000,
19,0,0,DS,0,0.500000000,13,30.033392581,0,2577.836499174,2578.228043608,291.113204325,283,0,2814,26484.432195415,282,2805.546048815,0,0.000000000,0,0.000000000,
20,0,0,DS,0,0.500000000,13,30.084230677,0,2731.880046460,2732.256554472,291.090178076,284,0,2821,26573.372849692,283,2835.058464359,0,0.000000000,0,0.000000000,
21,0,0,DS,0,0.500000000,13,30.015162712,0,2897.269093445,2897.660637880,291.113204325,283,0,2814,26484.432195415,282,2805.546048815,0,0.000000000,0,0.000000000,
22,0,0,DS,0,0.500000000,13,30.102750870,0,2924.753845617,2925.145390051,291.113204325,283,0,2814,26484.432195415,282,2805.546048815,0,0.000000000,0,0.000000000,
23,0,0,DS,0,0.500000000,13,30.070513953,0,3018.426720133,3018.805928679,291.098906778,275,0,2740,25754.703643310,274,2709.306148296,0,0.000000000,0,0.000000000,
2,0,0,DS,0,0.500000000,16,0.001380035,1,246.759711067,246.759711067,131.237591623,1,0,0,0.000000000,0,0.000000000,0,0.000000000,0,0.000000000,
3,0,0,DS,0,0.500000000,16,0.002481662,1,388.971433461,388.971433461,142.211722394,1,0,0,0.000000000,0,0.000000000,0,0.000000000,0,0.000000000,
4,0,0,DS,0,0.500000000,16,0.002924227,1,486.160210273,486.160210273,142.211722394,1,0,0,0.000000000,0,0.000000000,0,0.000000000,0,0.000000000,
16,0,0,DS,0,0.500000000,14,30.022458350,0,2397.263499990,2397.696123701,234.016292886,1793,0,10438,89064.900977969,1792,18665.961842013,0,0.000000000,0,0.000000000,
17,0,0,DS,0,0.500000000,14,30.022483650,0,2670.531816218,2670.986906061,273.268316228,1475,0,10512,76744.187010376,1474,15157.350428217,0,0.000000000,0,0.000000000,
18,0,0,DS,0,0.500000000,14,30.013471801,0,2812.266432587,2812.730953043,273.268316228,1445,0,10288,74976.530411055,1444,14807.205306906,0,0.000000000,0,0.000000000,
19,0,0,DS,0,0.500000000,14,30.088965277,0,2989.189492276,2989.536875320,273.268316228,846,0,6493,39826.751791990,845,6871.914484480,0,0.000000000,0,0.000000000,
20,0,0,DS,0,0.500000000,14,30.046744258,0,3167.000682251,3167.253094960,273.306732446,459,0,3869,16485.558918634,458,1880.577402252,0,0.000000000,0,0.000000000,
22,0,0,DS,0,0.500000000,14,30.082695352,0,3615.820672855,3616.078315755,279.856491121,178,0,1899,8795.451550312,177,685.534447157,0,0.000000000,0,0.000000000,
21,0,0,DS,0,0.500000000,14,30.450085477,0,3446.845351458,3447.097339972,279.844669208,179,0,1911,8823.897314906,178,686.017702073,0,0.000000000,0,0.000000000,
23,0,0,DS,0,0.500000000,14,30.006144525,0,3768.818169685,3769.070714697,279.844669208,185,0,1922,8614.964266530,184,661.633449789,0,0.000000000,0,0.000000000,
11,0,0,DS,0,0.500000000,15,30.002476297,0,1473.955350651,1476.089537729,237.581038259,2218,0,16280,44442.760749380,2217,4634.009048561,0,0.000000000,0,0.000000000,
12,0,0,DS,0,0.500000000,15,30.005192128,0,1603.503353650,1605.637540728,237.581038259,2218,0,16280,44442.760749380,2217,4634.009048561,0,0.000000000,0,0.000000000,
13,0,0,DS,0,0.500000000,15,30.007058628,0,1643.916507415,1646.046523126,237.584957117,2207,0,16190,44195.290273170,2206,4614.393660021,0,0.000000000,0,0.000000000,
14,0,0,DS,0,0.500000000,15,30.003544297,0,1677.907080353,1680.031391190,237.557592992,2241,0,16468,44957.965516466,2240,4669.126730803,0,0.000000000,0,0.000000000,
15,0,0,DS,0,0.500000000,15,30.007866508,0,1752.435635845,1754.556322362,237.568316566,2427,0,16988,47804.801273921,2426,5196.810674049,0,0.000000000,0,0.000000000,
16,0,0,DS,0,0.500000000,15,30.001038928,0,1849.015133063,1851.143329831,237.594934358,2446,0,17146,48200.906216149,2445,5228.890185678,0,0.000000000,0,0.000000000,
17,0,0,DS,0,0.500000000,15,30.008588028,0,2006.809577886,2009.086376274,237.581038259,2164,0,15926,91240.902991212,2163,14013.778913537,0,0.000000000,0,0.000000000,
18,0,0,DS,0,0.500000000,15,30.003738439,0,2117.881916603,2120.160567056,237.552277006,2165,0,15938,91283.331013817,2164,14014.728828954,0,0.000000000,0,0.000000000,
19,0,0,DS,0,0.500000000,15,30.006245313,0,2303.871352739,2305.988912672,237.558907452,1624,0,14370,95172.329956734,1623,11692.600952232,0,0.000000000,0,0.000000000,
20,0,0,DS,0,0.500000000,15,30.006630916,0,2401.575534119,2403.756894328,237.541718267,1625,0,14382,95243.094280457,1624,11703.782616199,0,0.000000000,0,0.000000000,
21,0,0,DS,0,0.500000000,15,30.007288314,0,2505.437543101,2507.618903311,237.541718267,1625,0,14382,95243.094280457,1624,11703.782616199,0,0.000000000,0,0.000000000,
2,0,0,DS,0,0.500000000,17,0.003509910,1,444.087963018,444.087963018,259.069110145,1,0,0,0.000000000,0,0.000000000,0,0.000000000,0,0.000000000,
22,0,0,DS,0,0.500000000,15,30.016584355,0,2564.616905579,2566.862001303,237.538968506,1606,0,14178,93720.695204098,1605,11463.888973595,0,0.000000000,0,0.000000000,
23,0,0,DS,0,0.500000000,15,30.003369201,0,2660.040905065,2662.214231954,237.546185759,2000,0,15444,91760.839397717,1999,11785.428906763,0,0.000000000,0,0.000000000,
3,0,0,DS,0,0.500000000,17,0.004210318,1,502.831061581,502.831061581,259.069110145,1,0,0,0.000000000,0,0.000000000,0,0.000000000,0,0.000000000,
4,0,0,DS,0,0.500000000,17,0.004743283,1,594.440600715,594.440600715,259.069110145,1,0,0,0.000000000,0,0.000000000,0,0.000000000,0,0.000000000,
5,0,0,DS,0,0.500000000,17,0.006757532,1,826.963169943,826.963169943,259.069110145,1,0,0,0.000000000,0,0.000000000,0,0.000000000,0,0.000000000,
6,0,0,DS,0,0.500000000,17,0.008551481,1,1042.308423458,1042.308423458,259.069110145,1,0,0,0.000000000,0,0.000000000,0,0.000000000,0,0.000000000,
5,0,0,DS,0,0.500000000,16,30.001909355,0,575.539480214,576.225115718,142.211722394,13400,0,67802,54526.177500549,13393,10943.980083243,0,0.000000000,0,0.000000000,
6,0,0,DS,0,0.500000000,16,30.001009324,0,801.604376509,802.294832217,226.064896295,13262,0,67116,53990.188905471,13255,10843.335058805,0,0.000000000,0,0.000000000,
7,0,0,DS,0,0.500000000,16,30.002880419,0,1005.838276477,1006.529591349,226.064896295,13254,0,67078,53962.506802431,13247,10837.792371190,0,0.000000000,0,0.000000000,
8,0,0,DS,0,0.500000000,16,30.001407531,0,1248.160346134,1248.849100238,242.322069657,13259,0,67102,53980.355286119,13252,10840.772658467,0,0.000000000,0,0.000000000,
9,0,0,DS,0,0.500000000,16,30.000632715,0,1389.708368105,1390.393557118,242.322069657,13067,0,66160,53228.853977329,13060,10692.828550784,0,0.000000000,0,0.000000000,
10,0,0,DS,0,0.500000000,16,30.000356410,0,1591.854995965,1592.543508010,242.322069657,12935,0,65494,52685.637307261,12928,10595.324522331,0,0.000000000,0,0.000000000,
11,0,0,DS,0,0.500000000,16,30.002663209,0,1737.335092573,1737.964568454,242.322069657,13084,0,66244,53291.957101487,13077,10709.161255116,0,0.000000000,0,0.000000000,
12,0,0,DS,0,0.500000000,16,30.002992579,0,1888.278762806,1888.834915295,242.322069657,9735,0,50124,58658.488837037,9734,11128.476951976,0,0.000000000,0,0.000000000,
13,0,0,DS,0,0.500000000,16,30.008337589,0,2018.700940450,2019.256473098,242.322069657,9644,0,49700,58235.183413826,9643,11012.487523214,0,0.000000000,0,0.000000000,
14,0,0,DS,0,0.500000000,16,30.000637802,0,2265.661542277,2266.281987393,247.217194174,4259,0,24444,66211.010326567,4258,10177.469723713,0,0.000000000,0,0.000000000,
15,0,0,DS,0,0.500000000,16,30.006768123,0,2440.501314819,2441.124417583,247.199850338,3033,0,19890,74690.412498770,3032,9029.012487318,0,0.000000000,0,0.000000000,
16,0,0,DS,0,0.500000000,16,30.049694935,0,2725.993635226,2726.456923529,285.526268208,1130,0,11284,55890.635875935,1129,5361.332512591,0,0.000000000,0,0.000000000,
17,0,0,DS,0,0.500000000,16,30.039678386,0,2924.988092749,2925.455453191,285.526268208,1111,0,11120,55250.017712346,1110,5296.525709237,0,0.000000000,0,0.000000000,
18,0,0,DS,0,0.500000000,16,30.053797519,0,3055.540428493,3056.007788934,285.526268208,1111,0,11120,55250.017712346,1110,5296.525709237,0,0.000000000,0,0.000000000,
19,0,0,DS,0,0.500000000,16,30.076201443,0,3085.682310001,3086.245678125,285.492320407,244,0,3356,21609.179988428,243,1063.863808560,0,0.000000000,0,0.000000000,
2,0,0,DS,0,0.500000000,18,0.000846789,1,127.458457766,127.458457766,82.873563228,1,0,0,0.000000000,0,0.000000000,0,0.000000000,0,0.000000000,
20,0,0,DS,0,0.500000000,16,30.074909960,0,3267.908625416,3268.549499979,285.523881771,213,0,3292,21563.458696092,210,942.610503517,0,0.000000000,0,0.000000000,
3,0,0,DS,0,0.500000000,18,0.149241008,1,182.770562002,183.015598962,82.952153895,80,0,346,1891.822836306,79,555.612554176,0,0.000000000,0,0.000000000,
4,0,0,DS,0,0.500000000,18,0.146917803,1,233.551259887,233.796296847,82.952153895,80,0,346,1891.822836306,79,555.612554176,0,0.000000000,0,0.000000000,
5,0,0,DS,0,0.500000000,18,0.149954170,1,274.872341689,275.117378649,82.952153895,80,0,346,1891.822836306,79,555.612554176,0,0.000000000,0,0.000000000,
6,0,0,DS,0,0.500000000,18,0.148863195,1,425.328695347,425.573732307,150.456353658,80,0,346,1891.822836306,79,555.612554176,0,0.000000000,0,0.000000000,
7,0,0,DS,0,0.500000000,18,0.152865545,1,555.743668767,555.988705727,150.456353658,80,0,346,1891.822836306,79,555.612554176,0,0.000000000,0,0.000000000,
8,0,0,DS,0,0.500000000,18,1.289997150,1,720.817787370,721.122083268,165.133377541,88,0,378,1923.451277440,87,555.612554176,0,0.000000000,0,0.000000000,
9,0,0,DS,0,0.500000000,18,1.233914305,1,870.486629241,870.790925139,165.133377541,88,0,378,1923.451277440,87,555.612554176,0,0.000000000,0,0.000000000,
21,0,0,DS,0,0.500000000,16,30.201854872,0,3368.400460991,3369.051799267,285.523881771,211,0,3258,21371.239883672,208,925.079180849,0,0.000000000,0,0.000000000,
22,0,0,DS,0,0.500000000,16,30.025366502,0,3479.285040969,3479.925915532,285.492320407,212,0,3275,21467.349289882,209,933.844842183,0,0.000000000,0,0.000000000,
23,0,0,DS,0,0.500000000,16,30.273789092,0,3693.049465170,3693.700803445,285.523881771,211,0,3258,21371.239883672,208,925.079180849,0,0.000000000,0,0.000000000,
7,0,0,DS,0,0.500000000,17,30.005181227,0,1285.988139376,1286.185529219,259.071623975,1856,0,10514,45478.665936882,1855,6746.406584179,0,0.000000000,0,0.000000000,
8,0,0,DS,0,0.500000000,17,30.003383884,0,1415.216481680,1416.003087162,259.427272905,1879,0,10908,45940.020026149,1878,6590.543851308,0,0.000000000,0,0.000000000,
9,0,0,DS,0,0.500000000,17,30.001465149,0,1627.062418642,1627.649105137,259.471478278,1587,0,9678,48292.955453943,1586,5718.971112606,0,0.000000000,0,0.000000000,
10,0,0,DS,0,0.500000000,17,30.020589955,0,1847.160324991,1847.746786956,259.471478278,1586,0,9674,48272.450184187,1585,5716.739757197,0,0.000000000,0,0.000000000,
11,0,0,DS,0,0.500000000,17,30.006603697,0,1956.032926688,1956.619221653,259.471478278,1578,0,9622,48042.804552182,1577,5689.762777589,0,0.000000000,0,0.000000000,
12,0,0,DS,0,0.500000000,17,30.016507023,0,1998.755794377,1999.330004285,259.471478278,1570,0,9578,47841.179702784,1569,5670.328263910,0,0.000000000,0,0.000000000,
13,0,0,DS,0,0.500000000,17,30.002543073,0,2126.268884398,2126.840633250,259.471478278,725,0,4864,26926.022331093,724,4234.253643937,0,0.000000000,0,0.000000000,
10,0,0,DS,0,0.500000000,18,9.851367260,1,994.293009133,994.765950856,165.133377541,724,0,3243,12925.592356913,723,3464.360944151,0,0.000000000,0,0.000000000,
14,0,0,DS,0,0.500000000,17,30.029296634,0,2251.019113598,2251.579233578,259.318471258,722,0,4846,26829.846041085,721,4219.175267150,0,0.000000000,0,0.000000000,
15,0,0,DS,0,0.500000000,17,30.021350696,0,2529.575585112,2530.528407334,279.019742607,293,0,2451,12540.098662048,292,1254.085208061,0,0.000000000,0,0.000000000,
16,0,0,DS,0,0.500000000,17,30.020748132,0,2693.672243044,2694.722825505,278.556471514,461,0,4382,23305.157233285,460,1927.365945471,0,0.000000000,0,0.000000000,
2,0,0,DS,0,0.500000000,19,0.000986781,1,206.601005606,206.601005606,117.249481426,1,0,0,0.000000000,0,0.000000000,0,0.000000000,0,0.000000000,
3,0,0,DS,0,0.500000000,19,0.102207032,1,311.877662396,311.938439284,117.249481426,39,0,188,767.217681161,38,170.696501495,0,0.000000000,0,0.000000000,
17,0,0,DS,0,0.500000000,17,30.009704966,0,2736.201335025,2737.205332453,279.019742607,455,0,4326,22999.288294916,454,1915.535272298,0,0.000000000,0,0.000000000,
4,0,0,DS,0,0.500000000,19,0.104291473,1,436.695237491,436.756014379,124.817575094,39,0,188,767.217681161,38,170.696501495,0,0.000000000,0,0.000000000,
5,0,0,DS,0,0.500000000,19,0.108059747,1,573.083852254,573.144629142,136.388614764,39,0,188,767.217681161,38,170.696501495,0,0.000000000,0,0.000000000,
6,0,0,DS,0,0.500000000,19,0.106544108,1,676.214669242,676.275446130,136.388614764,39,0,188,767.217681161,38,170.696501495,0,0.000000000,0,0.000000000,
18,0,0,DS,0,0.500000000,17,30.066297174,0,2965.318805413,2966.361991869,278.744412393,462,0,4397,23389.320041254,461,1932.730160227,0,0.000000000,0,0.000000000,
19,0,0,DS,0,0.500000000,17,30.050080157,0,3089.003251585,3090.065740399,278.556471514,452,0,4299,22858.810212792,451,1898.048702113,0,0.000000000,0,0.000000000,
20,0,0,DS,0,0.500000000,17,30.158649455,0,3289.606902685,3290.474476319,278.744412393,246,0,2402,11730.931197641,245,810.426144505,0,0.000000000,0,0.000000000,
21,0,0,DS,0,0.500000000,17,30.215715438,0,3525.828054505,3526.414736746,278.736422567,172,0,1840,9035.694283020,171,387.777426701,0,0.000000000,0,0.000000000,
22,0,0,DS,0,0.500000000,17,30.199091778,0,3601.203153638,3601.801401641,278.556471514,165,0,1928,9316.889218240,164,370.725336160,0,0.000000000,0,0.000000000,
23,0,0,DS,0,0.500000000,17,30.165923554,0,3785.165185447,3785.751585917,278.736422567,185,0,1944,9065.837970500,184,368.941687614,0,0.000000000,0,0.000000000,
11,0,0,DS,0,0.500000000,18,30.040783629,0,1235.843727648,1236.204643035,241.694593707,395,0,2072,5480.543250242,373,942.313067863,0,0.000000000,0,0.000000000,
12,0,0,DS,0,0.500000000,18,30.150058793,0,1479.578322802,1479.874421291,243.768694990,674,0,4219,6665.142792588,658,742.751511515,0,0.000000000,0,0.000000000,
13,0,0,DS,0,0.500000000,18,30.243491093,0,1645.626907513,1645.959905480,243.768694990,645,0,4203,8569.262409915,635,1193.445935477,0,0.000000000,0,0.000000000,
14,0,0,DS,0,0.500000000,18,30.001914249,0,1758.172185608,1758.446916454,243.734595154,690,0,4567,8856.174814296,680,1394.801878205,0,0.000000000,0,0.000000000,
15,0,0,DS,0,0.500000000,18,30.038335898,0,1811.783351844,1812.069429201,243.754750143,337,0,2469,6125.184260883,327,880.331727111,0,0.000000000,0,0.000000000,
16,0,0,DS,0,0.500000000,18,30.051762254,0,1903.336335576,1903.636357780,243.768694990,341,0,2490,6155.157984562,331,880.810393666,0,0.000000000,0,0.000000000,
17,0,0,DS,0,0.500000000,18,30.018090509,0,2118.596859550,2118.886489461,243.768694990,340,0,2486,6150.097464291,330,880.810393666,0,0.000000000,0,0.000000000,
18,0,0,DS,0,0.500000000,18,30.012374913,0,2355.299301846,2355.587144386,243.734595154,470,0,3399,10932.026584425,460,1903.975797174,0,0.000000000,0,0.000000000,
19,0,0,DS,0,0.500000000,18,30.009674796,0,2590.133750802,2590.442742009,243.768694990,451,0,3291,10653.496306343,441,1840.774743614,0,0.000000000,0,0.000000000,
20,0,0,DS,0,0.500000000,18,30.022151754,0,2644.788509486,2645.097326905,243.746417067,453,0,3307,10680.516496158,443,1843.578510255,0,0.000000000,0,0.000000000,
21,0,0,DS,0,0.500000000,18,30.053456709,0,2690.412408881,2690.721226301,243.746417067,453,0,3307,10680.516496158,443,1843.578510255,0,0.000000000,0,0.000000000,
2,0,0,DS,0,0.500000000,20,0.446661405,1,309.075332695,310.314371071,171.822877534,78,0,338,1472.271458056,77,326.345396238,0,0.000000000,0,0.000000000,
3,0,0,DS,0,0.500000000,20,0.445290786,1,559.511126486,560.750164862,250.435793791,78,0,338,1472.271458056,77,326.345396238,0,0.000000000,0,0.000000000,
4,0,0,DS,0,0.500000000,20,0.449072295,1,659.756241000,660.995279376,250.435793791,78,0,338,1472.271458056,77,326.345396238,0,0.000000000,0,0.000000000,
22,0,0,DS,0,0.500000000,18,30.006100551,0,2773.902095866,2774.211087073,243.768694990,450,0,3283,10584.258113886,440,1838.857462573,0,0.000000000,0,0.000000000,
23,0,0,DS,0,0.500000000,18,30.058942275,0,2934.527345303,2934.822993083,243.734595154,320,0,2503,7163.484991290,311,1085.999002386,0,0.000000000,0,0.000000000,
7,0,0,DS,0,0.500000000,19,30.012385497,0,975.835480945,975.928723639,299.653277509,145,0,619,1756.680251957,144,382.500374839,0,0.000000000,0,0.000000000,
8,0,0,DS,0,0.500000000,19,30.169720397,0,1189.006365610,1189.076737322,299.626954254,164,0,844,2967.732610465,163,540.968186301,0,0.000000000,0,0.000000000,
9,0,0,DS,0,0.500000000,19,30.187560644,0,1247.531026653,1247.897783642,299.626954254,194,0,1064,3431.562990175,193,595.252975791,0,0.000000000,0,0.000000000,
10,0,0,DS,0,0.500000000,19,30.410018975,0,1286.695048343,1287.061805332,299.626954254,194,0,1064,3431.562990175,193,595.252975791,0,0.000000000,0,0.000000000,
5,0,0,DS,0,0.500000000,20,2.272399600,1,895.468769050,896.809300495,250.537286860,306,0,1268,6869.648451218,305,1735.823679529,0,0.000000000,0,0.000000000,
11,0,0,DS,0,0.500000000,19,30.109427843,0,1445.054691132,1445.421448121,299.626954254,194,0,1064,3431.562990175,193,595.252975791,0,0.000000000,0,0.000000000,
12,0,0,DS,0,0.500000000,19,30.239441797,0,1468.599788219,1468.966545208,299.626954254,194,0,1064,3431.562990175,193,595.252975791,0,0.000000000,0,0.000000000,
13,0,0,DS,0,0.500000000,19,30.184504338,0,1617.035610485,1617.450702080,299.623709983,195,0,1068,3459.401487106,194,595.252975791,0,0.000000000,0,0.000000000,
14,0,0,DS,0,0.500000000,19,30.210968212,0,1637.291944447,1637.707036042,299.623709983,195,0,1068,3459.401487106,194,595.252975791,0,0.000000000,0,0.000000000,
15,0,0,DS,0,0.500000000,19,30.544326716,0,1650.299948978,1650.715040573,299.623709983,195,0,1068,3459.401487106,194,595.252975791,0,0.000000000,0,0.000000000,
16,0,0,DS,0,0.500000000,19,30.262444916,0,1829.762162031,1830.177253626,299.623709983,195,0,1068,3459.401487106,194,595.252975791,0,0.000000000,0,0.000000000,
17,0,0,DS,0,0.500000000,19,30.211973440,0,1965.562989447,1966.218062773,299.870172817,358,0,2052,6544.585404005,357,1089.053696773,0,0.000000000,0,0.000000000,
18,0,0,DS,0,0.500000000,19,30.269317946,0,2107.615675978,2108.290299539,299.873071096,689,0,4391,12452.465996873,688,1701.738826774,0,0.000000000,0,0.000000000,
19,0,0,DS,0,0.500000000,19,30.585797390,0,2281.205492533,2281.880116093,299.623709983,689,0,4391,12452.465996953,688,1701.738826774,0,0.000000000,0,0.000000000,
20,0,0,DS,0,0.500000000,19,30.163122046,0,2525.809827916,2526.369047441,299.857935973,521,0,3865,16871.437856362,520,2011.219764451,0,0.000000000,0,0.000000000,
21,0,0,DS,0,0.500000000,19,30.003672075,0,2724.046536666,2724.608116156,299.835531879,521,0,3862,16852.215406628,520,2007.280863414,0,0.000000000,0,0.000000000,
2,0,0,DS,0,0.500000000,21,0.001698832,1,256.807245366,256.807245366,185.603301522,1,0,0,0.000000000,0,0.000000000,0,0.000000000,0,0.000000000,
22,0,0,DS,0,0.500000000,19,30.092797661,0,2757.231279337,2757.790498862,299.857935973,522,0,3871,16923.671286438,521,2014.085319481,0,0.000000000,0,0.000000000,
3,0,0,DS,0,0.500000000,21,0.002608369,1,368.855227433,368.855227433,185.603301522,1,0,0,0.000000000,0,0.000000000,0,0.000000000,0,0.000000000,
4,0,0,DS,0,0.500000000,21,0.057733636,1,510.734823770,510.796313123,185.603301522,9,0,42,257.840242439,8,62.482358777,0,0.000000000,0,0.000000000,
5,0,0,DS,0,0.500000000,21,0.235874787,1,581.839150565,581.943955806,185.603301522,62,0,280,1958.558607342,61,452.423550011,0,0.000000000,0,0.000000000,
23,0,0,DS,0,0.500000000,19,30.123779092,0,2918.335059708,2918.897735819,299.870172817,509,0,4040,16826.381713887,508,1968.128982879,0,0.000000000,0,0.000000000,
6,0,0,DS,0,0.500000000,20,30.005006660,0,1038.721191595,1040.340619699,250.477306197,3175,0,16290,52510.454020126,3174,11041.433887716,0,0.000000000,0,0.000000000,
7,0,0,DS,0,0.500000000,20,30.013224942,0,1278.223215212,1279.916296968,250.435793791,2864,0,15980,67804.400897639,2863,11989.923706550,0,0.000000000,0,0.000000000,
8,0,0,DS,0,0.500000000,20,30.006430891,0,1304.485877102,1306.178175349,250.537286860,2827,0,15794,67316.160991450,2826,11917.752394418,0,0.000000000,0,0.000000000,
9,0,0,DS,0,0.500000000,20,30.009425822,0,1499.604788336,1501.216742239,250.537286860,2829,0,15804,67348.530965165,2828,11924.362841815,0,0.000000000,0,0.000000000,
6,0,0,DS,0,0.500000000,21,0.236082816,1,619.856246006,619.961051246,185.603301522,62,0,280,1958.558607342,61,452.423550011,0,0.000000000,0,0.000000000,
7,0,0,DS,0,0.500000000,21,0.236102203,1,634.598254211,634.703059452,185.603301522,62,0,280,1958.558607342,61,452.423550011,0,0.000000000,0,0.000000000,
9,0,0,DS,0,0.500000000,21,0.237222642,1,777.455290609,777.560095850,185.603301522,62,0,280,1958.558607342,61,452.423550011,0,0.000000000,0,0.000000000,
8,0,0,DS,0,0.500000000,21,0.235751937,1,744.776893608,744.881698849,185.603301522,62,0,280,1958.558607342,61,452.423550011,0,0.000000000,0,0.000000000,
11,0,0,DS,0,0.500000000,21,0.237803508,1,907.671223442,907.776028683,185.603301522,62,0,280,1958.558607342,61,452.423550011,0,0.000000000,0,0.000000000,
10,0,0,DS,0,0.500000000,21,0.239473854,1,850.506848357,850.611653598,185.603301522,62,0,280,1958.558607342,61,452.423550011,0,0.000000000,0,0.000000000,
10,0,0,DS,0,0.500000000,20,30.007292594,0,1578.846868194,1580.531111576,250.435793791,2775,0,15518,66497.074596481,2774,11770.341492405,0,0.000000000,0,0.000000000,
11,0,0,DS,0,0.500000000,20,30.010562938,0,1654.735372313,1656.404802703,250.537286860,2784,0,15570,66648.329977656,2783,11797.433928034,0,0.000000000,0,0.000000000,
12,0,0,DS,0,0.500000000,21,0.912169649,1,1102.947162114,1103.053695349,195.277666666,69,0,319,2116.815236428,68,482.868062268,0,0.000000000,0,0.000000000,
12,0,0,DS,0,0.500000000,20,30.013465938,0,1687.599804025,1689.265297872,250.582117941,2786,0,15580,66691.489937724,2785,11805.394830933,0,0.000000000,0,0.000000000,
13,0,0,DS,0,0.500000000,20,30.027233859,0,1818.950910017,1820.536467843,250.435793791,2234,0,14064,75556.168661729,2233,12439.603890005,0,0.000000000,0,0.000000000,
2,0,0,DS,0,0.500000000,22,0.001171547,1,199.996183968,199.996183968,102.590251229,1,0,0,0.000000000,0,0.000000000,0,0.000000000,0,0.000000000,
14,0,0,DS,0,0.500000000,20,30.007580345,0,1921.263123773,1922.455025634,250.537286860,2777,0,16166,120859.682179039,2477,24157.313023563,0,0.000000000,0,0.000000000,
3,0,0,DS,0,0.500000000,22,0.002384111,1,347.563341424,347.563341424,147.567157456,1,0,0,0.000000000,0,0.000000000,0,0.000000000,0,0.000000000,
4,0,0,DS,0,0.500000000,22,0.002994469,1,461.180422435,461.180422435,147.567157456,1,0,0,0.000000000,0,0.000000000,0,0.000000000,0,0.000000000,
5,0,0,DS,0,0.500000000,22,0.004334632,1,659.173440494,659.173440494,197.993018059,1,0,0,0.000000000,0,0.000000000,0,0.000000000,0,0.000000000,
6,0,0,DS,0,0.500000000,22,0.004790943,1,737.114609816,737.114609816,197.993018059,1,0,0,0.000000000,0,0.000000000,0,0.000000000,0,0.000000000,
15,0,0,DS,0,0.500000000,20,30.004990973,0,1964.079366121,1965.271765829,250.537286860,2774,0,16156,120791.939097614,2474,24116.616710451,0,0.000000000,0,0.000000000,
7,0,0,DS,0,0.500000000,22,0.005226175,1,845.633884731,845.633884731,197.993018059,1,0,0,0.000000000,0,0.000000000,0,0.000000000,0,0.000000000,
8,0,0,DS,0,0.500000000,22,0.005897088,1,939.126062870,939.126062870,197.993018059,1,0,0,0.000000000,0,0.000000000,0,0.000000000,0,0.000000000,
9,0,0,DS,0,0.500000000,22,0.006854695,1,1020.322029767,1020.322029767,197.993018059,1,0,0,0.000000000,0,0.000000000,0,0.000000000,0,0.000000000,
16,0,0,DS,0,0.500000000,20,30.003766559,0,2128.378962494,2129.547863373,250.537286860,2718,0,15874,119131.318225096,2420,23751.323800828,0,0.000000000,0,0.000000000,
10,0,0,DS,0,0.500000000,22,0.007765846,1,1145.412018601,1145.412018601,197.993018059,1,0,0,0.000000000,0,0.000000000,0,0.000000000,0,0.000000000,
11,0,0,DS,0,0.500000000,22,0.007427705,1,1169.243178438,1169.243178438,197.993018059,1,0,0,0.000000000,0,0.000000000,0,0.000000000,0,0.000000000,
12,0,0,DS,0,0.500000000,22,0.158870903,1,1401.592638207,1402.055909301,232.812730862,11,0,48,144.180299618,10,19.601363634,0,0.000000000,0,0.000000000,
17,0,0,DS,0,0.500000000,20,30.004102988,0,2260.393516070,2261.689491785,250.537286860,2748,0,16014,119870.889513114,2450,23939.448084450,0,0.000000000,0,0.000000000,
18,0,0,DS,0,0.500000000,20,30.008019187,0,2294.229886337,2295.514705086,250.473412562,2762,0,16088,120372.042603598,2463,24035.753428002,0,0.000000000,0,0.000000000,
13,0,0,DS,0,0.500000000,22,3.794136982,1,1595.639150504,1596.599849858,232.812730862,565,0,3762,7271.168512597,564,1137.287474235,0,0.000000000,0,0.000000000,
14,0,0,DS,0,0.500000000,22,3.852359768,1,1775.460123388,1776.420822743,232.812730862,565,0,3762,7271.168512597,564,1137.287474235,0,0.000000000,0,0.000000000,
19,0,0,DS,0,0.500000000,20,30.026137949,0,2477.880844247,2479.137603035,250.435793791,2745,0,16002,119800.668262479,2447,23921.639607297,0,0.000000000,0,0.000000000,
20,0,0,DS,0,0.500000000,20,30.005662342,0,2747.837696519,2748.631072275,269.970776073,976,0,10980,84573.814074248,975,5549.625662649,0,0.000000000,0,0.000000000,
21,0,0,DS,0,0.500000000,20,30.045337562,0,2888.886181420,2889.675429422,270.049028139,973,0,10938,84265.371629428,972,5542.531771088,0,0.000000000,0,0.000000000,
22,0,0,DS,0,0.500000000,20,30.045878048,0,2941.316554356,2942.106393910,269.990800073,1105,0,11714,85141.387120896,1104,4798.879153897,0,0.000000000,0,0.000000000,
2,0,0,DS,0,0.500000000,23,0.004123377,1,444.220359106,444.220359106,256.604936907,1,0,0,0.000000000,0,0.000000000,0,0.000000000,0,0.000000000,
3,0,0,DS,0,0.500000000,23,0.005961507,1,660.246360783,660.246360783,256.604936907,1,0,0,0.000000000,0,0.000000000,0,0.000000000,0,0.000000000,
23,0,0,DS,0,0.500000000,20,30.067965766,0,3173.666014124,3174.436428057,270.011698615,1063,0,11562,76488.442153414,1060,4301.437093437,0,0.000000000,0,0.000000000,
4,0,0,DS,0,0.500000000,23,0.230980319,1,904.855461757,905.330810586,256.604936907,19,0,82,516.849090727,18,114.978513482,0,0.000000000,0,0.000000000,
5,0,0,DS,0,0.500000000,23,0.243522120,1,915.515865516,915.991214345,256.604936907,19,0,82,516.849090727,18,114.978513482,0,0.000000000,0,0.000000000,
6,0,0,DS,0,0.500000000,23,0.224412860,1,1028.871425079,1029.346773908,256.604936907,19,0,82,516.849090727,18,114.978513482,0,0.000000000,0,0.000000000,
7,0,0,DS,0,0.500000000,23,0.231770293,1,1161.256639253,1161.731988082,256.604936907,19,0,82,516.849090727,18,114.978513482,0,0.000000000,0,0.000000000,
13,0,0,DS,0,0.500000000,21,30.002136168,0,1353.171432204,1353.345968535,250.261218270,1774,0,8722,60409.970990997,1773,10743.427029676,0,0.000000000,0,0.000000000,
14,0,0,DS,0,0.500000000,21,30.002793837,0,1498.580717361,1498.758667609,250.295687103,1793,0,9050,63106.770456701,1792,10855.797777861,0,0.000000000,0,0.000000000,
15,0,0,DS,0,0.500000000,21,30.008664907,0,1533.457269210,1533.637315241,250.251780166,1773,0,8964,62435.866462307,1772,10738.146591516,0,0.000000000,0,0.000000000,
17,0,0,DS,0,0.500000000,21,30.009101152,0,1926.168507980,1926.380654803,310.694594314,1371,0,8015,53973.654682945,1370,8387.231194057,0,0.000000000,0,0.000000000,
16,0,0,DS,0,0.500000000,21,30.019684810,0,1844.151077687,1844.361139726,310.693808477,1375,0,8042,54110.453877912,1374,8401.330312113,0,0.000000000,0,0.000000000,
18,0,0,DS,0,0.500000000,21,30.026041416,0,2077.132652270,2077.339552029,310.755297830,1354,0,7889,53209.528864309,1353,8297.881918897,0,0.000000000,0,0.000000000,
19,0,0,DS,0,0.500000000,21,30.002369727,0,2324.607789633,2325.032138596,310.693808477,843,0,7129,51382.870953850,842,6404.853633195,0,0.000000000,0,0.000000000,
20,0,0,DS,0,0.500000000,21,30.081130956,0,2570.281298480,2570.734121149,310.693808477,598,0,5272,38516.591196331,597,4207.924313956,0,0.000000000,0,0.000000000,
22,0,0,DS,0,0.500000000,21,30.018192065,0,2817.018031960,2817.396946337,310.755297830,594,0,5791,40418.799041032,593,4008.123716823,0,0.000000000,0,0.000000000,
8,0,0,DS,0,0.500000000,23,2.350357431,1,1367.660251558,1368.342440734,256.604936907,145,0,694,3515.609159496,144,768.830009660,0,0.000000000,0,0.000000000,
21,0,0,DS,0,0.500000000,21,30.069217390,0,2681.788711435,2682.233591856,310.693808477,607,0,5387,39158.154109679,606,4266.710386729,0,0.000000000,0,0.000000000,
23,0,0,DS,0,0.500000000,21,30.099246117,0,3069.076367006,3069.414673461,310.693808477,485,0,5107,34889.454926322,484,3114.886148579,0,0.000000000,0,0.000000000,
15,0,0,DS,0,0.500000000,22,30.004440104,0,1928.693674720,1929.656652153,232.613678625,4146,0,19266,39936.443067483,4145,3638.920743369,0,0.000000000,0,0.000000000,
16,0,0,DS,0,0.500000000,22,30.005440814,0,2003.760067757,2004.721519258,232.349459769,4137,0,19220,39839.114306501,4136,3632.021054649,0,0.000000000,0,0.000000000,
17,0,0,DS,0,0.500000000,22,30.003100954,0,2086.396307878,2087.340699472,232.595966977,4094,0,19028,39486.041265005,4093,3586.601117243,0,0.000000000,0,0.000000000,
2,0,0,DS,0,0.500000000,24,0.002227818,1,294.867351253,294.867351253,154.510848952,1,0,0,0.000000000,0,0.000000000,0,0.000000000,0,0.000000000,
18,0,0,DS,0,0.500000000,22,30.020645632,0,2184.990817146,2186.022575405,232.590652376,4369,0,22048,47455.677770529,4368,5139.856196861,0,0.000000000,0,0.000000000,
3,0,0,DS,0,0.500000000,24,0.002517410,1,416.385057531,416.385057531,154.510848952,1,0,0,0.000000000,0,0.000000000,0,0.000000000,0,0.000000000,
19,0,0,DS,0,0.500000000,22,30.006887387,0,2387.137445006,2388.125978920,232.349459769,4404,0,22198,47763.507263617,4403,5164.043611076,0,0.000000000,0,0.000000000,
4,0,0,DS,0,0.500000000,24,0.947600252,1,586.749882418,586.832117872,170.426570312,143,0,828,5537.248174197,142,1277.534020828,0,0.000000000,0,0.000000000,
20,0,0,DS,0,0.500000000,22,30.004146328,0,2489.418371258,2490.448170417,232.349459769,4344,0,21938,47203.076219704,4343,5124.026071537,0,0.000000000,0,0.000000000,
21,0,0,DS,0,0.500000000,22,30.044766253,0,2561.774326823,2563.726875387,232.349459769,1391,0,7843,13225.954096284,1390,2335.451276199,0,0.000000000,0,0.000000000,
5,0,0,DS,0,0.500000000,24,0.903900622,1,681.981425930,682.063661383,170.426570312,143,0,828,5537.248174197,142,1277.534020828,0,0.000000000,0,0.000000000,
6,0,0,DS,0,0.500000000,24,0.934663827,1,867.970862066,868.053097520,185.989436136,143,0,828,5537.248174197,142,1277.534020828,0,0.000000000,0,0.000000000,
7,0,0,DS,0,0.500000000,24,0.951791781,1,949.232267289,949.314502743,185.989436136,143,0,828,5537.248174197,142,1277.534020828,0,0.000000000,0,0.000000000,
8,0,0,DS,0,0.500000000,24,0.911758111,1,1171.120259023,1171.202494477,221.887991733,143,0,828,5537.248174197,142,1277.534020828,0,0.000000000,0,0.000000000,
9,0,0,DS,0,0.500000000,24,0.933199985,1,1295.275527154,1295.357762608,221.887991733,143,0,828,5537.248174197,142,1277.534020828,0,0.000000000,0,0.000000000,
9,0,0,DS,0,0.500000000,23,14.692605888,1,1553.931845004,1554.715527249,256.604936907,798,0,3836,20922.656970719,797,4172.275719352,0,0.000000000,0,0.000000000,
10,0,0,DS,0,0.500000000,23,14.761746973,1,1695.811441341,1696.595123586,256.604936907,798,0,3836,20922.656970719,797,4172.275719352,0,0.000000000,0,0.000000000,
12,0,0,DS,0,0.500000000,23,14.729344399,1,1819.230836327,1820.014518572,256.604936907,798,0,3836,20922.656970719,797,4172.275719352,0,0.000000000,0,0.000000000,
11,0,0,DS,0,0.500000000,23,14.979822236,1,1733.333256342,1734.116938588,256.604936907,798,0,3836,20922.656970719,797,4172.275719352,0,0.000000000,0,0.000000000,
14,0,0,DS,0,0.500000000,23,14.883626133,1,1988.505732456,1989.289414702,256.604936907,798,0,3836,20922.656970719,797,4172.275719352,0,0.000000000,0,0.000000000,
10,0,0,DS,0,0.500000000,24,0.933126039,1,1373.273443441,1373.355678895,221.887991733,143,0,828,5537.248174197,142,1277.534020828,0,0.000000000,0,0.000000000,
13,0,0,DS,0,0.500000000,23,14.954259773,1,1942.290680347,1943.074362593,256.604936907,798,0,3836,20922.656970719,797,4172.275719352,0,0.000000000,0,0.000000000,
11,0,0,DS,0,0.500000000,24,0.922123062,1,1571.062113325,1571.144348778,221.887991733,143,0,828,5537.248174197,142,1277.534020828,0,0.000000000,0,0.000000000,
12,0,0,DS,0,0.500000000,24,0.916225432,1,1693.205039616,1693.287275070,221.887991733,143,0,828,5537.248174197,142,1277.534020828,0,0.000000000,0,0.000000000,
15,0,0,DS,0,0.500000000,23,14.893939222,1,2144.331854774,2145.115537020,256.604936907,798,0,3836,20922.656970719,797,4172.275719352,0,0.000000000,0,0.000000000,
13,0,0,DS,0,0.500000000,24,0.982280707,1,1845.280277379,1845.362512833,221.887991733,143,0,868,5577.248174469,142,1277.534020828,0,0.000000000,0,0.000000000,
14,0,0,DS,0,0.500000000,24,0.996211440,1,2026.008896142,2026.091131596,221.887991733,143,0,868,5577.248174469,142,1277.534020828,0,0.000000000,0,0.000000000,
2,0,0,DS,0,0.500000000,25,0.001119782,1,236.195007099,236.195007099,129.771588073,1,0,0,0.000000000,0,0.000000000,0,0.000000000,0,0.000000000,
3,0,0,DS,0,0.500000000,25,0.001715593,1,306.410783221,306.410783221,129.771588073,1,0,0,0.000000000,0,0.000000000,0,0.000000000,0,0.000000000,
4,0,0,DS,0,0.500000000,25,0.001988522,1,381.720641627,381.720641627,129.771588073,1,0,0,0.000000000,0,0.000000000,0,0.000000000,0,0.000000000,
16,0,0,DS,0,0.500000000,23,14.929038178,1,2149.987397645,2150.771079890,256.604936907,798,0,3836,20922.656970719,797,4172.275719352,0,0.000000000,0,0.000000000,
5,0,0,DS,0,0.500000000,25,0.003193551,1,526.359421432,526.359421432,144.638779805,1,0,0,0.000000000,0,0.000000000,0,0.000000000,0,0.000000000,
6,0,0,DS,0,0.500000000,25,0.004664777,1,727.461838643,727.461838643,201.102417211,1,0,0,0.000000000,0,0.000000000,0,0.000000000,0,0.000000000,
7,0,0,DS,0,0.500000000,25,0.007029322,1,992.994338303,992.994338303,265.532499660,1,0,0,0.000000000,0,0.000000000,0,0.000000000,0,0.000000000,
8,0,0,DS,0,0.500000000,25,0.008092565,1,1164.634054085,1164.634054085,265.532499660,1,0,0,0.000000000,0,0.000000000,0,0.000000000,0,0.000000000,
9,0,0,DS,0,0.500000000,25,0.010739317,1,1427.983499334,1427.983499334,265.532499660,1,0,0,0.000000000,0,0.000000000,0,0.000000000,0,0.000000000,
22,0,0,DS,0,0.500000000,22,30.009198944,0,2662.218985425,2664.096067881,232.349459769,1349,0,7579,12767.717427633,1348,2255.880416084,0,0.000000000,0,0.000000000,
16,0,0,DS,0,0.500000000,24,4.520945679,1,2345.222682471,2346.065331138,221.887991733,425,0,2558,15441.645323105,424,3604.432870900,0,0.000000000,0,0.000000000,
15,0,0,DS,0,0.500000000,24,4.548466820,1,2234.817653147,2235.660301814,221.887991733,425,0,2558,15441.645323105,424,3604.432870900,0,0.000000000,0,0.000000000,
17,0,0,DS,0,0.500000000,24,4.629125765,1,2347.801763315,2348.644411982,221.887991733,425,0,2558,15441.645323105,424,3604.432870900,0,0.000000000,0,0.000000000,
23,0,0,DS,0,0.500000000,22,30.043978045,0,2831.171635386,2833.091259123,232.349459769,1306,0,7309,12301.735570551,1305,2190.781508458,0,0.000000000,0,0.000000000,
18,0,0,DS,0,0.500000000,24,6.268569211,1,2481.108387792,2481.951036459,221.887991733,508,0,3134,17811.111336838,507,3254.364694505,0,0.000000000,0,0.000000000,
19,0,0,DS,0,0.500000000,24,6.431682140,1,2612.661529432,2613.504178099,221.887991733,508,0,3134,17811.111336838,507,3254.364694505,0,0.000000000,0,0.000000000,
10,0,0,DS,0,0.500000000,25,8.202107606,1,1683.042678152,1683.344410998,265.535397939,495,0,2300,4669.254571609,494,1133.185192376,0,0.000000000,0,0.000000000,
11,0,0,DS,0,0.500000000,25,8.236772275,1,1746.048013696,1746.349746542,265.535397939,495,0,2300,4669.254571609,494,1133.185192376,0,0.000000000,0,0.000000000,
17,0,0,DS,0,0.500000000,23,30.003355643,0,2358.329778219,2359.376013375,257.089014438,1481,0,7352,44736.345795973,1480,8384.239826962,0,0.000000000,0,0.000000000,
18,0,0,DS,0,0.500000000,23,30.003264292,0,2452.511451672,2453.552222183,256.604936907,1463,0,7272,44243.009653489,1462,8278.697559551,0,0.000000000,0,0.000000000,
19,0,0,DS,0,0.500000000,23,30.014444757,0,2568.279438592,2569.110897454,256.604936907,1487,0,7380,44939.362061818,1486,8415.927738671,0,0.000000000,0,0.000000000,
20,0,0,DS,0,0.500000000,23,30.001352019,0,2638.517571673,2639.492872669,257.089014438,1475,0,7324,44556.056390622,1474,8347.349796948,0,0.000000000,0,0.000000000,
21,0,0,DS,0,0.500000000,23,30.010226316,0,2841.376715673,2841.829491321,256.613665609,994,0,7054,48967.137397823,993,9851.393435932,0,0.000000000,0,0.000000000,
22,0,0,DS,0,0.500000000,23,30.038444603,0,2981.056356486,2981.468777314,256.707551116,985,0,6996,48424.835738436,984,9701.386464851,0,0.000000000,0,0.000000000,
23,0,0,DS,0,0.500000000,23,30.003342285,0,3099.237555969,3099.505877382,256.614963145,1132,0,9384,53562.343406686,1131,6984.571644061,0,0.000000000,0,0.000000000,
20,0,0,DS,0,0.500000000,24,30.001402676,0,2838.490212088,2839.399213042,225.850712970,2511,0,14786,94612.313830685,2510,18813.938648828,0,0.000000000,0,0.000000000,
21,0,0,DS,0,0.500000000,24,30.003947336,0,3013.124836051,3014.091793801,225.828682655,1944,0,10104,71776.285991486,1943,12333.303528720,0,0.000000000,0,0.000000000,
22,0,0,DS,0,0.500000000,24,30.026776649,0,3218.682770066,3219.559195477,225.892608204,1750,0,13736,77561.383272044,1749,12210.321549893,0,0.000000000,0,0.000000000,
23,0,0,DS,0,0.500000000,24,30.248937399,0,3300.704478940,3301.476156367,225.840548702,600,0,4565,22409.589926257,599,3115.004252498,0,0.000000000,0,0.000000000,
12,0,0,DS,0,0.500000000,25,30.015831206,0,1929.012203052,1929.453819660,265.904369778,1214,0,7812,20548.383809693,1213,2387.400544712,0,0.000000000,0,0.000000000,
13,0,0,DS,0,0.500000000,25,30.008222889,0,1968.874822867,1969.338658132,265.945039888,1198,0,7704,20295.044745423,1197,2369.203801131,0,0.000000000,0,0.000000000,
14,0,0,DS,0,0.500000000,25,30.020686711,0,2249.980580798,2250.390359159,281.167915150,1513,0,10860,24992.169912596,1512,2703.216904237,0,0.000000000,0,0.000000000,
15,0,0,DS,0,0.500000000,25,30.004680799,0,2404.436257073,2404.874612021,281.142817765,1519,0,10910,25123.473342713,1518,2713.847506113,0,0.000000000,0,0.000000000,
17,0,0,DS,0,0.500000000,25,30.000580847,0,2712.105811066,2712.548002610,281.187999703,1527,0,10972,25297.260507976,1526,2737.674004279,0,0.000000000,0,0.000000000,
18,0,0,DS,0,0.500000000,25,30.027474450,0,2808.870395768,2809.309758925,281.395858945,1515,0,10880,25027.010869303,1514,2705.361433874,0,0.000000000,0,0.000000000,
16,0,0,DS,0,0.500000000,25,30.002633491,0,2606.397576053,2606.828686668,281.247258641,1540,0,11064,25583.844780589,1539,2772.150469017,0,0.000000000,0,0.000000000,
19,0,0,DS,0,0.500000000,25,30.020471844,0,2949.027676485,2949.252713619,281.105757932,1646,0,11772,34026.856485324,1645,4574.796282984,0,0.000000000,0,0.000000000,
20,0,0,DS,0,0.500000000,25,30.011096509,0,2988.122383551,2988.343392216,281.108656211,1657,0,11840,34186.788107051,1656,4595.154654969,0,0.000000000,0,0.000000000,
21,0,0,DS,0,0.500000000,25,30.013754346,0,3133.685806912,3133.884942513,281.122499365,1552,0,14008,49586.191434963,1551,4922.191075016,0,0.000000000,0,0.000000000,
22,0,0,DS,0,0.500000000,25,30.005827014,0,3211.187384230,3211.383417345,281.105757932,1549,0,13984,49525.733407282,1548,4911.885487935,0,0.000000000,0,0.000000000,
23,0,0,DS,0,0.500000000,25,30.050283688,0,3337.360896580,3337.549609389,281.108656211,1556,0,15126,76637.861663548,1555,5983.132290742,0,0.000000000,0,0.000000000,
