3,0,0,DS,0,0.353553,1,0.000127838,1,645.43,645.43,307.488,1,0,
3,0,0,DS,0,0.353553,2,7.6883e-05,1,739.235,739.235,319.246,1,0,
3,0,0,DS,0,0.353553,3,7.4981e-05,1,382.339,382.339,289.965,1,0,
3,0,0,DS,0,0.353553,4,6.874e-05,1,530.814,530.814,205.25,1,0,
3,0,0,DS,0,0.353553,5,5.9942e-05,1,474.288,474.288,360.816,1,0,
3,0,0,DS,0,0.353553,6,7.2075e-05,1,432.921,432.921,185.297,1,0,
3,0,0,DS,0,0.353553,7,4.4492e-05,1,386.935,386.935,263.339,1,0,
3,0,0,DS,0,0.353553,8,0.000131596,1,646.039,646.354,309.018,2,0,
3,0,0,DS,0,0.353553,9,6.7276e-05,1,679.205,679.205,260.546,1,0,
3,0,0,DS,0,0.353553,10,7.3738e-05,1,737.69,737.69,356.344,1,0,
3,0,0,DS,0,0.353553,11,0.000159759,1,706.845,712.748,293.474,2,0,
3,0,0,DS,0,0.353553,12,7.3007e-05,1,478.94,478.94,259.949,1,0,
3,0,0,DS,0,0.353553,13,7.3569e-05,1,797.018,797.018,431.55,1,0,
3,0,0,DS,0,0.353553,14,0.000416798,1,1031.37,1039.85,384.757,6,0,
3,0,0,DS,0,0.353553,15,5.9692e-05,1,452.098,452.098,276.67,1,0,
3,0,0,DS,0,0.353553,16,6.5072e-05,1,665.407,665.407,342.111,1,0,
3,0,0,DS,0,0.353553,17,0.000147216,1,480.769,496.441,254.345,2,0,
3,0,0,DS,0,0.353553,18,6.8278e-05,1,617.349,617.349,313.978,1,0,
3,0,0,DS,0,0.353553,19,6.8999e-05,1,450.665,450.665,279.921,1,0,
3,0,0,DS,0,0.353553,20,0.000240279,1,742.439,743.399,331.714,4,0,
3,0,0,DS,0,0.353553,21,8.3064e-05,1,836.987,836.987,355.966,1,0,
3,0,0,DS,0,0.353553,22,5.8199e-05,1,510.888,510.888,273.2,1,0,
3,0,0,DS,0,0.353553,23,0.000154298,1,802.454,808.357,342.827,2,0,
3,0,0,DS,0,0.353553,24,0.000150993,1,1003.03,1007.84,347.637,2,0,
3,0,0,DS,0,0.353553,25,4.9142e-05,1,411.389,411.389,219.466,1,0,
4,0,0,DS,0,0.353553,1,0.00010154,1,894.212,894.212,307.488,1,0,
4,0,0,DS,0,0.353553,2,9.0399e-05,1,940.884,940.884,319.246,1,0,
4,0,0,DS,0,0.353553,3,0.000116127,1,628.766,631.34,289.965,2,0,
4,0,0,DS,0,0.353553,4,8.4559e-05,1,623.217,623.217,205.25,1,0,
4,0,0,DS,0,0.353553,5,8.1974e-05,1,792.095,792.095,360.816,1,0,
4,0,0,DS,0,0.353553,6,8.4038e-05,1,661.464,661.464,228.543,1,0,
4,0,0,DS,0,0.353553,7,7.2094e-05,1,666.605,666.605,279.669,1,0,
4,0,0,DS,0,0.353553,8,0.000172873,1,788.015,788.329,309.018,2,0,
4,0,0,DS,0,0.353553,9,0.000110517,1,982.477,982.477,303.272,1,0,
4,0,0,DS,0,0.353553,10,0.0011211,1,916.242,921.05,356.344,21,0,
4,0,0,DS,0,0.353553,11,0.000153937,1,1118.71,1124.61,411.863,2,0,
4,0,0,DS,0,0.353553,12,6.8639e-05,1,540.101,540.101,259.949,1,0,
4,0,0,DS,0,0.353553,13,0.000120315,1,824.753,824.753,431.55,1,0,
4,0,0,DS,0,0.353553,14,0.000411849,1,1199.1,1207.58,384.757,6,0,
4,0,0,DS,0,0.353553,15,7.4138e-05,1,735.695,735.695,283.597,1,0,
4,0,0,DS,0,0.353553,16,0.000131525,1,919.041,919.356,342.111,2,0,
4,0,0,DS,0,0.353553,17,0.00016627,1,774.179,789.85,293.409,2,0,
4,0,0,DS,0,0.353553,18,8.5441e-05,1,863.777,863.777,313.978,1,0,
4,0,0,DS,0,0.353553,19,7.417e-05,1,548.944,548.944,279.921,1,0,
4,0,0,DS,0,0.353553,20,0.000264073,1,1027.03,1027.99,331.714,4,0,
4,0,0,DS,0,0.353553,21,0.000142336,1,1087.35,1087.35,355.966,1,0,
4,0,0,DS,0,0.353553,22,0.000154438,1,962.655,968.558,457.671,2,0,
4,0,0,DS,0,0.353553,23,0.000158246,1,973.261,979.164,342.827,2,0,
4,0,0,DS,0,0.353553,24,0.000165398,1,1153.32,1158.12,347.637,2,0,
4,0,0,DS,0,0.353553,25,8.6261e-05,1,556.994,556.994,219.466,1,0,
5,0,0,DS,0,0.353553,1,0.000100738,1,953.821,953.821,307.488,1,0,
5,0,0,DS,0,0.353553,2,0.000158987,1,1184.09,1186.66,319.246,2,0,
5,0,0,DS,0,0.353553,3,0.0003431,1,651.901,670.395,305.886,4,0,
5,0,0,DS,0,0.353553,4,0.000101369,1,919.196,919.196,295.979,1,0,
5,0,0,DS,0,0.353553,5,0.000121378,1,1105.16,1105.16,360.816,1,0,
5,0,0,DS,0,0.353553,6,0.000147506,1,957.629,960.202,298.739,2,0,
5,0,0,DS,0,0.353553,7,8.8265e-05,1,817.359,817.359,279.669,1,0,
5,0,0,DS,0,0.353553,8,0.000285654,1,1024.72,1025.65,309.326,4,0,
5,0,0,DS,0,0.353553,9,0.00130247,1,1264.42,1275.68,303.272,27,0,
5,0,0,DS,0,0.353553,10,0.00109773,1,976.84,981.648,356.344,22,0,
5,0,0,DS,0,0.353553,11,0.000167072,1,1348.92,1354.82,411.863,2,0,
5,0,0,DS,0,0.353553,12,7.1794e-05,1,609.128,609.128,259.949,1,0,
5,0,0,DS,0,0.353553,13,0.000102402,1,1124.09,1124.09,431.55,1,0,
5,0,0,DS,0,0.353553,14,0.000619378,1,1440.94,1449.99,384.757,8,0,
5,0,0,DS,0,0.353553,15,9.6389e-05,1,876.077,876.077,283.597,1,0,
5,0,0,DS,0,0.353553,16,0.00064835,1,1143.63,1158.94,342.111,7,0,
5,0,0,DS,0,0.353553,17,0.000313336,1,1039.96,1061.53,293.409,4,0,
5,0,0,DS,0,0.353553,18,0.000210984,1,1082.54,1083.16,314.6,2,0,
5,0,0,DS,0,0.353553,19,0.000113092,1,933.702,933.702,384.757,1,0,
5,0,0,DS,0,0.353553,20,0.000291094,1,1288.51,1289.47,331.714,4,0,
5,0,0,DS,0,0.353553,21,0.00031068,1,1323.77,1326.41,357.982,4,0,
5,0,0,DS,0,0.353553,22,0.000276817,1,1153.34,1159.87,457.671,4,0,
5,0,0,DS,0,0.353553,23,0.00020894,1,1238.34,1244.24,348.73,2,0,
5,0,0,DS,0,0.353553,24,0.000167023,1,1196.14,1200.95,342.829,2,0,
5,0,0,DS,0,0.353553,25,8.6712e-05,1,865.259,865.259,308.265,1,0,
6,0,0,DS,0,0.353553,1,0.00557333,1,1248.74,1271.89,308.111,101,0,
6,0,0,DS,0,0.353553,2,0.000217025,1,1393.37,1395.95,319.246,2,0,
6,0,0,DS,0,0.353553,3,0.00616832,1,842.356,891.976,308.46,158,0,
6,0,0,DS,0,0.353553,4,0.00013393,1,1245.99,1245.99,326.793,1,0,
6,0,0,DS,0,0.353553,5,0.000154268,1,1184.33,1184.33,360.816,1,0,
6,0,0,DS,0,0.353553,7,9.3155e-05,1,872.714,872.714,279.669,1,0,
6,0,0,DS,0,0.353553,6,0.00976924,1,1201.45,1219.44,298.739,115,0,
6,0,0,DS,0,0.353553,8,0.000319237,1,1184.85,1185.79,309.326,4,0,
6,0,0,DS,0,0.353553,9,0.00144273,1,1438.68,1449.94,303.272,27,0,
6,0,0,DS,0,0.353553,10,0.00412007,1,1139.8,1150.51,356.344,74,0,
6,0,0,DS,0,0.353553,11,0.000238995,1,1366.61,1372.51,411.863,2,0,
6,0,0,DS,0,0.353553,12,9.4626e-05,1,669.948,669.948,259.949,1,0,
6,0,0,DS,0,0.353553,13,0.000269173,1,1154.25,1159.51,436.809,3,0,
6,0,0,DS,0,0.353553,14,0.000758888,1,1554.21,1563.26,384.757,8,0,
6,0,0,DS,0,0.353553,15,0.000152674,1,1181.13,1181.13,305.058,1,0,
6,0,0,DS,0,0.353553,16,0.00424908,1,1210.34,1290.07,342.111,84,0,
6,0,0,DS,0,0.353553,17,0.000355785,1,1076.23,1097.8,293.409,4,0,
6,0,0,DS,0,0.353553,19,0.000125886,1,1073.66,1073.66,384.757,1,0,
6,0,0,DS,0,0.353553,18,0.00902971,1,1240.3,1273.8,314.6,136,0,
6,0,0,DS,0,0.353553,20,0.00612414,1,1430.91,1487.89,331.714,132,0,
6,0,0,DS,0,0.353553,21,0.000599211,1,1569.47,1577.2,361.049,5,0,
6,0,0,DS,0,0.353553,22,0.00033704,1,1255.61,1262.13,457.671,4,0,
6,0,0,DS,0,0.353553,23,0.000226763,1,1315.87,1321.77,348.73,2,0,
6,0,0,DS,0,0.353553,24,0.000205463,1,1378.97,1383.77,342.829,2,0,
6,0,0,DS,0,0.353553,25,0.000162034,1,1129.31,1131.88,308.265,2,0,
7,0,0,DS,0,0.353553,1,0.0058542,1,1555.84,1578.99,308.111,101,0,
7,0,0,DS,0,0.353553,2,0.000232093,1,1637.52,1640.09,319.246,2,0,
7,0,0,DS,0,0.353553,4,0.000214011,1,1410.98,1411.6,326.793,2,0,
7,0,0,DS,0,0.353553,3,0.0126722,1,931.005,980.625,305.886,355,0,
7,0,0,DS,0,0.353553,5,0.000247823,1,1442.32,1444.34,360.816,2,0,
7,0,0,DS,0,0.353553,6,0.0067996,1,1249.32,1267.3,298.739,115,0,
7,0,0,DS,0,0.353553,7,0.000152384,1,1051.21,1051.21,279.669,1,0,
7,0,0,DS,0,0.353553,8,0.0102256,1,1444.7,1468.97,309.326,202,0,
7,0,0,DS,0,0.353553,9,0.00467118,1,1727.56,1741.4,303.272,69,0,
7,0,0,DS,0,0.353553,10,0.0041647,1,1168.8,1179.51,356.344,74,0,
7,0,0,DS,0,0.353553,12,0.000205094,1,976.544,977.167,306.596,2,0,
7,0,0,DS,0,0.353553,13,0.000298397,1,1405.18,1415.25,436.809,4,0,
7,0,0,DS,0,0.353553,14,0.00109465,1,1761.44,1771.11,384.757,16,0,
7,0,0,DS,0,0.353553,15,0.000376022,1,1435.88,1443.28,305.058,4,0,
7,0,0,DS,0,0.353553,11,0.0336869,1,1466.72,1560.4,411.863,466,0,
7,0,0,DS,0,0.353553,17,0.00902006,1,1457.29,1478.87,381.063,139,0,
7,0,0,DS,0,0.353553,16,0.504544,1,1463.88,1545.63,342.111,8083,0,
7,0,0,DS,0,0.353553,19,0.000549306,1,1343.73,1344.49,384.757,8,0,
7,0,0,DS,0,0.353553,18,0.0101478,1,1477.58,1511.38,314.889,173,0,
7,0,0,DS,0,0.353553,20,0.00494672,1,1704.67,1780.67,331.714,65,0,
7,0,0,DS,0,0.353553,21,0.000538416,1,1704.34,1716.87,361.049,6,0,
7,0,0,DS,0,0.353553,22,0.000317652,1,1446.01,1452.54,457.671,4,0,
7,0,0,DS,0,0.353553,23,0.000356324,1,1482.53,1488.75,348.73,4,0,
7,0,0,DS,0,0.353553,25,0.000200695,1,1560.86,1563.43,431.55,2,0,
8,0,0,DS,0,0.353553,2,0.000280124,1,1663.55,1666.13,319.246,2,0,
8,0,0,DS,0,0.353553,1,0.0136392,1,1817.86,1841.63,308.111,211,0,
7,0,0,DS,0,0.353553,24,0.204048,1,1603.92,1680.92,347.637,2079,0,
8,0,0,DS,0,0.353553,4,0.000527586,1,1464.44,1478.86,331.877,4,0,
8,0,0,DS,0,0.353553,5,0.00773596,1,1658.6,1687.58,360.816,104,0,
8,0,0,DS,0,0.353553,3,0.168284,1,1156.48,1206.23,305.886,4436,0,
8,0,0,DS,0,0.353553,6,0.00721421,1,1411.62,1429.6,298.739,117,0,
8,0,0,DS,0,0.353553,7,0.000195766,1,1284.45,1285.07,279.669,2,0,
8,0,0,DS,0,0.353553,8,0.0116693,1,1483.54,1507.8,309.326,202,0,
8,0,0,DS,0,0.353553,9,0.00475734,1,1802,1816.24,303.272,88,0,
8,0,0,DS,0,0.353553,10,0.00430871,1,1413.04,1423.75,356.344,74,0,
8,0,0,DS,0,0.353553,12,0.00028374,1,1121.96,1122.58,306.596,2,0,
8,0,0,DS,0,0.353553,11,0.0405292,1,1485.48,1579.16,411.863,466,0,
8,0,0,DS,0,0.353553,13,0.000387854,1,1726.66,1736.73,436.809,4,0,
8,0,0,DS,0,0.353553,14,0.00162732,1,2010.89,2021.19,384.757,23,0,
8,0,0,DS,0,0.353553,15,0.154765,1,1738.94,1879.07,305.058,1516,0,
8,0,0,DS,0,0.353553,16,0.538533,1,1529.5,1611.25,342.111,8083,0,
8,0,0,DS,0,0.353553,18,0.0101366,1,1549.63,1583.43,314.889,173,0,
8,0,0,DS,0,0.353553,17,1.65896,1,1763.94,1828.91,386.967,15155,0,
8,0,0,DS,0,0.353553,19,0.00173186,1,1614.16,1622.4,384.757,27,0,
8,0,0,DS,0,0.353553,20,0.00517303,1,2028.47,2104.47,331.714,65,0,
8,0,0,DS,0,0.353553,21,0.000738429,1,1907.43,1919.96,361.049,7,0,
8,0,0,DS,0,0.353553,22,0.0045812,1,1688.83,1712.3,457.671,105,0,
8,0,0,DS,0,0.353553,23,0.00085096,1,1778.32,1789.35,342.827,10,0,
8,0,0,DS,0,0.353553,25,0.000239026,1,1645.07,1647.64,431.55,2,0,
9,0,0,DS,0,0.353553,1,0.0134883,1,2112.67,2136.44,308.111,211,0,
9,0,0,DS,0,0.353553,2,0.000346898,1,1784.54,1787.12,319.246,2,0,
9,0,0,DS,0,0.353553,3,0.319062,1,1450.3,1502.72,305.886,7725,0,
8,0,0,DS,0,0.353553,24,11.9054,1,1748.23,1830.25,352.66,90759,0,
9,0,0,DS,0,0.353553,5,0.00841547,1,1979.15,2008.75,360.816,124,0,
9,0,0,DS,0,0.353553,6,0.011594,1,1715.27,1733.87,303.651,174,0,
9,0,0,DS,0,0.353553,7,0.000349203,1,1519.59,1520.84,279.669,3,0,
9,0,0,DS,0,0.353553,8,0.0113671,1,1597.1,1621.37,309.326,202,0,
9,0,0,DS,0,0.353553,9,0.00945974,1,2068.97,2085.39,303.895,170,0,
9,0,0,DS,0,0.353553,10,0.00477504,1,1566.14,1576.85,356.344,74,0,
9,0,0,DS,0,0.353553,4,22.0155,1,1679.35,1694.67,331.877,197131,0,
9,0,0,DS,0,0.353553,12,0.00031597,1,1484.02,1484.65,362.068,2,0,
9,0,0,DS,0,0.353553,11,0.0342475,1,1575.06,1668.74,411.863,466,0,
9,0,0,DS,0,0.353553,13,0.000532645,1,1837.72,1847.79,436.809,4,0,
9,0,0,DS,0,0.353553,14,0.00178302,1,2198.75,2209.04,390.661,23,0,
9,0,0,DS,0,0.353553,15,0.15764,1,1802.02,1942.15,305.058,1516,0,
9,0,0,DS,0,0.353553,18,0.423612,1,1700.33,1739.21,314.889,5842,0,
9,0,0,DS,0,0.353553,17,3.96466,1,1943.52,2013.76,386.967,33569,0,
9,0,0,DS,0,0.353553,19,0.000909539,1,1930.47,1941.22,389.565,10,0,
9,0,0,DS,0,0.353553,16,5.54403,1,1893.93,2015.36,404.107,58232,0,
9,0,0,DS,0,0.353553,21,0.000844427,1,2090.17,2111.34,361.049,8,0,
9,0,0,DS,0,0.353553,22,0.00434595,1,1879.89,1903.71,457.671,76,0,
9,0,0,DS,0,0.353553,23,0.189908,1,2147.23,2185.22,395.878,2249,0,
9,0,0,DS,0,0.353553,25,0.00333665,1,2056.86,2075.29,442.943,50,0,
9,0,0,DS,0,0.353553,20,3.15162,1,2393.81,2487.35,365.339,33107,0,
10,0,0,DS,0,0.353553,2,0.000306962,1,2137.15,2139.72,352.605,2,0,
10,0,0,DS,0,0.353553,3,2.15906,1,1544.25,1620.59,308.46,43540,0,
9,0,0,DS,0,0.353553,24,30.0001,0,2068.2,2151.93,342.829,205478,0,
10,0,0,DS,0,0.353553,1,30,0,2172.01,2209.68,310.19,333533,0,
10,0,0,DS,0,0.353553,5,3.90479,1,2276.38,2311.7,360.816,44654,0,
10,0,0,DS,0,0.353553,6,0.0121865,1,1908.47,1927.07,303.651,174,0,
10,0,0,DS,0,0.353553,7,0.000644343,1,1713.76,1716.67,279.669,8,0,
10,0,0,DS,0,0.353553,8,0.0127678,1,1837.61,1861.87,308.703,203,0,
10,0,0,DS,0,0.353553,9,0.00456749,1,2483.53,2505.37,414.563,69,0,
10,0,0,DS,0,0.353553,10,0.00439869,1,1669.19,1679.9,356.344,74,0,
10,0,0,DS,0,0.353553,12,0.000485176,1,1709.41,1710.66,362.068,4,0,
10,0,0,DS,0,0.353553,13,0.000556169,1,2050.63,2060.7,436.809,4,0,
10,0,0,DS,0,0.353553,14,0.077139,1,2381.94,2565.16,384.757,602,0,
10,0,0,DS,0,0.353553,11,2.17619,1,1877.19,1970.86,411.863,23619,0,
10,0,0,DS,0,0.353553,15,0.162997,1,2133.5,2273.81,331.477,1532,0,
10,0,0,DS,0,0.353553,4,22.4468,1,1857.41,1872.73,331.877,197131,0,
10,0,0,DS,0,0.353553,18,0.422472,1,1789.11,1827.99,314.889,5842,0,
10,0,0,DS,0,0.353553,19,0.00168851,1,2375.28,2393.32,444.805,20,0,
10,0,0,DS,0,0.353553,20,3.42486,1,2660.91,2770.87,365.339,34571,0,
10,0,0,DS,0,0.353553,21,0.00114667,1,2153.84,2175.86,361.049,14,0,
10,0,0,DS,0,0.353553,22,0.815483,1,2275.84,2311.05,457.671,10065,0,
10,0,0,DS,0,0.353553,16,30.0001,0,2207.48,2283.24,364.432,216285,0,
10,0,0,DS,0,0.353553,17,30.0001,0,2021.16,2099.32,381.063,219329,0,
10,0,0,DS,0,0.353553,23,0.159041,1,2424.83,2462.83,395.878,2249,0,
10,0,0,DS,0,0.353553,25,0.00341412,1,2220.67,2239.11,442.943,50,0,
11,0,0,DS,0,0.353553,2,0.000683978,1,2366.02,2374.15,352.605,7,0,
10,0,0,DS,0,0.353553,24,30.0001,0,2217.98,2314.44,342.829,182479,0,
11,0,0,DS,0,0.353553,1,30.0001,0,2420.33,2459.29,310.763,318302,0,
11,0,0,DS,0,0.353553,6,0.0118762,1,1997.25,2015.85,303.651,174,0,
11,0,0,DS,0,0.353553,3,30,0,1569.46,1663.76,323.244,349869,0,
11,0,0,DS,0,0.353553,7,0.000830231,1,1961.36,1994.94,279.669,10,0,
11,0,0,DS,0,0.353553,8,0.00661108,1,2090.06,2114.32,308.703,102,0,
11,0,0,DS,0,0.353553,9,0.0490928,1,2564.11,2591.95,414.563,909,0,
11,0,0,DS,0,0.353553,10,0.0228097,1,1869.74,1883.86,362.247,407,0,
11,0,0,DS,0,0.353553,12,0.000967859,1,1985.56,1986.94,362.068,9,0,
11,0,0,DS,0,0.353553,13,0.000511916,1,2287.76,2297.82,436.809,4,0,
11,0,0,DS,0,0.353553,14,0.0786609,1,2492.51,2675.73,384.757,602,0,
11,0,0,DS,0,0.353553,4,30.0001,0,2122.71,2155.88,333.359,282254,0,
11,0,0,DS,0,0.353553,15,1.75324,1,2431.97,2575.95,331.477,14182,0,
11,0,0,DS,0,0.353553,5,30,0,2343.96,2388.91,388.101,333868,0,
11,0,0,DS,0,0.353553,11,25.7674,1,2116.46,2223.83,411.863,250339,0,
11,0,0,DS,0,0.353553,19,0.00207098,1,2509.07,2530.93,444.805,24,0,
11,0,0,DS,0,0.353553,20,3.3402,1,2694.15,2804.11,365.339,34571,0,
11,0,0,DS,0,0.353553,18,14.8475,1,2033.66,2075.81,314.889,167010,0,
11,0,0,DS,0,0.353553,21,0.00357203,1,2244.9,2268.31,361.049,58,0,
11,0,0,DS,0,0.353553,22,0.257277,1,2594.74,2631.33,451.768,3323,0,
11,0,0,DS,0,0.353553,23,0.170673,1,2530.54,2568.53,395.878,2249,0,
11,0,0,DS,0,0.353553,16,30,0,2229.32,2305.02,364.432,213550,0,
11,0,0,DS,0,0.353553,25,0.0599273,1,2451.05,2486.03,442.943,940,0,
11,0,0,DS,0,0.353553,17,30.0001,0,2077.57,2155.9,381.063,216395,0,
12,0,0,DS,0,0.353553,2,0.000788582,1,2419.16,2427.3,353.516,7,0,
11,0,0,DS,0,0.353553,24,30,0,2423.88,2520.1,342.829,178300,0,
12,0,0,DS,0,0.353553,1,30.0001,0,2604.78,2649.49,313.451,338232,0,
12,0,0,DS,0,0.353553,3,30.0001,0,1807.78,1883.54,316.071,373161,0,
12,0,0,DS,0,0.353553,6,0.261124,1,2210.85,2233.91,303.651,3437,0,
12,0,0,DS,0,0.353553,7,0.00114433,1,2252.08,2286.6,291.341,15,0,
12,0,0,DS,0,0.353553,8,0.00721377,1,2339.97,2364.55,309.018,105,0,
12,0,0,DS,0,0.353553,9,0.151387,1,2661.67,2696,414.563,2164,0,
12,0,0,DS,0,0.353553,10,0.0397003,1,2139.32,2187.83,362.247,568,0,
12,0,0,DS,0,0.353553,4,30.0001,0,2471.48,2594.04,356.785,199832,0,
12,0,0,DS,0,0.353553,5,30.0001,0,2662.85,2693.75,368.621,344985,0,
12,0,0,DS,0,0.353553,12,0.00090497,1,2009.62,2011,362.068,9,0,
12,0,0,DS,0,0.353553,13,0.000555527,1,2301.32,2311.38,436.809,4,0,
12,0,0,DS,0,0.353553,15,2.85987,1,2609.91,2754.51,332.1,22791,0,
12,0,0,DS,0,0.353553,11,26.389,1,2233.03,2340.39,411.863,250339,0,
12,0,0,DS,0,0.353553,14,30.0007,0,2723.97,2881.15,435.034,93287,0,
12,0,0,DS,0,0.353553,16,30.0001,0,2529.9,2604.19,364.432,211819,0,
12,0,0,DS,0,0.353553,19,0.0149635,1,2699.67,2727.29,444.805,220,0,
12,0,0,DS,0,0.353553,21,0.10346,1,2505.03,2537.34,363.065,1474,0,
12,0,0,DS,0,0.353553,17,30.0001,0,2321.7,2399.91,381.063,213761,0,
12,0,0,DS,0,0.353553,22,0.724809,1,2806.55,2848.47,457.671,8624,0,
12,0,0,DS,0,0.353553,23,0.192715,1,2680.2,2718.2,395.878,2249,0,
12,0,0,DS,0,0.353553,20,3.48029,1,2756.96,2866.97,365.339,35012,0,
12,0,0,DS,0,0.353553,25,0.0631502,1,2474.94,2509.92,442.943,940,0,
12,0,0,DS,0,0.353553,18,30.0001,0,2333.38,2387.95,313.978,330209,0,
13,0,0,DS,0,0.353553,2,0.000775048,1,2587.57,2595.71,353.516,7,0,
12,0,0,DS,0,0.353553,24,30.0002,0,2478.72,2574.93,342.829,174268,0,
13,0,0,DS,0,0.353553,1,27.1895,1,2804.21,2855.52,321.891,301201,0,
13,0,0,DS,0,0.353553,6,0.39735,1,2443.55,2466.62,304.274,4934,0,
13,0,0,DS,0,0.353553,3,30,0,2051.02,2148.4,312.417,356832,0,
13,0,0,DS,0,0.353553,7,0.00143249,1,2330.41,2365.34,291.341,20,0,
13,0,0,DS,0,0.353553,4,30.0001,0,2661.89,2784.3,358.79,196357,0,
13,0,0,DS,0,0.353553,8,0.147839,1,2438.62,2474.11,308.703,2015,0,
13,0,0,DS,0,0.353553,5,30,0,2766.27,2797.05,372.863,335394,0,
13,0,0,DS,0,0.353553,10,0.14718,1,2341.47,2420.77,368.235,1848,0,
13,0,0,DS,0,0.353553,12,0.00101845,1,2135.09,2136.48,362.691,9,0,
13,0,0,DS,0,0.353553,13,0.00943935,1,2669.29,2692.74,436.809,112,0,
13,0,0,DS,0,0.353553,9,18.829,1,2718.5,2779.8,414.563,203741,0,
13,0,0,DS,0,0.353553,15,4.10381,1,2636.56,2781.75,331.477,31257,0,
13,0,0,DS,0,0.353553,11,28.3588,1,2522.87,2630.86,411.863,257881,0,
13,0,0,DS,0,0.353553,14,30.0001,0,2988.11,3144.99,411.747,92635,0,
13,0,0,DS,0,0.353553,19,0.06504,1,3113.66,3141.28,444.805,780,0,
13,0,0,DS,0,0.353553,16,30,0,2611.65,2685.78,364.432,207712,0,
13,0,0,DS,0,0.353553,22,0.745742,1,2979.21,3021.13,457.671,8624,0,
13,0,0,DS,0,0.353553,17,30.0001,0,2636,2720.03,388.363,216991,0,
13,0,0,DS,0,0.353553,20,8.7741,1,2938.64,3080.29,365.339,82794,0,
13,0,0,DS,0,0.353553,23,0.256879,1,2946.92,2985.15,369.146,3143,0,
13,0,0,DS,0,0.353553,21,8.85407,1,2614.58,2663.7,363.065,68296,0,
13,0,0,DS,0,0.353553,25,0.0826715,1,2806.42,2884.24,442.943,1210,0,
13,0,0,DS,0,0.353553,18,30,0,2639.62,2703.57,313.978,289511,0,
14,0,0,DS,0,0.353553,2,0.00214798,1,2773.04,2782.57,352.605,26,0,
14,0,0,DS,0,0.353553,1,18.0538,1,3004.52,3055.83,321.891,193456,0,
13,0,0,DS,0,0.353553,24,30.0003,0,2649.86,2746.06,342.829,172199,0,
14,0,0,DS,0,0.353553,6,0.620842,1,2630.58,2653.97,304.274,7099,0,
14,0,0,DS,0,0.353553,7,0.00153673,1,2461.91,2496.85,291.341,20,0,
14,0,0,DS,0,0.353553,3,30,0,2254.39,2351.51,312.703,345974,0,
14,0,0,DS,0,0.353553,8,0.141897,1,2789.58,2825.07,350.967,1941,0,
14,0,0,DS,0,0.353553,4,30.0002,0,2746.02,2868.2,358.315,189266,0,
14,0,0,DS,0,0.353553,10,2.28922,1,2643.6,2737.59,368.235,24717,0,
14,0,0,DS,0,0.353553,5,30.0001,0,2931.02,3003.56,367.709,334559,0,
14,0,0,DS,0,0.353553,12,0.00101024,1,2206.95,2208.33,362.691,10,0,
14,0,0,DS,0,0.353553,13,1.07374,1,2980.23,3024.2,444.852,12418,0,
14,0,0,DS,0,0.353553,9,19.2112,1,2946.8,3008.09,414.563,203748,0,
14,0,0,DS,0,0.353553,15,7.51623,1,2898.1,3044.04,332.765,55125,0,
14,0,0,DS,0,0.353553,11,30,0,2614.22,2722.32,413.481,259135,0,
14,0,0,DS,0,0.353553,14,30.0002,0,3161.02,3317.75,411.04,92112,0,
14,0,0,DS,0,0.353553,19,0.0849069,1,3296.73,3324.67,444.805,1169,0,
14,0,0,DS,0,0.353553,16,30.0001,0,2926.1,2987.36,368.113,223954,0,
14,0,0,DS,0,0.353553,17,30.0001,0,2770.44,2854.33,381.063,215048,0,
14,0,0,DS,0,0.353553,22,0.739068,1,3009.65,3051.56,457.671,8624,0,
14,0,0,DS,0,0.353553,23,1.09711,1,3305.1,3343.95,369.146,11451,0,
14,0,0,DS,0,0.353553,21,9.23597,1,2792.52,2841.64,363.065,68361,0,
14,0,0,DS,0,0.353553,20,21.2633,1,3268.82,3411.1,365.339,189595,0,
14,0,0,DS,0,0.353553,18,30.0001,0,2963.86,3049.01,345.566,233000,0,
14,0,0,DS,0,0.353553,25,0.679069,1,3187.63,3266.89,431.55,6159,0,
15,0,0,DS,0,0.353553,2,0.00601627,1,3068.93,3079.37,352.605,71,0,
14,0,0,DS,0,0.353553,24,30.0001,0,2977.94,3069.57,342.829,183006,0,
15,0,0,DS,0,0.353553,1,30.0001,0,3023.54,3076.06,308.928,300084,0,
15,0,0,DS,0,0.353553,6,0.812912,1,2729.37,2761.39,304.274,9143,0,
15,0,0,DS,0,0.353553,3,30.0001,0,2529.51,2612.66,308.46,271432,0,
15,0,0,DS,0,0.353553,7,1.01423,1,2644.28,2695.13,307.577,10033,0,
15,0,0,DS,0,0.353553,8,2.71881,1,3149.62,3207.39,360.042,34162,0,
15,0,0,DS,0,0.353553,4,30.0001,0,3106.56,3222.45,360.537,195085,0,
15,0,0,DS,0,0.353553,5,30.0001,0,3037.06,3109.55,369.195,328685,0,
15,0,0,DS,0,0.353553,10,4.87134,1,2933.74,3028.35,368.235,50572,0,
15,0,0,DS,0,0.353553,12,0.13345,1,2370.93,2396.14,362.691,1464,0,
15,0,0,DS,0,0.353553,13,1.08256,1,2993.27,3037.24,444.852,12418,0,
15,0,0,DS,0,0.353553,9,30.0001,0,3072.87,3180.9,432.143,305737,0,
15,0,0,DS,0,0.353553,15,10.5473,1,3224.81,3371.65,332.765,73547,0,
15,0,0,DS,0,0.353553,11,30.0001,0,2766.69,2874.51,418.295,256088,0,
15,0,0,DS,0,0.353553,14,30.0003,0,3428.52,3584.69,411.747,90669,0,
15,0,0,DS,0,0.353553,19,0.837366,1,3547.32,3585.73,444.805,10319,0,
15,0,0,DS,0,0.353553,16,30.0002,0,3002.89,3063.96,368.113,213805,0,
15,0,0,DS,0,0.353553,17,30.0001,0,2943.08,3025.39,381.063,254278,0,
15,0,0,DS,0,0.353553,18,30.0001,0,3147.67,3232.73,327.066,224802,0,
15,0,0,DS,0,0.353553,22,4.59132,1,3344.88,3396.52,457.671,46462,0,
15,0,0,DS,0,0.353553,23,1.14699,1,3357.68,3396.54,369.146,11451,0,
15,0,0,DS,0,0.353553,20,30,0,3561.91,3705.54,385.817,238753,0,
15,0,0,DS,0,0.353553,21,30.0002,0,3007.75,3059.71,362.33,201102,0,
15,0,0,DS,0,0.353553,24,30.0002,0,3121.18,3212.81,342.829,184165,0,
16,0,0,DS,0,0.353553,2,4.11948,1,3251.88,3290.76,352.605,60310,0,
15,0,0,DS,0,0.353553,25,30,0,3593.73,3636.33,442.943,238229,0,
16,0,0,DS,0,0.353553,1,30,0,3120.4,3172.89,312.448,297801,0,
16,0,0,DS,0,0.353553,3,30.0001,0,2605.82,2688.85,308.46,263304,0,
16,0,0,DS,0,0.353553,6,6.36136,1,3020.74,3059.06,304.274,69612,0,
16,0,0,DS,0,0.353553,7,2.52147,1,2878.54,2936.93,307.577,23249,0,
16,0,0,DS,0,0.353553,4,30.0002,0,3251.68,3367.47,361.449,189592,0,
16,0,0,DS,0,0.353553,8,2.76932,1,3338.51,3396.27,360.042,34162,0,
16,0,0,DS,0,0.353553,5,30.0001,0,3231.87,3304.21,366.785,318931,0,
16,0,0,DS,0,0.353553,10,1.0508,1,3264.51,3359.13,368.235,11180,0,
16,0,0,DS,0,0.353553,9,30.0001,0,3193.04,3296.42,426.866,313981,0,
16,0,0,DS,0,0.353553,13,1.13395,1,3147.1,3191.07,444.852,12418,0,
16,0,0,DS,0,0.353553,11,30.0002,0,3082.41,3152.37,411.863,269546,0,
16,0,0,DS,0,0.353553,12,30.0001,0,2424.08,2486.73,366.311,301592,0,
16,0,0,DS,0,0.353553,15,9.1123,1,3508.62,3663.1,331.477,66990,0,
16,0,0,DS,0,0.353553,14,30.0002,0,3719.99,3821.21,400.751,184711,0,
16,0,0,DS,0,0.353553,16,30.0001,0,3359.1,3406.25,364.432,240855,0,
16,0,0,DS,0,0.353553,19,0.887151,1,3712.75,3751.16,444.805,10319,0,
16,0,0,DS,0,0.353553,17,30.0001,0,3119.25,3204.8,388.363,245764,0,
16,0,0,DS,0,0.353553,18,30.0001,0,3215.41,3300.39,349.094,221301,0,
16,0,0,DS,0,0.353553,22,5.97099,1,3597.69,3649.92,457.671,59537,0,
16,0,0,DS,0,0.353553,20,30.0001,0,3589.32,3734.44,365.339,234092,0,
16,0,0,DS,0,0.353553,23,1.22376,1,3595.22,3634.4,369.146,11294,0,
16,0,0,DS,0,0.353553,21,30.0001,0,3187.13,3265.11,381.564,199101,0,
16,0,0,DS,0,0.353553,24,30.0001,0,3314.63,3406.14,342.829,178262,0,
16,0,0,DS,0,0.353553,25,30.0001,0,3765.53,3808.04,442.943,229464,0,
17,0,0,DS,0,0.353553,2,4.32129,1,3466.13,3505.01,352.605,60310,0,
17,0,0,DS,0,0.353553,1,30.0001,0,3280.41,3333.69,308.399,285123,0,
17,0,0,DS,0,0.353553,6,6.04753,1,3146.42,3184.73,304.274,64362,0,
17,0,0,DS,0,0.353553,3,30,0,2931.1,3042.83,354.829,262149,0,
17,0,0,DS,0,0.353553,4,30.0001,0,3377.42,3493.11,361.449,183863,0,
17,0,0,DS,0,0.353553,5,30,0,3498.08,3569.5,365.575,300652,0,
17,0,0,DS,0,0.353553,7,2.96594,1,3174.71,3233.09,307.577,25509,0,
17,0,0,DS,0,0.353553,10,15.2162,1,3424.88,3528.47,368.235,144150,0,
17,0,0,DS,0,0.353553,8,30,0,3469.44,3532.84,360.042,346259,0,
17,0,0,DS,0,0.353553,9,30.0001,0,3326.2,3429.47,427.573,303942,0,
17,0,0,DS,0,0.353553,13,1.11485,1,3305.21,3349.18,444.852,12418,0,
17,0,0,DS,0,0.353553,15,6.90842,1,3859.95,4014.43,351.334,64840,0,
17,0,0,DS,0,0.353553,11,30,0,3366.13,3426.61,412.485,325152,0,
17,0,0,DS,0,0.353553,12,30,0,2514.92,2577.16,374.7,289291,0,
17,0,0,DS,0,0.353553,14,30.0001,0,4016.7,4117.8,402.873,178928,0,
17,0,0,DS,0,0.353553,19,0.750082,1,3918.1,3957.28,452.105,8233,0,
17,0,0,DS,0,0.353553,16,30.0001,0,3552.69,3599.63,364.432,230238,0,
17,0,0,DS,0,0.353553,17,30,0,3288.11,3467.75,381.063,252091,0,
17,0,0,DS,0,0.353553,18,30.0001,0,3457.38,3542.18,325.166,213208,0,
17,0,0,DS,0,0.353553,22,7.43936,1,3915.12,3967.68,457.671,70731,0,
17,0,0,DS,0,0.353553,23,5.30928,1,3806.32,3852.88,369.146,45716,0,
17,0,0,DS,0,0.353553,20,30,0,3742.07,3887.14,390.107,231063,0,
17,0,0,DS,0,0.353553,21,30.0001,0,3373.34,3451.21,381.564,202767,0,
17,0,0,DS,0,0.353553,24,30,0,3674.03,3765.65,359.399,182369,0,
17,0,0,DS,0,0.353553,25,30.0001,0,3980.83,4023.35,442.943,230458,0,
18,0,0,DS,0,0.353553,1,30.0001,0,3622.17,3673.03,343.608,276384,0,
18,0,0,DS,0,0.353553,2,30.0001,0,3736.62,3808.2,352.605,198913,0,
18,0,0,DS,0,0.353553,3,30.0001,0,3270.05,3399.29,374.797,290402,0,
18,0,0,DS,0,0.353553,6,6.34843,1,3197.11,3235.44,304.274,64386,0,
18,0,0,DS,0,0.353553,4,30.0001,0,3687.81,3799.44,362.1,193035,0,
18,0,0,DS,0,0.353553,5,30,0,3750.88,3821.79,367.002,294869,0,
18,0,0,DS,0,0.353553,7,30.0001,0,3490.99,3569.88,316.276,269370,0,
18,0,0,DS,0,0.353553,8,30.0001,0,3631.03,3698.99,369.952,327686,0,
18,0,0,DS,0,0.353553,9,30.0001,0,3588.48,3687.77,432.687,273863,0,
18,0,0,DS,0,0.353553,10,19.6723,1,3520.95,3625.2,368.235,182041,0,
18,0,0,DS,0,0.353553,11,30,0,3595.82,3655.92,411.863,312545,0,
18,0,0,DS,0,0.353553,12,30,0,2591.07,2653.04,362.691,279143,0,
18,0,0,DS,0,0.353553,13,30.0001,0,3679.04,3742.25,431.55,279027,0,
18,0,0,DS,0,0.353553,15,6.93446,1,3895.71,4050.19,351.334,64840,0,
18,0,0,DS,0,0.353553,14,30.0002,0,4059.2,4160.09,402.416,175890,0,
18,0,0,DS,0,0.353553,16,30,0,3854.49,3901.28,364.432,218061,0,
18,0,0,DS,0,0.353553,17,30.0001,0,3466.25,3645.87,381.063,250769,0,
18,0,0,DS,0,0.353553,18,30.0001,0,3519.18,3603.9,326.581,210716,0,
18,0,0,DS,0,0.353553,19,30.0001,0,3992.44,4043.88,444.805,259705,0,
18,0,0,DS,0,0.353553,20,30.0002,0,4094.18,4173.33,372.275,181801,0,
18,0,0,DS,0,0.353553,21,30,0,3443.13,3520.81,381.564,192636,0,
18,0,0,DS,0,0.353553,23,5.62603,1,4009.44,4071.24,369.146,46297,0,
18,0,0,DS,0,0.353553,22,30.0001,0,4216.92,4275.06,463.16,267545,0,
18,0,0,DS,0,0.353553,24,30.0001,0,3783.57,3875.04,359.399,176369,0,
18,0,0,DS,0,0.353553,25,30,0,4009.02,4051.51,442.943,224821,0,
19,0,0,DS,0,0.353553,1,30,0,4006.01,4056.69,383.835,260768,0,
19,0,0,DS,0,0.353553,2,30.0001,0,3992.14,4063.75,353.228,196108,0,
19,0,0,DS,0,0.353553,3,30.0001,0,3558.93,3621.19,343.738,216822,0,
19,0,0,DS,0,0.353553,4,30.0001,0,3936.97,4048.54,361.16,187875,0,
19,0,0,DS,0,0.353553,6,6.69558,1,3252.42,3290.74,304.274,64386,0,
19,0,0,DS,0,0.353553,5,30.0001,0,3820.64,3891.48,366.078,288972,0,
19,0,0,DS,0,0.353553,7,30.0001,0,3533.23,3612.12,316.276,267116,0,
19,0,0,DS,0,0.353553,8,30.0001,0,3953.39,4028.99,364.333,314467,0,
19,0,0,DS,0,0.353553,9,30.0001,0,3725.85,3851.36,427.95,260012,0,
19,0,0,DS,0,0.353553,10,30.0001,0,3672.58,3812.28,356.344,175014,0,
19,0,0,DS,0,0.353553,11,30,0,3925.66,3977.56,415.287,303381,0,
19,0,0,DS,0,0.353553,12,30.0002,0,2755.29,2788.51,362.691,241463,0,
19,0,0,DS,0,0.353553,13,30.0001,0,3734.06,3797.26,432.173,275890,0,
19,0,0,DS,0,0.353553,14,30.0003,0,4473.18,4575.48,419.778,127773,0,
19,0,0,DS,0,0.353553,15,30.0003,0,4052.35,4211.52,351.334,202468,0,
19,0,0,DS,0,0.353553,16,30.0001,0,4058.29,4104.91,364.432,209616,0,
19,0,0,DS,0,0.353553,17,30.0001,0,3755.64,3936.39,381.063,253657,0,
19,0,0,DS,0,0.353553,18,30.0001,0,3644.74,3729.28,333.43,204780,0,
19,0,0,DS,0,0.353553,19,30,0,4079.42,4130.62,450.708,254365,0,
19,0,0,DS,0,0.353553,20,30.0002,0,4296.35,4376.04,372.19,163280,0,
19,0,0,DS,0,0.353553,21,30,0,3595.17,3673.04,381.564,183610,0,
19,0,0,DS,0,0.353553,22,30.0001,0,4470.82,4528.18,463.16,253915,0,
19,0,0,DS,0,0.353553,23,30.0001,0,4223.26,4285.08,372.118,227164,0,
19,0,0,DS,0,0.353553,24,30.0002,0,4050.94,4142.36,359.399,173385,0,
19,0,0,DS,0,0.353553,25,30,0,4264.16,4306.64,442.943,218213,0,
20,0,0,DS,0,0.353553,1,30.0001,0,4320.62,4396.51,383.835,247436,0,
20,0,0,DS,0,0.353553,2,30.0001,0,4263.47,4335.09,353.228,193474,0,
20,0,0,DS,0,0.353553,3,30,0,3619.01,3681.23,344.445,210828,0,
20,0,0,DS,0,0.353553,6,4.93637,1,3457.87,3496.79,304.274,45771,0,
20,0,0,DS,0,0.353553,4,30.0002,0,4025.62,4137.16,362.723,182978,0,
20,0,0,DS,0,0.353553,5,30.0001,0,4140.35,4208.42,365.575,259244,0,
20,0,0,DS,0,0.353553,7,30,0,3860.66,3939.39,327.435,259185,0,
20,0,0,DS,0,0.353553,8,30,0,3990.44,4066.01,366.704,308520,0,
20,0,0,DS,0,0.353553,9,30.0001,0,3745.78,3871.15,422.459,251640,0,
20,0,0,DS,0,0.353553,10,30.0001,0,3800.43,3940.41,375.772,165945,0,
20,0,0,DS,0,0.353553,11,30.0001,0,3944.33,3996.18,412.774,301374,0,
20,0,0,DS,0,0.353553,12,30.0002,0,3054.6,3099.37,373.461,246486,0,
20,0,0,DS,0,0.353553,13,30.0001,0,3937.86,4004.83,442.943,290964,0,
20,0,0,DS,0,0.353553,14,30.0003,0,4620.75,4722.87,441.018,123785,0,
20,0,0,DS,0,0.353553,15,30.0001,0,4318.11,4477.94,351.334,203308,0,
20,0,0,DS,0,0.353553,16,30.0001,0,4110.85,4157.38,395.099,206095,0,
20,0,0,DS,0,0.353553,17,30.0001,0,4001.3,4207.71,381.063,291320,0,
20,0,0,DS,0,0.353553,18,30,0,3819.63,3904.07,342.737,198413,0,
20,0,0,DS,0,0.353553,19,30.0001,0,4136.78,4187.79,450.708,243562,0,
20,0,0,DS,0,0.353553,20,30,0,4474.61,4554.3,372.19,159607,0,
20,0,0,DS,0,0.353553,21,30.0001,0,3699.23,3776.99,381.564,178208,0,
20,0,0,DS,0,0.353553,22,30.0002,0,4588.85,4646.98,477.663,237843,0,
20,0,0,DS,0,0.353553,23,30,0,4665.2,4726.6,441.939,225167,0,
20,0,0,DS,0,0.353553,24,30,0,4098.49,4189.91,359.399,171038,0,
20,0,0,DS,0,0.353553,25,30.0001,0,4539.51,4581.97,442.943,211730,0,
21,0,0,DS,0,0.353553,1,30.0002,0,4758.29,4832.4,437.668,232438,0,
21,0,0,DS,0,0.353553,2,30.0002,0,4509.84,4581.42,353.228,186239,0,
21,0,0,DS,0,0.353553,3,30.0001,0,3838.81,3887.53,338.947,256038,0,
21,0,0,DS,0,0.353553,4,30.0001,0,4252.7,4364.21,362.723,177114,0,
21,0,0,DS,0,0.353553,5,30.0001,0,4322.71,4390.68,365.659,250178,0,
21,0,0,DS,0,0.353553,6,26.402,1,3710.79,3758.19,304.274,243064,0,
21,0,0,DS,0,0.353553,7,30.0001,0,4009.02,4087.53,327.435,247370,0,
21,0,0,DS,0,0.353553,8,30.0001,0,4067.19,4143.56,368.947,294767,0,
21,0,0,DS,0,0.353553,9,30,0,4088.61,4201.45,427.994,241848,0,
21,0,0,DS,0,0.353553,10,30.0001,0,3898.53,4038.36,356.344,161789,0,
21,0,0,DS,0,0.353553,11,30.0001,0,4147.11,4198.49,418.822,283611,0,
21,0,0,DS,0,0.353553,12,30.0001,0,3198.05,3242.76,362.068,242700,0,
21,0,0,DS,0,0.353553,13,30,0,4159.85,4226.75,442.943,280684,0,
21,0,0,DS,0,0.353553,14,30.0005,0,4888.67,4990.75,419.545,123129,0,
21,0,0,DS,0,0.353553,15,30.0001,0,4508.5,4668.29,353.856,197434,0,
21,0,0,DS,0,0.353553,16,30.0001,0,4324.2,4369.61,364.432,202776,0,
21,0,0,DS,0,0.353553,17,30.0001,0,4190.48,4381.05,381.063,184535,0,
21,0,0,DS,0,0.353553,18,30,0,3904.72,3989.08,344.859,196008,0,
21,0,0,DS,0,0.353553,19,30,0,4423.08,4477.37,450.708,239074,0,
21,0,0,DS,0,0.353553,20,30.0002,0,4501.13,4580.82,371.483,158876,0,
21,0,0,DS,0,0.353553,21,30.0001,0,3953.24,4032.53,378.991,181622,0,
21,0,0,DS,0,0.353553,22,30,0,4769.55,4823.82,472.781,225192,0,
21,0,0,DS,0,0.353553,23,30.0001,0,4766.45,4827.73,441.939,222550,0,
21,0,0,DS,0,0.353553,24,30.0002,0,4325.41,4416.74,359.399,165467,0,
21,0,0,DS,0,0.353553,25,30.0002,0,4737.9,4780.31,442.943,208026,0,
22,0,0,DS,0,0.353553,1,30,0,4969.47,5043.17,437.668,224740,0,
22,0,0,DS,0,0.353553,2,30.0001,0,4825.44,4898.38,352.605,202250,0,
22,0,0,DS,0,0.353553,3,30.0001,0,4049.59,4094.8,350.34,211314,0,
22,0,0,DS,0,0.353553,4,30.0002,0,4310.57,4422.03,362.663,171532,0,
22,0,0,DS,0,0.353553,5,30.0001,0,4435.26,4513.31,363.334,221691,0,
22,0,0,DS,0,0.353553,6,30.0001,0,3981.88,4036.49,304.274,217366,0,
22,0,0,DS,0,0.353553,7,30.0001,0,4126.64,4205.1,327.435,245429,0,
22,0,0,DS,0,0.353553,8,30.0002,0,4244.68,4331.88,370.889,284779,0,
22,0,0,DS,0,0.353553,9,30.0001,0,4231.35,4344.17,426.754,241465,0,
22,0,0,DS,0,0.353553,10,30.0001,0,3962.21,4101.83,386.094,158358,0,
22,0,0,DS,0,0.353553,11,30.0001,0,4498.46,4612.56,412.774,250218,0,
22,0,0,DS,0,0.353553,12,30.0001,0,3371.13,3414.95,373.461,239489,0,
22,0,0,DS,0,0.353553,13,30.0001,0,4439.5,4506.26,431.55,270439,0,
22,0,0,DS,0,0.353553,14,30.0005,0,5053.72,5155.72,423.153,120758,0,
22,0,0,DS,0,0.353553,15,30.0002,0,4646.52,4806.31,351.334,198097,0,
22,0,0,DS,0,0.353553,16,30,0,4532.12,4577.37,364.432,195986,0,
22,0,0,DS,0,0.353553,17,30.0002,0,4228.65,4419.67,381.063,187364,0,
22,0,0,DS,0,0.353553,18,30.0003,0,4125.55,4209.47,337.673,183151,0,
22,0,0,DS,0,0.353553,19,30.0002,0,4717.04,4772.01,451.174,211132,0,
22,0,0,DS,0,0.353553,20,30.0002,0,4794.42,4874.05,371.483,153795,0,
22,0,0,DS,0,0.353553,21,30,0,4103.94,4183.23,378.991,178111,0,
22,0,0,DS,0,0.353553,22,30.0001,0,5036.29,5093.83,451.768,218323,0,
22,0,0,DS,0,0.353553,23,30,0,5075.27,5141.46,447.842,217494,0,
22,0,0,DS,0,0.353553,24,30.0001,0,4574.72,4665.94,359.399,159394,0,
22,0,0,DS,0,0.353553,25,30.0002,0,4894.85,5004.13,480.049,157974,0,
23,0,0,DS,0,0.353553,1,30.0001,0,5120.5,5194.12,439.705,217783,0,
23,0,0,DS,0,0.353553,2,30.0002,0,5014.07,5086.65,352.605,204275,0,
23,0,0,DS,0,0.353553,3,30.0001,0,4271.7,4316.66,350.34,206630,0,
23,0,0,DS,0,0.353553,4,30.0002,0,4501.51,4612.93,361.934,168753,0,
23,0,0,DS,0,0.353553,5,30.0001,0,4552.87,4630.87,366.38,217036,0,
23,0,0,DS,0,0.353553,6,30.0001,0,4163.44,4218.06,303.651,208592,0,
23,0,0,DS,0,0.353553,7,30.0001,0,4476.19,4555.11,356.621,257274,0,
23,0,0,DS,0,0.353553,8,30.0001,0,4498.14,4585.21,379.951,262963,0,
23,0,0,DS,0,0.353553,9,30,0,4467.37,4579.81,425.955,230458,0,
23,0,0,DS,0,0.353553,10,30.0002,0,4292.1,4425.59,368.235,191294,0,
23,0,0,DS,0,0.353553,11,30,0,4602.91,4717,412.485,249873,0,
23,0,0,DS,0,0.353553,12,30.0001,0,3728.72,3783,373.461,248365,0,
23,0,0,DS,0,0.353553,13,30,0,4682.24,4747.93,445.504,264669,0,
23,0,0,DS,0,0.353553,14,30.0001,0,5167.56,5269.57,413.983,121545,0,
23,0,0,DS,0,0.353553,15,30.0001,0,4880.11,5041.53,351.334,215697,0,
23,0,0,DS,0,0.353553,16,30,0,4610.45,4655.63,364.432,192873,0,
23,0,0,DS,0,0.353553,17,30.0001,0,4469.02,4619.92,385.085,182198,0,
23,0,0,DS,0,0.353553,18,30.0001,0,4389.73,4473.51,325.166,178952,0,
23,0,0,DS,0,0.353553,19,30.0001,0,4895.67,4950.56,451.079,204441,0,
23,0,0,DS,0,0.353553,20,30.0001,0,5013.04,5092.7,372.897,151087,0,
23,0,0,DS,0,0.353553,21,30.0001,0,4138.61,4217.89,378.991,174898,0,
23,0,0,DS,0,0.353553,22,30.0001,0,5113.98,5171.41,463.16,213573,0,
23,0,0,DS,0,0.353553,23,30.0001,0,5465.25,5533.74,441.939,204029,0,
23,0,0,DS,0,0.353553,24,30.0002,0,4871.52,4962.69,359.399,155731,0,
23,0,0,DS,0,0.353553,25,30.0001,0,4922.68,5031.96,480.049,158977,0,
24,0,0,DS,0,0.353553,1,30.0001,0,5311.76,5387.91,438.579,217638,0,
24,0,0,DS,0,0.353553,2,30.0001,0,5159.77,5232.76,353.228,194753,0,
24,0,0,DS,0,0.353553,3,30.0002,0,4577.99,4628.16,338.947,180109,0,
24,0,0,DS,0,0.353553,4,30,0,4578.22,4689.61,362.1,165945,0,
24,0,0,DS,0,0.353553,5,30.0002,0,4599.57,4677.5,362.832,213137,0,
24,0,0,DS,0,0.353553,6,30,0,4227.03,4281.64,303.651,206508,0,
24,0,0,DS,0,0.353553,7,30.0001,0,4637.19,4716,354.357,248326,0,
24,0,0,DS,0,0.353553,8,30,0,4587.89,4674.96,370.889,263067,0,
24,0,0,DS,0,0.353553,9,30.0001,0,4780.96,4895.38,425.955,223036,0,
24,0,0,DS,0,0.353553,10,30.0002,0,4538.08,4634.29,356.344,139796,0,
24,0,0,DS,0,0.353553,11,30,0,4664.37,4778.33,412.485,241265,0,
24,0,0,DS,0,0.353553,12,30.0001,0,4038.84,4093.37,386.665,202314,0,
24,0,0,DS,0,0.353553,13,30.0001,0,4784.68,4850.16,446.211,250231,0,
24,0,0,DS,0,0.353553,14,30.0002,0,5362.35,5464.19,421.739,116982,0,
24,0,0,DS,0,0.353553,15,30.0001,0,4978.56,5139.96,351.334,214347,0,
24,0,0,DS,0,0.353553,16,30.0001,0,4873.22,4918.22,364.432,186618,0,
24,0,0,DS,0,0.353553,17,30.0001,0,4808.75,4959.59,385.792,173554,0,
24,0,0,DS,0,0.353553,18,30.0001,0,4649.26,4733,343.444,173082,0,
24,0,0,DS,0,0.353553,19,30.0001,0,5180.5,5236.23,449.354,201616,0,
24,0,0,DS,0,0.353553,20,30.0002,0,5179.97,5259.54,374.03,147552,0,
24,0,0,DS,0,0.353553,21,30.0003,0,4561.51,4657.86,443.011,167509,0,
24,0,0,DS,0,0.353553,22,30.0001,0,5298.56,5348.98,466.994,206482,0,
24,0,0,DS,0,0.353553,23,30.0001,0,5702.36,5770.65,441.939,195552,0,
24,0,0,DS,0,0.353553,24,30.0002,0,5041.07,5132.19,359.399,148906,0,
24,0,0,DS,0,0.353553,25,30.0002,0,5152.95,5262.23,480.049,154220,0,
25,0,0,DS,0,0.353553,1,30.0001,0,5495.06,5574.55,437.668,205533,0,
25,0,0,DS,0,0.353553,2,30.0001,0,5367.33,5440.22,352.605,187720,0,
25,0,0,DS,0,0.353553,3,30.0001,0,4667.92,4717.97,338.947,170878,0,
25,0,0,DS,0,0.353553,4,30.0001,0,4877.32,4943.84,367.757,158315,0,
25,0,0,DS,0,0.353553,5,30.0001,0,4907.36,4985.85,364.245,198949,0,
25,0,0,DS,0,0.353553,6,30.0002,0,4395.58,4450.09,304.562,199237,0,
25,0,0,DS,0,0.353553,7,30.0001,0,4773.46,4852.19,359.449,243617,0,
25,0,0,DS,0,0.353553,8,30.0001,0,4901.41,4964.25,380.816,243401,0,
25,0,0,DS,0,0.353553,9,30,0,4999,5105.16,426.866,223942,0,
25,0,0,DS,0,0.353553,10,30,0,4768.6,4864.73,356.344,139550,0,
25,0,0,DS,0,0.353553,11,30.0001,0,4962.85,5076.64,411.863,233527,0,
25,0,0,DS,0,0.353553,12,30.0002,0,4409.08,4483.31,386.16,211780,0,
25,0,0,DS,0,0.353553,13,30.0001,0,4880.9,4950.38,445.504,247814,0,
25,0,0,DS,0,0.353553,14,30.0003,0,5619.02,5720.67,422.227,115195,0,
25,0,0,DS,0,0.353553,15,30.0001,0,5212.52,5375.07,359.015,226702,0,
25,0,0,DS,0,0.353553,16,30.0002,0,5090.6,5135.49,364.432,182069,0,
25,0,0,DS,0,0.353553,17,30.0001,0,4854.78,5005.64,386.499,175682,0,
25,0,0,DS,0,0.353553,18,30.0001,0,4721.04,4804.63,349.094,169106,0,
25,0,0,DS,0,0.353553,19,30.0001,0,5466.59,5522.32,450.467,198551,0,
25,0,0,DS,0,0.353553,20,30.0001,0,5329.54,5409.07,371.483,144651,0,
25,0,0,DS,0,0.353553,21,30,0,4880.32,4981.19,431.618,158856,0,
25,0,0,DS,0,0.353553,22,30.0001,0,5569.44,5630.8,463.16,199229,0,
25,0,0,DS,0,0.353553,23,30.0002,0,5850.83,5920.18,441.939,199938,0,
25,0,0,DS,0,0.353553,24,30.0001,0,5247.76,5338.83,359.399,144071,0,
25,0,0,DS,0,0.353553,25,30.0001,0,5397.19,5506.43,480.049,148374,0,
26,0,0,DS,0,0.353553,1,30.0247,0,5666.51,5745.82,438.579,196622,0,
26,0,0,DS,0,0.353553,2,30.0001,0,5751.28,5824.07,383.948,181517,0,
26,0,0,DS,0,0.353553,3,30,0,4759.36,4809.35,338.947,167838,0,
26,0,0,DS,0,0.353553,4,30.0001,0,5095.79,5162.3,367.757,156577,0,
26,0,0,DS,0,0.353553,5,30.0002,0,5113.25,5199.82,371.449,194833,0,
26,0,0,DS,0,0.353553,6,30.0001,0,4745.13,4808.85,358.581,194950,0,
26,0,0,DS,0,0.353553,7,30.0001,0,4905.1,4983.75,349.55,233338,0,
26,0,0,DS,0,0.353553,8,30.0001,0,5144.41,5207.22,380.081,229262,0,
26,0,0,DS,0,0.353553,9,30.0001,0,5161.17,5270.96,414.563,186310,0,
26,0,0,DS,0,0.353553,10,30.0002,0,4889.86,4985.8,356.344,135963,0,
26,0,0,DS,0,0.353553,11,30.0001,0,5076.5,5190.17,412.774,224758,0,
26,0,0,DS,0,0.353553,12,30.0001,0,4439.2,4513.4,392.063,209116,0,
26,0,0,DS,0,0.353553,13,30.0001,0,5004.79,5074.26,445.504,247490,0,
26,0,0,DS,0,0.353553,14,30.0003,0,5636.71,5738.32,421.899,114626,0,
26,0,0,DS,0,0.353553,15,30.0002,0,5348.53,5510.99,365.319,218815,0,
26,0,0,DS,0,0.353553,16,30.0001,0,5283.76,5315.33,364.432,201281,0,
26,0,0,DS,0,0.353553,17,30.0001,0,5147.81,5298.59,385.792,166068,0,
26,0,0,DS,0,0.353553,18,30.0001,0,4841.87,4925.35,327.288,163872,0,
26,0,0,DS,0,0.353553,19,30.083,0,5576.63,5632.36,450.467,196622,0,
26,0,0,DS,0,0.353553,20,30.0003,0,5450.2,5529.65,372.694,139455,0,
26,0,0,DS,0,0.353553,21,30.0002,0,5225.51,5342.62,431.618,146997,0,
26,0,0,DS,0,0.353553,22,30.0001,0,5674.43,5735.73,473.589,195845,0,
26,0,0,DS,0,0.353553,23,30.0003,0,6215.69,6263.21,444.06,139722,0,
26,0,0,DS,0,0.353553,24,30.0002,0,5337.43,5428.48,359.399,143437,0,
26,0,0,DS,0,0.353553,25,30.0001,0,5498.33,5607.54,480.049,142725,0,
27,0,0,DS,0,0.353553,1,30,0,5938.96,6017.14,441.119,184313,0,
27,0,0,DS,0,0.353553,2,30.0001,0,6004.61,6076.7,383.948,173964,0,
27,0,0,DS,0,0.353553,3,30,0,4945.41,5011.01,338.947,190832,0,
27,0,0,DS,0,0.353553,4,30.0001,0,5237.45,5303.96,364.78,151633,0,
27,0,0,DS,0,0.353553,5,30.0001,0,5229.08,5319.6,381.661,189390,0,
27,0,0,DS,0,0.353553,6,30.0001,0,4855.7,4919.36,358.581,188641,0,
27,0,0,DS,0,0.353553,7,30,0,5166.15,5244.51,349.55,220513,0,
27,0,0,DS,0,0.353553,8,30.0001,0,5407.57,5489.15,377.96,142962,0,
27,0,0,DS,0,0.353553,9,30.0001,0,5319.76,5471.81,426.807,181366,0,
27,0,0,DS,0,0.353553,10,30.0001,0,5077.35,5173.11,356.344,132369,0,
27,0,0,DS,0,0.353553,11,30.0001,0,5304.43,5422.71,414.35,213799,0,
27,0,0,DS,0,0.353553,12,30.0001,0,4458.63,4532.73,393.46,203611,0,
27,0,0,DS,0,0.353553,13,30.0001,0,5112.17,5181.63,442.943,240891,0,
27,0,0,DS,0,0.353553,14,30.0003,0,5756.77,5858.15,419.545,111029,0,
27,0,0,DS,0,0.353553,15,30.0001,0,5451.19,5613.77,362.341,216701,0,
27,0,0,DS,0,0.353553,16,30.0001,0,5351.46,5383.03,364.432,197011,0,
27,0,0,DS,0,0.353553,17,30.0001,0,5361.48,5512.26,385.792,165883,0,
27,0,0,DS,0,0.353553,18,30.0001,0,5175.83,5259.09,333.959,158258,0,
27,0,0,DS,0,0.353553,19,30.0002,0,5685.43,5741.16,450.467,190657,0,
27,0,0,DS,0,0.353553,20,30.0001,0,5718.24,5797.95,370.776,137515,0,
27,0,0,DS,0,0.353553,21,30.0001,0,5537.76,5654.56,431.618,142394,0,
27,0,0,DS,0,0.353553,22,30.0003,0,5955.43,6008.97,451.768,187925,0,
27,0,0,DS,0,0.353553,23,30.0001,0,6372.68,6420.13,446.182,134634,0,
27,0,0,DS,0,0.353553,24,30.0002,0,5517.74,5608.79,359.399,143580,0,
27,0,0,DS,0,0.353553,25,30.0001,0,5512.24,5621.43,480.756,141905,0,
28,0,0,DS,0,0.353553,1,30.0002,0,6183.89,6268.26,437.668,179692,0,
28,0,0,DS,0,0.353553,2,30.0002,0,6043.39,6115.47,383.948,174104,0,
28,0,0,DS,0,0.353553,3,30.0002,0,5168.34,5233.85,338.947,185879,0,
28,0,0,DS,0,0.353553,4,30,0,5367.77,5434.26,364.78,150505,0,
28,0,0,DS,0,0.353553,5,30.0002,0,5409.14,5499.51,371.449,182133,0,
28,0,0,DS,0,0.353553,6,30.0002,0,4991.43,5055.38,358.581,185477,0,
28,0,0,DS,0,0.353553,7,30.0001,0,5385.38,5463.59,349.55,216695,0,
28,0,0,DS,0,0.353553,8,30.0001,0,5756.7,5838.93,372.065,122429,0,
28,0,0,DS,0,0.353553,9,30.0002,0,5395.86,5547.86,425.955,178528,0,
28,0,0,DS,0,0.353553,10,30.0001,0,5358.1,5427.98,356.344,153992,0,
28,0,0,DS,0,0.353553,11,30.0001,0,5699.18,5869.6,414.972,204461,0,
28,0,0,DS,0,0.353553,12,30.0002,0,4715.76,4789.99,392.063,196359,0,
28,0,0,DS,0,0.353553,13,30.0001,0,5370.44,5439.85,442.943,231332,0,
28,0,0,DS,0,0.353553,14,30.0004,0,5981.63,6083,419.778,110193,0,
28,0,0,DS,0,0.353553,15,30.0001,0,5491.26,5653.71,365.319,203506,0,
28,0,0,DS,0,0.353553,16,30.0001,0,5745.22,5776.79,393.767,190539,0,
28,0,0,DS,0,0.353553,17,30.0002,0,5653.65,5804.35,386.161,157835,0,
28,0,0,DS,0,0.353553,18,30.0001,0,5191.84,5274.92,334.844,153785,0,
28,0,0,DS,0,0.353553,19,30.0001,0,6054.26,6163.61,457.475,160087,0,
28,0,0,DS,0,0.353553,20,30.0003,0,5863.33,5943.03,372.257,134972,0,
28,0,0,DS,0,0.353553,21,30.0002,0,5584.79,5701.22,431.618,136577,0,
28,0,0,DS,0,0.353553,22,30,0,6062.31,6115.83,451.768,183963,0,
28,0,0,DS,0,0.353553,23,30.0002,0,6552.06,6599.46,446.182,128292,0,
28,0,0,DS,0,0.353553,24,30.0002,0,5772.85,5863.77,359.399,137922,0,
28,0,0,DS,0,0.353553,25,30.0001,0,5600.61,5709.77,480.756,139309,0,
29,0,0,DS,0,0.353553,1,30.0001,0,6447.17,6492.42,437.668,127003,0,
29,0,0,DS,0,0.353553,2,30.0002,0,6282.19,6354.19,383.948,169091,0,
29,0,0,DS,0,0.353553,3,30.0001,0,5201.93,5267.26,338.947,180369,0,
29,0,0,DS,0,0.353553,4,30.0001,0,5579.9,5646.28,366.194,146121,0,
29,0,0,DS,0,0.353553,5,30.0001,0,5751.29,5846.2,360.816,187113,0,
29,0,0,DS,0,0.353553,6,30.0001,0,5161.85,5225.77,358.581,178572,0,
29,0,0,DS,0,0.353553,7,30.0002,0,5748.37,5826.36,373.407,208090,0,
29,0,0,DS,0,0.353553,8,30.0003,0,6139.63,6221.71,382.927,118632,0,
29,0,0,DS,0,0.353553,9,30.0001,0,5747.27,5860.19,426.011,174931,0,
29,0,0,DS,0,0.353553,10,30.0002,0,5686.24,5756,356.344,150607,0,
29,0,0,DS,0,0.353553,11,30.0001,0,6040.58,6209.73,414.35,186943,0,
29,0,0,DS,0,0.353553,12,30.0001,0,4836.35,4910.56,386.16,192964,0,
29,0,0,DS,0,0.353553,13,30.0001,0,5661.36,5731.2,445.504,225591,0,
29,0,0,DS,0,0.353553,14,30.0004,0,6118.59,6219.79,421.524,108045,0,
29,0,0,DS,0,0.353553,15,30.0002,0,5671.73,5834.19,364.612,196085,0,
29,0,0,DS,0,0.353553,16,30.0001,0,6008.66,6044.02,393.767,183073,0,
29,0,0,DS,0,0.353553,17,30.0002,0,5725.38,5876.07,382.514,156762,0,
29,0,0,DS,0,0.353553,18,30.0001,0,5290.15,5373.23,349.094,152271,0,
29,0,0,DS,0,0.353553,19,30.0002,0,6281.9,6390.99,457.475,155376,0,
29,0,0,DS,0,0.353553,20,30.0002,0,6088.08,6169.18,371.627,142764,0,
29,0,0,DS,0,0.353553,21,30.0002,0,5826.76,5943.03,431.618,135280,0,
29,0,0,DS,0,0.353553,22,30.0001,0,6358.24,6411.68,451.768,176078,0,
29,0,0,DS,0,0.353553,23,30.0002,0,6940.84,6991.09,444.06,124267,0,
29,0,0,DS,0,0.353553,24,30.0001,0,5917.74,6008.67,359.399,134826,0,
29,0,0,DS,0,0.353553,25,30.0003,0,5674.62,5783.69,480.049,135285,0,
30,0,0,DS,0,0.353553,1,30.0001,0,6695.74,6742.83,437.668,120398,0,
30,0,0,DS,0,0.353553,2,30.0001,0,6585.58,6646.09,383.948,134641,0,
30,0,0,DS,0,0.353553,3,30.0001,0,5431.4,5498.4,338.947,180855,0,
30,0,0,DS,0,0.353553,4,30.0002,0,5632.73,5699.02,364.479,145243,0,
30,0,0,DS,0,0.353553,5,30.0001,0,5823.51,5918.52,374.061,190323,0,
30,0,0,DS,0,0.353553,6,30.0003,0,5336.67,5400.57,358.581,175421,0,
30,0,0,DS,0,0.353553,7,30.0002,0,5855.38,5933.29,376.278,201186,0,
30,0,0,DS,0,0.353553,8,30.0001,0,6411.44,6493.03,382.927,113073,0,
30,0,0,DS,0,0.353553,9,30.0003,0,5976.86,6101.8,425.955,169653,0,
30,0,0,DS,0,0.353553,10,30.0002,0,5984.51,6031.03,356.344,135223,0,
30,0,0,DS,0,0.353553,11,30.0001,0,6197.28,6373.39,414.35,189007,0,
30,0,0,DS,0,0.353553,12,30.0002,0,5212.98,5253.67,383.703,148482,0,
30,0,0,DS,0,0.353553,13,30.0001,0,6001.33,6069.39,447.859,189357,0,
30,0,0,DS,0,0.353553,14,30.0002,0,6410.95,6512.13,421.52,107779,0,
30,0,0,DS,0,0.353553,15,30.0001,0,5728.15,5890.6,363.904,191559,0,
30,0,0,DS,0,0.353553,16,30.0002,0,6166.71,6202.06,393.767,181553,0,
30,0,0,DS,0,0.353553,17,30.0002,0,6012.93,6163.54,385.085,148554,0,
30,0,0,DS,0,0.353553,18,30.0002,0,5370.53,5453.45,333.959,148036,0,
30,0,0,DS,0,0.353553,19,30.0001,0,6467.78,6574.83,444.805,158018,0,
30,0,0,DS,0,0.353553,20,30.0002,0,6229.05,6310.06,372.935,138924,0,
30,0,0,DS,0,0.353553,21,30.0002,0,5943.22,6059.46,431.618,134940,0,
30,0,0,DS,0,0.353553,22,30.0001,0,6398.39,6451.83,451.768,170911,0,
30,0,0,DS,0,0.353553,23,30.0002,0,7142.52,7192.66,446.889,118737,0,
30,0,0,DS,0,0.353553,24,30.0002,0,6113.99,6204.9,359.399,129105,0,
30,0,0,DS,0,0.353553,25,30.0003,0,5899.91,6008.98,480.049,135323,0,
31,0,0,DS,0,0.353553,1,30.0001,0,7006.3,7024.95,437.668,148011,0,
31,0,0,DS,0,0.353553,2,30.0002,0,6624.41,6684.98,383.948,136753,0,
31,0,0,DS,0,0.353553,3,30.0002,0,5476.09,5543.01,338.947,179174,0,
31,0,0,DS,0,0.353553,4,30.0001,0,5859.22,5925.34,366.343,139961,0,
31,0,0,DS,0,0.353553,5,30.0001,0,5991.38,6086.14,363.454,181761,0,
31,0,0,DS,0,0.353553,6,30.0002,0,5460.44,5524.26,358.581,171278,0,
31,0,0,DS,0,0.353553,7,30.0001,0,6134.11,6212.25,380.206,205932,0,
31,0,0,DS,0,0.353553,8,30.0003,0,6653.7,6736.69,383.549,115246,0,
31,0,0,DS,0,0.353553,9,30.0001,0,6069.82,6182.29,428.132,168493,0,
31,0,0,DS,0,0.353553,10,30,0,6039.72,6086.24,356.344,131397,0,
31,0,0,DS,0,0.353553,11,30.0001,0,6370.06,6546.03,419.188,182267,0,
31,0,0,DS,0,0.353553,12,30.0001,0,5360.86,5401.54,383.703,146655,0,
31,0,0,DS,0,0.353553,13,30.0001,0,6220.98,6307.11,447.859,165981,0,
31,0,0,DS,0,0.353553,14,30.0001,0,6690.1,6753.8,413.983,161924,0,
31,0,0,DS,0,0.353553,15,30.0001,0,5874.98,6042.94,351.334,189409,0,
31,0,0,DS,0,0.353553,16,30.0001,0,6402.17,6448.77,399.67,173400,0,
31,0,0,DS,0,0.353553,17,30,0,6307.04,6457.64,385.085,146333,0,
31,0,0,DS,0,0.353553,18,30.0002,0,5409.37,5492.1,339.146,143796,0,
31,0,0,DS,0,0.353553,19,30.0001,0,6569.33,6676.27,456.198,151305,0,
31,0,0,DS,0,0.353553,20,30.0003,0,6389.64,6470.61,372.334,137511,0,
31,0,0,DS,0,0.353553,21,30.0001,0,6009.25,6125.19,431.618,131095,0,
31,0,0,DS,0,0.353553,22,30.0001,0,6815.55,6878.6,451.768,167819,0,
31,0,0,DS,0,0.353553,23,30.0001,0,7220.71,7270.86,446.889,118602,0,
31,0,0,DS,0,0.353553,24,30.0001,0,6484.35,6571.98,370.977,130934,0,
31,0,0,DS,0,0.353553,25,30.0002,0,6241.09,6350.04,480.049,130903,0,
32,0,0,DS,0,0.353553,1,30.0001,0,7258.6,7277.25,437.668,143838,0,
32,0,0,DS,0,0.353553,2,30.0001,0,6733.08,6793.55,383.948,132701,0,
32,0,0,DS,0,0.353553,3,30.0001,0,5580.28,5647.07,350.34,173567,0,
32,0,0,DS,0,0.353553,4,30.0003,0,5907.68,5973.68,364.073,136720,0,
32,0,0,DS,0,0.353553,5,30.0002,0,6150.83,6245.35,366.283,176090,0,
32,0,0,DS,0,0.353553,6,30.0001,0,5638.58,5724.33,358.581,142569,0,
32,0,0,DS,0,0.353553,7,30.0003,0,6233.04,6311.09,379.498,197221,0,
32,0,0,DS,0,0.353553,8,30.0001,0,6935.7,7018.97,383.549,110842,0,
32,0,0,DS,0,0.353553,9,30.0001,0,6331.58,6455.78,425.955,159043,0,
32,0,0,DS,0,0.353553,10,30.0002,0,6197.6,6244.12,356.344,129587,0,
32,0,0,DS,0,0.353553,11,30.0001,0,6486.64,6662.51,414.972,176831,0,
32,0,0,DS,0,0.353553,12,30.0002,0,5488.11,5528.8,383.703,142013,0,
32,0,0,DS,0,0.353553,13,30.0001,0,6282.38,6368.45,442.943,165277,0,
32,0,0,DS,0,0.353553,14,30.0002,0,6798.33,6861.86,425.376,157164,0,
32,0,0,DS,0,0.353553,15,30.0001,0,5993.91,6161.74,363.904,185918,0,
32,0,0,DS,0,0.353553,16,30.0002,0,6530.6,6583.62,393.767,176891,0,
32,0,0,DS,0,0.353553,17,30.0002,0,6370.63,6521.19,386.868,139961,0,
32,0,0,DS,0,0.353553,18,30.0001,0,5635.16,5719.8,333.959,136846,0,
32,0,0,DS,0,0.353553,19,30.0001,0,6765.96,6875.49,456.198,149090,0,
32,0,0,DS,0,0.353553,20,30.0003,0,6621.68,6702.64,374.249,136662,0,
32,0,0,DS,0,0.353553,21,30.0003,0,6125.35,6241.25,431.618,130186,0,
32,0,0,DS,0,0.353553,22,30.0002,0,7033.05,7096,451.768,161769,0,
32,0,0,DS,0,0.353553,23,30.0004,0,7488.85,7539,446.889,114290,0,
32,0,0,DS,0,0.353553,24,30.0003,0,6613.93,6701.57,370.977,129771,0,
32,0,0,DS,0,0.353553,25,30.0003,0,6543.32,6649.51,469.443,140440,0,
33,0,0,DS,0,0.353553,1,30.0002,0,7433.39,7451.93,437.668,137926,0,
33,0,0,DS,0,0.353553,2,30.0001,0,6888.09,6948.5,383.948,129696,0,
33,0,0,DS,0,0.353553,3,30.0003,0,5651.55,5718.29,338.947,170494,0,
33,0,0,DS,0,0.353553,4,30.0001,0,5955.22,6021.17,364.78,135295,0,
33,0,0,DS,0,0.353553,5,30.0001,0,6183.15,6277.49,360.816,169429,0,
33,0,0,DS,0,0.353553,6,30.0002,0,5845.87,5934.46,358.581,145132,0,
33,0,0,DS,0,0.353553,7,30.0001,0,6566.31,6644.21,373.45,191322,0,
33,0,0,DS,0,0.353553,8,30.0002,0,7243.51,7338.28,383.549,146207,0,
33,0,0,DS,0,0.353553,9,30.0001,0,6533.75,6659.93,442.697,156694,0,
33,0,0,DS,0,0.353553,10,30.0002,0,6507.99,6554.47,356.344,128642,0,
33,0,0,DS,0,0.353553,11,30.0001,0,6631.81,6807.63,414.35,174301,0,
33,0,0,DS,0,0.353553,12,30.0001,0,5772.37,5813.06,383.703,140491,0,
33,0,0,DS,0,0.353553,13,30.0001,0,6452.84,6538.91,443.565,165071,0,
33,0,0,DS,0,0.353553,14,30.0001,0,7055.98,7119.29,413.983,154075,0,
33,0,0,DS,0,0.353553,15,30.0002,0,6187.38,6355.06,365.877,181423,0,
33,0,0,DS,0,0.353553,16,30.0001,0,6718.93,6771.79,393.767,169115,0,
33,0,0,DS,0,0.353553,17,30,0,6567.55,6717.99,386.868,134743,0,
33,0,0,DS,0,0.353553,18,30.0001,0,5871.07,5957.94,349.094,152005,0,
33,0,0,DS,0,0.353553,19,30.0002,0,6956.43,7065.82,444.805,144009,0,
33,0,0,DS,0,0.353553,20,30.0001,0,6903.97,6984.89,374.311,131965,0,
33,0,0,DS,0,0.353553,21,30.0002,0,6159.92,6275.56,431.618,126974,0,
33,0,0,DS,0,0.353553,22,30.0002,0,7289.43,7352.09,451.768,156719,0,
33,0,0,DS,0,0.353553,23,30.0003,0,7797.41,7836.55,448.766,108876,0,
33,0,0,DS,0,0.353553,24,30.0003,0,6855.41,6951.25,384.836,129118,0,
33,0,0,DS,0,0.353553,25,30.0003,0,6704.05,6810.05,452.428,137074,0,
34,0,0,DS,0,0.353553,1,30.0002,0,7623.79,7642.24,437.668,133732,0,
34,0,0,DS,0,0.353553,2,30.0002,0,7041.87,7102.18,383.948,127622,0,
34,0,0,DS,0,0.353553,3,30.0002,0,5856.24,5922.32,350.34,161610,0,
34,0,0,DS,0,0.353553,4,30.0001,0,6053.28,6119.18,364.126,131213,0,
34,0,0,DS,0,0.353553,5,30.0001,0,6466.06,6564.08,363.454,160202,0,
34,0,0,DS,0,0.353553,6,30.0002,0,6005.88,6094.47,358.581,143068,0,
34,0,0,DS,0,0.353553,7,30.0002,0,6798.19,6874.48,382.673,179655,0,
34,0,0,DS,0,0.353553,8,30.0002,0,7317.3,7412.04,383.549,142102,0,
34,0,0,DS,0,0.353553,9,30.0001,0,6738.17,6864.02,437.889,153283,0,
34,0,0,DS,0,0.353553,10,30.0002,0,6856.95,6902.76,356.344,119542,0,
34,0,0,DS,0,0.353553,11,30.0002,0,6776.88,6952.72,414.35,175554,0,
34,0,0,DS,0,0.353553,12,30.0001,0,6022.09,6062.77,383.703,136064,0,
34,0,0,DS,0,0.353553,13,30.0001,0,6619.35,6705.35,443.565,156823,0,
34,0,0,DS,0,0.353553,14,30.0002,0,7119.81,7182.63,413.983,145364,0,
34,0,0,DS,0,0.353553,15,30.0002,0,6272.79,6440.47,365.877,181941,0,
34,0,0,DS,0,0.353553,16,30.0004,0,6946.01,7001.44,398.85,136738,0,
34,0,0,DS,0,0.353553,17,30.0001,0,6850.97,7001.38,385.085,130447,0,
34,0,0,DS,0,0.353553,18,30.0002,0,5974.13,6060.78,349.094,145097,0,
34,0,0,DS,0,0.353553,19,30.0003,0,7078.33,7187.69,456.198,142326,0,
34,0,0,DS,0,0.353553,20,30.0003,0,7058.94,7139.86,374.79,128496,0,
34,0,0,DS,0,0.353553,21,30.0004,0,6502.83,6618.07,431.618,122699,0,
34,0,0,DS,0,0.353553,22,30.0002,0,7523.7,7586.26,451.768,151462,0,
34,0,0,DS,0,0.353553,23,30.0001,0,7823.07,7862.18,448.766,106353,0,
34,0,0,DS,0,0.353553,24,30.0002,0,6960.48,7056.07,371.389,126317,0,
34,0,0,DS,0,0.353553,25,30.0001,0,7017.37,7125.88,442.943,128342,0,
35,0,0,DS,0,0.353553,1,30.0003,0,7769.79,7788.21,437.668,127764,0,
35,0,0,DS,0,0.353553,2,30.0002,0,7241.91,7302.08,383.948,121355,0,
35,0,0,DS,0,0.353553,3,30.0001,0,6114.84,6180.92,350.34,156603,0,
35,0,0,DS,0,0.353553,4,30.0001,0,6228.04,6293.89,366.194,127353,0,
35,0,0,DS,0,0.353553,5,30.0003,0,6684.19,6758.47,360.816,152004,0,
35,0,0,DS,0,0.353553,6,30.0001,0,6202.52,6291.03,358.581,138566,0,
35,0,0,DS,0,0.353553,7,30.0002,0,7117.75,7193.84,368.5,167350,0,
35,0,0,DS,0,0.353553,8,30,0,7352.88,7447.62,383.549,141694,0,
35,0,0,DS,0,0.353553,9,30.0002,0,6990.54,7115.97,428.132,148021,0,
35,0,0,DS,0,0.353553,10,30.0002,0,7233.11,7278.92,376.159,117257,0,
35,0,0,DS,0,0.353553,11,30.0001,0,6889.82,7065.43,414.35,165565,0,
35,0,0,DS,0,0.353553,12,30.0002,0,6388.25,6428.94,383.703,130286,0,
35,0,0,DS,0,0.353553,13,30.0001,0,6798.94,6890.56,432.481,157796,0,
35,0,0,DS,0,0.353553,14,30.0001,0,7246.75,7309.69,425.376,147029,0,
35,0,0,DS,0,0.353553,15,30.0003,0,6469.71,6584.45,351.334,117514,0,
35,0,0,DS,0,0.353553,16,30.0001,0,7232.1,7287.46,398.85,132744,0,
35,0,0,DS,0,0.353553,17,30.0004,0,7033.65,7184.01,385.085,126351,0,
35,0,0,DS,0,0.353553,18,30.0001,0,6187.54,6274.02,333.959,142187,0,
35,0,0,DS,0,0.353553,19,30.0002,0,7146.53,7255.83,444.805,138867,0,
35,0,0,DS,0,0.353553,20,30.0001,0,7385.33,7466.25,374.311,123235,0,
35,0,0,DS,0,0.353553,21,30.0002,0,6669.45,6784.55,431.618,121238,0,
35,0,0,DS,0,0.353553,22,30.0001,0,7592.89,7655.45,451.768,150371,0,
35,0,0,DS,0,0.353553,23,30.0002,0,7897.71,7936.76,448.766,102993,0,
35,0,0,DS,0,0.353553,24,30.0002,0,7262.95,7358.48,377.448,124543,0,
35,0,0,DS,0,0.353553,25,30.0005,0,7251.13,7359.34,431.55,123034,0,
36,0,0,DS,0,0.353553,1,30.0003,0,7921.18,7939.6,437.668,129025,0,
36,0,0,DS,0,0.353553,2,30.0003,0,7577.05,7637.16,383.948,117803,0,
36,0,0,DS,0,0.353553,3,30.0002,0,6226.77,6292.69,350.34,151548,0,
36,0,0,DS,0,0.353553,4,30.0003,0,6617.14,6682.37,391.15,120843,0,
36,0,0,DS,0,0.353553,5,30.0002,0,6975.62,7049.71,360.816,146468,0,
36,0,0,DS,0,0.353553,6,30.0005,0,6415.92,6504.17,361.363,133282,0,
36,0,0,DS,0,0.353553,7,30.0002,0,7362.33,7438.33,388.5,162895,0,
36,0,0,DS,0,0.353553,8,30.0002,0,7372.64,7467.14,383.549,136940,0,
36,0,0,DS,0,0.353553,9,30.0002,0,7110.83,7235.85,425.955,144076,0,
36,0,0,DS,0,0.353553,10,30.0002,0,7275.27,7321.08,376.159,115208,0,
36,0,0,DS,0,0.353553,11,30.0001,0,7021.3,7196.97,414.972,162054,0,
36,0,0,DS,0,0.353553,12,30.0001,0,6614.16,6654.84,383.703,127092,0,
36,0,0,DS,0,0.353553,13,30.0001,0,6865.88,6957.28,443.854,152082,0,
36,0,0,DS,0,0.353553,14,30.0003,0,7368.46,7431.07,432.364,141530,0,
36,0,0,DS,0,0.353553,15,30.0003,0,6541.43,6656.14,351.334,116519,0,
36,0,0,DS,0,0.353553,16,30.0001,0,7520.34,7570.28,398.85,139337,0,
36,0,0,DS,0,0.353553,17,30.0001,0,7099.89,7250.24,385.085,126005,0,
36,0,0,DS,0,0.353553,18,30.0002,0,6236.87,6323.28,349.094,140628,0,
36,0,0,DS,0,0.353553,19,30.0002,0,7407.19,7515.74,456.198,136075,0,
36,0,0,DS,0,0.353553,20,30.0002,0,7612.41,7635.39,365.339,120968,0,
36,0,0,DS,0,0.353553,21,30.0001,0,7003.41,7117.97,431.618,114857,0,
36,0,0,DS,0,0.353553,22,30.0001,0,7831.29,7893.74,451.768,144705,0,
36,0,0,DS,0,0.353553,23,30.0001,0,8101.02,8139.65,448.766,94362,0,
36,0,0,DS,0,0.353553,24,30.0001,0,7437.08,7532.52,386.761,122316,0,
36,0,0,DS,0,0.353553,25,30.0002,0,7388.92,7497.01,467.792,121208,0,
37,0,0,DS,0,0.353553,1,30.0001,0,7952.27,7970.54,437.668,122788,0,
37,0,0,DS,0,0.353553,2,30.0002,0,7770.16,7830.13,383.948,113483,0,
37,0,0,DS,0,0.353553,3,30.0001,0,6412.72,6478.88,338.947,145114,0,
37,0,0,DS,0,0.353553,4,30.0001,0,6874.08,6939.21,389.099,114512,0,
37,0,0,DS,0,0.353553,5,30.0002,0,7169.68,7243.72,360.816,145726,0,
37,0,0,DS,0,0.353553,6,30.0002,0,6564.24,6652.53,358.581,133529,0,
37,0,0,DS,0,0.353553,7,30.0002,0,7434.96,7510.84,367.793,160253,0,
37,0,0,DS,0,0.353553,8,30.0001,0,7584.2,7678.53,383.549,132234,0,
37,0,0,DS,0,0.353553,9,30.0001,0,7432.34,7538.7,414.563,123643,0,
37,0,0,DS,0,0.353553,10,30.0004,0,7454.68,7499.92,376.159,109760,0,
37,0,0,DS,0,0.353553,11,30.0002,0,7319.81,7543.41,414.35,144162,0,
37,0,0,DS,0,0.353553,12,30.0002,0,6744.31,6785,383.703,123425,0,
37,0,0,DS,0,0.353553,13,30.0001,0,6931.44,7022.81,445.504,150577,0,
37,0,0,DS,0,0.353553,14,30.0002,0,7507.61,7570.17,413.983,140515,0,
37,0,0,DS,0,0.353553,15,30.0001,0,6649.33,6764.06,351.334,116786,0,
37,0,0,DS,0,0.353553,16,30.0002,0,7685.77,7735.71,398.85,137675,0,
37,0,0,DS,0,0.353553,17,30.0002,0,7306.75,7457.07,385.085,123563,0,
37,0,0,DS,0,0.353553,18,30.0003,0,6504.91,6591.07,349.094,132866,0,
37,0,0,DS,0,0.353553,19,30.0002,0,7854.7,8018.33,456.198,116949,0,
37,0,0,DS,0,0.353553,20,30.0002,0,7672.33,7695.32,365.339,118838,0,
37,0,0,DS,0,0.353553,21,30.0002,0,7090.6,7205.13,431.618,114539,0,
37,0,0,DS,0,0.353553,22,30.0001,0,8002.39,8064.75,451.768,141561,0,
37,0,0,DS,0,0.353553,23,30.0003,0,8286.62,8325.23,449.386,93075,0,
37,0,0,DS,0,0.353553,24,30.0003,0,7594.84,7692.2,371.751,117525,0,
37,0,0,DS,0,0.353553,25,30.0002,0,7491.18,7599.01,442.943,117534,0,
38,0,0,DS,0,0.353553,1,30.0001,0,7982.98,8001.23,437.668,121934,0,
38,0,0,DS,0,0.353553,2,30.0002,0,8013.38,8073.39,383.948,114731,0,
38,0,0,DS,0,0.353553,3,30.0002,0,6504.08,6570.21,350.34,144602,0,
38,0,0,DS,0,0.353553,4,30.0001,0,7061.87,7127.01,389.831,115195,0,
38,0,0,DS,0,0.353553,5,30.0003,0,7330.05,7405.27,360.816,133876,0,
38,0,0,DS,0,0.353553,6,30.0002,0,6867.41,6955.45,358.791,128554,0,
38,0,0,DS,0,0.353553,7,30.0001,0,7724.7,7798.69,379.845,158007,0,
38,0,0,DS,0,0.353553,8,30.0003,0,7867.77,7962.1,383.549,129196,0,
38,0,0,DS,0,0.353553,9,30.0002,0,7799.66,7905.78,414.563,117303,0,
38,0,0,DS,0,0.353553,10,30.0003,0,7648.63,7694.41,376.159,111454,0,
38,0,0,DS,0,0.353553,11,30.0002,0,7535.05,7760.11,425.157,137150,0,
38,0,0,DS,0,0.353553,12,30.0001,0,7102.05,7202.1,379.461,127906,0,
38,0,0,DS,0,0.353553,13,30.0002,0,7144.85,7236.08,445.504,147349,0,
38,0,0,DS,0,0.353553,14,30.0001,0,7613.17,7675.46,413.983,135637,0,
38,0,0,DS,0,0.353553,15,30.0004,0,6841.05,6955.37,356.142,111943,0,
38,0,0,DS,0,0.353553,16,30.0002,0,7874.95,7932.21,398.85,133628,0,
38,0,0,DS,0,0.353553,17,30.0002,0,7561.6,7711.86,386.161,117385,0,
38,0,0,DS,0,0.353553,18,30.0001,0,6815.55,6907.09,349.094,124194,0,
38,0,0,DS,0,0.353553,19,30.0001,0,7900.51,8064.09,456.198,113177,0,
38,0,0,DS,0,0.353553,20,30.0002,0,7914.52,8002.21,365.339,114093,0,
38,0,0,DS,0,0.353553,21,30.0003,0,7189.8,7304.22,431.618,113457,0,
38,0,0,DS,0,0.353553,22,30.0002,0,8209.65,8313.45,462.011,115300,0,
38,0,0,DS,0,0.353553,23,30.0001,0,8480.81,8519.42,448.766,91736,0,
38,0,0,DS,0,0.353553,24,30.0002,0,7880.01,7977.87,386.251,125520,0,
38,0,0,DS,0,0.353553,25,30.0003,0,7594.92,7702.54,463.079,113652,0,
39,0,0,DS,0,0.353553,1,30.0001,0,8282.09,8301.8,437.668,118089,0,
39,0,0,DS,0,0.353553,2,30.0001,0,8099.96,8159.86,383.948,110041,0,
39,0,0,DS,0,0.353553,3,30.0001,0,6834.99,6901.87,338.947,137224,0,
39,0,0,DS,0,0.353553,4,30.0003,0,7378.64,7443.73,391.27,107284,0,
39,0,0,DS,0,0.353553,5,30.0001,0,7499.28,7574.21,360.816,129662,0,
39,0,0,DS,0,0.353553,6,30.0002,0,6922.54,7010.41,358.581,124745,0,
39,0,0,DS,0,0.353553,7,30.0001,0,7906.94,7980.89,380.552,154587,0,
39,0,0,DS,0,0.353553,8,30.0003,0,7995.73,8089.82,383.549,122982,0,
39,0,0,DS,0,0.353553,9,30.0001,0,7940.39,8046.51,414.563,116617,0,
39,0,0,DS,0,0.353553,10,30.0004,0,7829.26,7874.38,376.159,107390,0,
39,0,0,DS,0,0.353553,11,30.0004,0,7769.56,7993.5,425.666,127924,0,
39,0,0,DS,0,0.353553,12,30.0001,0,7371.32,7471.12,381.716,114100,0,
39,0,0,DS,0,0.353553,13,30.0001,0,7494.32,7579.93,443.565,157330,0,
39,0,0,DS,0,0.353553,14,30.0001,0,7851.53,7913.71,413.983,131629,0,
39,0,0,DS,0,0.353553,15,30.0003,0,7088.71,7202.9,351.334,110196,0,
39,0,0,DS,0,0.353553,16,30.0004,0,7978.15,8035.32,398.85,126577,0,
39,0,0,DS,0,0.353553,17,30.0002,0,7820.99,7971.28,385.792,113818,0,
39,0,0,DS,0,0.353553,18,30.0002,0,7018.84,7110.31,349.094,122399,0,
39,0,0,DS,0,0.353553,19,30.0002,0,8196.92,8361.46,456.198,110667,0,
39,0,0,DS,0,0.353553,20,30.0003,0,8172.92,8262.48,383.991,109950,0,
39,0,0,DS,0,0.353553,21,30.0001,0,7415.41,7529.41,431.618,109861,0,
39,0,0,DS,0,0.353553,22,30.0001,0,8378.08,8481.78,460.24,112536,0,
39,0,0,DS,0,0.353553,23,30.0032,0,8639.32,8677.85,448.766,87564,0,
39,0,0,DS,0,0.353553,24,30.0001,0,8126.48,8224.19,386.267,118445,0,
39,0,0,DS,0,0.353553,25,30.0001,0,7758.86,7866.17,463.079,108658,0,
40,0,0,DS,0,0.353553,1,30.0001,0,8502.5,8522.04,437.668,111486,0,
40,0,0,DS,0,0.353553,2,30.0002,0,8124.61,8184.49,383.948,109284,0,
40,0,0,DS,0,0.353553,3,30.0002,0,7241.21,7333.15,435.407,132724,0,
40,0,0,DS,0,0.353553,4,30.0003,0,7553.43,7618.52,391.27,107378,0,
40,0,0,DS,0,0.353553,5,30.0002,0,7723.18,7797.92,360.816,126573,0,
40,0,0,DS,0,0.353553,6,30.0003,0,7173.48,7260.65,358.581,116070,0,
40,0,0,DS,0,0.353553,7,30.0002,0,8238.52,8319.89,367.793,138571,0,
40,0,0,DS,0,0.353553,8,30.0001,0,8253.83,8347.89,383.549,117845,0,
40,0,0,DS,0,0.353553,9,30.0002,0,8240.95,8346.99,414.563,114854,0,
40,0,0,DS,0,0.353553,10,30.0001,0,8095.79,8140.89,376.159,105298,0,
40,0,0,DS,0,0.353553,11,30.0003,0,8019.62,8244.06,425.183,131553,0,
40,0,0,DS,0,0.353553,12,30.0003,0,7638.58,7738.37,381.716,110533,0,
40,0,0,DS,0,0.353553,13,30.0002,0,7731.36,7816.82,443.854,153420,0,
40,0,0,DS,0,0.353553,14,30.0003,0,8190.47,8252.33,413.983,126467,0,
40,0,0,DS,0,0.353553,15,30.0003,0,7226.45,7340.53,351.334,108711,0,
40,0,0,DS,0,0.353553,16,30.0001,0,8074.07,8131.23,398.85,125695,0,
40,0,0,DS,0,0.353553,17,30.0002,0,7911.92,8062.19,385.085,111710,0,
40,0,0,DS,0,0.353553,18,30.0002,0,7189.96,7281.3,349.094,119270,0,
40,0,0,DS,0,0.353553,19,30.0002,0,8366.6,8531.09,456.198,108192,0,
40,0,0,DS,0,0.353553,20,30.0003,0,8342.82,8432.33,365.339,107236,0,
40,0,0,DS,0,0.353553,21,30.0001,0,7427.08,7541.05,431.618,109464,0,
40,0,0,DS,0,0.353553,22,30.0002,0,8566.7,8670.37,459.89,111947,0,
40,0,0,DS,0,0.353553,23,30.0002,0,8784.56,8823.09,448.766,87113,0,
40,0,0,DS,0,0.353553,24,30.0004,0,8250.52,8348.27,370.355,119779,0,
40,0,0,DS,0,0.353553,25,30.0002,0,8004.56,8059.13,431.55,108630,0,
