3,0,0,0,0,0.353553,1,0.000131065,1,645.43,645.43,307.488,1,0,
3,0,0,0,0,0.353553,2,6.7255e-05,1,739.235,739.235,319.246,1,0,
3,0,0,0,0,0.353553,3,4.5464e-05,1,382.339,382.339,289.965,1,0,
3,0,0,0,0,0.353553,4,0.000102482,1,530.814,530.814,205.25,1,0,
3,0,0,0,0,0.353553,5,6.1224e-05,1,474.288,474.288,360.816,1,0,
3,0,0,0,0,0.353553,6,6.7516e-05,1,432.921,432.921,185.297,1,0,
3,0,0,0,0,0.353553,7,8.3536e-05,1,386.935,386.935,263.339,1,0,
3,0,0,0,0,0.353553,8,0.000146233,1,646.039,646.354,309.018,2,0,
3,0,0,0,0,0.353553,9,7.6334e-05,1,679.205,679.205,260.546,1,0,
3,0,0,0,0,0.353553,10,7.0411e-05,1,737.69,737.69,356.344,1,0,
3,0,0,0,0,0.353553,11,0.000110395,1,706.845,712.748,293.474,2,0,
3,0,0,0,0,0.353553,12,6.8078e-05,1,478.94,478.94,259.949,1,0,
3,0,0,0,0,0.353553,13,7.2456e-05,1,797.018,797.018,431.55,1,0,
3,0,0,0,0,0.353553,14,0.000396901,1,1031.37,1039.85,384.757,6,0,
3,0,0,0,0,0.353553,15,6.6734e-05,1,452.098,452.098,276.67,1,0,
3,0,0,0,0,0.353553,16,6.404e-05,1,665.407,665.407,342.111,1,0,
3,0,0,0,0,0.353553,17,0.000132597,1,480.769,496.441,254.345,2,0,
3,0,0,0,0,0.353553,18,7.0432e-05,1,617.349,617.349,313.978,1,0,
3,0,0,0,0,0.353553,19,6.0403e-05,1,450.665,450.665,279.921,1,0,
3,0,0,0,0,0.353553,20,0.000242674,1,742.439,743.399,331.714,4,0,
3,0,0,0,0,0.353553,21,9.0489e-05,1,836.987,836.987,355.966,1,0,
3,0,0,0,0,0.353553,22,6.6894e-05,1,510.888,510.888,273.2,1,0,
3,0,0,0,0,0.353553,23,0.000146253,1,802.454,808.357,342.827,2,0,
3,0,0,0,0,0.353553,24,0.000156343,1,1003.03,1007.84,347.637,2,0,
3,0,0,0,0,0.353553,25,5.5372e-05,1,411.389,411.389,219.466,1,0,
4,0,0,0,0,0.353553,1,0.000108121,1,894.212,894.212,307.488,1,0,
4,0,0,0,0,0.353553,2,8.7573e-05,1,940.884,940.884,319.246,1,0,
4,0,0,0,0,0.353553,3,0.000120225,1,628.766,631.34,289.965,2,0,
4,0,0,0,0,0.353553,4,7.6984e-05,1,623.217,623.217,205.25,1,0,
4,0,0,0,0,0.353553,5,9.8785e-05,1,792.095,792.095,360.816,1,0,
4,0,0,0,0,0.353553,6,8.2433e-05,1,661.464,661.464,228.543,1,0,
4,0,0,0,0,0.353553,7,7.0252e-05,1,666.605,666.605,279.669,1,0,
4,0,0,0,0,0.353553,8,0.000167883,1,788.015,788.329,309.018,2,0,
4,0,0,0,0,0.353553,9,9.1031e-05,1,982.477,982.477,303.272,1,0,
4,0,0,0,0,0.353553,10,0.00279974,1,916.242,921.05,356.344,54,0,
4,0,0,0,0,0.353553,11,0.000148628,1,1118.71,1124.61,411.863,2,0,
4,0,0,0,0,0.353553,12,6.3038e-05,1,540.101,540.101,259.949,1,0,
4,0,0,0,0,0.353553,13,8.2214e-05,1,824.753,824.753,431.55,1,0,
4,0,0,0,0,0.353553,14,0.000432768,1,1199.1,1207.58,384.757,6,0,
4,0,0,0,0,0.353553,15,7.7033e-05,1,735.695,735.695,283.597,1,0,
4,0,0,0,0,0.353553,16,0.000129973,1,919.041,919.356,342.111,2,0,
4,0,0,0,0,0.353553,17,0.000168255,1,774.179,789.85,293.409,2,0,
4,0,0,0,0,0.353553,18,8.8745e-05,1,863.777,863.777,313.978,1,0,
4,0,0,0,0,0.353553,19,7.5772e-05,1,548.944,548.944,279.921,1,0,
4,0,0,0,0,0.353553,20,0.000249116,1,1027.03,1027.99,331.714,4,0,
4,0,0,0,0,0.353553,21,0.000106178,1,1087.35,1087.35,355.966,1,0,
4,0,0,0,0,0.353553,22,0.000147666,1,962.655,968.558,457.671,2,0,
4,0,0,0,0,0.353553,23,0.000162784,1,973.261,979.164,342.827,2,0,
4,0,0,0,0,0.353553,24,0.000159979,1,1153.32,1158.12,347.637,2,0,
4,0,0,0,0,0.353553,25,7.1052e-05,1,556.994,556.994,219.466,1,0,
5,0,0,0,0,0.353553,1,0.000109875,1,953.821,953.821,307.488,1,0,
5,0,0,0,0,0.353553,2,0.000170908,1,1184.09,1186.66,319.246,2,0,
5,0,0,0,0,0.353553,3,0.00032092,1,651.901,670.395,305.886,4,0,
5,0,0,0,0,0.353553,4,0.000107833,1,919.196,919.196,295.979,1,0,
5,0,0,0,0,0.353553,5,0.00012282,1,1105.16,1105.16,360.816,1,0,
5,0,0,0,0,0.353553,6,0.000158306,1,957.629,960.202,298.739,2,0,
5,0,0,0,0,0.353553,7,7.8947e-05,1,817.359,817.359,279.669,1,0,
5,0,0,0,0,0.353553,8,0.000279942,1,1024.72,1025.65,309.326,4,0,
5,0,0,0,0,0.353553,9,0.00547916,1,1264.42,1275.68,303.272,106,0,
5,0,0,0,0,0.353553,10,0.00285413,1,976.84,981.648,356.344,55,0,
5,0,0,0,0,0.353553,11,0.000175567,1,1348.92,1354.82,411.863,2,0,
5,0,0,0,0,0.353553,12,7.5871e-05,1,609.128,609.128,259.949,1,0,
5,0,0,0,0,0.353553,13,0.000104374,1,1124.09,1124.09,431.55,1,0,
5,0,0,0,0,0.353553,14,0.00055681,1,1440.94,1449.99,384.757,8,0,
5,0,0,0,0,0.353553,15,0.000109564,1,876.077,876.077,283.597,1,0,
5,0,0,0,0,0.353553,16,0.000553234,1,1143.63,1158.94,342.111,7,0,
5,0,0,0,0,0.353553,17,0.000360093,1,1039.96,1061.53,293.409,4,0,
5,0,0,0,0,0.353553,18,0.000184764,1,1082.54,1083.16,314.6,2,0,
5,0,0,0,0,0.353553,19,0.000107169,1,933.702,933.702,384.757,1,0,
5,0,0,0,0,0.353553,20,0.000269994,1,1288.51,1289.47,331.714,4,0,
5,0,0,0,0,0.353553,21,0.00033792,1,1323.77,1326.41,357.982,4,0,
5,0,0,0,0,0.353553,22,0.00028369,1,1153.34,1159.87,457.671,4,0,
5,0,0,0,0,0.353553,23,0.000190515,1,1238.34,1244.24,348.73,2,0,
5,0,0,0,0,0.353553,24,0.000176448,1,1196.14,1200.95,342.829,2,0,
5,0,0,0,0,0.353553,25,0.000115126,1,865.259,865.259,308.265,1,0,
6,0,0,0,0,0.353553,2,0.000189984,1,1393.37,1395.95,319.246,2,0,
6,0,0,0,0,0.353553,1,0.0236559,1,1248.74,1271.89,308.111,346,0,
6,0,0,0,0,0.353553,4,0.000151914,1,1245.99,1245.99,326.793,1,0,
6,0,0,0,0,0.353553,5,0.00013357,1,1184.33,1184.33,360.816,1,0,
6,0,0,0,0,0.353553,7,0.000102732,1,872.714,872.714,279.669,1,0,
6,0,0,0,0,0.353553,8,0.000326431,1,1184.85,1185.79,309.326,4,0,
6,0,0,0,0,0.353553,9,0.00583203,1,1438.68,1449.94,303.272,106,0,
6,0,0,0,0,0.353553,11,0.000277478,1,1366.61,1372.51,411.863,2,0,
6,0,0,0,0,0.353553,12,0.000104565,1,669.948,669.948,259.949,1,0,
6,0,0,0,0,0.353553,13,0.00032689,1,1154.25,1159.51,436.809,3,0,
6,0,0,0,0,0.353553,14,0.00065314,1,1554.21,1563.26,384.757,8,0,
6,0,0,0,0,0.353553,15,0.00012907,1,1181.13,1181.13,305.058,1,0,
6,0,0,0,0,0.353553,17,0.000451252,1,1076.23,1097.8,293.409,4,0,
6,0,0,0,0,0.353553,19,0.000128369,1,1073.66,1073.66,384.757,1,0,
6,0,0,0,0,0.353553,16,0.0340814,1,1210.34,1290.07,342.111,800,0,
6,0,0,0,0,0.353553,21,0.00050348,1,1569.47,1577.2,361.049,5,0,
6,0,0,0,0,0.353553,22,0.000356806,1,1255.61,1262.13,457.671,4,0,
6,0,0,0,0,0.353553,23,0.000204422,1,1315.87,1321.77,348.73,2,0,
6,0,0,0,0,0.353553,24,0.000246671,1,1378.97,1383.77,342.829,2,0,
6,0,0,0,0,0.353553,25,0.000195114,1,1129.31,1131.88,308.265,2,0,
6,0,0,0,0,0.353553,20,0.05609,1,1430.91,1487.89,331.714,1140,0,
7,0,0,0,0,0.353553,2,0.000232384,1,1637.52,1640.09,319.246,2,0,
7,0,0,0,0,0.353553,1,0.022402,1,1555.84,1578.99,308.111,346,0,
7,0,0,0,0,0.353553,4,0.000223407,1,1410.98,1411.6,326.793,2,0,
7,0,0,0,0,0.353553,5,0.000340607,1,1442.32,1444.34,360.816,2,0,
7,0,0,0,0,0.353553,7,0.000124302,1,1051.21,1051.21,279.669,1,0,
6,0,0,0,0,0.353553,10,0.214982,1,1139.8,1150.51,356.344,3313,0,
7,0,0,0,0,0.353553,12,0.000227684,1,976.544,977.167,306.596,2,0,
7,0,0,0,0,0.353553,13,0.000324426,1,1405.18,1415.25,436.809,4,0,
7,0,0,0,0,0.353553,14,0.00121222,1,1761.44,1771.11,384.757,16,0,
7,0,0,0,0,0.353553,15,0.000338451,1,1435.88,1443.28,305.058,4,0,
7,0,0,0,0,0.353553,9,0.180492,1,1727.56,1741.4,303.272,2800,0,
7,0,0,0,0,0.353553,10,0.215727,1,1168.8,1179.51,356.344,3313,0,
6,0,0,0,0,0.353553,18,0.378523,1,1240.3,1273.8,314.6,5634,0,
7,0,0,0,0,0.353553,19,0.000561499,1,1343.73,1344.49,384.757,8,0,
7,0,0,0,0,0.353553,21,0.000575645,1,1704.34,1716.87,361.049,6,0,
7,0,0,0,0,0.353553,22,0.000367357,1,1446.01,1452.54,457.671,4,0,
7,0,0,0,0,0.353553,20,0.0201693,1,1704.67,1780.67,331.714,252,0,
7,0,0,0,0,0.353553,23,0.00033162,1,1482.53,1488.75,348.73,4,0,
7,0,0,0,0,0.353553,25,0.000213489,1,1560.86,1563.43,431.55,2,0,
8,0,0,0,0,0.353553,2,0.000258242,1,1663.55,1666.13,319.246,2,0,
8,0,0,0,0,0.353553,1,0.0588232,1,1817.86,1841.63,308.111,852,0,
7,0,0,0,0,0.353553,18,0.254035,1,1477.58,1511.38,314.889,3772,0,
7,0,0,0,0,0.353553,17,1.93367,1,1457.29,1478.87,381.063,25712,0,
8,0,0,0,0,0.353553,4,0.00049821,1,1464.44,1478.86,331.877,4,0,
8,0,0,0,0,0.353553,7,0.00025188,1,1284.45,1285.07,279.669,2,0,
8,0,0,0,0,0.353553,9,0.395424,1,1802,1816.24,303.272,5876,0,
6,0,0,0,0,0.353553,6,4.36074,1,1201.45,1219.44,298.739,59863,0,
7,0,0,0,0,0.353553,6,4.46999,1,1249.32,1267.3,298.739,59863,0,
8,0,0,0,0,0.353553,10,0.221261,1,1413.04,1423.75,356.344,3313,0,
8,0,0,0,0,0.353553,12,0.000279973,1,1121.96,1122.58,306.596,2,0,
8,0,0,0,0,0.353553,13,0.000454189,1,1726.66,1736.73,436.809,4,0,
8,0,0,0,0,0.353553,14,0.00236346,1,2010.89,2021.19,384.757,29,0,
8,0,0,0,0,0.353553,18,0.26349,1,1549.63,1583.43,314.889,3772,0,
8,0,0,0,0,0.353553,6,4.61512,1,1411.62,1429.6,298.739,59865,0,
8,0,0,0,0,0.353553,19,0.00182651,1,1614.16,1622.4,384.757,30,0,
8,0,0,0,0,0.353553,21,0.000640035,1,1907.43,1919.96,361.049,7,0,
8,0,0,0,0,0.353553,20,0.0210144,1,2028.47,2104.47,331.714,252,0,
8,0,0,0,0,0.353553,23,0.000792098,1,1778.32,1789.35,342.827,10,0,
6,0,0,0,0,0.353553,3,10.6905,1,842.356,891.976,305.886,197676,0,
8,0,0,0,0,0.353553,22,0.0347847,1,1688.83,1712.3,457.671,668,0,
8,0,0,0,0,0.353553,25,0.000255758,1,1645.07,1647.64,431.55,2,0,
9,0,0,0,0,0.353553,1,0.0609593,1,2112.67,2136.44,308.111,852,0,
9,0,0,0,0,0.353553,2,0.000283319,1,1784.54,1787.12,319.246,2,0,
7,0,0,0,0,0.353553,3,30.0001,0,931.005,966.653,308.46,630241,0,
7,0,0,0,0,0.353553,8,30,0,1444.7,1467.99,308.703,406860,0,
7,0,0,0,0,0.353553,11,30,0,1466.72,1556.55,413.277,316800,0,
7,0,0,0,0,0.353553,16,30.0001,0,1463.88,1502.87,342.111,393931,0,
7,0,0,0,0,0.353553,24,30,0,1603.92,1677.5,342.829,247116,0,
8,0,0,0,0,0.353553,3,30.0001,0,1156.48,1190.61,305.886,592480,0,
8,0,0,0,0,0.353553,5,30.0001,0,1658.6,1679.3,370.61,355196,0,
8,0,0,0,0,0.353553,8,30,0,1483.54,1506.83,308.703,401654,0,
9,0,0,0,0,0.353553,7,0.000334093,1,1519.59,1520.84,279.669,3,0,
8,0,0,0,0,0.353553,11,30.0001,0,1485.48,1575.31,413.277,307631,0,
8,0,0,0,0,0.353553,15,30.0001,0,1738.94,1873.55,308.009,282068,0,
8,0,0,0,0,0.353553,16,30.1695,0,1529.5,1568.49,342.111,393218,0,
9,0,0,0,0,0.353553,10,0.226904,1,1566.14,1576.85,356.344,3313,0,
8,0,0,0,0,0.353553,17,30.0001,0,1763.94,1814.65,381.063,350290,0,
9,0,0,0,0,0.353553,12,0.000336718,1,1484.02,1484.65,362.068,2,0,
9,0,0,0,0,0.353553,13,0.000468767,1,1837.72,1847.79,436.809,4,0,
9,0,0,0,0,0.353553,14,0.00203575,1,2198.75,2209.04,390.661,29,0,
9,0,0,0,0,0.353553,9,4.67276,1,2068.97,2085.39,303.895,60408,0,
9,0,0,0,0,0.353553,6,10.3003,1,1715.27,1733.87,303.651,125005,0,
8,0,0,0,0,0.353553,24,30.0001,0,1748.23,1821.8,342.829,237703,0,
9,0,0,0,0,0.353553,19,0.000804362,1,1930.47,1941.22,389.565,10,0,
9,0,0,0,0,0.353553,3,30,0,1450.3,1486.98,318.899,612316,0,
9,0,0,0,0,0.353553,21,0.000756703,1,2090.17,2111.34,361.049,8,0,
9,0,0,0,0,0.353553,4,30.0001,0,1679.35,1682.79,328.218,298027,0,
9,0,0,0,0,0.353553,22,0.0238215,1,1879.89,1903.71,457.671,422,0,
9,0,0,0,0,0.353553,25,0.0103259,1,2056.86,2075.29,442.943,150,0,
10,0,0,0,0,0.353553,2,0.000368207,1,2137.15,2139.72,352.605,2,0,
9,0,0,0,0,0.353553,5,30.0001,0,1979.15,1999.85,369.903,341924,0,
9,0,0,0,0,0.353553,8,30,0,1597.1,1620.4,308.703,395545,0,
9,0,0,0,0,0.353553,11,30.0001,0,1575.06,1664.89,413.277,304876,0,
9,0,0,0,0,0.353553,15,30.0001,0,1802.02,1936.63,308.009,278272,0,
9,0,0,0,0,0.353553,16,30,0,1893.93,1932.82,364.432,372469,0,
9,0,0,0,0,0.353553,17,30.0001,0,1943.52,1994.22,381.063,341437,0,
9,0,0,0,0,0.353553,18,30.0001,0,1700.33,1734.94,313.978,346366,0,
9,0,0,0,0,0.353553,20,30,0,2393.81,2473.25,365.339,277710,0,
9,0,0,0,0,0.353553,23,30.0001,0,2147.23,2150.16,370.441,309105,0,
9,0,0,0,0,0.353553,24,30.0001,0,2068.2,2141.08,342.829,217041,0,
10,0,0,0,0,0.353553,1,30,0,2172.01,2200.57,308.399,347831,0,
10,0,0,0,0,0.353553,7,0.000713814,1,1713.76,1716.67,279.669,10,0,
10,0,0,0,0,0.353553,9,0.00900919,1,2483.53,2505.37,414.563,120,0,
10,0,0,0,0,0.353553,12,0.000465029,1,1709.41,1710.66,362.068,4,0,
10,0,0,0,0,0.353553,13,0.00050328,1,2050.63,2060.7,436.809,4,0,
10,0,0,0,0,0.353553,10,0.224825,1,1669.19,1679.9,356.344,3313,0,
10,0,0,0,0,0.353553,3,30,0,1544.25,1601.33,308.46,597987,0,
10,0,0,0,0,0.353553,6,10.7469,1,1908.47,1927.07,303.651,125005,0,
10,0,0,0,0,0.353553,4,30.0001,0,1857.41,1860.85,328.218,292254,0,
10,0,0,0,0,0.353553,19,0.00164916,1,2375.28,2393.32,444.805,20,0,
10,0,0,0,0,0.353553,5,30,0,2276.38,2288.02,366.078,315044,0,
10,0,0,0,0,0.353553,8,30,0,1837.61,1860.9,308.703,381983,0,
10,0,0,0,0,0.353553,21,0.00145309,1,2153.84,2175.86,361.049,16,0,
10,0,0,0,0,0.353553,11,30,0,1877.19,1890.18,411.863,360280,0,
10,0,0,0,0,0.353553,14,30.0001,0,2381.94,2558.8,387.316,205697,0,
10,0,0,0,0,0.353553,15,30.0001,0,2133.5,2267.57,331.477,267779,0,
10,0,0,0,0,0.353553,16,30.0001,0,2207.48,2246.17,364.432,324315,0,
10,0,0,0,0,0.353553,17,30.0001,0,2021.16,2071.86,381.063,337778,0,
10,0,0,0,0,0.353553,25,0.0103779,1,2220.67,2239.11,442.943,150,0,
11,0,0,0,0,0.353553,2,0.000790106,1,2366.02,2374.15,352.605,7,0,
10,0,0,0,0,0.353553,18,30,0,1789.11,1823.72,313.978,344983,0,
10,0,0,0,0,0.353553,20,30,0,2660.91,2756.88,365.339,281803,0,
10,0,0,0,0,0.353553,22,30.0001,0,2275.84,2295.75,464.607,291113,0,
10,0,0,0,0,0.353553,23,30.0001,0,2424.83,2427.75,370.387,298415,0,
10,0,0,0,0,0.353553,24,30.0001,0,2217.98,2291.55,342.829,226621,0,
11,0,0,0,0,0.353553,1,30,0,2420.33,2449.47,318.199,337476,0,
11,0,0,0,0,0.353553,3,30,0,1569.46,1626.81,309.8,432271,0,
11,0,0,0,0,0.353553,7,0.000990711,1,1961.36,1994.94,279.669,12,0,
11,0,0,0,0,0.353553,8,1.59849,1,2090.06,2114.32,308.703,19869,0,
11,0,0,0,0,0.353553,6,10.8615,1,1997.25,2015.85,303.651,125005,0,
11,0,0,0,0,0.353553,9,10.2655,1,2564.11,2591.95,414.563,124069,0,
11,0,0,0,0,0.353553,12,0.00103572,1,1985.56,1986.94,362.068,10,0,
11,0,0,0,0,0.353553,13,0.000576237,1,2287.76,2297.82,436.809,4,0,
11,0,0,0,0,0.353553,4,30,0,2122.71,2145.6,328.218,285928,0,
11,0,0,0,0,0.353553,5,30.0001,0,2343.96,2355.57,366.87,299471,0,
11,0,0,0,0,0.353553,10,29.0435,1,1869.74,1883.86,362.247,370849,0,
11,0,0,0,0,0.353553,11,30.0001,0,2116.46,2130.8,411.863,341872,0,
11,0,0,0,0,0.353553,19,0.00196778,1,2509.07,2530.93,444.805,24,0,
11,0,0,0,0,0.353553,21,0.00420113,1,2244.9,2268.31,361.049,68,0,
11,0,0,0,0,0.353553,14,30.0001,0,2492.51,2669.37,387.316,203271,0,
11,0,0,0,0,0.353553,15,30,0,2431.97,2566.41,332.1,262584,0,
11,0,0,0,0,0.353553,16,30.0001,0,2229.32,2268.02,364.432,312526,0,
11,0,0,0,0,0.353553,17,30,0,2077.57,2128.28,381.063,325118,0,
11,0,0,0,0,0.353553,18,30.0001,0,2033.66,2068.63,313.978,314751,0,
12,0,0,0,0,0.353553,2,0.000913927,1,2419.16,2427.3,353.516,7,0,
11,0,0,0,0,0.353553,20,30.0001,0,2694.15,2790.12,365.339,279628,0,
11,0,0,0,0,0.353553,22,30.0001,0,2594.74,2623.18,463.16,305521,0,
11,0,0,0,0,0.353553,23,30,0,2530.54,2533.46,370.487,291005,0,
11,0,0,0,0,0.353553,24,30.0001,0,2423.88,2497.45,342.829,221494,0,
11,0,0,0,0,0.353553,25,30.0001,0,2451.05,2478.84,443.565,365286,0,
12,0,0,0,0,0.353553,1,30.0001,0,2604.78,2626.4,322.831,270811,0,
12,0,0,0,0,0.353553,3,30,0,1807.78,1865.66,308.46,419301,0,
12,0,0,0,0,0.353553,7,0.00131923,1,2252.08,2286.6,291.341,17,0,
12,0,0,0,0,0.353553,8,1.88212,1,2339.97,2364.55,309.018,22944,0,
12,0,0,0,0,0.353553,4,30,0,2471.48,2574.03,350.188,219927,0,
12,0,0,0,0,0.353553,5,30.0001,0,2662.85,2674.36,364.748,299671,0,
12,0,0,0,0,0.353553,12,0.000968389,1,2009.62,2011,362.068,10,0,
12,0,0,0,0,0.353553,13,0.000598498,1,2301.32,2311.38,436.809,4,0,
12,0,0,0,0,0.353553,10,22.0017,1,2139.32,2187.83,362.247,237223,0,
12,0,0,0,0,0.353553,6,30,0,2210.85,2229.65,304.271,321057,0,
12,0,0,0,0,0.353553,9,30.0001,0,2661.67,2690.49,425.955,333747,0,
12,0,0,0,0,0.353553,11,30.0001,0,2233.03,2247.36,411.863,351429,0,
12,0,0,0,0,0.353553,14,30.0001,0,2723.97,2755.6,391.121,242628,0,
12,0,0,0,0,0.353553,15,30,0,2609.91,2744.17,332.1,255691,0,
12,0,0,0,0,0.353553,16,30,0,2529.9,2568.56,364.432,308677,0,
12,0,0,0,0,0.353553,19,1.92491,1,2699.67,2727.29,444.805,24296,0,
12,0,0,0,0,0.353553,17,30.0001,0,2321.7,2372.41,381.063,316102,0,
12,0,0,0,0,0.353553,18,30.0001,0,2333.38,2379.79,313.978,356993,0,
13,0,0,0,0,0.353553,2,0.000791288,1,2587.57,2595.71,353.516,7,0,
12,0,0,0,0,0.353553,20,30.0001,0,2756.96,2852.93,365.339,273302,0,
12,0,0,0,0,0.353553,21,30,0,2505.03,2536.52,364.082,369231,0,
12,0,0,0,0,0.353553,22,30.0001,0,2806.55,2834.99,463.16,293657,0,
12,0,0,0,0,0.353553,23,30,0,2680.2,2683.12,370.487,289825,0,
12,0,0,0,0,0.353553,24,30.0001,0,2478.72,2552.3,342.829,214695,0,
12,0,0,0,0,0.353553,25,30,0,2474.94,2502.73,443.565,355051,0,
13,0,0,0,0,0.353553,1,30.0001,0,2804.21,2825.83,322.831,266643,0,
13,0,0,0,0,0.353553,3,30,0,2051.02,2109.44,308.46,410264,0,
13,0,0,0,0,0.353553,7,0.00157475,1,2330.41,2365.34,291.341,22,0,
13,0,0,0,0,0.353553,4,30.0001,0,2661.89,2764.44,350.188,211447,0,
13,0,0,0,0,0.353553,5,30.0001,0,2766.27,2777.78,366.571,283091,0,
13,0,0,0,0,0.353553,12,0.00106552,1,2135.09,2136.48,362.691,10,0,
13,0,0,0,0,0.353553,13,0.130792,1,2669.29,2692.74,436.809,1479,0,
13,0,0,0,0,0.353553,6,30.0001,0,2443.55,2462.28,304.271,320602,0,
13,0,0,0,0,0.353553,8,30.0001,0,2438.62,2468.27,308.703,312650,0,
13,0,0,0,0,0.353553,9,30.0001,0,2718.5,2747.31,425.955,323562,0,
13,0,0,0,0,0.353553,10,30.0001,0,2341.47,2414.38,374.696,272028,0,
13,0,0,0,0,0.353553,11,30.0001,0,2522.87,2537.21,411.863,338435,0,
13,0,0,0,0,0.353553,14,30,0,2988.11,3019.74,391.121,234218,0,
13,0,0,0,0,0.353553,15,30.0001,0,2636.56,2770.71,332.388,248150,0,
13,0,0,0,0,0.353553,16,30.0002,0,2611.65,2650.24,364.432,300663,0,
13,0,0,0,0,0.353553,17,30.0001,0,2636,2686.71,381.063,309380,0,
13,0,0,0,0,0.353553,18,30,0,2639.62,2651.33,313.978,279643,0,
14,0,0,0,0,0.353553,2,0.00309799,1,2773.04,2782.57,352.605,40,0,
13,0,0,0,0,0.353553,19,30,0,3113.66,3138.6,450.708,302046,0,
13,0,0,0,0,0.353553,20,30,0,2938.64,3057.99,365.339,199068,0,
13,0,0,0,0,0.353553,21,30.0001,0,2614.58,2646.89,364.585,257290,0,
13,0,0,0,0,0.353553,22,30,0,2979.21,3007.31,463.193,283730,0,
13,0,0,0,0,0.353553,23,30.0001,0,2946.92,2949.84,370.385,272136,0,
13,0,0,0,0,0.353553,24,30,0,2649.86,2723.44,342.829,211661,0,
13,0,0,0,0,0.353553,25,30.0001,0,2806.42,2876.57,443.565,350128,0,
14,0,0,0,0,0.353553,1,30.0001,0,3004.52,3026.14,322.831,260885,0,
14,0,0,0,0,0.353553,7,0.00167667,1,2461.91,2496.85,291.341,22,0,
14,0,0,0,0,0.353553,3,30,0,2254.39,2312.22,308.46,368785,0,
14,0,0,0,0,0.353553,4,30.0001,0,2746.02,2848.57,350.188,199860,0,
14,0,0,0,0,0.353553,5,30,0,2931.02,2982.21,366.785,270793,0,
14,0,0,0,0,0.353553,6,30,0,2630.58,2649.48,303.651,310777,0,
14,0,0,0,0,0.353553,12,0.00113201,1,2206.95,2208.33,362.691,11,0,
14,0,0,0,0,0.353553,8,30.0001,0,2789.58,2819.24,350.967,307113,0,
14,0,0,0,0,0.353553,9,30.0001,0,2946.8,2975.61,425.955,311645,0,
14,0,0,0,0,0.353553,10,30.0001,0,2643.6,2717.02,356.344,246836,0,
14,0,0,0,0,0.353553,11,30,0,2614.22,2628.37,411.863,326232,0,
14,0,0,0,0,0.353553,13,30,0,2980.23,3010.22,431.55,267861,0,
14,0,0,0,0,0.353553,14,30.0002,0,3161.02,3192.57,391.084,231553,0,
14,0,0,0,0,0.353553,15,30,0,2898.1,3032.2,332.388,241682,0,
14,0,0,0,0,0.353553,16,30.0001,0,2926.1,2964.9,364.432,307625,0,
14,0,0,0,0,0.353553,17,30.0001,0,2770.44,2821.14,381.063,304212,0,
14,0,0,0,0,0.353553,18,30.0001,0,2963.86,3000.43,349.094,263984,0,
14,0,0,0,0,0.353553,19,30.0001,0,3296.73,3321.49,450.708,293505,0,
15,0,0,0,0,0.353553,2,0.0112994,1,3068.93,3079.37,352.605,144,0,
14,0,0,0,0,0.353553,20,30,0,3268.82,3387.15,365.339,196507,0,
14,0,0,0,0,0.353553,21,30.0001,0,2792.52,2824.83,364.585,250532,0,
14,0,0,0,0,0.353553,22,30.0001,0,3009.65,3037.71,468.436,275832,0,
14,0,0,0,0,0.353553,23,30,0,3305.1,3308.71,370.47,259737,0,
14,0,0,0,0,0.353553,24,30.0001,0,2977.94,3051.51,342.829,205770,0,
14,0,0,0,0,0.353553,25,30.0001,0,3187.63,3215.6,442.943,292346,0,
15,0,0,0,0,0.353553,1,30.0001,0,3023.54,3045.16,322.831,254513,0,
15,0,0,0,0,0.353553,3,30.0001,0,2529.51,2574.09,308.46,321530,0,
15,0,0,0,0,0.353553,4,30.0001,0,3106.56,3209.1,360.537,196034,0,
15,0,0,0,0,0.353553,5,30.0001,0,3037.06,3088.26,366.163,271844,0,
15,0,0,0,0,0.353553,6,30,0,2729.37,2748.29,303.651,292767,0,
15,0,0,0,0,0.353553,7,30.0001,0,2644.28,2683.62,290.718,270225,0,
15,0,0,0,0,0.353553,8,30.0001,0,3149.62,3179.28,360.042,298947,0,
15,0,0,0,0,0.353553,9,30,0,3072.87,3101.68,425.955,306030,0,
15,0,0,0,0,0.353553,10,30.0001,0,2933.74,3006.92,356.344,235266,0,
15,0,0,0,0,0.353553,11,30.0001,0,2766.69,2780.75,411.863,317471,0,
15,0,0,0,0,0.353553,12,30,0,2370.93,2387.84,362.691,270070,0,
15,0,0,0,0,0.353553,13,30.0001,0,2993.27,3023.26,431.55,265782,0,
15,0,0,0,0,0.353553,14,30.0001,0,3428.52,3459.97,391.032,228560,0,
15,0,0,0,0,0.353553,15,30.0001,0,3224.81,3358.83,332.388,242888,0,
15,0,0,0,0,0.353553,16,30.0001,0,3002.89,3041.69,364.432,306727,0,
15,0,0,0,0,0.353553,17,30,0,2943.08,2993.78,381.063,295704,0,
15,0,0,0,0,0.353553,18,30.0001,0,3147.67,3184.23,349.094,262359,0,
15,0,0,0,0,0.353553,19,30.0001,0,3547.32,3572.05,444.805,283464,0,
15,0,0,0,0,0.353553,20,30.0001,0,3561.91,3680.86,365.339,193113,0,
15,0,0,0,0,0.353553,21,30.0001,0,3007.75,3041.65,381.851,265484,0,
15,0,0,0,0,0.353553,22,30.0001,0,3344.88,3373.27,458.244,267157,0,
15,0,0,0,0,0.353553,23,30.0001,0,3357.68,3361.29,370.47,258498,0,
15,0,0,0,0,0.353553,24,30.0001,0,3121.18,3194.76,342.829,200827,0,
15,0,0,0,0,0.353553,25,30.0001,0,3593.73,3629.06,442.943,224250,0,
16,0,0,0,0,0.353553,1,30,0,3120.4,3142.02,322.831,252079,0,
16,0,0,0,0,0.353553,2,30,0,3251.88,3275.7,353.228,330856,0,
16,0,0,0,0,0.353553,3,30,0,2605.82,2650.4,308.46,311823,0,
16,0,0,0,0,0.353553,4,30,0,3251.68,3354.22,360.537,189989,0,
16,0,0,0,0,0.353553,5,30,0,3231.87,3283.06,365.455,265384,0,
16,0,0,0,0,0.353553,6,30.0001,0,3020.74,3040.01,304.274,285862,0,
16,0,0,0,0,0.353553,7,30,0,2878.54,2917.88,290.718,259036,0,
16,0,0,0,0,0.353553,8,30,0,3338.51,3368.16,360.042,290283,0,
16,0,0,0,0,0.353553,9,30.0001,0,3193.04,3221.85,425.955,296626,0,
16,0,0,0,0,0.353553,10,30.0001,0,3264.51,3337.72,356.344,218942,0,
16,0,0,0,0,0.353553,11,30,0,3082.41,3096.73,411.863,307663,0,
16,0,0,0,0,0.353553,12,30,0,2424.08,2440.97,362.068,263176,0,
16,0,0,0,0,0.353553,13,30.0001,0,3147.1,3177.08,431.55,255879,0,
16,0,0,0,0,0.353553,14,30,0,3719.99,3751.35,392.267,220977,0,
16,0,0,0,0,0.353553,15,30.0001,0,3508.62,3647.45,332.388,234649,0,
16,0,0,0,0,0.353553,16,30.0001,0,3359.1,3380.46,364.432,270552,0,
16,0,0,0,0,0.353553,17,30.0001,0,3119.25,3169.96,381.063,284451,0,
16,0,0,0,0,0.353553,18,30.0001,0,3215.41,3251.98,349.094,256559,0,
16,0,0,0,0,0.353553,19,30,0,3712.75,3737.43,444.805,271372,0,
16,0,0,0,0,0.353553,20,30.0001,0,3589.32,3708.28,365.339,185274,0,
16,0,0,0,0,0.353553,21,30.0001,0,3187.13,3228.18,357.38,184637,0,
16,0,0,0,0,0.353553,22,30.0001,0,3597.69,3625.78,463.193,255801,0,
16,0,0,0,0,0.353553,23,30.0001,0,3595.22,3598.83,370.47,247987,0,
16,0,0,0,0,0.353553,24,30.0001,0,3314.63,3388.21,342.829,192869,0,
16,0,0,0,0,0.353553,25,30.0001,0,3765.53,3800.84,442.943,220063,0,
17,0,0,0,0,0.353553,1,30.0001,0,3280.41,3302.03,322.831,246342,0,
17,0,0,0,0,0.353553,2,30.0001,0,3466.13,3489.9,355.22,314664,0,
17,0,0,0,0,0.353553,3,30,0,2931.1,3005.21,354.829,284090,0,
17,0,0,0,0,0.353553,4,30.0002,0,3377.42,3479.97,360.537,179116,0,
17,0,0,0,0,0.353553,5,30,0,3498.08,3549.6,366.367,248363,0,
17,0,0,0,0,0.353553,6,30.0001,0,3146.42,3165.68,304.274,271804,0,
17,0,0,0,0,0.353553,7,30.0001,0,3174.71,3214.05,296.165,248723,0,
17,0,0,0,0,0.353553,8,30.0001,0,3469.44,3499.09,360.042,276301,0,
17,0,0,0,0,0.353553,9,30.0001,0,3326.2,3355.01,425.955,294128,0,
17,0,0,0,0,0.353553,10,30.0001,0,3424.88,3498.07,356.344,208003,0,
17,0,0,0,0,0.353553,11,30.0001,0,3366.13,3382.99,411.863,299012,0,
17,0,0,0,0,0.353553,12,30.0001,0,2514.92,2531.81,362.068,258378,0,
17,0,0,0,0,0.353553,13,30.0001,0,3305.21,3335.19,431.55,256716,0,
17,0,0,0,0,0.353553,14,30.0001,0,4016.7,4048.05,390.98,211384,0,
17,0,0,0,0,0.353553,15,30.0001,0,3859.95,4000.49,353.856,231604,0,
17,0,0,0,0,0.353553,16,30.0001,0,3552.69,3573.96,364.432,257874,0,
17,0,0,0,0,0.353553,17,30.0002,0,3288.11,3395.73,381.063,151904,0,
17,0,0,0,0,0.353553,18,30.0001,0,3457.38,3493.94,349.094,241265,0,
17,0,0,0,0,0.353553,19,30.0001,0,3918.1,3942.7,444.805,262332,0,
17,0,0,0,0,0.353553,20,30,0,3742.07,3861.03,365.339,182673,0,
17,0,0,0,0,0.353553,21,30.0001,0,3373.34,3414.39,357.38,180149,0,
17,0,0,0,0,0.353553,22,30,0,3915.12,3943.18,463.16,249405,0,
17,0,0,0,0,0.353553,23,30.0001,0,3806.32,3817.32,369.763,242402,0,
17,0,0,0,0,0.353553,24,30,0,3674.03,3747.6,359.399,189574,0,
17,0,0,0,0,0.353553,25,30.0001,0,3980.83,4016.14,442.943,219901,0,
18,0,0,0,0,0.353553,1,30.0001,0,3622.17,3643.76,341.764,229564,0,
18,0,0,0,0,0.353553,2,30.0001,0,3736.62,3794.23,352.605,204808,0,
18,0,0,0,0,0.353553,3,30,0,3270.05,3375.47,354.829,279350,0,
18,0,0,0,0,0.353553,4,30.0001,0,3687.81,3790.35,360.537,172095,0,
18,0,0,0,0,0.353553,5,30.0001,0,3750.88,3802.57,367.074,236784,0,
18,0,0,0,0,0.353553,6,30,0,3197.11,3216.38,304.274,268092,0,
18,0,0,0,0,0.353553,7,30.0001,0,3490.99,3534.13,316.276,263084,0,
18,0,0,0,0,0.353553,8,30.0001,0,3631.03,3660.68,360.042,263949,0,
18,0,0,0,0,0.353553,9,30.0001,0,3588.48,3617.3,425.955,279839,0,
18,0,0,0,0,0.353553,10,30.0002,0,3520.95,3594.14,356.344,209573,0,
18,0,0,0,0,0.353553,11,30.0001,0,3595.82,3612.69,412.485,286295,0,
18,0,0,0,0,0.353553,12,30,0,2591.07,2607.88,362.691,248295,0,
18,0,0,0,0,0.353553,13,30.0001,0,3679.04,3720.42,431.55,249555,0,
18,0,0,0,0,0.353553,14,30,0,4059.2,4090.55,390.98,208349,0,
18,0,0,0,0,0.353553,15,30,0,3895.71,4036.24,357.447,228446,0,
18,0,0,0,0,0.353553,16,30,0,3854.49,3875.75,364.432,245686,0,
18,0,0,0,0,0.353553,17,30.0011,0,3466.25,3573.87,381.063,148213,0,
18,0,0,0,0,0.353553,18,30,0,3519.18,3555.74,349.094,229675,0,
18,0,0,0,0,0.353553,19,30.0001,0,3992.44,4016.99,444.805,251557,0,
18,0,0,0,0,0.353553,20,30.0001,0,4094.18,4152.5,381.565,187656,0,
18,0,0,0,0,0.353553,21,30.0002,0,3443.13,3484.17,357.38,172527,0,
18,0,0,0,0,0.353553,22,30.0001,0,4216.92,4244.82,457.671,235098,0,
18,0,0,0,0,0.353553,23,30.0001,0,4009.44,4035.06,370.399,230767,0,
18,0,0,0,0,0.353553,24,30.0001,0,3783.57,3857.15,359.399,184603,0,
18,0,0,0,0,0.353553,25,30.0001,0,4009.02,4044.33,442.943,213564,0,
19,0,0,0,0,0.353553,1,30.0001,0,4006.01,4027.54,383.835,215374,0,
19,0,0,0,0,0.353553,2,30.0325,0,3992.14,4049.75,352.605,196615,0,
19,0,0,0,0,0.353553,3,30,0,3558.93,3602.17,339.75,242031,0,
19,0,0,0,0,0.353553,4,30.0001,0,3936.97,4039.52,360.537,170648,0,
19,0,0,0,0,0.353553,5,30.0001,0,3820.64,3872.26,365.659,225616,0,
19,0,0,0,0,0.353553,6,30.0001,0,3252.42,3271.68,303.651,261221,0,
19,0,0,0,0,0.353553,7,30,0,3533.23,3576.37,316.276,259806,0,
19,0,0,0,0,0.353553,8,30.0001,0,3953.39,3983.04,360.042,253547,0,
19,0,0,0,0,0.353553,9,30,0,3725.85,3754.66,425.955,271391,0,
19,0,0,0,0,0.353553,10,30.0001,0,3672.58,3745.77,356.344,200779,0,
19,0,0,0,0,0.353553,11,30.0001,0,3925.66,3942.47,411.863,283258,0,
19,0,0,0,0,0.353553,12,30.0001,0,2755.29,2764.79,362.068,270910,0,
19,0,0,0,0,0.353553,13,30.0001,0,3734.06,3775.44,431.55,238599,0,
19,0,0,0,0,0.353553,14,30.0001,0,4473.18,4514.79,425.376,202686,0,
19,0,0,0,0,0.353553,15,30,0,4052.35,4193.56,353.856,218369,0,
19,0,0,0,0,0.353553,16,30.0001,0,4058.29,4079.53,364.432,234778,0,
19,0,0,0,0,0.353553,17,30.0002,0,3755.64,3863.26,381.063,147725,0,
19,0,0,0,0,0.353553,18,30,0,3644.74,3681.3,349.094,227003,0,
19,0,0,0,0,0.353553,19,30.0001,0,4079.42,4103.97,444.805,241880,0,
19,0,0,0,0,0.353553,20,30.0001,0,4296.35,4342.18,370.776,153987,0,
19,0,0,0,0,0.353553,21,30.0002,0,3595.17,3636.21,357.38,167324,0,
19,0,0,0,0,0.353553,22,30,0,4470.82,4498.65,461.072,222923,0,
19,0,0,0,0,0.353553,23,30.0001,0,4223.26,4248.92,370.448,221820,0,
19,0,0,0,0,0.353553,24,30.0001,0,4050.94,4124.51,359.399,177885,0,
19,0,0,0,0,0.353553,25,30.0001,0,4264.16,4299.47,442.943,204960,0,
20,0,0,0,0,0.353553,1,30.0002,0,4320.62,4367.23,383.835,211579,0,
20,0,0,0,0,0.353553,2,30.0001,0,4263.47,4321.09,352.605,191220,0,
20,0,0,0,0,0.353553,3,30.0001,0,3619.01,3662.23,350.34,238613,0,
20,0,0,0,0,0.353553,4,30.0002,0,4025.62,4128.17,360.537,167222,0,
20,0,0,0,0,0.353553,5,30.0001,0,4140.35,4192.39,365.371,228892,0,
20,0,0,0,0,0.353553,6,30,0,3457.87,3477.14,304.274,252966,0,
20,0,0,0,0,0.353553,7,30.0001,0,3860.66,3903.8,327.435,246337,0,
20,0,0,0,0,0.353553,8,30.0001,0,3990.44,4020.1,360.042,249082,0,
20,0,0,0,0,0.353553,9,30.0001,0,3745.78,3774.59,425.955,265755,0,
20,0,0,0,0,0.353553,10,30,0,3800.43,3873.61,356.344,194002,0,
20,0,0,0,0,0.353553,11,30.0001,0,3944.33,3961.14,411.863,280339,0,
20,0,0,0,0,0.353553,12,30.0001,0,3054.6,3080.34,373.461,264177,0,
20,0,0,0,0,0.353553,13,30.0001,0,3937.86,3976.96,442.943,245273,0,
20,0,0,0,0,0.353553,14,30.0001,0,4620.75,4662.36,413.983,198600,0,
20,0,0,0,0,0.353553,15,30.0002,0,4318.11,4459.31,351.334,207836,0,
20,0,0,0,0,0.353553,16,30,0,4110.85,4132.09,364.432,226368,0,
20,0,0,0,0,0.353553,17,30.0002,0,4001.3,4108.92,381.063,149982,0,
20,0,0,0,0,0.353553,18,30,0,3819.63,3856.2,349.094,219289,0,
20,0,0,0,0,0.353553,19,30.0001,0,4136.78,4161.3,444.805,233953,0,
20,0,0,0,0,0.353553,20,30.0001,0,4474.61,4520.44,370.776,154737,0,
20,0,0,0,0,0.353553,21,30.0002,0,3699.23,3740.27,357.38,163290,0,
20,0,0,0,0,0.353553,22,30,0,4588.85,4616.68,459.658,214132,0,
20,0,0,0,0,0.353553,23,30.0002,0,4665.2,4690.85,441.939,210527,0,
20,0,0,0,0,0.353553,24,30.0001,0,4098.49,4172.07,359.399,176988,0,
20,0,0,0,0,0.353553,25,30.0002,0,4539.51,4574.78,442.943,198935,0,
21,0,0,0,0,0.353553,1,30.0586,0,4758.29,4804.45,438.291,196614,0,
21,0,0,0,0,0.353553,2,30.0002,0,4509.84,4567.46,352.605,179615,0,
21,0,0,0,0,0.353553,3,30.0001,0,3838.81,3868.89,350.34,233284,0,
21,0,0,0,0,0.353553,4,30.0002,0,4252.7,4355.25,360.537,161685,0,
21,0,0,0,0,0.353553,5,30.0001,0,4322.71,4374.74,366.785,225575,0,
21,0,0,0,0,0.353553,6,30.0001,0,3710.79,3731.98,303.651,250761,0,
21,0,0,0,0,0.353553,7,30.0001,0,4009.02,4052.16,327.435,238859,0,
21,0,0,0,0,0.353553,8,30.0001,0,4067.19,4096.85,360.042,243160,0,
21,0,0,0,0,0.353553,9,30.0001,0,4088.61,4122.23,425.955,257881,0,
21,0,0,0,0,0.353553,10,30.0001,0,3898.53,3971.69,356.344,190671,0,
21,0,0,0,0,0.353553,11,30.0001,0,4147.11,4163.92,411.863,266405,0,
21,0,0,0,0,0.353553,12,30.0001,0,3198.05,3223.79,373.461,262653,0,
21,0,0,0,0,0.353553,13,30.0001,0,4159.85,4198.95,442.943,240888,0,
21,0,0,0,0,0.353553,14,30.0002,0,4888.67,4930.28,413.983,193516,0,
21,0,0,0,0,0.353553,15,30,0,4508.5,4649.68,353.856,198863,0,
21,0,0,0,0,0.353553,16,30.0001,0,4324.2,4342.93,364.432,209433,0,
21,0,0,0,0,0.353553,17,30.0002,0,4190.48,4305.5,381.063,144497,0,
21,0,0,0,0,0.353553,18,30.0001,0,3904.72,3941.29,349.094,216264,0,
21,0,0,0,0,0.353553,19,30.0001,0,4423.08,4448.92,450.708,230620,0,
21,0,0,0,0,0.353553,20,30.0001,0,4501.13,4546.96,370.776,151441,0,
21,0,0,0,0,0.353553,21,30.0001,0,3953.24,3994.28,357.38,158174,0,
21,0,0,0,0,0.353553,22,30,0,4769.55,4798.02,463.193,206957,0,
21,0,0,0,0,0.353553,23,30.0001,0,4766.45,4792.1,441.939,208799,0,
21,0,0,0,0,0.353553,24,30.0001,0,4325.41,4398.98,359.399,171941,0,
21,0,0,0,0,0.353553,25,30.0001,0,4737.9,4773.15,442.943,193985,0,
22,0,0,0,0,0.353553,1,30.0002,0,4969.47,5015.51,437.668,189011,0,
22,0,0,0,0,0.353553,2,30,0,4825.44,4883.68,352.605,177378,0,
22,0,0,0,0,0.353553,3,30.0038,0,4049.59,4077.26,338.947,196614,0,
22,0,0,0,0,0.353553,4,30.0002,0,4310.57,4413.11,360.537,154220,0,
22,0,0,0,0,0.353553,5,30.0001,0,4435.26,4492.86,368.621,230419,0,
22,0,0,0,0,0.353553,6,30.0002,0,3981.88,4014.82,303.651,200394,0,
22,0,0,0,0,0.353553,7,30.0001,0,4126.64,4169.78,327.435,235906,0,
22,0,0,0,0,0.353553,8,30.0001,0,4244.68,4285.03,370.889,237529,0,
22,0,0,0,0,0.353553,9,30.0001,0,4231.35,4264.97,425.955,250338,0,
22,0,0,0,0,0.353553,10,30,0,3962.21,4035.35,356.344,184182,0,
22,0,0,0,0,0.353553,11,30.0001,0,4498.46,4593.87,412.485,209984,0,
22,0,0,0,0,0.353553,12,30.0001,0,3371.13,3396.87,373.461,250995,0,
22,0,0,0,0,0.353553,13,30.0001,0,4439.5,4478.59,442.943,237432,0,
22,0,0,0,0,0.353553,14,30.0001,0,5053.72,5095.33,425.376,189127,0,
22,0,0,0,0,0.353553,15,30.0353,0,4646.52,4787.69,353.856,196622,0,
22,0,0,0,0,0.353553,16,30.0001,0,4532.12,4550.82,364.432,203663,0,
22,0,0,0,0,0.353553,17,30.0001,0,4228.65,4343.67,381.063,143109,0,
22,0,0,0,0,0.353553,18,30.0004,0,4125.55,4162.06,349.094,200970,0,
22,0,0,0,0,0.353553,19,30,0,4717.04,4752.1,444.805,203867,0,
22,0,0,0,0,0.353553,20,30.0002,0,4794.42,4839.29,370.776,147822,0,
22,0,0,0,0,0.353553,21,30.0002,0,4103.94,4144.98,357.38,152180,0,
22,0,0,0,0,0.353553,22,30.0001,0,5036.29,5064.76,461.779,199729,0,
22,0,0,0,0,0.353553,23,30.0002,0,5075.27,5112.31,441.939,201329,0,
22,0,0,0,0,0.353553,24,30.0002,0,4574.72,4648.3,359.399,167709,0,
22,0,0,0,0,0.353553,25,30.0002,0,4894.85,4956.1,466.737,182912,0,
23,0,0,0,0,0.353553,1,30.0002,0,5120.5,5166.54,437.668,185716,0,
23,0,0,0,0,0.353553,2,30,0,5014.07,5072.84,352.605,172289,0,
23,0,0,0,0,0.353553,3,30.0001,0,4271.7,4299.31,338.947,187754,0,
23,0,0,0,0,0.353553,4,30.0001,0,4501.51,4604.05,360.537,153293,0,
23,0,0,0,0,0.353553,5,30.0001,0,4552.87,4610.47,368.621,226386,0,
23,0,0,0,0,0.353553,6,30.0001,0,4163.44,4196.37,303.651,192946,0,
23,0,0,0,0,0.353553,7,30.0001,0,4476.19,4519.33,349.55,221272,0,
23,0,0,0,0,0.353553,8,30,0,4498.14,4538.01,370.889,228605,0,
23,0,0,0,0,0.353553,9,30.0001,0,4467.37,4500.99,425.955,247073,0,
23,0,0,0,0,0.353553,10,30.0001,0,4292.1,4366.7,356.344,184860,0,
23,0,0,0,0,0.353553,11,30.0001,0,4602.91,4698.33,412.485,208367,0,
23,0,0,0,0,0.353553,12,30.0001,0,3728.72,3768.77,373.461,241383,0,
23,0,0,0,0,0.353553,13,30,0,4682.24,4721.17,445.504,227003,0,
23,0,0,0,0,0.353553,14,30,0,5167.56,5209.17,413.983,186600,0,
23,0,0,0,0,0.353553,15,30.0001,0,4880.11,5021.29,353.856,190125,0,
23,0,0,0,0,0.353553,16,30.0002,0,4610.45,4629.11,364.432,196325,0,
23,0,0,0,0,0.353553,17,30.0001,0,4469.02,4585.49,382.514,141504,0,
23,0,0,0,0,0.353553,18,30.0001,0,4389.73,4426.22,349.094,194660,0,
23,0,0,0,0,0.353553,19,30.0002,0,4895.67,4930.5,444.805,192831,0,
23,0,0,0,0,0.353553,20,30.0001,0,5013.04,5057.91,370.776,142469,0,
23,0,0,0,0,0.353553,21,30.0002,0,4138.61,4179.65,357.38,151331,0,
23,0,0,0,0,0.353553,22,30.0001,0,5113.98,5142.44,460.365,192145,0,
23,0,0,0,0,0.353553,23,30.0001,0,5465.25,5502.29,441.939,195219,0,
23,0,0,0,0,0.353553,24,30.0002,0,4871.52,4945.1,359.399,158212,0,
23,0,0,0,0,0.353553,25,30.0001,0,4922.68,4983.13,466.737,177764,0,
24,0,0,0,0,0.353553,1,30,0,5311.76,5357.47,437.668,182171,0,
24,0,0,0,0,0.353553,2,30.0002,0,5159.77,5218.54,352.605,167032,0,
24,0,0,0,0,0.353553,3,30.0002,0,4577.99,4606.03,338.947,178249,0,
24,0,0,0,0,0.353553,4,30.0001,0,4578.22,4680.76,360.537,149729,0,
24,0,0,0,0,0.353553,5,30.0001,0,4599.57,4657.15,366.99,223680,0,
24,0,0,0,0,0.353553,6,30.0002,0,4227.03,4259.97,303.651,189344,0,
24,0,0,0,0,0.353553,7,30.0001,0,4637.19,4680.33,349.55,216739,0,
24,0,0,0,0,0.353553,8,30.0001,0,4587.89,4627.76,370.889,222130,0,
24,0,0,0,0,0.353553,9,30.0001,0,4780.96,4814.58,425.955,236160,0,
24,0,0,0,0,0.353553,10,30.0001,0,4538.08,4578.19,356.344,172120,0,
24,0,0,0,0,0.353553,11,30.0001,0,4664.37,4759.79,412.485,203393,0,
24,0,0,0,0,0.353553,12,30.0001,0,4038.84,4073.94,362.068,207136,0,
24,0,0,0,0,0.353553,13,30.0001,0,4784.68,4823.51,445.504,216108,0,
24,0,0,0,0,0.353553,14,30.0001,0,5362.35,5403.96,425.376,178736,0,
24,0,0,0,0,0.353553,15,30,0,4978.56,5119.72,356.142,186439,0,
24,0,0,0,0,0.353553,16,30.0001,0,4873.22,4891.87,364.432,192654,0,
24,0,0,0,0,0.353553,17,30.0003,0,4808.75,4925.21,382.514,135713,0,
24,0,0,0,0,0.353553,18,30.0001,0,4649.26,4685.74,349.094,185348,0,
24,0,0,0,0,0.353553,19,30.0001,0,5180.5,5215.55,444.805,185356,0,
24,0,0,0,0,0.353553,20,30.0001,0,5179.97,5224.84,370.776,138451,0,
24,0,0,0,0,0.353553,21,30.0002,0,4561.51,4611.27,431.618,145696,0,
24,0,0,0,0,0.353553,22,30.0002,0,5298.56,5327.03,459.658,186901,0,
24,0,0,0,0,0.353553,23,30.0001,0,5702.36,5739.38,441.939,185639,0,
24,0,0,0,0,0.353553,24,30.0001,0,5041.07,5114.65,359.399,154617,0,
24,0,0,0,0,0.353553,25,30.0001,0,5152.95,5212.73,462.372,169230,0,
25,0,0,0,0,0.353553,1,30.0002,0,5495.06,5540.77,437.668,171783,0,
25,0,0,0,0,0.353553,2,30.0002,0,5367.33,5426.08,352.605,159621,0,
25,0,0,0,0,0.353553,3,30.0001,0,4667.92,4695.92,338.947,166111,0,
25,0,0,0,0,0.353553,4,30.0001,0,4877.32,4931.52,361.244,138977,0,
25,0,0,0,0,0.353553,5,30.0001,0,4907.36,4964.83,361.438,211795,0,
25,0,0,0,0,0.353553,6,30.0002,0,4395.58,4428.52,303.651,185533,0,
25,0,0,0,0,0.353553,7,30.0002,0,4773.46,4816.6,349.55,207162,0,
25,0,0,0,0,0.353553,8,30,0,4901.41,4946.09,370.889,219958,0,
25,0,0,0,0,0.353553,9,30.0001,0,4999,5032.62,425.955,223297,0,
25,0,0,0,0,0.353553,10,30.0001,0,4768.6,4808.7,356.344,163994,0,
25,0,0,0,0,0.353553,11,30.0001,0,4962.85,5058.26,412.485,194750,0,
25,0,0,0,0,0.353553,12,30.0001,0,4409.08,4462.66,388.733,200652,0,
25,0,0,0,0,0.353553,13,30.0001,0,4880.9,4919.72,442.943,211101,0,
25,0,0,0,0,0.353553,14,30.0001,0,5619.02,5660.63,425.376,173684,0,
25,0,0,0,0,0.353553,15,30.0001,0,5212.52,5353.67,354.563,180356,0,
25,0,0,0,0,0.353553,16,30.0001,0,5090.6,5109.25,364.432,187700,0,
25,0,0,0,0,0.353553,17,30.0001,0,4854.78,4971.24,382.514,134266,0,
25,0,0,0,0,0.353553,18,30.0001,0,4721.04,4757.52,349.094,183048,0,
25,0,0,0,0,0.353553,19,30.0001,0,5466.59,5501.65,444.805,183160,0,
25,0,0,0,0,0.353553,20,30.0002,0,5329.54,5374.41,370.776,134152,0,
25,0,0,0,0,0.353553,21,30.0001,0,4880.32,4930.07,431.618,144655,0,
25,0,0,0,0,0.353553,22,30.0001,0,5569.44,5600.75,464.607,172542,0,
25,0,0,0,0,0.353553,23,30.0001,0,5850.83,5887.92,441.939,178095,0,
25,0,0,0,0,0.353553,24,30.0002,0,5247.76,5321.34,359.399,153689,0,
25,0,0,0,0,0.353553,25,30.0001,0,5397.19,5455.57,461.665,161833,0,
26,0,0,0,0,0.353553,1,30.0001,0,5666.51,5712.22,437.668,163183,0,
26,0,0,0,0,0.353553,2,30.0001,0,5751.28,5810.03,383.948,156157,0,
26,0,0,0,0,0.353553,3,30.0002,0,4759.36,4787.35,338.947,164920,0,
26,0,0,0,0,0.353553,4,30.0002,0,5095.79,5149.99,361.952,135467,0,
26,0,0,0,0,0.353553,5,30.0589,0,5113.25,5182.61,366.367,196622,0,
26,0,0,0,0,0.353553,6,30.0001,0,4745.13,4787.09,358.581,180805,0,
26,0,0,0,0,0.353553,7,30.0001,0,4905.1,4948.24,349.55,202716,0,
26,0,0,0,0,0.353553,8,30.0001,0,5144.41,5189.09,370.889,208883,0,
26,0,0,0,0,0.353553,9,30.0001,0,5161.17,5207.95,425.955,183222,0,
26,0,0,0,0,0.353553,10,30.0002,0,4889.86,4929.97,356.344,160848,0,
26,0,0,0,0,0.353553,11,30.0001,0,5076.5,5171.92,412.485,183406,0,
26,0,0,0,0,0.353553,12,30.0001,0,4439.2,4492.72,388.733,196286,0,
26,0,0,0,0,0.353553,13,30.0002,0,5004.79,5043.3,442.943,206700,0,
26,0,0,0,0,0.353553,14,30.0001,0,5636.71,5678.32,413.983,170377,0,
26,0,0,0,0,0.353553,15,30.0002,0,5348.53,5489.68,353.856,175108,0,
26,0,0,0,0,0.353553,16,30.0002,0,5283.76,5295.55,364.432,192215,0,
26,0,0,0,0,0.353553,17,30.0002,0,5147.81,5264.28,382.514,131422,0,
26,0,0,0,0,0.353553,18,30.0001,0,4841.87,4878.3,349.094,175008,0,
26,0,0,0,0,0.353553,19,30.0001,0,5576.63,5611.68,444.805,179028,0,
26,0,0,0,0,0.353553,20,30.0001,0,5450.2,5491.22,365.974,128389,0,
26,0,0,0,0,0.353553,21,30.0001,0,5225.51,5281.77,431.618,143184,0,
26,0,0,0,0,0.353553,22,30.0001,0,5674.43,5705.73,464.607,172994,0,
26,0,0,0,0,0.353553,23,30.0001,0,6215.69,6253.68,442.646,129161,0,
26,0,0,0,0,0.353553,24,30,0,5337.43,5411.01,359.399,149142,0,
26,0,0,0,0,0.353553,25,30.0001,0,5498.33,5554.81,462.764,153493,0,
27,0,0,0,0,0.353553,1,30.0001,0,5938.96,5988.37,437.668,158491,0,
27,0,0,0,0,0.353553,2,30.0003,0,6004.61,6063.36,383.948,147520,0,
27,0,0,0,0,0.353553,3,30.0001,0,4945.41,4997.3,338.947,172223,0,
27,0,0,0,0,0.353553,4,30.0003,0,5237.45,5291.65,361.952,135460,0,
27,0,0,0,0,0.353553,5,30.0001,0,5229.08,5300.94,366.785,194998,0,
27,0,0,0,0,0.353553,6,30.0001,0,4855.7,4897.66,358.581,179642,0,
27,0,0,0,0,0.353553,7,30.0002,0,5166.15,5209.29,349.55,198655,0,
27,0,0,0,0,0.353553,8,30.0002,0,5407.57,5447.01,373.01,166755,0,
27,0,0,0,0,0.353553,9,30.0002,0,5319.76,5366.54,425.955,178804,0,
27,0,0,0,0,0.353553,10,30.0001,0,5077.35,5117.45,356.344,157937,0,
27,0,0,0,0,0.353553,11,30.0001,0,5304.43,5402.33,414.972,182136,0,
27,0,0,0,0,0.353553,12,30.0001,0,4458.63,4512.15,388.733,192940,0,
27,0,0,0,0,0.353553,13,30.0001,0,5112.17,5150.66,442.943,203862,0,
27,0,0,0,0,0.353553,14,30.0002,0,5756.77,5798.38,425.376,168797,0,
27,0,0,0,0,0.353553,15,30.0001,0,5451.19,5592.34,353.856,170104,0,
27,0,0,0,0,0.353553,16,30.0002,0,5351.46,5363.16,364.432,186698,0,
27,0,0,0,0,0.353553,17,30.0001,0,5361.48,5477.95,382.514,128786,0,
27,0,0,0,0,0.353553,18,30.0002,0,5175.83,5212.25,349.094,165236,0,
27,0,0,0,0,0.353553,19,30.0001,0,5685.43,5720.46,450.708,174814,0,
27,0,0,0,0,0.353553,20,30.0001,0,5718.24,5758.73,365.439,126548,0,
27,0,0,0,0,0.353553,21,30,0,5537.76,5594.01,431.618,141963,0,
27,0,0,0,0,0.353553,22,30.0002,0,5955.43,5986.74,464.607,162510,0,
27,0,0,0,0,0.353553,23,30.0001,0,6372.68,6410.67,442.646,123415,0,
27,0,0,0,0,0.353553,24,30.0001,0,5517.74,5591.31,359.399,146872,0,
27,0,0,0,0,0.353553,25,30.0001,0,5512.24,5568.72,462.764,152508,0,
28,0,0,0,0,0.353553,1,30.0001,0,6183.89,6233.29,437.668,154887,0,
28,0,0,0,0,0.353553,2,30.0002,0,6043.39,6102.14,383.948,144692,0,
28,0,0,0,0,0.353553,3,30.0001,0,5168.34,5220.21,338.947,167866,0,
28,0,0,0,0,0.353553,4,30.0001,0,5367.77,5421.95,361.934,131074,0,
28,0,0,0,0,0.353553,5,30.0002,0,5409.14,5480.97,365.659,185321,0,
28,0,0,0,0,0.353553,6,30.0001,0,4991.43,5033.36,358.581,174484,0,
28,0,0,0,0,0.353553,7,30.0001,0,5385.38,5428.52,349.55,191586,0,
28,0,0,0,0,0.353553,8,30.0002,0,5756.7,5805.55,360.042,137696,0,
28,0,0,0,0,0.353553,9,30.0002,0,5395.86,5442.64,425.955,175274,0,
28,0,0,0,0,0.353553,10,30.0002,0,5358.1,5398.2,356.344,148632,0,
28,0,0,0,0,0.353553,11,30.0002,0,5699.18,5847.08,414.35,150760,0,
28,0,0,0,0,0.353553,12,30.0001,0,4715.76,4769.29,388.733,185294,0,
28,0,0,0,0,0.353553,13,30.0001,0,5370.44,5408.93,442.943,199150,0,
28,0,0,0,0,0.353553,14,30.0001,0,5981.63,6023.24,425.376,161316,0,
28,0,0,0,0,0.353553,15,30.0001,0,5491.26,5632.32,353.856,159317,0,
28,0,0,0,0,0.353553,16,30.0002,0,5745.22,5756.9,393.767,181834,0,
28,0,0,0,0,0.353553,17,30.0003,0,5653.65,5769.41,382.514,122041,0,
28,0,0,0,0,0.353553,18,30.0001,0,5191.84,5228.26,349.094,162048,0,
28,0,0,0,0,0.353553,19,30.0001,0,6054.26,6126.25,444.805,145995,0,
28,0,0,0,0,0.353553,20,30.0002,0,5863.33,5903.82,365.439,122534,0,
28,0,0,0,0,0.353553,21,30.0001,0,5584.79,5641.04,431.618,138296,0,
28,0,0,0,0,0.353553,22,30.0002,0,6062.31,6093.61,464.607,158379,0,
28,0,0,0,0,0.353553,23,30.0002,0,6552.06,6590.06,442.646,120280,0,
28,0,0,0,0,0.353553,24,30.0002,0,5772.85,5846.43,359.399,141701,0,
28,0,0,0,0,0.353553,25,30.0001,0,5600.61,5657.05,462.637,148722,0,
29,0,0,0,0,0.353553,1,30.0001,0,6447.17,6452.9,437.668,135627,0,
29,0,0,0,0,0.353553,2,30.0002,0,6282.19,6340.94,383.948,140345,0,
29,0,0,0,0,0.353553,3,30.0001,0,5201.93,5253.78,338.947,163020,0,
29,0,0,0,0,0.353553,4,30.0001,0,5579.9,5634.04,361.867,130017,0,
29,0,0,0,0,0.353553,5,30.0002,0,5751.29,5810.77,360.816,159889,0,
29,0,0,0,0,0.353553,6,30,0,5161.85,5203.78,358.581,167963,0,
29,0,0,0,0,0.353553,7,30.0001,0,5748.37,5796.32,367.793,182884,0,
29,0,0,0,0,0.353553,8,30.0001,0,6139.63,6188.48,382.927,131476,0,
29,0,0,0,0,0.353553,9,30.0002,0,5747.27,5778.35,425.955,179709,0,
29,0,0,0,0,0.353553,10,30,0,5686.24,5726.34,356.344,143743,0,
29,0,0,0,0,0.353553,11,30.0003,0,6040.58,6188.48,414.35,143306,0,
29,0,0,0,0,0.353553,12,30.0001,0,4836.35,4889.87,388.733,181067,0,
29,0,0,0,0,0.353553,13,30.0002,0,5661.36,5699.84,442.943,190791,0,
29,0,0,0,0,0.353553,14,30,0,6118.59,6160.2,425.376,160473,0,
29,0,0,0,0,0.353553,15,30.0001,0,5671.73,5812.77,353.856,153284,0,
29,0,0,0,0,0.353553,16,30.0002,0,6008.66,6026.1,393.767,168931,0,
29,0,0,0,0,0.353553,17,30.0003,0,5725.38,5841.14,382.514,123252,0,
29,0,0,0,0,0.353553,18,30.0002,0,5290.15,5326.55,349.094,157118,0,
29,0,0,0,0,0.353553,19,30.0002,0,6281.9,6353.81,444.805,142274,0,
29,0,0,0,0,0.353553,20,30.0003,0,6088.08,6128.57,365.439,116746,0,
29,0,0,0,0,0.353553,21,30.0001,0,5826.76,5882.98,431.618,133036,0,
29,0,0,0,0,0.353553,22,30.0002,0,6358.24,6388.84,464.607,153876,0,
29,0,0,0,0,0.353553,23,30.0003,0,6940.84,6980.16,443.269,112837,0,
29,0,0,0,0,0.353553,24,30.0002,0,5917.74,5991.32,359.399,136566,0,
29,0,0,0,0,0.353553,25,30.0003,0,5674.62,5731.07,462.637,146066,0,
30,0,0,0,0,0.353553,1,30.0002,0,6695.74,6701.48,437.668,139396,0,
30,0,0,0,0,0.353553,2,30.0002,0,6585.58,6617.91,383.948,134255,0,
30,0,0,0,0,0.353553,3,30.0001,0,5431.4,5483.29,338.947,158981,0,
30,0,0,0,0,0.353553,4,30.0002,0,5632.73,5686.87,361.867,128231,0,
30,0,0,0,0,0.353553,5,30.0002,0,5823.51,5883,360.816,158225,0,
30,0,0,0,0,0.353553,6,30.0001,0,5336.67,5378.61,358.581,164523,0,
30,0,0,0,0,0.353553,7,30.0002,0,5855.38,5903.33,367.793,182109,0,
30,0,0,0,0,0.353553,8,30.0002,0,6411.44,6460.29,382.927,127812,0,
30,0,0,0,0,0.353553,9,30.0001,0,5976.86,6007.3,425.955,172346,0,
30,0,0,0,0,0.353553,10,30.0002,0,5984.51,6003.19,356.344,145496,0,
30,0,0,0,0,0.353553,11,30.0002,0,6197.28,6356.74,414.35,149594,0,
30,0,0,0,0,0.353553,12,30.0002,0,5212.98,5241.64,378.046,154196,0,
30,0,0,0,0,0.353553,13,30.0001,0,6001.33,6038.76,442.943,182487,0,
30,0,0,0,0,0.353553,14,30.0002,0,6410.95,6452.56,413.983,154078,0,
30,0,0,0,0,0.353553,15,30.0001,0,5728.15,5869.1,356.531,148607,0,
30,0,0,0,0,0.353553,16,30.0002,0,6166.71,6184.07,393.767,164971,0,
30,0,0,0,0,0.353553,17,30.0001,0,6012.93,6128.69,382.514,120112,0,
30,0,0,0,0,0.353553,18,30.0002,0,5370.53,5406.93,349.094,153954,0,
30,0,0,0,0,0.353553,19,30.0002,0,6467.78,6539.49,444.805,137876,0,
30,0,0,0,0,0.353553,20,30.0002,0,6229.05,6269.54,365.439,115154,0,
30,0,0,0,0,0.353553,21,30.0001,0,5943.22,5999.39,431.618,130277,0,
30,0,0,0,0,0.353553,22,30.0002,0,6398.39,6428.99,464.607,146182,0,
30,0,0,0,0,0.353553,23,30.0002,0,7142.52,7181.75,443.269,109459,0,
30,0,0,0,0,0.353553,24,30.0001,0,6113.99,6187.57,359.399,134402,0,
30,0,0,0,0,0.353553,25,30.0002,0,5899.91,5956.27,462.637,139084,0,
31,0,0,0,0,0.353553,1,30.0002,0,7006.3,7016.35,437.668,125149,0,
31,0,0,0,0,0.353553,2,30.0002,0,6624.41,6656.75,383.948,132690,0,
31,0,0,0,0,0.353553,3,30.0002,0,5476.09,5527.98,338.947,153316,0,
31,0,0,0,0,0.353553,4,30.0001,0,5859.22,5913.35,361.867,124762,0,
31,0,0,0,0,0.353553,5,30.0002,0,5991.38,6050.86,360.816,153236,0,
31,0,0,0,0,0.353553,6,30.0002,0,5460.44,5502.37,358.581,158527,0,
31,0,0,0,0,0.353553,7,30.0001,0,6134.11,6182.06,367.793,175709,0,
31,0,0,0,0,0.353553,8,30.0003,0,6653.7,6703.79,383.549,123875,0,
31,0,0,0,0,0.353553,9,30.0001,0,6069.82,6100.19,425.955,170573,0,
31,0,0,0,0,0.353553,10,30.0001,0,6039.72,6058.35,356.344,142925,0,
31,0,0,0,0,0.353553,11,30.0002,0,6370.06,6529.52,414.35,147443,0,
31,0,0,0,0,0.353553,12,30.0003,0,5360.86,5389.52,378.046,151789,0,
31,0,0,0,0,0.353553,13,30.0003,0,6220.98,6270.49,431.55,145151,0,
31,0,0,0,0,0.353553,14,30.0002,0,6690.1,6698.09,413.983,170259,0,
31,0,0,0,0,0.353553,15,30.0001,0,5874.98,6022.62,351.334,130687,0,
31,0,0,0,0,0.353553,16,30.0002,0,6402.17,6430.92,393.767,158769,0,
31,0,0,0,0,0.353553,17,30.0001,0,6307.04,6422.8,382.514,116701,0,
31,0,0,0,0,0.353553,18,30.0001,0,5409.37,5445.77,349.094,156162,0,
31,0,0,0,0,0.353553,19,30.0002,0,6569.33,6641.04,444.805,135590,0,
31,0,0,0,0,0.353553,20,30.0001,0,6389.64,6430.13,365.439,114132,0,
31,0,0,0,0,0.353553,21,30.0003,0,6009.25,6065.42,431.618,128578,0,
31,0,0,0,0,0.353553,22,30.0002,0,6815.55,6845.58,463.16,137304,0,
31,0,0,0,0,0.353553,23,30.0002,0,7220.71,7259.95,443.269,107124,0,
31,0,0,0,0,0.353553,24,30.0001,0,6484.35,6557.92,370.355,128085,0,
31,0,0,0,0,0.353553,25,30.0003,0,6241.09,6296.98,462.405,131928,0,
32,0,0,0,0,0.353553,1,30.0001,0,7258.6,7268.65,437.668,123984,0,
32,0,0,0,0,0.353553,2,30.0002,0,6733.08,6765.42,383.948,130017,0,
32,0,0,0,0,0.353553,3,30.0001,0,5580.28,5632.15,338.947,150040,0,
32,0,0,0,0,0.353553,4,30.0001,0,5907.68,5961.8,361.874,121258,0,
32,0,0,0,0,0.353553,5,30.0001,0,6150.83,6210.19,360.816,149135,0,
32,0,0,0,0,0.353553,6,30.0002,0,5638.58,5680.49,358.581,150410,0,
32,0,0,0,0,0.353553,7,30.0002,0,6233.04,6280.98,367.793,172237,0,
32,0,0,0,0,0.353553,8,30.0002,0,6935.7,6986.29,383.549,122336,0,
32,0,0,0,0,0.353553,9,30.0002,0,6331.58,6361.95,425.955,161461,0,
32,0,0,0,0,0.353553,10,30.0002,0,6197.6,6216.21,356.344,138562,0,
32,0,0,0,0,0.353553,11,30.0002,0,6486.64,6646.1,414.35,139634,0,
32,0,0,0,0,0.353553,12,30.0001,0,5488.11,5516.78,378.046,146088,0,
32,0,0,0,0,0.353553,13,30.0002,0,6282.38,6331.88,431.55,140510,0,
32,0,0,0,0,0.353553,14,30.0002,0,6798.33,6806.28,413.983,165349,0,
32,0,0,0,0,0.353553,15,30.0001,0,5993.91,6141.55,351.334,131337,0,
32,0,0,0,0,0.353553,16,30.0001,0,6530.6,6564.13,393.767,153833,0,
32,0,0,0,0,0.353553,17,30.0003,0,6370.63,6486.4,382.514,115337,0,
32,0,0,0,0,0.353553,18,30.0002,0,5635.16,5676.36,349.094,147492,0,
32,0,0,0,0,0.353553,19,30.0001,0,6765.96,6837.96,444.805,130377,0,
32,0,0,0,0,0.353553,20,30.0003,0,6621.68,6662.17,365.439,111987,0,
32,0,0,0,0,0.353553,21,30.0002,0,6125.35,6181.47,431.618,123174,0,
32,0,0,0,0,0.353553,22,30.0002,0,7033.05,7063.06,463.16,134891,0,
32,0,0,0,0,0.353553,23,30.0004,0,7488.85,7528.09,443.269,104033,0,
32,0,0,0,0,0.353553,24,30.0003,0,6613.93,6687.51,370.355,123818,0,
32,0,0,0,0,0.353553,25,30.0001,0,6543.32,6588,431.55,143750,0,
33,0,0,0,0,0.353553,1,30.0002,0,7433.39,7443.42,437.668,118139,0,
33,0,0,0,0,0.353553,2,30.0002,0,6888.09,6920.43,383.948,127215,0,
33,0,0,0,0,0.353553,3,30.0002,0,5651.55,5703.42,338.947,148387,0,
33,0,0,0,0,0.353553,4,30.0002,0,5955.22,6009.34,361.874,116181,0,
33,0,0,0,0,0.353553,5,30.0002,0,6183.15,6242.5,360.816,144724,0,
33,0,0,0,0,0.353553,6,30.0001,0,5845.87,5887.78,358.581,146661,0,
33,0,0,0,0,0.353553,7,30.0001,0,6566.31,6614.26,367.793,166355,0,
33,0,0,0,0,0.353553,8,30.0001,0,7243.51,7325.11,383.549,119353,0,
33,0,0,0,0,0.353553,9,30.0001,0,6533.75,6570.86,425.955,161332,0,
33,0,0,0,0,0.353553,10,30.0001,0,6507.99,6526.59,356.344,135762,0,
33,0,0,0,0,0.353553,11,30.0001,0,6631.81,6791.27,414.35,138070,0,
33,0,0,0,0,0.353553,12,30.0002,0,5772.37,5801.04,378.046,143037,0,
33,0,0,0,0,0.353553,13,30.0001,0,6452.84,6502.35,431.55,139462,0,
33,0,0,0,0,0.353553,14,30.0001,0,7055.98,7063.91,413.983,161538,0,
33,0,0,0,0,0.353553,15,30.0001,0,6187.38,6334.9,351.334,128461,0,
33,0,0,0,0,0.353553,16,30.0002,0,6718.93,6752.46,393.767,148475,0,
33,0,0,0,0,0.353553,17,30.0004,0,6567.55,6683.31,382.514,113011,0,
33,0,0,0,0,0.353553,18,30.0002,0,5871.07,5922.08,349.094,145582,0,
33,0,0,0,0,0.353553,19,30.0001,0,6956.43,7028.42,444.805,125398,0,
33,0,0,0,0,0.353553,20,30.0001,0,6903.97,6944.08,366.008,108280,0,
33,0,0,0,0,0.353553,21,30.0001,0,6159.92,6216.04,431.618,121557,0,
33,0,0,0,0,0.353553,22,30.0002,0,7289.43,7319.45,463.16,130376,0,
33,0,0,0,0,0.353553,23,30.0001,0,7797.41,7825.08,448.766,113491,0,
33,0,0,0,0,0.353553,24,30.0002,0,6855.41,6930.32,370.977,123803,0,
33,0,0,0,0,0.353553,25,30.0003,0,6704.05,6748.72,431.55,144513,0,
34,0,0,0,0,0.353553,1,30.0003,0,7623.79,7633.81,437.668,114855,0,
34,0,0,0,0,0.353553,2,30.0002,0,7041.87,7074.21,383.948,123320,0,
34,0,0,0,0,0.353553,3,30.0002,0,5856.24,5908.13,338.947,140873,0,
34,0,0,0,0,0.353553,4,30.0001,0,6053.28,6107.4,361.874,115682,0,
34,0,0,0,0,0.353553,5,30.0001,0,6466.06,6525.41,360.816,139770,0,
34,0,0,0,0,0.353553,6,30.0001,0,6005.88,6047.78,358.581,144548,0,
34,0,0,0,0,0.353553,7,30.0002,0,6798.19,6846.14,367.793,162485,0,
34,0,0,0,0,0.353553,8,30.0002,0,7317.3,7398.91,383.549,117080,0,
34,0,0,0,0,0.353553,9,30.0001,0,6738.17,6775.28,425.955,155605,0,
34,0,0,0,0,0.353553,10,30.0001,0,6856.95,6875.55,356.344,131486,0,
34,0,0,0,0,0.353553,11,30.0002,0,6776.88,6936.27,414.35,136031,0,
34,0,0,0,0,0.353553,12,30.0001,0,6022.09,6050.75,378.046,139135,0,
34,0,0,0,0,0.353553,13,30.0001,0,6619.35,6668.86,431.55,133616,0,
34,0,0,0,0,0.353553,14,30.0001,0,7119.81,7127.59,413.983,152170,0,
34,0,0,0,0,0.353553,15,30.0002,0,6272.79,6420.31,351.334,124292,0,
34,0,0,0,0,0.353553,16,30.0001,0,6946.01,6987.81,398.85,135109,0,
34,0,0,0,0,0.353553,17,30.0003,0,6850.97,6966.73,382.514,109188,0,
34,0,0,0,0,0.353553,18,30,0,5974.13,6025.14,349.094,134990,0,
34,0,0,0,0,0.353553,19,30.0001,0,7078.33,7150.33,444.805,126213,0,
34,0,0,0,0,0.353553,20,30.0001,0,7058.94,7099.04,366.008,105317,0,
34,0,0,0,0,0.353553,21,30.0001,0,6502.83,6558.95,431.618,116957,0,
34,0,0,0,0,0.353553,22,30.0003,0,7523.7,7553.71,463.16,128851,0,
34,0,0,0,0,0.353553,23,30.0002,0,7823.07,7850.75,448.766,109987,0,
34,0,0,0,0,0.353553,24,30.0002,0,6960.48,7035.39,370.355,121953,0,
34,0,0,0,0,0.353553,25,30.0003,0,7017.37,7066.37,442.943,137785,0,
35,0,0,0,0,0.353553,1,30.0001,0,7769.79,7779.79,437.668,111761,0,
35,0,0,0,0,0.353553,2,30.0002,0,7241.91,7274.25,383.948,120209,0,
35,0,0,0,0,0.353553,3,30.0001,0,6114.84,6166.67,338.947,133706,0,
35,0,0,0,0,0.353553,4,30.0002,0,6228.04,6282.16,361.874,116944,0,
35,0,0,0,0,0.353553,5,30.0002,0,6684.19,6715.19,360.816,138668,0,
35,0,0,0,0,0.353553,6,30.0002,0,6202.52,6244.42,358.581,139396,0,
35,0,0,0,0,0.353553,7,30.0003,0,7117.75,7165.7,367.793,155328,0,
35,0,0,0,0,0.353553,8,30.0002,0,7352.88,7434.49,383.549,116938,0,
35,0,0,0,0,0.353553,9,30.0002,0,6990.54,7027.65,425.955,149312,0,
35,0,0,0,0,0.353553,10,30.0001,0,7233.11,7251.64,376.159,121779,0,
35,0,0,0,0,0.353553,11,30.0002,0,6889.82,7049.2,415.261,133503,0,
35,0,0,0,0,0.353553,12,30.0003,0,6388.25,6416.7,386.162,133629,0,
35,0,0,0,0,0.353553,13,30.0001,0,6798.94,6848.45,431.55,127711,0,
35,0,0,0,0,0.353553,14,30.0002,0,7246.75,7254.52,413.983,152384,0,
35,0,0,0,0,0.353553,15,30.0001,0,6469.71,6532.83,351.334,127033,0,
35,0,0,0,0,0.353553,16,30.0001,0,7232.1,7273.9,398.85,131538,0,
35,0,0,0,0,0.353553,17,30.0004,0,7033.65,7149.35,382.514,106744,0,
35,0,0,0,0,0.353553,18,30.0001,0,6187.54,6238.55,349.094,137306,0,
35,0,0,0,0,0.353553,19,30.0001,0,7146.53,7218.53,444.805,122998,0,
35,0,0,0,0,0.353553,20,30.0001,0,7385.33,7425.43,366.008,101307,0,
35,0,0,0,0,0.353553,21,30.0002,0,6669.45,6725.57,431.618,113448,0,
35,0,0,0,0,0.353553,22,30.0001,0,7592.89,7622.87,463.16,126278,0,
35,0,0,0,0,0.353553,23,30.0002,0,7897.71,7925.38,448.766,110366,0,
35,0,0,0,0,0.353553,24,30.0002,0,7262.95,7337.85,370.355,116785,0,
35,0,0,0,0,0.353553,25,30.0001,0,7251.13,7300.13,442.943,134964,0,
36,0,0,0,0,0.353553,1,30.0003,0,7921.18,7931.18,437.668,109497,0,
36,0,0,0,0,0.353553,2,30.0002,0,7577.05,7609.39,383.948,113425,0,
36,0,0,0,0,0.353553,3,30.0001,0,6226.77,6278.58,338.947,130137,0,
36,0,0,0,0,0.353553,4,30.0003,0,6617.14,6671.25,389.099,111523,0,
36,0,0,0,0,0.353553,5,30.0002,0,6975.62,7006.6,360.816,133765,0,
36,0,0,0,0,0.353553,6,30.0001,0,6415.92,6457.82,358.581,136794,0,
36,0,0,0,0,0.353553,7,30.0002,0,7362.33,7410.28,367.793,148213,0,
36,0,0,0,0,0.353553,8,30.0003,0,7372.64,7454.25,383.549,112299,0,
36,0,0,0,0,0.353553,9,30.0001,0,7110.83,7147.94,425.955,145543,0,
36,0,0,0,0,0.353553,10,30.0002,0,7275.27,7293.78,376.159,119326,0,
36,0,0,0,0,0.353553,11,30.0002,0,7021.3,7180.68,414.972,131119,0,
36,0,0,0,0,0.353553,12,30.0001,0,6614.16,6642.82,378.046,128671,0,
36,0,0,0,0,0.353553,13,30.0002,0,6865.88,6915.38,431.55,125258,0,
36,0,0,0,0,0.353553,14,30.0002,0,7368.46,7376.23,413.983,148518,0,
36,0,0,0,0,0.353553,15,30.0003,0,6541.43,6604.55,351.334,125697,0,
36,0,0,0,0,0.353553,16,30.0002,0,7520.34,7557.76,398.85,117908,0,
36,0,0,0,0,0.353553,17,30.0001,0,7099.89,7214.94,382.514,104169,0,
36,0,0,0,0,0.353553,18,30.0002,0,6236.87,6287.88,349.094,133160,0,
36,0,0,0,0,0.353553,19,30.0001,0,7407.19,7479.19,444.805,119948,0,
36,0,0,0,0,0.353553,20,30.0002,0,7612.41,7626.2,365.339,109202,0,
36,0,0,0,0,0.353553,21,30.0003,0,7003.41,7059.53,431.618,109475,0,
36,0,0,0,0,0.353553,22,30.0002,0,7831.29,7861.25,463.16,121379,0,
36,0,0,0,0,0.353553,23,30.0001,0,8101.02,8128.69,448.766,103050,0,
36,0,0,0,0,0.353553,24,30.0003,0,7437.08,7511.98,370.977,114252,0,
36,0,0,0,0,0.353553,25,30.0002,0,7388.92,7437.91,442.943,130522,0,
37,0,0,0,0,0.353553,1,30.0004,0,7952.27,7962.25,437.668,104333,0,
37,0,0,0,0,0.353553,2,30.0002,0,7770.16,7802.5,383.948,111871,0,
37,0,0,0,0,0.353553,3,30.0002,0,6412.72,6465.02,338.947,123915,0,
37,0,0,0,0,0.353553,4,30.0001,0,6874.08,6928.19,389.099,107077,0,
37,0,0,0,0,0.353553,5,30.0003,0,7169.68,7200.65,360.816,129635,0,
37,0,0,0,0,0.353553,6,30.0001,0,6564.24,6606.13,358.581,135308,0,
37,0,0,0,0,0.353553,7,30.0001,0,7434.96,7482.91,367.793,146779,0,
37,0,0,0,0,0.353553,8,30.0003,0,7584.2,7665.8,383.549,109414,0,
37,0,0,0,0,0.353553,9,30.0003,0,7432.34,7485.47,414.563,128682,0,
37,0,0,0,0,0.353553,10,30.0003,0,7454.68,7473.18,376.159,114230,0,
37,0,0,0,0,0.353553,11,30.0004,0,7319.81,7501.54,419.314,104131,0,
37,0,0,0,0,0.353553,12,30.0002,0,6744.31,6772.98,378.046,124902,0,
37,0,0,0,0,0.353553,13,30.0002,0,6931.44,6980.94,431.55,122775,0,
37,0,0,0,0,0.353553,14,30.0002,0,7507.61,7515.36,413.983,145206,0,
37,0,0,0,0,0.353553,15,30.0001,0,6649.33,6712.45,351.334,124086,0,
37,0,0,0,0,0.353553,16,30.0003,0,7685.77,7723.15,398.85,116376,0,
37,0,0,0,0,0.353553,17,30.0002,0,7306.75,7421.8,382.514,101542,0,
37,0,0,0,0,0.353553,18,30.0001,0,6504.91,6555.91,349.094,128462,0,
37,0,0,0,0,0.353553,19,30.0003,0,7854.7,7978.89,451.462,100307,0,
37,0,0,0,0,0.353553,20,30.0003,0,7672.33,7686.13,365.339,106439,0,
37,0,0,0,0,0.353553,21,30.0003,0,7090.6,7146.72,431.618,106921,0,
37,0,0,0,0,0.353553,22,30.0002,0,8002.39,8032.35,463.16,118477,0,
37,0,0,0,0,0.353553,23,30.0002,0,8286.62,8314.29,448.766,100448,0,
37,0,0,0,0,0.353553,24,30.0003,0,7594.84,7669.74,370.977,108795,0,
37,0,0,0,0,0.353553,25,30.0003,0,7491.18,7540.17,431.55,129270,0,
38,0,0,0,0,0.353553,1,30.0004,0,7982.98,7992.96,437.668,103326,0,
38,0,0,0,0,0.353553,2,30.0002,0,8013.38,8045.72,383.948,107532,0,
38,0,0,0,0,0.353553,3,30.0002,0,6504.08,6556.37,338.947,120528,0,
38,0,0,0,0,0.353553,4,30.0001,0,7061.87,7115.98,389.099,105361,0,
38,0,0,0,0,0.353553,5,30.0001,0,7330.05,7361.01,360.816,123704,0,
38,0,0,0,0,0.353553,6,30.0001,0,6867.41,6909.31,358.581,130877,0,
38,0,0,0,0,0.353553,7,30.0001,0,7724.7,7772.65,367.793,139904,0,
38,0,0,0,0,0.353553,8,30.0002,0,7867.77,7949.37,383.549,107201,0,
38,0,0,0,0,0.353553,9,30.0003,0,7799.66,7852.8,414.563,125274,0,
38,0,0,0,0,0.353553,10,30.0002,0,7648.63,7667.14,376.159,111741,0,
38,0,0,0,0,0.353553,11,30.0003,0,7535.05,7716.77,419.314,100459,0,
38,0,0,0,0,0.353553,12,30.0001,0,7102.05,7140.11,382.388,111211,0,
38,0,0,0,0,0.353553,13,30.0002,0,7144.85,7194.35,431.55,121481,0,
38,0,0,0,0,0.353553,14,30.0001,0,7613.17,7620.89,413.983,139275,0,
38,0,0,0,0,0.353553,15,30.0001,0,6841.05,6904.1,351.334,121517,0,
38,0,0,0,0,0.353553,16,30.0001,0,7874.95,7918.24,398.85,110146,0,
38,0,0,0,0,0.353553,17,30.0002,0,7561.6,7676.66,382.514,96875,0,
38,0,0,0,0,0.353553,18,30.0002,0,6815.55,6872.53,349.094,125796,0,
38,0,0,0,0,0.353553,19,30.0001,0,7900.51,8024.69,451.462,99374,0,
38,0,0,0,0,0.353553,20,30.0001,0,7914.52,7977.68,370.796,101583,0,
38,0,0,0,0,0.353553,21,30.0003,0,7189.8,7245.92,431.618,105156,0,
38,0,0,0,0,0.353553,22,30.0003,0,8209.65,8272.57,462.013,109315,0,
38,0,0,0,0,0.353553,23,30.0002,0,8480.81,8508.49,448.766,97438,0,
38,0,0,0,0,0.353553,24,30.0002,0,7880.01,7954.92,370.355,105482,0,
38,0,0,0,0,0.353553,25,30.0001,0,7594.92,7643.77,442.943,123738,0,
39,0,0,0,0,0.353553,1,30.0003,0,8282.09,8293.62,437.668,98440,0,
39,0,0,0,0,0.353553,2,30.0002,0,8099.96,8132.3,383.948,105293,0,
39,0,0,0,0,0.353553,3,30.0003,0,6834.99,6887.28,338.947,116063,0,
39,0,0,0,0,0.353553,4,30.0002,0,7378.64,7432.75,389.099,102444,0,
39,0,0,0,0,0.353553,5,30.0001,0,7499.28,7530.23,360.816,118964,0,
39,0,0,0,0,0.353553,6,30.0001,0,6922.54,6964.43,358.581,126355,0,
39,0,0,0,0,0.353553,7,30.0003,0,7906.94,7954.89,367.793,137657,0,
39,0,0,0,0,0.353553,8,30.0003,0,7995.73,8077.33,383.549,104833,0,
39,0,0,0,0,0.353553,9,30.0002,0,7940.39,7993.52,414.563,120579,0,
39,0,0,0,0,0.353553,10,30.0002,0,7829.26,7847.76,376.159,110351,0,
39,0,0,0,0,0.353553,11,30.0002,0,7769.56,7951.29,419.314,96185,0,
39,0,0,0,0,0.353553,12,30.0001,0,7371.32,7409.36,382.447,105085,0,
39,0,0,0,0,0.353553,13,30.0001,0,7494.32,7543.82,431.55,115835,0,
39,0,0,0,0,0.353553,14,30.0002,0,7851.53,7859.23,413.983,131701,0,
39,0,0,0,0,0.353553,15,30.0001,0,7088.71,7151.76,351.334,114843,0,
39,0,0,0,0,0.353553,16,30.0001,0,7978.15,8021.42,398.85,108399,0,
39,0,0,0,0,0.353553,17,30.0002,0,7820.99,7951.48,382.478,98039,0,
39,0,0,0,0,0.353553,18,30.0003,0,7018.84,7075.81,349.094,122512,0,
39,0,0,0,0,0.353553,19,30.0003,0,8196.92,8321.1,451.462,95282,0,
39,0,0,0,0,0.353553,20,30.0002,0,8172.92,8236.08,370.795,99705,0,
39,0,0,0,0,0.353553,21,30.0003,0,7415.41,7471.53,431.618,101772,0,
39,0,0,0,0,0.353553,22,30.0002,0,8378.08,8441,462.013,104212,0,
39,0,0,0,0,0.353553,23,30.0002,0,8639.32,8666.99,448.766,94596,0,
39,0,0,0,0,0.353553,24,30.0002,0,8126.48,8201.39,370.977,99841,0,
39,0,0,0,0,0.353553,25,30.0002,0,7758.86,7807.65,442.943,118515,0,
40,0,0,0,0,0.353553,1,30.0003,0,8502.5,8514.02,437.668,97055,0,
40,0,0,0,0,0.353553,2,30.0002,0,8124.61,8156.94,383.948,103721,0,
40,0,0,0,0,0.353553,3,30.0002,0,7241.21,7321.91,424.014,117572,0,
40,0,0,0,0,0.353553,4,30.0003,0,7553.43,7607.54,389.099,100082,0,
40,0,0,0,0,0.353553,5,30.0002,0,7723.18,7754.12,360.816,114553,0,
40,0,0,0,0,0.353553,6,30.0002,0,7173.48,7215.38,358.581,123584,0,
40,0,0,0,0,0.353553,7,30.0001,0,8238.52,8297.86,367.793,132848,0,
40,0,0,0,0,0.353553,8,30.0001,0,8253.83,8335.43,383.549,100720,0,
40,0,0,0,0,0.353553,9,30.0002,0,8240.95,8294.09,414.563,117930,0,
40,0,0,0,0,0.353553,10,30.0001,0,8095.79,8114.28,376.159,106122,0,
40,0,0,0,0,0.353553,11,30.0004,0,8019.62,8201.35,419.314,95369,0,
40,0,0,0,0,0.353553,12,30.0002,0,7638.58,7676.58,382.363,101416,0,
40,0,0,0,0,0.353553,13,30.0002,0,7731.36,7780.86,431.55,114041,0,
40,0,0,0,0,0.353553,14,30.0001,0,8190.47,8198.17,413.983,128250,0,
40,0,0,0,0,0.353553,15,30.0002,0,7226.45,7289.5,351.334,111373,0,
40,0,0,0,0,0.353553,16,30.0001,0,8074.07,8117.31,398.85,103446,0,
40,0,0,0,0,0.353553,17,30.0001,0,7911.92,8042.42,382.478,95788,0,
40,0,0,0,0,0.353553,18,30.0001,0,7189.96,7246.93,349.094,121601,0,
40,0,0,0,0,0.353553,19,30.0003,0,8366.6,8490.78,451.462,94037,0,
40,0,0,0,0,0.353553,20,30.0002,0,8342.82,8405.98,370.795,98481,0,
40,0,0,0,0,0.353553,21,30.0002,0,7427.08,7483.2,431.618,100837,0,
40,0,0,0,0,0.353553,22,30.0002,0,8566.7,8629.63,462.013,103078,0,
40,0,0,0,0,0.353553,23,30.0001,0,8784.56,8812.23,448.766,94632,0,
40,0,0,0,0,0.353553,24,30.0002,0,8250.52,8325.42,370.977,101090,0,
40,0,0,0,0,0.353553,25,30.0001,0,8004.56,8043.43,431.55,100500,0,
