3,0,0,0,0,0.353553,1,0.00297062,1,457.729,457.729,225.743,1,0,
3,0,0,0,0,0.353553,2,0.000950135,1,214.072,214.072,154.184,1,0,
3,0,0,0,0,0.353553,3,0.00463982,1,552.467,552.467,251.024,1,0,
3,0,0,0,0,0.353553,4,0.00371275,1,600.252,600.252,230.095,1,0,
3,0,0,0,0,0.353553,5,0.00304731,1,478.101,478.101,188.168,1,0,
3,0,0,0,0,0.353553,6,0.00385368,1,557.17,557.17,236.613,1,0,
3,0,0,0,0,0.353553,7,0.00302354,1,518.693,518.693,193.241,1,0,
3,0,0,0,0,0.353553,8,0.00384297,1,491.206,491.206,259.566,1,0,
3,0,0,0,0,0.353553,9,0.00241616,1,428.006,428.006,270.465,1,0,
3,0,0,0,0,0.353553,10,0.00451929,1,639.611,639.611,282.531,1,0,
3,0,0,0,0,0.353553,11,0.0021245,1,354.63,354.63,153.996,1,0,
3,0,0,0,0,0.353553,12,0.00239862,1,409.361,409.361,193.153,1,0,
3,0,0,0,0,0.353553,13,0.0011687,1,240.481,240.481,179.578,1,0,
3,0,0,0,0,0.353553,14,0.00224345,1,413.244,413.244,205.913,1,0,
3,0,0,0,0,0.353553,15,0.00357274,1,574.732,574.732,211.49,1,0,
3,0,0,0,0,0.353553,16,0.00456672,1,643.894,643.894,262.404,1,0,
3,0,0,0,0,0.353553,17,0.00208382,1,312.941,312.941,223.156,1,0,
3,0,0,0,0,0.353553,18,0.00155319,1,316.566,316.566,167.213,1,0,
3,0,0,0,0,0.353553,19,0.00690564,1,601.297,601.297,298.928,1,0,
3,0,0,0,0,0.353553,22,0.00182543,1,343.937,343.937,157.955,1,0,
3,0,0,0,0,0.353553,20,0.001391,1,282.715,282.715,148.401,1,0,
3,0,0,0,0,0.353553,21,0.00319268,1,557.333,557.333,242.235,1,0,
3,0,0,0,0,0.353553,23,0.00324215,1,478.992,478.992,233.237,1,0,
3,0,0,0,0,0.353553,25,0.00314325,1,499.836,499.836,200.171,1,0,
3,0,0,0,0,0.353553,24,0.000912795,1,262.077,262.077,102.418,1,0,
4,0,0,0,0,0.353553,2,0.00120318,1,292.498,292.498,154.184,1,0,
4,0,0,0,0,0.353553,1,0.00493349,1,741.746,741.746,284.017,1,0,
4,0,0,0,0,0.353553,3,0.00526335,1,750.354,750.354,251.024,1,0,
4,0,0,0,0,0.353553,5,0.00337863,1,590.243,590.243,188.168,1,0,
4,0,0,0,0,0.353553,6,0.00441142,1,571.373,571.373,236.613,1,0,
4,0,0,0,0,0.353553,7,0.00309162,1,612.36,612.36,193.241,1,0,
4,0,0,0,0,0.353553,8,0.00460521,1,671.68,671.68,259.566,1,0,
4,0,0,0,0,0.353553,9,0.00280017,1,514.442,514.442,270.465,1,0,
4,0,0,0,0,0.353553,10,0.00525272,1,681.483,681.483,282.531,1,0,
4,0,0,0,0,0.353553,11,0.00212132,1,494.397,494.397,153.996,1,0,
4,0,0,0,0,0.353553,12,0.00306222,1,522.984,522.984,193.153,1,0,
4,0,0,0,0,0.353553,13,0.00285072,1,461.328,461.328,220.847,1,0,
4,0,0,0,0,0.353553,14,0.00283288,1,583.039,583.039,205.913,1,0,
4,0,0,0,0,0.353553,16,0.00462405,1,756.415,756.415,262.404,1,0,
4,0,0,0,0,0.353553,15,0.0100527,1,790.056,790.093,215.362,2,0,
4,0,0,0,0,0.353553,18,0.00188716,1,435.016,435.016,167.213,1,0,
4,0,0,0,0,0.353553,19,0.00535142,1,742.942,742.942,298.928,1,0,
4,0,0,0,0,0.353553,17,0.582092,1,406.873,407.393,223.677,13,0,
4,0,0,0,0,0.353553,20,0.0019441,1,420.277,420.277,148.401,1,0,
4,0,0,0,0,0.353553,21,0.00445959,1,751.342,751.342,242.235,1,0,
4,0,0,0,0,0.353553,22,0.00252355,1,479.67,479.67,157.955,1,0,
4,0,0,0,0,0.353553,24,0.00110784,1,352.339,352.339,102.418,1,0,
4,0,0,0,0,0.353553,25,0.00388235,1,666.555,666.555,200.171,1,0,
5,0,0,0,0,0.353553,2,0.00198373,1,444.475,444.475,154.184,1,0,
5,0,0,0,0,0.353553,3,0.00545487,1,793.812,793.812,251.024,1,0,
5,0,0,0,0,0.353553,5,0.00439839,1,766.325,766.325,188.168,1,0,
5,0,0,0,0,0.353553,6,0.00561546,1,761.049,761.049,236.613,1,0,
5,0,0,0,0,0.353553,7,0.00589688,1,886.23,886.23,273.869,1,0,
4,0,0,0,0,0.353553,23,3.92718,1,690.996,691.468,233.709,210,0,
5,0,0,0,0,0.353553,8,0.00575525,1,741.293,741.293,259.566,1,0,
5,0,0,0,0,0.353553,9,0.392399,1,592.387,592.844,270.922,11,0,
5,0,0,0,0,0.353553,10,0.00578968,1,800.222,800.222,282.531,1,0,
5,0,0,0,0,0.353553,11,0.00272458,1,554.474,554.474,153.996,1,0,
5,0,0,0,0,0.353553,13,0.00299448,1,556.588,556.588,220.847,1,0,
5,0,0,0,0,0.353553,14,0.00312078,1,653.425,653.425,205.913,1,0,
5,0,0,0,0,0.353553,12,3.36547,1,671.978,672.356,193.486,244,0,
5,0,0,0,0,0.353553,18,0.00323906,1,622.187,622.187,187.171,1,0,
5,0,0,0,0,0.353553,16,4.54663,1,811.814,814.158,263.269,69,0,
5,0,0,0,0,0.353553,19,0.0112587,1,853.071,853.235,298.928,4,0,
5,0,0,0,0,0.353553,20,0.00360308,1,636.448,636.448,216.171,1,0,
5,0,0,0,0,0.353553,21,0.00621457,1,973.847,973.847,242.235,1,0,
5,0,0,0,0,0.353553,22,0.003744,1,683.446,683.446,203.775,1,0,
5,0,0,0,0,0.353553,24,0.00388668,1,653.424,653.424,301.084,1,0,
5,0,0,0,0,0.353553,25,0.00434842,1,719.147,719.147,200.171,1,0,
6,0,0,0,0,0.353553,2,0.00480879,1,725.84,725.84,281.365,1,0,
6,0,0,0,0,0.353553,3,0.00831746,1,1058.41,1058.41,264.599,1,0,
5,0,0,0,0,0.353553,23,3.99532,1,801.608,802.08,233.709,210,0,
6,0,0,0,0,0.353553,5,0.00670825,1,958.199,958.199,191.874,1,0,
6,0,0,0,0,0.353553,6,0.00840007,1,1064.13,1064.13,303.079,1,0,
4,0,0,0,0,0.353553,4,30.0114,0,746.169,746.504,230.41,2346,0,
6,0,0,0,0,0.353553,7,4.14642,1,1038.51,1038.89,274.202,244,0,
6,0,0,0,0,0.353553,10,0.00721302,1,979.685,979.685,282.531,1,0,
5,0,0,0,0,0.353553,1,30.0012,0,772.953,773.393,284.017,22242,0,
6,0,0,0,0,0.353553,11,0.0045851,1,766.554,766.554,212.08,1,0,
5,0,0,0,0,0.353553,4,30.0019,0,888.504,888.839,230.41,2341,0,
6,0,0,0,0,0.353553,13,0.0130956,1,736.184,736.198,220.847,4,0,
6,0,0,0,0,0.353553,14,0.296151,1,840.11,840.174,205.913,69,0,
6,0,0,0,0,0.353553,12,3.41456,1,691.932,692.31,193.486,244,0,
5,0,0,0,0,0.353553,15,30.0073,0,1044.12,1044.24,254.118,3059,0,
5,0,0,0,0,0.353553,17,30.0034,0,634.538,635.127,227.693,1783,0,
6,0,0,0,0,0.353553,16,4.49054,1,912.214,914.558,263.269,69,0,
6,0,0,0,0,0.353553,1,30.0088,0,969.1,969.199,284.017,2656,0,
6,0,0,0,0,0.353553,18,0.00428009,1,765.92,765.92,187.171,1,0,
6,0,0,0,0,0.353553,4,30.0052,0,1023.8,1024.13,230.41,2351,0,
6,0,0,0,0,0.353553,19,0.0116702,1,912.533,912.698,298.928,4,0,
6,0,0,0,0,0.353553,20,0.00500787,1,811.323,811.323,216.171,1,0,
6,0,0,0,0,0.353553,22,0.00582553,1,870.723,870.723,203.775,1,0,
6,0,0,0,0,0.353553,21,0.00717037,1,1044.56,1044.56,242.235,1,0,
6,0,0,0,0,0.353553,24,0.00473355,1,747.352,747.352,301.084,1,0,
6,0,0,0,0,0.353553,25,0.00512462,1,766.596,766.596,200.171,1,0,
7,0,0,0,0,0.353553,2,0.0108248,1,877.442,877.454,281.365,3,0,
6,0,0,0,0,0.353553,8,30.0015,0,972.65,972.755,259.626,2437,0,
7,0,0,0,0,0.353553,3,0.00880797,1,1170.39,1170.39,264.599,1,0,
6,0,0,0,0,0.353553,9,30.0023,0,832.566,833.07,270.468,1395,0,
6,0,0,0,0,0.353553,23,4.10906,1,852.695,853.167,233.709,210,0,
7,0,0,0,0,0.353553,5,0.00688541,1,1080.19,1080.19,191.874,1,0,
7,0,0,0,0,0.353553,6,0.0103555,1,1266.95,1266.95,303.079,1,0,
6,0,0,0,0,0.353553,15,30.0106,0,1295.91,1296.24,254.093,2138,0,
7,0,0,0,0,0.353553,10,0.00689671,1,1000.8,1000.8,282.531,1,0,
6,0,0,0,0,0.353553,17,30.0137,0,803.964,804.553,227.693,1754,0,
7,0,0,0,0,0.353553,13,0.0141281,1,819.102,819.116,220.847,4,0,
7,0,0,0,0,0.353553,14,0.299186,1,884.573,884.636,205.913,69,0,
7,0,0,0,0,0.353553,12,3.39844,1,754.21,754.588,193.486,244,0,
7,0,0,0,0,0.353553,11,8.9519,1,902.632,903.066,212.08,2026,0,
7,0,0,0,0,0.353553,1,30.006,0,1146.43,1146.53,284.017,2663,0,
7,0,0,0,0,0.353553,4,30.0097,0,1093.77,1094.1,230.41,2332,0,
7,0,0,0,0,0.353553,18,0.00461646,1,836.73,836.73,187.171,1,0,
7,0,0,0,0,0.353553,7,30.0136,0,1292.67,1292.75,273.912,2163,0,
7,0,0,0,0,0.353553,8,30.0083,0,1148.51,1148.62,259.626,2480,0,
7,0,0,0,0,0.353553,19,0.0129209,1,1012.83,1012.99,298.928,4,0,
7,0,0,0,0,0.353553,20,0.00755273,1,1036.96,1036.96,225.633,1,0,
7,0,0,0,0,0.353553,21,0.00860108,1,1176.82,1176.82,242.235,1,0,
7,0,0,0,0,0.353553,22,0.00682215,1,1012.94,1012.94,203.775,1,0,
7,0,0,0,0,0.353553,24,0.00726309,1,1051.37,1051.37,304.018,1,0,
7,0,0,0,0,0.353553,25,0.00768374,1,1052.73,1052.73,286.135,1,0,
7,0,0,0,0,0.353553,9,30.0124,0,1022.36,1022.86,270.468,1369,0,
8,0,0,0,0,0.353553,2,0.0105215,1,944.701,944.713,281.365,3,0,
7,0,0,0,0,0.353553,23,4.09265,1,878.517,878.989,233.709,210,0,
8,0,0,0,0,0.353553,3,0.00925101,1,1265.89,1265.89,264.599,1,0,
8,0,0,0,0,0.353553,5,0.00775571,1,1199.97,1199.97,191.874,1,0,
7,0,0,0,0,0.353553,15,30.0079,0,1432.22,1432.55,254.093,2121,0,
8,0,0,0,0,0.353553,6,0.0109044,1,1399.09,1399.09,303.079,1,0,
7,0,0,0,0,0.353553,16,30.0552,0,1033.54,1033.65,262.405,936,0,
7,0,0,0,0,0.353553,17,30.0084,0,941.832,942.422,227.693,1754,0,
8,0,0,0,0,0.353553,10,0.0207353,1,1128.69,1128.71,282.554,4,0,
8,0,0,0,0,0.353553,13,0.0145432,1,983.308,983.323,220.847,4,0,
8,0,0,0,0,0.353553,12,3.31659,1,837.351,837.729,193.486,244,0,
8,0,0,0,0,0.353553,1,30.0105,0,1253.62,1253.72,284.017,2692,0,
8,0,0,0,0,0.353553,14,2.68167,1,1180.01,1180.14,295.507,84,0,
8,0,0,0,0,0.353553,11,8.77033,1,1155.67,1156.1,253.036,2026,0,
8,0,0,0,0,0.353553,4,30.004,0,1192.53,1192.86,230.41,2344,0,
8,0,0,0,0,0.353553,7,30.0079,0,1361.2,1361.28,273.912,2163,0,
8,0,0,0,0,0.353553,8,30.0138,0,1346.74,1346.85,259.626,2475,0,
8,0,0,0,0,0.353553,9,30.0133,0,1227.46,1227.97,270.76,1896,0,
8,0,0,0,0,0.353553,18,0.00485732,1,902.091,902.091,187.171,1,0,
8,0,0,0,0,0.353553,19,0.47753,1,1181.72,1182.08,298.928,162,0,
8,0,0,0,0,0.353553,20,0.00750057,1,1114.07,1114.07,225.633,1,0,
8,0,0,0,0,0.353553,21,0.0100894,1,1435.97,1435.97,259.149,1,0,
8,0,0,0,0,0.353553,22,1.10359,1,1098.53,1098.64,203.775,19,0,
8,0,0,0,0,0.353553,24,0.00883276,1,1260.57,1260.57,304.018,1,0,
8,0,0,0,0,0.353553,15,30.007,0,1542.8,1543.13,254.093,2118,0,
8,0,0,0,0,0.353553,25,0.00736958,1,1139.8,1139.8,286.135,1,0,
8,0,0,0,0,0.353553,16,30.0557,0,1107.08,1107.19,262.405,929,0,
8,0,0,0,0,0.353553,23,4.06566,1,1111.76,1112.23,233.709,210,0,
9,0,0,0,0,0.353553,3,0.0100287,1,1411.22,1411.22,264.599,1,0,
9,0,0,0,0,0.353553,5,0.00909003,1,1421.93,1421.93,221.957,1,0,
9,0,0,0,0,0.353553,6,0.0103128,1,1446.84,1446.84,303.079,1,0,
8,0,0,0,0,0.353553,17,30.0041,0,1088.69,1089.36,227.684,1688,0,
9,0,0,0,0,0.353553,10,0.0205841,1,1165.26,1165.28,282.554,4,0,
9,0,0,0,0,0.353553,1,30.0064,0,1403.16,1403.26,284.017,2665,0,
9,0,0,0,0,0.353553,2,30.0132,0,1193.03,1193.12,281.401,2316,0,
9,0,0,0,0,0.353553,4,30.0045,0,1456.56,1456.89,264.031,2333,0,
9,0,0,0,0,0.353553,7,30.0073,0,1499.54,1499.62,273.912,2166,0,
9,0,0,0,0,0.353553,8,30.0104,0,1387.79,1387.9,259.626,2483,0,
9,0,0,0,0,0.353553,13,0.0161694,1,1072.41,1072.43,220.847,4,0,
9,0,0,0,0,0.353553,9,30.008,0,1333.54,1334.04,270.471,1810,0,
9,0,0,0,0,0.353553,14,2.70512,1,1300.68,1300.81,295.507,84,0,
9,0,0,0,0,0.353553,11,30.0051,0,1429.09,1429.23,273.483,2101,0,
9,0,0,0,0,0.353553,12,30.0011,0,1019.58,1020.02,193.434,2669,0,
9,0,0,0,0,0.353553,18,0.00730661,1,1136.18,1136.18,234.087,1,0,
9,0,0,0,0,0.353553,21,0.0213384,1,1526.42,1526.58,259.149,6,0,
9,0,0,0,0,0.353553,22,1.10763,1,1222.29,1222.4,203.775,19,0,
9,0,0,0,0,0.353553,15,30.0067,0,1720.62,1720.95,254.093,2155,0,
9,0,0,0,0,0.353553,16,30.0604,0,1266.49,1266.6,262.405,933,0,
9,0,0,0,0,0.353553,25,0.0103052,1,1417.17,1417.17,286.135,1,0,
9,0,0,0,0,0.353553,23,5.15813,1,1259.4,1260.06,233.709,451,0,
9,0,0,0,0,0.353553,17,30.0065,0,1221.11,1221.78,227.676,1673,0,
10,0,0,0,0,0.353553,3,0.0102487,1,1502.08,1502.08,264.599,1,0,
9,0,0,0,0,0.353553,19,30.0004,0,1303.64,1303.96,298.928,7286,0,
9,0,0,0,0,0.353553,20,30.0049,0,1377.6,1377.79,263.576,1932,0,
10,0,0,0,0,0.353553,5,0.0113142,1,1627.1,1627.1,221.957,1,0,
9,0,0,0,0,0.353553,24,30.0109,0,1487.42,1487.65,304.018,2833,0,
10,0,0,0,0,0.353553,1,30.0117,0,1621.29,1621.39,284.017,2625,0,
10,0,0,0,0,0.353553,2,30.0145,0,1302.82,1302.91,281.401,2317,0,
10,0,0,0,0,0.353553,10,0.504826,1,1268.39,1268.45,282.554,19,0,
10,0,0,0,0,0.353553,4,30.0022,0,1621.29,1621.38,264.031,4821,0,
10,0,0,0,0,0.353553,6,30.0011,0,1644.64,1644.75,303.079,4050,0,
10,0,0,0,0,0.353553,7,30.011,0,1542.82,1542.9,273.912,2144,0,
10,0,0,0,0,0.353553,8,30.009,0,1511.95,1512.05,259.626,2497,0,
10,0,0,0,0,0.353553,13,0.0157543,1,1205.34,1205.36,220.847,4,0,
10,0,0,0,0,0.353553,9,30.0115,0,1584.82,1584.89,270.465,2932,0,
10,0,0,0,0,0.353553,14,2.74116,1,1530.74,1530.87,295.507,84,0,
10,0,0,0,0,0.353553,11,30.0034,0,1626.39,1626.54,273.498,2096,0,
10,0,0,0,0,0.353553,12,30.0062,0,1208.09,1208.2,193.206,2631,0,
10,0,0,0,0,0.353553,18,0.0644041,1,1273.37,1273.42,234.087,25,0,
10,0,0,0,0,0.353553,15,30.0137,0,1817.42,1817.75,254.105,2137,0,
10,0,0,0,0,0.353553,21,1.22171,1,1735.14,1735.31,259.149,420,0,
10,0,0,0,0,0.353553,16,30.0423,0,1547.97,1548.08,281.482,913,0,
10,0,0,0,0,0.353553,17,30.0151,0,1286.09,1286.76,227.676,1664,0,
10,0,0,0,0,0.353553,25,0.0107085,1,1488.19,1488.19,286.135,1,0,
10,0,0,0,0,0.353553,23,5.21467,1,1364.78,1365.44,233.709,451,0,
10,0,0,0,0,0.353553,19,30.0028,0,1392.83,1393.19,298.928,8579,0,
11,0,0,0,0,0.353553,3,2.38441,1,1693.76,1693.92,264.755,256,0,
10,0,0,0,0,0.353553,20,30.0017,0,1520.3,1520.48,263.588,1974,0,
10,0,0,0,0,0.353553,22,30.0132,0,1538.58,1538.68,316.351,1429,0,
11,0,0,0,0,0.353553,5,0.0117494,1,1734.45,1734.45,221.957,1,0,
10,0,0,0,0,0.353553,24,30.0068,0,1648.44,1648.66,304.018,2883,0,
11,0,0,0,0,0.353553,1,30.0064,0,1681.15,1681.26,284.017,2719,0,
11,0,0,0,0,0.353553,2,30.0047,0,1437.34,1437.42,281.401,2305,0,
11,0,0,0,0,0.353553,10,0.496849,1,1471.26,1471.32,282.554,19,0,
11,0,0,0,0,0.353553,4,30.0067,0,1769.12,1769.21,264.031,4854,0,
11,0,0,0,0,0.353553,6,30.0027,0,1779.62,1779.73,303.079,3991,0,
11,0,0,0,0,0.353553,7,30.0111,0,1637.33,1637.41,273.912,2178,0,
11,0,0,0,0,0.353553,8,30.0096,0,1597.85,1597.96,259.626,2480,0,
11,0,0,0,0,0.353553,13,0.0174498,1,1426.91,1426.92,221.568,4,0,
11,0,0,0,0,0.353553,9,30.0015,0,1663.81,1663.88,270.465,2888,0,
11,0,0,0,0,0.353553,12,30.0114,0,1257.37,1257.48,193.206,2627,0,
11,0,0,0,0,0.353553,11,30.0029,0,1723.33,1723.47,273.483,2110,0,
11,0,0,0,0,0.353553,18,0.0625749,1,1442.26,1442.31,234.087,25,0,
11,0,0,0,0,0.353553,14,30.0697,0,1609.23,1609.44,295.507,530,0,
11,0,0,0,0,0.353553,15,30.0065,0,1871.75,1872.08,254.093,2096,0,
11,0,0,0,0,0.353553,17,30.0033,0,1480.96,1481.63,227.684,1716,0,
11,0,0,0,0,0.353553,16,30.0026,0,1684.02,1684.13,281.482,911,0,
11,0,0,0,0,0.353553,23,5.09709,1,1534.5,1535.16,233.709,451,0,
11,0,0,0,0,0.353553,19,30.0012,0,1598.68,1599.04,298.928,8464,0,
11,0,0,0,0,0.353553,25,0.0123579,1,1710.96,1710.96,286.135,1,0,
11,0,0,0,0,0.353553,20,30.0111,0,1724.8,1724.99,263.588,1957,0,
11,0,0,0,0,0.353553,21,29.2512,1,2021.5,2021.96,286.359,4950,0,
11,0,0,0,0,0.353553,22,30.0184,0,1760.52,1760.62,316.351,1492,0,
11,0,0,0,0,0.353553,24,30.0035,0,1757.75,1757.97,304.018,2857,0,
12,0,0,0,0,0.353553,3,2.37581,1,1777.62,1777.77,264.755,256,0,
12,0,0,0,0,0.353553,5,0.0123002,1,1858.01,1858.01,221.957,1,0,
12,0,0,0,0,0.353553,1,30.0021,0,1817.5,1817.6,284.017,2699,0,
12,0,0,0,0,0.353553,2,30.0116,0,1496.53,1496.62,281.401,2341,0,
12,0,0,0,0,0.353553,4,30.013,0,1983.59,1983.68,264.031,3889,0,
12,0,0,0,0,0.353553,6,30.0072,0,1940.81,1941.09,303.079,4502,0,
12,0,0,0,0,0.353553,10,0.4999,1,1483.42,1483.48,282.554,19,0,
12,0,0,0,0,0.353553,7,30.006,0,1742.54,1742.62,273.912,2200,0,
12,0,0,0,0,0.353553,8,30.0086,0,1782.52,1782.62,259.626,2486,0,
12,0,0,0,0,0.353553,9,30.0078,0,1754.47,1754.53,270.465,2917,0,
12,0,0,0,0,0.353553,13,0.018864,1,1544.38,1544.39,221.568,4,0,
12,0,0,0,0,0.353553,11,30.0013,0,1889.26,1889.41,273.483,2074,0,
12,0,0,0,0,0.353553,12,30.0059,0,1463.97,1464.08,206.601,2621,0,
12,0,0,0,0,0.353553,14,30.0669,0,1782.73,1782.94,295.507,523,0,
12,0,0,0,0,0.353553,18,0.0637437,1,1592.12,1592.17,234.087,25,0,
12,0,0,0,0,0.353553,15,30.0074,0,2040.02,2040.35,254.093,2127,0,
12,0,0,0,0,0.353553,16,30.0034,0,1898.53,1898.63,281.54,3215,0,
12,0,0,0,0,0.353553,17,30.0395,0,1576.46,1578.39,227.674,530,0,
12,0,0,0,0,0.353553,23,5.21981,1,1623.25,1623.91,233.709,451,0,
12,0,0,0,0,0.353553,19,30.0006,0,1727.99,1728.31,298.928,6342,0,
12,0,0,0,0,0.353553,25,0.300756,1,1764.36,1764.39,286.135,14,0,
12,0,0,0,0,0.353553,20,30.0139,0,1833.88,1834.07,263.576,1930,0,
12,0,0,0,0,0.353553,21,29.6657,1,2042.69,2043.16,286.359,4950,0,
12,0,0,0,0,0.353553,22,30.0017,0,1923.81,1923.92,316.351,1447,0,
12,0,0,0,0,0.353553,24,30.0094,0,1936.51,1936.83,304.122,2740,0,
13,0,0,0,0,0.353553,5,0.0128583,1,1999.03,1999.03,221.957,1,0,
13,0,0,0,0,0.353553,1,30.0078,0,1880.33,1880.43,284.017,2700,0,
13,0,0,0,0,0.353553,2,30.0133,0,1741,1741.08,281.394,2457,0,
13,0,0,0,0,0.353553,3,30.0139,0,1949.53,1949.81,264.645,2431,0,
13,0,0,0,0,0.353553,4,30.0004,0,2037.97,2038.06,264.031,3878,0,
13,0,0,0,0,0.353553,6,30.0044,0,1988.6,1988.88,303.233,4412,0,
13,0,0,0,0,0.353553,10,0.496737,1,1546.53,1546.59,282.554,19,0,
13,0,0,0,0,0.353553,7,30.0027,0,1822.56,1822.64,273.912,2130,0,
13,0,0,0,0,0.353553,8,30.0043,0,1852.22,1852.32,259.626,2539,0,
13,0,0,0,0,0.353553,13,0.020037,1,1782.35,1782.36,237.969,4,0,
13,0,0,0,0,0.353553,9,30.0102,0,1851.28,1851.34,270.465,2880,0,
13,0,0,0,0,0.353553,11,30.0018,0,1986.54,1986.68,273.483,2079,0,
13,0,0,0,0,0.353553,12,30.011,0,1622.3,1622.41,206.601,2602,0,
13,0,0,0,0,0.353553,18,0.462503,1,1825.11,1825.17,234.087,130,0,
13,0,0,0,0,0.353553,14,30.0212,0,1955.37,1955.57,295.521,781,0,
13,0,0,0,0,0.353553,15,30.0022,0,2255.52,2255.85,254.105,2143,0,
13,0,0,0,0,0.353553,16,30.0059,0,2047.09,2047.19,281.54,3214,0,
13,0,0,0,0,0.353553,17,30.002,0,1687.85,1689.78,227.674,538,0,
13,0,0,0,0,0.353553,19,30.0012,0,1778.53,1778.84,298.928,6225,0,
13,0,0,0,0,0.353553,25,0.302278,1,1975.82,1975.85,286.135,14,0,
13,0,0,0,0,0.353553,20,30.0017,0,2029.16,2029.35,263.588,1938,0,
13,0,0,0,0,0.353553,21,30.0034,0,2127.14,2127.61,286.359,4893,0,
13,0,0,0,0,0.353553,22,30.0209,0,2195.92,2196.21,316.351,1408,0,
13,0,0,0,0,0.353553,23,30.0028,0,1780.53,1781.08,233.245,6946,0,
13,0,0,0,0,0.353553,24,30.0014,0,2194.72,2195.03,304.122,2674,0,
14,0,0,0,0,0.353553,5,0.0136261,1,2107.87,2107.87,221.957,1,0,
14,0,0,0,0,0.353553,1,30.0088,0,2017.62,2017.72,284.017,2639,0,
14,0,0,0,0,0.353553,2,30.0053,0,1848.15,1848.23,281.394,2348,0,
14,0,0,0,0,0.353553,3,30.0117,0,2050.45,2050.73,264.645,2399,0,
14,0,0,0,0,0.353553,4,30.006,0,2051.37,2051.46,264.031,3863,0,
14,0,0,0,0,0.353553,6,30.005,0,2008.87,2009.15,303.233,4405,0,
14,0,0,0,0,0.353553,10,0.507089,1,1717.18,1717.24,282.554,19,0,
14,0,0,0,0,0.353553,7,30.0178,0,1965.68,1965.77,273.907,2158,0,
14,0,0,0,0,0.353553,8,30.0018,0,2049.7,2049.81,259.626,2493,0,
14,0,0,0,0,0.353553,13,0.0210216,1,1850.87,1850.89,237.969,4,0,
14,0,0,0,0,0.353553,9,30.0034,0,2106.39,2106.46,270.465,2858,0,
14,0,0,0,0,0.353553,11,30.0061,0,2082.15,2082.3,273.498,2040,0,
14,0,0,0,0,0.353553,12,30.0023,0,1760.55,1760.66,206.601,2583,0,
14,0,0,0,0,0.353553,14,30.0443,0,2091.69,2091.89,295.521,775,0,
14,0,0,0,0,0.353553,15,30.0024,0,2414.78,2415.11,254.105,2147,0,
14,0,0,0,0,0.353553,16,30.0019,0,2096.68,2096.78,281.54,3060,0,
14,0,0,0,0,0.353553,17,30.0154,0,1859.54,1863.27,227.667,571,0,
14,0,0,0,0,0.353553,18,30.0047,0,2011.87,2011.98,234.087,4299,0,
14,0,0,0,0,0.353553,19,30.0033,0,1944.93,1945.24,298.928,6211,0,
14,0,0,0,0,0.353553,20,30.0015,0,2108.89,2109.08,263.588,1939,0,
14,0,0,0,0,0.353553,25,0.305994,1,2096.69,2096.72,286.135,14,0,
14,0,0,0,0,0.353553,21,30.0031,0,2328.68,2329.15,286.363,5207,0,
14,0,0,0,0,0.353553,22,30.0128,0,2475.38,2475.51,316.292,1963,0,
14,0,0,0,0,0.353553,23,30.0012,0,1856.29,1856.83,233.245,7046,0,
14,0,0,0,0,0.353553,24,30.0093,0,2431.31,2431.63,304.018,2706,0,
15,0,0,0,0,0.353553,1,30.0102,0,2077.63,2077.73,284.017,2689,0,
15,0,0,0,0,0.353553,2,30.0096,0,2012.14,2012.22,281.394,2439,0,
15,0,0,0,0,0.353553,5,0.0135385,1,2223.69,2223.69,221.957,1,0,
15,0,0,0,0,0.353553,3,30.0033,0,2221.88,2222.39,264.599,2126,0,
15,0,0,0,0,0.353553,4,30.0084,0,2159.33,2159.42,264.031,3882,0,
15,0,0,0,0,0.353553,6,30.0068,0,2157.62,2157.9,303.079,4450,0,
15,0,0,0,0,0.353553,7,30.0116,0,2145.93,2146.01,273.907,2153,0,
15,0,0,0,0,0.353553,10,0.500084,1,1914.05,1914.11,282.554,19,0,
15,0,0,0,0,0.353553,8,30.0086,0,2231.93,2232.04,259.626,2502,0,
15,0,0,0,0,0.353553,13,0.0209673,1,1922.27,1922.29,237.969,4,0,
15,0,0,0,0,0.353553,9,30.0084,0,2248.48,2248.55,270.465,2839,0,
15,0,0,0,0,0.353553,11,30.0131,0,2271.65,2271.8,273.498,2039,0,
15,0,0,0,0,0.353553,12,30.0091,0,1917.94,1918.05,206.601,2518,0,
15,0,0,0,0,0.353553,14,30.0086,0,2153.4,2153.59,295.521,778,0,
15,0,0,0,0,0.353553,15,30.0025,0,2654.37,2654.49,254.067,2181,0,
15,0,0,0,0,0.353553,16,30.0018,0,2195.93,2196.03,281.54,3226,0,
15,0,0,0,0,0.353553,17,30.0432,0,2103.39,2105.15,244.319,347,0,
15,0,0,0,0,0.353553,18,30.0069,0,2185.29,2185.39,234.14,3743,0,
15,0,0,0,0,0.353553,19,30.0011,0,2025.03,2025.35,298.928,6247,0,
15,0,0,0,0,0.353553,20,30.0051,0,2286.94,2287.13,263.588,1957,0,
15,0,0,0,0,0.353553,21,30.001,0,2486.98,2487.34,286.651,4853,0,
15,0,0,0,0,0.353553,22,30.0085,0,2631.72,2631.85,316.292,1981,0,
15,0,0,0,0,0.353553,23,30.0007,0,1952.27,1952.81,233.245,7072,0,
15,0,0,0,0,0.353553,24,30.0049,0,2544.71,2545.04,304.018,2721,0,
15,0,0,0,0,0.353553,25,30.0098,0,2312.9,2313.24,286.238,1761,0,
16,0,0,0,0,0.353553,1,30.0048,0,2258.09,2258.19,284.017,2597,0,
16,0,0,0,0,0.353553,2,30.0126,0,2212.04,2212.13,281.394,2452,0,
16,0,0,0,0,0.353553,5,0.0157602,1,2404.97,2404.97,221.957,1,0,
16,0,0,0,0,0.353553,3,30.0131,0,2442.31,2442.83,264.599,2390,0,
16,0,0,0,0,0.353553,4,30.0069,0,2276.03,2276.12,264.031,3816,0,
16,0,0,0,0,0.353553,6,30.0038,0,2307.95,2308.23,303.233,4430,0,
16,0,0,0,0,0.353553,7,30.0099,0,2313.72,2314.01,273.903,1982,0,
16,0,0,0,0,0.353553,10,0.514272,1,1946.23,1946.29,282.554,19,0,
16,0,0,0,0,0.353553,8,30.0101,0,2349.06,2349.16,259.626,2491,0,
16,0,0,0,0,0.353553,13,0.203905,1,2149.76,2149.8,237.969,5,0,
16,0,0,0,0,0.353553,9,30.0007,0,2438.85,2438.91,270.465,2793,0,
16,0,0,0,0,0.353553,11,30.0149,0,2562.86,2563.01,291.21,2007,0,
16,0,0,0,0,0.353553,12,30.0101,0,2126.35,2126.45,208.409,2549,0,
16,0,0,0,0,0.353553,14,30.0343,0,2375.2,2375.53,295.77,979,0,
16,0,0,0,0,0.353553,15,30.0005,0,2720.87,2720.99,254.067,2111,0,
16,0,0,0,0,0.353553,16,30.0006,0,2482.39,2482.97,286.557,1373,0,
16,0,0,0,0,0.353553,17,30.0919,0,2162.33,2164.09,244.319,347,0,
16,0,0,0,0,0.353553,18,30.007,0,2446.01,2446.12,260.735,3744,0,
16,0,0,0,0,0.353553,19,30.0053,0,2057.33,2057.65,298.928,6265,0,
16,0,0,0,0,0.353553,20,30.0144,0,2443.36,2443.55,263.576,1915,0,
16,0,0,0,0,0.353553,21,30.0022,0,2579.49,2579.85,286.651,4865,0,
16,0,0,0,0,0.353553,22,30.0113,0,2767.75,2767.88,316.292,1946,0,
16,0,0,0,0,0.353553,23,30.0039,0,2130.76,2131.31,233.245,7082,0,
16,0,0,0,0,0.353553,24,30.001,0,2680.73,2681.05,304.018,2734,0,
16,0,0,0,0,0.353553,25,30.0139,0,2359.98,2360.32,286.238,1716,0,
17,0,0,0,0,0.353553,1,30.0018,0,2401.46,2401.56,284.017,2678,0,
17,0,0,0,0,0.353553,5,0.0162579,1,2469.68,2469.68,221.957,1,0,
17,0,0,0,0,0.353553,2,30.0072,0,2354.2,2354.28,281.394,2445,0,
17,0,0,0,0,0.353553,3,30.0041,0,2711.14,2711.72,268.882,4676,0,
17,0,0,0,0,0.353553,4,30.0045,0,2503.99,2504.08,264.031,5111,0,
17,0,0,0,0,0.353553,6,30.0018,0,2527.89,2528.16,303.079,4478,0,
17,0,0,0,0,0.353553,7,30.0067,0,2445.32,2445.61,273.903,2024,0,
17,0,0,0,0,0.353553,10,0.50931,1,2139.73,2139.79,282.554,19,0,
17,0,0,0,0,0.353553,8,30.0061,0,2414.3,2414.41,259.626,2453,0,
17,0,0,0,0,0.353553,9,30.0033,0,2571.7,2571.77,270.465,2803,0,
17,0,0,0,0,0.353553,11,30.0106,0,2823.42,2823.49,291.21,2430,0,
17,0,0,0,0,0.353553,12,30.004,0,2248.11,2248.22,208.409,2522,0,
17,0,0,0,0,0.353553,13,12.6905,1,2393.13,2393.64,243.842,930,0,
17,0,0,0,0,0.353553,14,30.0171,0,2529.18,2529.52,295.511,1002,0,
17,0,0,0,0,0.353553,15,30.0008,0,3002.6,3002.77,281.731,1721,0,
17,0,0,0,0,0.353553,16,30.0068,0,2618.36,2618.95,286.557,1358,0,
17,0,0,0,0,0.353553,17,30.078,0,2243.18,2244.94,244.319,354,0,
17,0,0,0,0,0.353553,18,30.0071,0,2519.13,2519.24,260.735,3724,0,
17,0,0,0,0,0.353553,19,30.003,0,2213.6,2213.91,298.928,6236,0,
17,0,0,0,0,0.353553,20,30.0107,0,2625.88,2626.06,263.576,1927,0,
17,0,0,0,0,0.353553,21,30.0064,0,2603.17,2603.53,286.363,4920,0,
17,0,0,0,0,0.353553,22,30.0085,0,2953.53,2953.66,316.292,1940,0,
17,0,0,0,0,0.353553,23,30.003,0,2297.92,2298.46,233.245,6989,0,
17,0,0,0,0,0.353553,24,30.0073,0,2926.16,2926.22,304.018,3013,0,
17,0,0,0,0,0.353553,25,30.0043,0,2401.82,2402.17,286.238,1709,0,
18,0,0,0,0,0.353553,1,30.0009,0,2516.14,2516.24,284.017,2702,0,
18,0,0,0,0,0.353553,5,0.0166551,1,2635.67,2635.67,221.957,1,0,
18,0,0,0,0,0.353553,2,30.0111,0,2576.26,2576.34,281.394,2421,0,
18,0,0,0,0,0.353553,3,30.0025,0,2838.75,2839.34,268.882,4690,0,
18,0,0,0,0,0.353553,4,30.0042,0,2575.59,2575.68,264.031,5092,0,
18,0,0,0,0,0.353553,6,30.022,0,2777,2777.48,303.079,1165,0,
18,0,0,0,0,0.353553,7,30.0034,0,2630.56,2630.85,273.903,2000,0,
18,0,0,0,0,0.353553,10,1.7418,1,2298.62,2298.69,282.554,48,0,
18,0,0,0,0,0.353553,8,30.0133,0,2649.33,2649.65,259.612,2029,0,
18,0,0,0,0,0.353553,9,30.0111,0,2626.48,2626.54,270.465,2828,0,
18,0,0,0,0,0.353553,11,30.0048,0,2939.99,2940.06,291.21,2387,0,
18,0,0,0,0,0.353553,12,30.0153,0,2484.16,2484.27,236.052,2554,0,
18,0,0,0,0,0.353553,13,30.0216,0,2661.8,2662.21,268.743,1436,0,
18,0,0,0,0,0.353553,14,30.0151,0,2589.4,2589.74,295.77,995,0,
18,0,0,0,0,0.353553,15,30.003,0,3088.5,3088.67,281.731,1745,0,
18,0,0,0,0,0.353553,16,30.0067,0,2756.34,2756.92,286.557,1362,0,
18,0,0,0,0,0.353553,17,30.0709,0,2376.44,2378.2,244.319,354,0,
18,0,0,0,0,0.353553,18,30.0078,0,2684.72,2684.83,260.716,3751,0,
18,0,0,0,0,0.353553,19,30.0045,0,2228.34,2228.65,298.928,6218,0,
18,0,0,0,0,0.353553,20,30.0064,0,2890.16,2890.34,264.303,1832,0,
18,0,0,0,0,0.353553,21,30.0019,0,2649.5,2649.86,286.363,4869,0,
18,0,0,0,0,0.353553,22,30.0123,0,3015.91,3016.04,316.292,1934,0,
18,0,0,0,0,0.353553,23,30.0031,0,2456.97,2457.52,233.245,6857,0,
18,0,0,0,0,0.353553,24,30.0106,0,2984.4,2984.46,304.018,3001,0,
18,0,0,0,0,0.353553,25,30.0137,0,2517.55,2517.9,286.238,1747,0,
19,0,0,0,0,0.353553,1,30.0014,0,2704.85,2704.95,284.017,2704,0,
19,0,0,0,0,0.353553,5,0.0177578,1,2796.6,2796.6,221.957,1,0,
19,0,0,0,0,0.353553,2,30.0001,0,2738.26,2738.34,281.394,2424,0,
19,0,0,0,0,0.353553,3,30.0005,0,3035.63,3036.22,268.882,4660,0,
19,0,0,0,0,0.353553,4,30.0035,0,2607.75,2607.85,264.031,5070,0,
19,0,0,0,0,0.353553,6,30.0199,0,2827.12,2827.6,303.079,1176,0,
19,0,0,0,0,0.353553,7,30.0126,0,2782.16,2782.45,273.903,1980,0,
19,0,0,0,0,0.353553,10,4.66607,1,2391.85,2391.97,282.554,720,0,
19,0,0,0,0,0.353553,8,30.0127,0,2719.22,2719.54,259.612,2004,0,
19,0,0,0,0,0.353553,9,30.0045,0,2823.02,2823.1,270.465,3480,0,
19,0,0,0,0,0.353553,11,30.0143,0,3035.16,3035.24,291.21,2384,0,
19,0,0,0,0,0.353553,12,30.0043,0,2548.65,2548.75,236.052,2560,0,
19,0,0,0,0,0.353553,13,30.0077,0,2726.76,2727.17,268.743,1441,0,
19,0,0,0,0,0.353553,14,30.0226,0,2691.97,2692.31,295.511,1007,0,
19,0,0,0,0,0.353553,15,30.0004,0,3224.62,3224.8,281.731,1714,0,
19,0,0,0,0,0.353553,16,30.0191,0,2818.84,2819.42,286.557,1327,0,
19,0,0,0,0,0.353553,17,30.0342,0,2466.7,2468.45,244.319,350,0,
19,0,0,0,0,0.353553,18,30.0012,0,2780.46,2780.57,260.716,3745,0,
19,0,0,0,0,0.353553,19,30.004,0,2265.07,2265.39,298.928,6170,0,
19,0,0,0,0,0.353553,20,30.0022,0,2940.79,2940.96,264.303,1787,0,
19,0,0,0,0,0.353553,21,30.0033,0,2687.09,2687.45,286.363,4837,0,
19,0,0,0,0,0.353553,22,30.013,0,3151.92,3152.06,316.292,1958,0,
19,0,0,0,0,0.353553,23,30.0005,0,2579.84,2580.39,233.245,6771,0,
19,0,0,0,0,0.353553,24,30.0109,0,3096.81,3096.87,304.018,3022,0,
19,0,0,0,0,0.353553,25,30.006,0,2760.24,2760.59,286.238,1701,0,
20,0,0,0,0,0.353553,1,30.0106,0,2750.75,2750.85,284.017,2660,0,
20,0,0,0,0,0.353553,2,30.0008,0,2828.36,2828.44,281.394,2396,0,
20,0,0,0,0,0.353553,5,0.0187369,1,2929.67,2929.67,221.957,1,0,
20,0,0,0,0,0.353553,3,30.0026,0,3189.39,3189.97,268.882,4635,0,
20,0,0,0,0,0.353553,4,30.0031,0,2774.28,2774.37,264.031,5092,0,
20,0,0,0,0,0.353553,6,30.0258,0,2985.19,2985.67,303.079,1171,0,
20,0,0,0,0,0.353553,7,30.0002,0,2914.04,2914.33,273.885,1954,0,
20,0,0,0,0,0.353553,8,30.0123,0,2746.47,2746.79,259.612,1974,0,
20,0,0,0,0,0.353553,10,14.5979,1,2666.87,2666.99,282.554,1656,0,
20,0,0,0,0,0.353553,9,30.0037,0,3048.93,3049.01,270.465,3455,0,
20,0,0,0,0,0.353553,11,30.0002,0,3208.41,3208.49,291.21,2375,0,
20,0,0,0,0,0.353553,12,30.0056,0,2710.02,2710.13,236.052,2539,0,
20,0,0,0,0,0.353553,13,30.0121,0,2883.08,2883.55,268.743,1349,0,
20,0,0,0,0,0.353553,14,30.0153,0,2925.85,2926.29,295.508,1008,0,
20,0,0,0,0,0.353553,15,30.0164,0,3445.58,3445.76,281.731,1718,0,
20,0,0,0,0,0.353553,16,30.0014,0,2951.16,2951.75,286.557,1381,0,
20,0,0,0,0,0.353553,17,30.0013,0,2570.09,2571.85,244.319,349,0,
20,0,0,0,0,0.353553,18,30.0017,0,2918.64,2918.75,260.735,3750,0,
20,0,0,0,0,0.353553,19,30.0004,0,2332.04,2332.36,298.928,6010,0,
20,0,0,0,0,0.353553,20,30.0074,0,3153.92,3154.09,264.302,1798,0,
20,0,0,0,0,0.353553,21,30.004,0,2814.14,2814.51,286.363,4870,0,
20,0,0,0,0,0.353553,22,30.0147,0,3296.69,3296.82,316.292,1932,0,
20,0,0,0,0,0.353553,23,30.0015,0,2712.66,2713.2,233.245,6813,0,
20,0,0,0,0,0.353553,24,30.0104,0,3287.31,3287.48,304.018,3107,0,
20,0,0,0,0,0.353553,25,30.0097,0,2888.42,2888.77,286.238,1758,0,
21,0,0,0,0,0.353553,1,30.0032,0,2948.6,2948.68,284.017,3928,0,
21,0,0,0,0,0.353553,5,0.0366183,1,3104.27,3104.31,221.957,6,0,
21,0,0,0,0,0.353553,2,30.0086,0,2952.53,2952.61,281.394,2381,0,
21,0,0,0,0,0.353553,3,30.0058,0,3270.18,3270.76,268.882,4575,0,
21,0,0,0,0,0.353553,4,30.0051,0,2932.44,2932.53,264.031,5060,0,
21,0,0,0,0,0.353553,6,30.0227,0,3054.03,3054.51,303.079,1161,0,
21,0,0,0,0,0.353553,7,30.0073,0,3147.73,3148.01,273.872,2341,0,
21,0,0,0,0,0.353553,8,30.0048,0,3020.64,3020.97,274.175,2043,0,
21,0,0,0,0,0.353553,10,14.52,1,2875.95,2876.07,282.554,1656,0,
21,0,0,0,0,0.353553,9,30.0071,0,3151.19,3151.27,270.465,3425,0,
21,0,0,0,0,0.353553,11,30.0061,0,3339.04,3339.12,291.21,2388,0,
21,0,0,0,0,0.353553,12,30.0049,0,2819.55,2819.65,236.052,2534,0,
21,0,0,0,0,0.353553,13,30.0131,0,2897.15,2897.62,268.743,1367,0,
21,0,0,0,0,0.353553,14,30.0022,0,3133.13,3133.57,295.77,996,0,
21,0,0,0,0,0.353553,15,30.0132,0,3684.77,3684.95,281.731,1665,0,
21,0,0,0,0,0.353553,16,30.0021,0,3152.51,3153.1,286.557,1364,0,
21,0,0,0,0,0.353553,17,30.05,0,2584.7,2586.46,244.319,354,0,
21,0,0,0,0,0.353553,18,30.0088,0,3163.13,3163.24,260.735,3791,0,
21,0,0,0,0,0.353553,19,30.0039,0,2407.35,2407.66,298.928,6160,0,
21,0,0,0,0,0.353553,20,30.0158,0,3241.05,3241.22,264.302,1843,0,
21,0,0,0,0,0.353553,21,30.0022,0,2962.76,2963.12,286.651,4857,0,
21,0,0,0,0,0.353553,22,30.0038,0,3452.13,3452.26,316.292,1926,0,
21,0,0,0,0,0.353553,23,30.001,0,2850.87,2851.42,233.245,6889,0,
21,0,0,0,0,0.353553,24,30.0012,0,3418.77,3418.94,304.018,3067,0,
21,0,0,0,0,0.353553,25,30.0031,0,3087.59,3087.94,286.238,1716,0,
22,0,0,0,0,0.353553,1,30.0064,0,3145.34,3145.42,284.017,3886,0,
22,0,0,0,0,0.353553,5,2.01773,1,3275.1,3275.41,221.957,368,0,
22,0,0,0,0,0.353553,2,30.0012,0,3015.32,3015.41,281.394,2409,0,
22,0,0,0,0,0.353553,3,30.0011,0,3434.31,3434.89,268.882,4650,0,
22,0,0,0,0,0.353553,4,30.004,0,3026,3026.09,264.031,5015,0,
22,0,0,0,0,0.353553,6,30.0095,0,3232.93,3233.41,303.079,1164,0,
22,0,0,0,0,0.353553,7,30.0006,0,3393.55,3393.83,274.114,2393,0,
22,0,0,0,0,0.353553,8,30.0128,0,3038.26,3038.58,274.175,2021,0,
22,0,0,0,0,0.353553,10,15.2501,1,2984.6,2985.02,282.554,1676,0,
22,0,0,0,0,0.353553,9,30.0039,0,3247.9,3247.99,270.465,3485,0,
22,0,0,0,0,0.353553,11,30.0088,0,3473.63,3473.71,291.21,2391,0,
22,0,0,0,0,0.353553,12,30.0081,0,2857.15,2857.26,236.052,2559,0,
22,0,0,0,0,0.353553,13,30.0173,0,3011.93,3012.3,268.743,1844,0,
22,0,0,0,0,0.353553,14,30.018,0,3315.31,3315.74,295.77,998,0,
22,0,0,0,0,0.353553,15,30.0013,0,3938.16,3938.34,281.731,1701,0,
22,0,0,0,0,0.353553,16,30.0091,0,3232.61,3233.2,286.557,1363,0,
22,0,0,0,0,0.353553,17,30.0414,0,2682.79,2684.55,244.319,355,0,
22,0,0,0,0,0.353553,18,30.0023,0,3478.24,3478.76,315.595,2668,0,
22,0,0,0,0,0.353553,19,30.0053,0,2534.53,2534.85,298.928,6165,0,
22,0,0,0,0,0.353553,20,30.0108,0,3256.59,3256.76,264.302,1801,0,
22,0,0,0,0,0.353553,21,30.0062,0,3003.79,3004.15,286.363,4822,0,
22,0,0,0,0,0.353553,22,30.018,0,3519.11,3519.24,316.292,1945,0,
22,0,0,0,0,0.353553,23,30.0046,0,2964.41,2964.96,233.245,6844,0,
22,0,0,0,0,0.353553,24,30.0012,0,3563.64,3563.83,304.018,2912,0,
22,0,0,0,0,0.353553,25,30.0095,0,3250.91,3251.26,286.238,1700,0,
23,0,0,0,0,0.353553,1,30.0058,0,3310.47,3310.55,284.017,3811,0,
23,0,0,0,0,0.353553,5,2.06152,1,3413.18,3413.5,221.957,368,0,
23,0,0,0,0,0.353553,2,30.0064,0,3174.21,3174.29,281.394,2406,0,
23,0,0,0,0,0.353553,3,30.0007,0,3488.15,3488.73,268.882,4374,0,
23,0,0,0,0,0.353553,4,30.0009,0,3298.41,3298.5,272.419,4831,0,
23,0,0,0,0,0.353553,6,30.026,0,3411.92,3412.4,303.079,1142,0,
23,0,0,0,0,0.353553,7,30.0078,0,3502.02,3502.3,274.114,2382,0,
23,0,0,0,0,0.353553,8,30.0031,0,3114.22,3114.54,274.175,2019,0,
23,0,0,0,0,0.353553,9,30.0013,0,3280.74,3280.82,270.465,3401,0,
23,0,0,0,0,0.353553,10,21.1723,1,3140.51,3140.95,282.554,2909,0,
23,0,0,0,0,0.353553,11,30.0138,0,3642.59,3642.66,291.21,2360,0,
23,0,0,0,0,0.353553,12,30.0068,0,3100.52,3100.63,243.374,2500,0,
23,0,0,0,0,0.353553,13,30.0056,0,3142.92,3143.3,268.679,1843,0,
23,0,0,0,0,0.353553,14,30.0226,0,3381.5,3381.92,295.797,962,0,
23,0,0,0,0,0.353553,15,30.0062,0,3955.57,3955.75,281.731,1692,0,
23,0,0,0,0,0.353553,16,30.0153,0,3376.82,3377.4,286.557,1354,0,
23,0,0,0,0,0.353553,17,30.0389,0,2809.15,2810.91,244.319,350,0,
23,0,0,0,0,0.353553,18,30.0022,0,3627.49,3628.01,315.595,2621,0,
23,0,0,0,0,0.353553,19,30.0006,0,2628.54,2628.86,298.928,6163,0,
23,0,0,0,0,0.353553,20,30.0239,0,3317.76,3317.93,264.302,1841,0,
23,0,0,0,0,0.353553,21,30.0019,0,3154.78,3155.14,286.363,4833,0,
23,0,0,0,0,0.353553,22,30.0077,0,3612.32,3612.45,316.292,1903,0,
23,0,0,0,0,0.353553,23,30.005,0,3178.75,3179.41,233.245,6719,0,
23,0,0,0,0,0.353553,24,30.0068,0,3711.04,3711.23,304.018,2934,0,
23,0,0,0,0,0.353553,25,30.0007,0,3450.54,3450.89,286.238,1655,0,
24,0,0,0,0,0.353553,1,30.008,0,3564.27,3564.36,284.017,3765,0,
24,0,0,0,0,0.353553,5,2.04387,1,3543.35,3543.67,221.957,371,0,
24,0,0,0,0,0.353553,2,30.0046,0,3405.24,3405.32,281.394,2397,0,
24,0,0,0,0,0.353553,3,30.0028,0,3702.26,3702.9,268.954,2026,0,
24,0,0,0,0,0.353553,4,30.0113,0,3549.2,3549.28,272.487,1969,0,
24,0,0,0,0,0.353553,6,30.0058,0,3513.84,3514.32,303.079,1157,0,
24,0,0,0,0,0.353553,7,30.0013,0,3682.66,3682.94,274.114,2375,0,
24,0,0,0,0,0.353553,8,30.0094,0,3234.72,3235.04,274.175,1978,0,
24,0,0,0,0,0.353553,9,30.0039,0,3425.83,3425.91,270.465,3441,0,
24,0,0,0,0,0.353553,10,21.7176,1,3260.3,3260.74,282.554,2909,0,
24,0,0,0,0,0.353553,11,30.0104,0,3794.64,3794.71,291.21,2344,0,
24,0,0,0,0,0.353553,12,30.001,0,3253.15,3253.26,243.374,2488,0,
24,0,0,0,0,0.353553,13,30.009,0,3288.4,3288.78,268.743,1794,0,
24,0,0,0,0,0.353553,14,30.0167,0,3534.8,3535.23,295.508,986,0,
24,0,0,0,0,0.353553,15,30.025,0,4123.72,4123.9,281.731,1694,0,
24,0,0,0,0,0.353553,16,30.0087,0,3399.99,3400.57,286.557,1345,0,
24,0,0,0,0,0.353553,17,30.0444,0,2875.39,2877.15,244.319,351,0,
24,0,0,0,0,0.353553,18,30.001,0,3753.47,3753.99,315.595,2662,0,
24,0,0,0,0,0.353553,19,30.0021,0,2673.15,2673.46,298.928,6093,0,
24,0,0,0,0,0.353553,20,30.0003,0,3438.02,3438.19,264.302,1818,0,
24,0,0,0,0,0.353553,21,30.0011,0,3343.56,3343.69,286.364,1972,0,
24,0,0,0,0,0.353553,22,30.0158,0,3844.21,3844.35,316.292,1909,0,
24,0,0,0,0,0.353553,23,30.0122,0,3326.43,3326.81,233.26,1784,0,
24,0,0,0,0,0.353553,24,30.015,0,4028.17,4028.64,317.161,1431,0,
24,0,0,0,0,0.353553,25,30.0046,0,3533.16,3533.51,286.238,1698,0,
25,0,0,0,0,0.353553,1,30.0091,0,3809.83,3809.91,284.017,3783,0,
25,0,0,0,0,0.353553,2,30.0097,0,3571.26,3571.34,281.394,2395,0,
25,0,0,0,0,0.353553,3,30.0118,0,3842.29,3842.93,268.954,1974,0,
25,0,0,0,0,0.353553,4,30.0123,0,3749.75,3749.83,272.462,2026,0,
25,0,0,0,0,0.353553,5,30.0009,0,3634.6,3635.01,221.957,12204,0,
25,0,0,0,0,0.353553,6,30.0104,0,3635.63,3636.11,303.079,1120,0,
25,0,0,0,0,0.353553,7,30.0059,0,3750.27,3750.55,273.875,2348,0,
25,0,0,0,0,0.353553,8,30.0001,0,3485.97,3486.29,274.175,1994,0,
25,0,0,0,0,0.353553,9,30.0015,0,3647.51,3647.59,270.465,3354,0,
25,0,0,0,0,0.353553,10,30.0148,0,3499.47,3500.21,282.531,1214,0,
25,0,0,0,0,0.353553,11,30.0015,0,3917.87,3917.94,291.21,2368,0,
25,0,0,0,0,0.353553,12,30.011,0,3349.3,3349.4,243.374,2521,0,
25,0,0,0,0,0.353553,13,30.0147,0,3423.43,3423.75,268.743,1844,0,
25,0,0,0,0,0.353553,14,30.0044,0,3813.58,3814.01,295.797,964,0,
25,0,0,0,0,0.353553,15,30.0149,0,4271.21,4271.4,281.731,1635,0,
25,0,0,0,0,0.353553,16,30.0137,0,3458.13,3458.72,286.557,1338,0,
25,0,0,0,0,0.353553,17,30.0382,0,3074.43,3075.06,243.856,406,0,
25,0,0,0,0,0.353553,18,30.0062,0,3931.9,3932.42,315.595,2610,0,
25,0,0,0,0,0.353553,19,30.0024,0,2880.81,2881.4,298.929,5796,0,
25,0,0,0,0,0.353553,20,30.0158,0,3692.68,3692.85,264.302,1810,0,
25,0,0,0,0,0.353553,21,30.0107,0,3466.46,3466.6,286.364,1963,0,
25,0,0,0,0,0.353553,22,30.0167,0,4014.12,4014.26,316.292,1890,0,
25,0,0,0,0,0.353553,23,30.008,0,3501.48,3501.68,233.24,3128,0,
25,0,0,0,0,0.353553,24,30.0114,0,4131.55,4132.01,317.161,1473,0,
25,0,0,0,0,0.353553,25,30.0048,0,3574.17,3574.52,286.238,1738,0,
26,0,0,0,0,0.353553,1,30.011,0,3914.86,3914.94,284.017,3748,0,
26,0,0,0,0,0.353553,2,30.0053,0,3752.16,3752.24,281.394,2371,0,
26,0,0,0,0,0.353553,3,30.0028,0,3937.05,3937.69,268.954,2020,0,
26,0,0,0,0,0.353553,4,30.001,0,4046.64,4046.72,296.89,1967,0,
26,0,0,0,0,0.353553,5,30.0049,0,3938.68,3938.73,304.11,2935,0,
26,0,0,0,0,0.353553,6,30.0214,0,3733.77,3734.25,303.079,1150,0,
26,0,0,0,0,0.353553,7,30.0104,0,3866.12,3866.4,274.114,2393,0,
26,0,0,0,0,0.353553,8,30.0083,0,3670.06,3670.39,274.175,2028,0,
26,0,0,0,0,0.353553,9,30.008,0,3847.05,3847.14,270.465,3391,0,
26,0,0,0,0,0.353553,10,30.0151,0,3638.01,3638.74,282.531,1218,0,
26,0,0,0,0,0.353553,11,30.0092,0,4078.5,4078.58,291.21,2343,0,
26,0,0,0,0,0.353553,12,30.0034,0,3528.04,3528.14,243.374,2495,0,
26,0,0,0,0,0.353553,13,30.0065,0,3593.68,3594,268.743,1798,0,
26,0,0,0,0,0.353553,14,30.0342,0,3877.58,3878,295.797,963,0,
26,0,0,0,0,0.353553,15,30.0113,0,4455.33,4455.53,281.731,1613,0,
26,0,0,0,0,0.353553,16,30.0165,0,3583.75,3584.34,286.557,1347,0,
26,0,0,0,0,0.353553,17,30.1111,0,3230.76,3231.38,243.856,404,0,
26,0,0,0,0,0.353553,18,30.006,0,4035.5,4036.02,315.595,2645,0,
26,0,0,0,0,0.353553,19,30.0021,0,2987.49,2988.08,299.404,2367,0,
26,0,0,0,0,0.353553,20,30.0031,0,3886.31,3886.49,264.302,1769,0,
26,0,0,0,0,0.353553,21,30.011,0,3770.66,3771,304.454,1980,0,
26,0,0,0,0,0.353553,22,30.0167,0,4177.72,4177.85,316.292,1929,0,
26,0,0,0,0,0.353553,23,30.0049,0,3538.99,3539.19,233.24,3104,0,
26,0,0,0,0,0.353553,24,30.0276,0,4368.99,4369.45,317.403,1428,0,
26,0,0,0,0,0.353553,25,30.0019,0,3810.4,3810.75,286.238,1772,0,
27,0,0,0,0,0.353553,1,30.0054,0,3979,3979.08,284.017,3757,0,
27,0,0,0,0,0.353553,2,30.009,0,3908.58,3908.67,281.394,2350,0,
27,0,0,0,0,0.353553,3,30.0049,0,4097.01,4097.65,268.954,1991,0,
27,0,0,0,0,0.353553,4,30.0167,0,4142.27,4142.36,296.89,1946,0,
27,0,0,0,0,0.353553,5,30.0015,0,4007.61,4007.66,304.11,2913,0,
27,0,0,0,0,0.353553,6,30.0086,0,3847.11,3847.59,303.079,1161,0,
27,0,0,0,0,0.353553,7,30.005,0,4086.72,4087,273.875,2338,0,
27,0,0,0,0,0.353553,8,30.0003,0,3784.44,3784.77,274.175,2062,0,
27,0,0,0,0,0.353553,9,30.0056,0,4034.01,4034.1,270.465,3399,0,
27,0,0,0,0,0.353553,10,30.0054,0,3713.48,3714.22,282.531,1214,0,
27,0,0,0,0,0.353553,11,30.015,0,4204.39,4204.46,291.21,2338,0,
27,0,0,0,0,0.353553,12,30.0138,0,3753.2,3753.3,243.374,2502,0,
27,0,0,0,0,0.353553,13,30.0067,0,3623.87,3624.16,268.743,1762,0,
27,0,0,0,0,0.353553,14,30.0156,0,4097.94,4098.38,295.77,987,0,
27,0,0,0,0,0.353553,15,30.0245,0,4547.52,4547.71,281.731,1635,0,
27,0,0,0,0,0.353553,16,30.0198,0,3685.33,3685.92,286.557,1331,0,
27,0,0,0,0,0.353553,17,30.0654,0,3335.67,3336.3,243.856,404,0,
27,0,0,0,0,0.353553,18,30.0073,0,4239.19,4239.72,315.595,2524,0,
27,0,0,0,0,0.353553,19,30.0023,0,3194.47,3195.07,298.929,2406,0,
27,0,0,0,0,0.353553,20,30.0079,0,4107.05,4107.22,264.302,1763,0,
27,0,0,0,0,0.353553,21,30.0092,0,3926.28,3926.62,304.454,1946,0,
27,0,0,0,0,0.353553,22,30.0455,0,4407.1,4407.24,316.292,1870,0,
27,0,0,0,0,0.353553,23,30.0132,0,3778.36,3778.41,239.381,2533,0,
27,0,0,0,0,0.353553,24,30.0229,0,4400.75,4401.21,317.403,1438,0,
27,0,0,0,0,0.353553,25,30.0018,0,4018.08,4018.43,286.238,1718,0,
28,0,0,0,0,0.353553,1,30.0015,0,4170.82,4171.08,284.017,2728,0,
28,0,0,0,0,0.353553,2,30.0056,0,4048.61,4048.69,281.401,2330,0,
28,0,0,0,0,0.353553,3,30.0141,0,4149.96,4150.6,268.954,1954,0,
28,0,0,0,0,0.353553,4,30.0051,0,4267.4,4267.48,296.89,1964,0,
28,0,0,0,0,0.353553,5,30.0132,0,4189.22,4189.27,304.11,2859,0,
28,0,0,0,0,0.353553,6,30.0283,0,3969.6,3970.08,303.079,1139,0,
28,0,0,0,0,0.353553,7,30.0041,0,4364.17,4364.45,277.468,2709,0,
28,0,0,0,0,0.353553,8,30.0109,0,4016.67,4016.99,274.175,2057,0,
28,0,0,0,0,0.353553,9,30.0036,0,4124.11,4124.19,270.465,3428,0,
28,0,0,0,0,0.353553,10,30.0184,0,3799.88,3800.61,282.531,1221,0,
28,0,0,0,0,0.353553,11,30.0142,0,4382.98,4383.06,291.21,2355,0,
28,0,0,0,0,0.353553,12,30.0093,0,4029.14,4029.7,275.945,2599,0,
28,0,0,0,0,0.353553,13,30.0024,0,3952.77,3953.09,328.906,1804,0,
28,0,0,0,0,0.353553,14,30.0164,0,4344.33,4344.77,295.77,992,0,
28,0,0,0,0,0.353553,15,30.013,0,4588.44,4588.63,281.731,1632,0,
28,0,0,0,0,0.353553,16,30.0066,0,3905.28,3905.87,286.557,1281,0,
28,0,0,0,0,0.353553,17,30.0263,0,3498.73,3499.36,243.856,468,0,
28,0,0,0,0,0.353553,18,30.001,0,4314.98,4315.51,315.595,2584,0,
28,0,0,0,0,0.353553,19,30.0044,0,3292.12,3292.72,298.929,2414,0,
28,0,0,0,0,0.353553,20,30.009,0,4153.66,4153.83,264.287,1700,0,
28,0,0,0,0,0.353553,22,30.0385,0,4435.66,4435.79,316.292,1871,0,
28,0,0,0,0,0.353553,21,30.0052,0,4115.14,4115.48,304.454,1969,0,
28,0,0,0,0,0.353553,23,30.0098,0,3875.78,3875.83,239.381,2546,0,
28,0,0,0,0,0.353553,24,30.0635,0,4545.79,4546.15,317.241,275,0,
28,0,0,0,0,0.353553,25,30.0029,0,4123.86,4124.21,286.238,1759,0,
29,0,0,0,0,0.353553,1,30.0081,0,4356.23,4356.49,284.017,2842,0,
29,0,0,0,0,0.353553,2,30.0028,0,4190.89,4190.98,281.401,2318,0,
29,0,0,0,0,0.353553,4,30.004,0,4502.36,4502.44,296.89,1959,0,
29,0,0,0,0,0.353553,3,30.0093,0,4319.06,4319.7,268.954,2029,0,
29,0,0,0,0,0.353553,5,30.0078,0,4249.51,4249.56,304.11,2872,0,
29,0,0,0,0,0.353553,6,30.0119,0,4053.04,4053.52,303.079,1133,0,
29,0,0,0,0,0.353553,7,30.0047,0,4553.97,4554.25,277.468,2704,0,
29,0,0,0,0,0.353553,8,30.0093,0,4124.9,4125.22,274.175,2045,0,
29,0,0,0,0,0.353553,9,30.0037,0,4183.67,4183.76,270.465,3248,0,
29,0,0,0,0,0.353553,10,30.0008,0,4027.69,4027.78,282.531,2576,0,
29,0,0,0,0,0.353553,11,30.0131,0,4620.85,4620.93,291.21,2313,0,
29,0,0,0,0,0.353553,12,30.0038,0,4111.67,4112.23,275.945,2594,0,
29,0,0,0,0,0.353553,13,30.0165,0,4194.22,4194.37,328.953,1771,0,
29,0,0,0,0,0.353553,14,30.0109,0,4438.12,4438.55,295.77,971,0,
29,0,0,0,0,0.353553,15,30.0119,0,4736.52,4736.71,281.731,1616,0,
29,0,0,0,0,0.353553,16,30.0083,0,4026.59,4027.18,286.557,1302,0,
29,0,0,0,0,0.353553,17,30.012,0,3544.25,3544.88,243.856,471,0,
29,0,0,0,0,0.353553,18,30.0015,0,4445.91,4446.43,315.595,2494,0,
29,0,0,0,0,0.353553,19,30.0017,0,3509.57,3510.15,298.928,1378,0,
29,0,0,0,0,0.353553,20,30.0096,0,4401.38,4401.56,264.302,1756,0,
29,0,0,0,0,0.353553,21,30.0125,0,4272.3,4272.64,304.454,1953,0,
29,0,0,0,0,0.353553,22,30.015,0,4669.73,4669.86,316.292,1855,0,
29,0,0,0,0,0.353553,23,30.0058,0,4140.04,4140.09,264.262,2543,0,
29,0,0,0,0,0.353553,24,30.1298,0,4571.7,4572.05,317.241,276,0,
29,0,0,0,0,0.353553,25,30.011,0,4152.76,4153.11,286.238,1697,0,
30,0,0,0,0,0.353553,1,30.0026,0,4532,4532.26,284.017,2793,0,
30,0,0,0,0,0.353553,2,30.006,0,4394.36,4394.5,281.401,2320,0,
30,0,0,0,0,0.353553,3,30.0067,0,4427.22,4427.86,268.954,2037,0,
30,0,0,0,0,0.353553,4,30.0056,0,4691.83,4691.91,296.89,1970,0,
30,0,0,0,0,0.353553,5,30.0048,0,4498.23,4498.29,304.107,2561,0,
30,0,0,0,0,0.353553,6,30.0124,0,4187.21,4187.69,303.079,1137,0,
30,0,0,0,0,0.353553,7,30.0025,0,4745.89,4746.16,277.468,2721,0,
30,0,0,0,0,0.353553,8,30.0036,0,4208.6,4208.92,274.175,1996,0,
30,0,0,0,0,0.353553,9,30.0103,0,4424.43,4424.51,270.465,2984,0,
30,0,0,0,0,0.353553,10,30.0088,0,4295.63,4295.73,282.531,2576,0,
30,0,0,0,0,0.353553,11,30.0071,0,4666.14,4666.22,291.21,2329,0,
30,0,0,0,0,0.353553,12,30.0088,0,4229.76,4230.32,275.945,2604,0,
30,0,0,0,0,0.353553,13,30.0035,0,4234.82,4234.97,328.953,1755,0,
30,0,0,0,0,0.353553,14,30.0031,0,4566.88,4567.31,295.77,968,0,
30,0,0,0,0,0.353553,15,30.0217,0,4812.28,4812.48,281.731,1631,0,
30,0,0,0,0,0.353553,16,30.0056,0,4133.55,4134.13,286.557,1314,0,
30,0,0,0,0,0.353553,17,30.1374,0,3652.31,3652.94,243.856,469,0,
30,0,0,0,0,0.353553,18,30.0042,0,4583.19,4583.71,315.595,2501,0,
30,0,0,0,0,0.353553,19,30.0093,0,3605.88,3606.46,299.404,1362,0,
30,0,0,0,0,0.353553,20,30.0143,0,4444.29,4444.46,264.287,1704,0,
30,0,0,0,0,0.353553,21,30.002,0,4461.44,4461.78,304.454,1925,0,
30,0,0,0,0,0.353553,22,30.0047,0,4971.81,4971.94,316.292,1856,0,
30,0,0,0,0,0.353553,23,30.0126,0,4245.34,4245.4,264.262,2524,0,
30,0,0,0,0,0.353553,24,30.14,0,4691.65,4692,317.482,272,0,
30,0,0,0,0,0.353553,25,30.0019,0,4301.68,4302.05,286.158,1689,0,
31,0,0,0,0,0.353553,1,30.0087,0,4704.2,4704.46,284.017,2798,0,
31,0,0,0,0,0.353553,2,30.0136,0,4468.86,4468.99,281.401,2305,0,
31,0,0,0,0,0.353553,3,30.0153,0,4511.83,4512.47,268.954,1990,0,
31,0,0,0,0,0.353553,4,30.0146,0,4815.15,4815.24,296.89,1939,0,
31,0,0,0,0,0.353553,5,30.0161,0,4583.97,4584.04,304.107,2608,0,
31,0,0,0,0,0.353553,6,30.0178,0,4306.26,4306.74,303.079,1118,0,
31,0,0,0,0,0.353553,7,30.002,0,4788.49,4788.76,277.463,2754,0,
31,0,0,0,0,0.353553,8,30.0007,0,4289.59,4289.91,274.175,2034,0,
31,0,0,0,0,0.353553,9,30.001,0,4552.52,4552.59,270.465,3004,0,
31,0,0,0,0,0.353553,10,30.0078,0,4403.33,4403.43,282.531,2578,0,
31,0,0,0,0,0.353553,11,30.0153,0,4893.03,4893.1,291.21,2297,0,
31,0,0,0,0,0.353553,12,30.0056,0,4468.53,4469.09,275.952,2596,0,
31,0,0,0,0,0.353553,13,30.0083,0,4254.24,4254.4,328.953,1763,0,
31,0,0,0,0,0.353553,14,30.0286,0,4655.41,4655.84,295.797,967,0,
31,0,0,0,0,0.353553,15,30.0226,0,4884.02,4884.21,281.731,1629,0,
31,0,0,0,0,0.353553,16,30.0056,0,4242.57,4243.16,286.557,1335,0,
31,0,0,0,0,0.353553,17,30.02,0,3883.36,3883.99,243.856,467,0,
31,0,0,0,0,0.353553,18,30.003,0,4752.14,4752.66,315.595,2557,0,
31,0,0,0,0,0.353553,19,30.0002,0,3715.24,3715.82,299.404,1388,0,
31,0,0,0,0,0.353553,20,30.0204,0,4549.9,4550.07,264.299,1665,0,
31,0,0,0,0,0.353553,21,30.0125,0,4777.59,4778.19,316.151,1878,0,
31,0,0,0,0,0.353553,22,30.0208,0,5185.1,5185.23,316.292,1868,0,
31,0,0,0,0,0.353553,23,30.0036,0,4258.1,4258.15,264.262,2524,0,
31,0,0,0,0,0.353553,24,30.0846,0,4748.37,4748.72,317.241,275,0,
31,0,0,0,0,0.353553,25,30.0003,0,4349.26,4349.64,286.238,1698,0,
32,0,0,0,0,0.353553,1,30.0096,0,4839.56,4839.81,284.017,2775,0,
32,0,0,0,0,0.353553,2,30.0096,0,4644.16,4644.29,281.386,2298,0,
32,0,0,0,0,0.353553,3,30.0029,0,4664.35,4664.99,268.954,1973,0,
32,0,0,0,0,0.353553,4,30.0061,0,4943.79,4943.87,296.89,1959,0,
32,0,0,0,0,0.353553,5,30.0185,0,4793.77,4794.1,304.384,961,0,
32,0,0,0,0,0.353553,6,30.0309,0,4394.64,4395.12,303.079,1129,0,
32,0,0,0,0,0.353553,7,30.0035,0,4883.13,4883.4,277.468,2685,0,
32,0,0,0,0,0.353553,8,30.0132,0,4467.82,4468.14,274.175,2059,0,
32,0,0,0,0,0.353553,9,30.0003,0,4727.74,4727.81,270.465,3009,0,
32,0,0,0,0,0.353553,10,30.0105,0,4510.15,4510.24,282.531,2553,0,
32,0,0,0,0,0.353553,11,30.0087,0,5053.44,5053.52,291.21,2278,0,
32,0,0,0,0,0.353553,12,30.0023,0,4538.19,4538.75,275.952,2553,0,
32,0,0,0,0,0.353553,13,30.0311,0,4497.63,4497.78,328.953,1766,0,
32,0,0,0,0,0.353553,14,30.0309,0,4927.7,4928.29,295.749,1263,0,
32,0,0,0,0,0.353553,15,30.0163,0,4907.28,4907.47,281.731,1604,0,
32,0,0,0,0,0.353553,16,30.0098,0,4309.79,4310.38,286.557,1295,0,
32,0,0,0,0,0.353553,17,30.1159,0,4016.62,4017.25,243.856,469,0,
32,0,0,0,0,0.353553,18,30.002,0,4934.56,4935.08,315.595,2435,0,
32,0,0,0,0,0.353553,19,30.0003,0,3929.98,3930.56,299.404,1372,0,
32,0,0,0,0,0.353553,20,30.0089,0,4733.73,4733.9,264.299,1745,0,
32,0,0,0,0,0.353553,21,30.0099,0,4911.15,4911.75,316.151,1901,0,
32,0,0,0,0,0.353553,22,30.0114,0,5303.48,5303.61,316.292,1851,0,
32,0,0,0,0,0.353553,23,30.0135,0,4312.76,4312.81,264.262,2529,0,
32,0,0,0,0,0.353553,24,30.0703,0,4807.34,4807.69,317.241,275,0,
32,0,0,0,0,0.353553,25,30.0162,0,4462.06,4462.44,286.158,1683,0,
33,0,0,0,0,0.353553,1,30.005,0,5044.92,5045.18,284.017,2733,0,
33,0,0,0,0,0.353553,2,30.008,0,4763.65,4763.78,281.386,2304,0,
33,0,0,0,0,0.353553,3,30.0086,0,4801.3,4801.94,268.954,1983,0,
33,0,0,0,0,0.353553,4,30.0143,0,4992.21,4992.3,296.89,1925,0,
33,0,0,0,0,0.353553,5,30.0155,0,4826.17,4826.5,304.384,962,0,
33,0,0,0,0,0.353553,6,30.0232,0,4568.96,4569.44,303.079,1120,0,
33,0,0,0,0,0.353553,7,30.0115,0,5026.62,5026.89,277.468,2727,0,
33,0,0,0,0,0.353553,8,30.0104,0,4557.85,4558.17,274.175,2041,0,
33,0,0,0,0,0.353553,9,30.0024,0,4906.62,4906.7,270.465,2976,0,
33,0,0,0,0,0.353553,10,30.0003,0,4743.52,4743.61,282.531,2545,0,
33,0,0,0,0,0.353553,11,30.0019,0,5217.54,5217.62,291.21,2289,0,
33,0,0,0,0,0.353553,12,30.0107,0,4624.15,4624.71,275.952,2569,0,
33,0,0,0,0,0.353553,13,30.0251,0,4547.13,4547.28,328.953,1731,0,
33,0,0,0,0,0.353553,14,30.0009,0,4957.69,4958.28,295.748,1260,0,
33,0,0,0,0,0.353553,15,30.0108,0,5058.71,5058.9,281.731,1624,0,
33,0,0,0,0,0.353553,16,30.0091,0,4478.11,4478.7,286.557,1317,0,
33,0,0,0,0,0.353553,17,30.0104,0,4302.96,4303.36,286.475,1530,0,
33,0,0,0,0,0.353553,18,30.0043,0,5057.81,5058.33,315.595,2459,0,
33,0,0,0,0,0.353553,19,30.0182,0,4191.69,4192.01,299.232,1193,0,
33,0,0,0,0,0.353553,20,30.0158,0,4827.63,4827.8,264.287,1726,0,
33,0,0,0,0,0.353553,21,30.0029,0,5034.27,5034.87,316.151,1874,0,
33,0,0,0,0,0.353553,22,30.0038,0,5365.09,5365.22,316.292,1844,0,
33,0,0,0,0,0.353553,23,30.0063,0,4397.52,4397.57,264.262,2506,0,
33,0,0,0,0,0.353553,24,30.1577,0,5072.79,5073.14,317.241,275,0,
33,0,0,0,0,0.353553,25,30.0172,0,4488.67,4489.04,286.158,1672,0,
34,0,0,0,0,0.353553,1,30.0111,0,5252.73,5253.13,284.017,1652,0,
34,0,0,0,0,0.353553,2,30.0152,0,4941.76,4941.89,281.399,2242,0,
34,0,0,0,0,0.353553,3,30.0161,0,5069.73,5070.37,268.954,1955,0,
34,0,0,0,0,0.353553,4,30.0144,0,5081.63,5081.71,296.89,1916,0,
34,0,0,0,0,0.353553,5,30.0307,0,4875.99,4876.32,304.384,939,0,
34,0,0,0,0,0.353553,6,30.0203,0,4678.41,4678.89,303.079,1113,0,
34,0,0,0,0,0.353553,7,30.0074,0,5150.02,5150.29,277.468,2662,0,
34,0,0,0,0,0.353553,8,30.0047,0,4707.63,4707.96,274.175,2005,0,
34,0,0,0,0,0.353553,9,30.0025,0,5076.91,5076.99,270.465,2989,0,
34,0,0,0,0,0.353553,10,30.0003,0,4799.55,4799.64,282.531,2496,0,
34,0,0,0,0,0.353553,11,30.0049,0,5330.47,5330.55,291.21,2313,0,
34,0,0,0,0,0.353553,12,30.0064,0,4768.18,4768.74,275.952,2445,0,
34,0,0,0,0,0.353553,13,30.0079,0,4729.86,4730.01,328.953,1743,0,
34,0,0,0,0,0.353553,14,30.0326,0,5253.81,5254.36,296.123,853,0,
34,0,0,0,0,0.353553,15,30.0141,0,5125.65,5125.84,281.731,1593,0,
34,0,0,0,0,0.353553,16,30.0189,0,4641.22,4641.81,286.557,1312,0,
34,0,0,0,0,0.353553,17,30.0026,0,4485.91,4486.3,286.475,1513,0,
34,0,0,0,0,0.353553,18,30.007,0,5099.77,5100.29,315.595,2386,0,
34,0,0,0,0,0.353553,19,30.0341,0,4240.68,4240.99,299.232,1193,0,
34,0,0,0,0,0.353553,20,30.0084,0,5022.64,5022.81,264.287,1719,0,
34,0,0,0,0,0.353553,21,30.0037,0,5138.09,5138.68,316.151,1871,0,
34,0,0,0,0,0.353553,22,30.0005,0,5511.94,5512.07,316.292,1829,0,
34,0,0,0,0,0.353553,23,30.005,0,4450.79,4450.84,264.262,2496,0,
34,0,0,0,0,0.353553,24,30.1845,0,5216.57,5216.92,317.482,274,0,
34,0,0,0,0,0.353553,25,30.0081,0,4736.66,4737.03,286.238,1644,0,
35,0,0,0,0,0.353553,1,30.0101,0,5440.56,5440.96,284.017,1648,0,
35,0,0,0,0,0.353553,2,30.0007,0,4986.06,4986.19,281.399,2273,0,
35,0,0,0,0,0.353553,3,30.0129,0,5159.94,5160.58,268.954,1978,0,
35,0,0,0,0,0.353553,4,30.0188,0,5285.59,5285.68,296.89,1876,0,
35,0,0,0,0,0.353553,5,30.0331,0,5051.21,5051.54,304.384,944,0,
35,0,0,0,0,0.353553,6,30.0077,0,4819.33,4819.81,303.079,1117,0,
35,0,0,0,0,0.353553,7,30.0143,0,5268.27,5268.55,277.468,2690,0,
35,0,0,0,0,0.353553,8,30.006,0,4748.12,4748.45,274.175,1999,0,
35,0,0,0,0,0.353553,9,30.0006,0,5218.42,5218.49,270.465,2969,0,
35,0,0,0,0,0.353553,10,30.0066,0,4942.46,4942.56,282.531,2510,0,
35,0,0,0,0,0.353553,11,30.0188,0,5571.68,5571.77,291.21,1808,0,
35,0,0,0,0,0.353553,12,30.0104,0,4852.4,4852.96,275.952,2542,0,
35,0,0,0,0,0.353553,13,30.0101,0,4935.01,4935.16,328.953,1747,0,
35,0,0,0,0,0.353553,14,30.0255,0,5508.55,5509.09,296.123,848,0,
35,0,0,0,0,0.353553,15,30.0099,0,5304.94,5305.13,281.731,1589,0,
35,0,0,0,0,0.353553,16,30.0124,0,4776.19,4776.78,286.557,1308,0,
35,0,0,0,0,0.353553,17,30.0272,0,4625.88,4626.27,286.475,1498,0,
35,0,0,0,0,0.353553,18,30.0023,0,5150.92,5151.44,315.595,2201,0,
35,0,0,0,0,0.353553,19,30.0009,0,4322.85,4323.16,299.232,1173,0,
35,0,0,0,0,0.353553,20,30.0191,0,5306.55,5306.72,283.905,1745,0,
35,0,0,0,0,0.353553,21,30.0122,0,5404.07,5404.68,316.199,1822,0,
35,0,0,0,0,0.353553,22,30.0265,0,5594.76,5594.89,316.292,1856,0,
35,0,0,0,0,0.353553,23,30.0029,0,4561.26,4561.32,264.262,2496,0,
35,0,0,0,0,0.353553,24,30.1928,0,5392.25,5392.6,317.241,275,0,
35,0,0,0,0,0.353553,25,30.0051,0,4826.36,4826.73,286.238,1622,0,
36,0,0,0,0,0.353553,1,30.0265,0,5523.36,5523.76,284.017,1624,0,
36,0,0,0,0,0.353553,2,30.0113,0,5202.19,5202.32,281.399,2258,0,
36,0,0,0,0,0.353553,3,30.0017,0,5313.85,5314.49,268.954,1959,0,
36,0,0,0,0,0.353553,4,30.0102,0,5463.22,5463.31,296.89,1913,0,
36,0,0,0,0,0.353553,5,30.0079,0,5187.57,5187.9,304.384,940,0,
36,0,0,0,0,0.353553,6,30.0219,0,5075.5,5075.98,303.079,1115,0,
36,0,0,0,0,0.353553,7,30.0155,0,5408.87,5409.14,277.468,2592,0,
36,0,0,0,0,0.353553,8,30.0073,0,4816.95,4817.27,274.175,1981,0,
36,0,0,0,0,0.353553,9,30.01,0,5430.74,5430.81,270.465,2939,0,
36,0,0,0,0,0.353553,10,30.0129,0,5066.49,5066.59,282.531,2478,0,
36,0,0,0,0,0.353553,11,30.0136,0,5691.61,5691.7,291.21,1778,0,
36,0,0,0,0,0.353553,12,30.0091,0,5011.7,5012.26,275.952,2509,0,
36,0,0,0,0,0.353553,13,30.0248,0,5133.98,5134.13,328.953,1744,0,
36,0,0,0,0,0.353553,14,30.0248,0,5604.47,5605.02,296.123,841,0,
36,0,0,0,0,0.353553,15,30.0136,0,5393.86,5394.05,281.731,1593,0,
36,0,0,0,0,0.353553,16,30.0036,0,4978.1,4978.69,286.557,1294,0,
36,0,0,0,0,0.353553,17,30.0234,0,4876.95,4877.33,286.439,1388,0,
36,0,0,0,0,0.353553,18,30.0048,0,5361.93,5362.45,315.595,2389,0,
36,0,0,0,0,0.353553,19,30.0273,0,4381.05,4381.36,299.232,1178,0,
36,0,0,0,0,0.353553,20,30.0192,0,5400.18,5400.35,283.905,1697,0,
36,0,0,0,0,0.353553,21,30.0178,0,5580.24,5580.85,316.199,1823,0,
36,0,0,0,0,0.353553,22,30.0155,0,5851.08,5851.21,316.292,1829,0,
36,0,0,0,0,0.353553,23,30.0124,0,4823.3,4823.35,264.262,2538,0,
36,0,0,0,0,0.353553,24,30.1402,0,5542.73,5543.08,317.482,272,0,
36,0,0,0,0,0.353553,25,30.0096,0,5106.52,5106.65,286.135,1324,0,
37,0,0,0,0,0.353553,1,30.007,0,5789.15,5789.37,284.017,2811,0,
37,0,0,0,0,0.353553,2,30.0118,0,5276.9,5277.03,281.399,2253,0,
37,0,0,0,0,0.353553,3,30.0073,0,5484.81,5485.45,268.954,1974,0,
37,0,0,0,0,0.353553,4,30.0091,0,5538.35,5538.44,296.89,1864,0,
37,0,0,0,0,0.353553,5,30.0146,0,5303.16,5303.49,304.384,948,0,
37,0,0,0,0,0.353553,6,30.0339,0,5327.44,5327.92,303.079,1095,0,
37,0,0,0,0,0.353553,7,30.006,0,5420.54,5420.81,277.468,2677,0,
37,0,0,0,0,0.353553,8,30.0092,0,5027.28,5027.61,274.175,1985,0,
37,0,0,0,0,0.353553,9,30.0047,0,5651.28,5651.32,270.465,3742,0,
37,0,0,0,0,0.353553,10,30.0087,0,5083.77,5083.87,282.531,2522,0,
37,0,0,0,0,0.353553,11,30.0234,0,5807.28,5807.37,291.21,1804,0,
37,0,0,0,0,0.353553,12,30.002,0,5129.9,5130.46,275.952,2495,0,
37,0,0,0,0,0.353553,13,30.0009,0,5155.86,5156.01,328.941,1721,0,
37,0,0,0,0,0.353553,14,30.059,0,5809.17,5809.72,296.123,804,0,
37,0,0,0,0,0.353553,15,30.0071,0,5574.04,5574.23,281.731,1596,0,
37,0,0,0,0,0.353553,16,30.0108,0,4988.69,4989.28,286.557,1271,0,
37,0,0,0,0,0.353553,17,30.0004,0,4972.9,4973.28,286.439,1376,0,
37,0,0,0,0,0.353553,18,30.0044,0,5391.72,5392.24,315.595,2342,0,
37,0,0,0,0,0.353553,19,30.0289,0,4499.75,4500.06,299.232,1192,0,
37,0,0,0,0,0.353553,20,30.0072,0,5458.66,5458.83,283.905,1749,0,
37,0,0,0,0,0.353553,21,30.0191,0,5695.46,5696.07,316.199,1808,0,
37,0,0,0,0,0.353553,22,30.0031,0,5948.7,5948.83,316.292,1796,0,
37,0,0,0,0,0.353553,23,30.0058,0,4875.93,4875.98,264.262,2504,0,
37,0,0,0,0,0.353553,24,30.1236,0,5782.33,5782.68,317.241,275,0,
37,0,0,0,0,0.353553,25,30.0066,0,5172.14,5172.27,286.135,1366,0,
38,0,0,0,0,0.353553,1,30.0052,0,5902.88,5903.1,284.017,2773,0,
38,0,0,0,0,0.353553,2,30.0038,0,5316.21,5316.34,281.399,2217,0,
38,0,0,0,0,0.353553,3,30.0068,0,5509.13,5509.77,268.954,1891,0,
38,0,0,0,0,0.353553,4,30.0011,0,5739.37,5739.46,296.89,1862,0,
38,0,0,0,0,0.353553,5,30.0121,0,5462.26,5462.59,304.368,913,0,
38,0,0,0,0,0.353553,6,30.0055,0,5468.47,5468.95,303.079,1100,0,
38,0,0,0,0,0.353553,7,30.0115,0,5649.72,5649.99,277.468,2601,0,
38,0,0,0,0,0.353553,8,30.0074,0,5120.37,5120.69,274.175,1926,0,
38,0,0,0,0,0.353553,9,30.0006,0,5813.42,5813.47,270.465,3654,0,
38,0,0,0,0,0.353553,10,30.0079,0,5274.93,5275.03,282.531,2528,0,
38,0,0,0,0,0.353553,11,30.0138,0,6038.8,6038.88,291.21,1733,0,
38,0,0,0,0,0.353553,12,30.0021,0,5308.45,5309.34,276.416,2314,0,
38,0,0,0,0,0.353553,13,30.0331,0,5271.71,5271.86,328.953,1748,0,
38,0,0,0,0,0.353553,14,30.029,0,5855.78,5856.33,296.123,846,0,
38,0,0,0,0,0.353553,15,30.0104,0,5659.36,5659.55,281.731,1551,0,
38,0,0,0,0,0.353553,16,30.0153,0,5031.32,5031.91,286.557,1246,0,
38,0,0,0,0,0.353553,17,30.005,0,5130.11,5130.49,286.439,1412,0,
38,0,0,0,0,0.353553,18,30.001,0,5467.2,5467.72,315.595,2308,0,
38,0,0,0,0,0.353553,19,30.0331,0,4641.74,4642.05,299.232,1174,0,
38,0,0,0,0,0.353553,20,30.0222,0,5527.66,5527.83,283.905,1736,0,
38,0,0,0,0,0.353553,21,30.0066,0,5874.16,5874.84,316.199,1391,0,
38,0,0,0,0,0.353553,22,30.0093,0,6144,6144.13,316.292,1824,0,
38,0,0,0,0,0.353553,23,30.0131,0,4934.91,4934.96,264.262,2511,0,
38,0,0,0,0,0.353553,24,30.217,0,5920.91,5921.26,317.482,274,0,
38,0,0,0,0,0.353553,25,30.0251,0,5252.53,5252.65,286.135,1340,0,
39,0,0,0,0,0.353553,1,30.0102,0,5998.62,5998.84,284.017,2791,0,
39,0,0,0,0,0.353553,2,30.001,0,5452.23,5452.36,281.399,2228,0,
39,0,0,0,0,0.353553,3,30.0056,0,5628.17,5628.81,268.956,1862,0,
39,0,0,0,0,0.353553,4,30.0009,0,5930.96,5931.05,296.89,1899,0,
39,0,0,0,0,0.353553,5,30.0167,0,5669.09,5669.42,304.368,912,0,
39,0,0,0,0,0.353553,6,30.0084,0,5754.35,5754.41,303.079,1979,0,
39,0,0,0,0,0.353553,7,30.0039,0,5760.44,5760.72,277.468,2658,0,
39,0,0,0,0,0.353553,8,30.009,0,5198.28,5198.61,274.175,1961,0,
39,0,0,0,0,0.353553,9,30.0043,0,5959.91,5959.96,270.465,3721,0,
39,0,0,0,0,0.353553,10,30.0065,0,5334.83,5334.93,282.531,2570,0,
39,0,0,0,0,0.353553,11,30.0095,0,6199.93,6200.01,291.21,1775,0,
39,0,0,0,0,0.353553,12,30.0076,0,5494.97,5495.86,275.945,2353,0,
39,0,0,0,0,0.353553,13,30.0102,0,5465.88,5466.03,328.945,1694,0,
39,0,0,0,0,0.353553,14,30.0463,0,5976,5976.55,296.123,856,0,
39,0,0,0,0,0.353553,15,30.0061,0,5934.37,5934.44,281.731,1773,0,
39,0,0,0,0,0.353553,16,30.0179,0,5063.43,5064.01,286.557,1264,0,
39,0,0,0,0,0.353553,17,30.0174,0,5299.47,5299.84,286.439,1385,0,
39,0,0,0,0,0.353553,18,30.001,0,5644.13,5644.63,315.595,2561,0,
39,0,0,0,0,0.353553,19,30.0094,0,4901.54,4902.13,298.929,1639,0,
39,0,0,0,0,0.353553,20,30.0101,0,5580.92,5581.09,283.905,1718,0,
39,0,0,0,0,0.353553,21,30.007,0,6134.65,6135.38,316.654,856,0,
39,0,0,0,0,0.353553,22,30.0021,0,6230.47,6230.6,316.292,1774,0,
39,0,0,0,0,0.353553,23,30.0116,0,5046.53,5046.58,264.262,2527,0,
39,0,0,0,0,0.353553,24,30.1782,0,6131.62,6131.97,317.482,274,0,
39,0,0,0,0,0.353553,25,30.0173,0,5414.89,5415.01,286.135,1337,0,
40,0,0,0,0,0.353553,1,30.0094,0,6112.36,6112.58,284.017,2734,0,
40,0,0,0,0,0.353553,2,30.0105,0,5532.46,5532.6,281.399,2197,0,
40,0,0,0,0,0.353553,3,30.0017,0,5687.81,5688.45,268.956,1837,0,
40,0,0,0,0,0.353553,4,30.0167,0,6121.29,6121.38,296.89,1921,0,
40,0,0,0,0,0.353553,5,30.0342,0,5778.64,5778.97,304.388,886,0,
40,0,0,0,0,0.353553,6,30.0205,0,5937.57,5937.62,303.079,1976,0,
40,0,0,0,0,0.353553,7,30.0115,0,5936.06,5936.34,277.468,2658,0,
40,0,0,0,0,0.353553,8,30.0017,0,5400.21,5400.53,274.175,1941,0,
40,0,0,0,0,0.353553,9,30.0045,0,6032.12,6032.17,270.465,3649,0,
40,0,0,0,0,0.353553,10,30.0056,0,5457.77,5457.87,282.531,2452,0,
40,0,0,0,0,0.353553,11,30.0168,0,6348.22,6348.3,291.21,1751,0,
40,0,0,0,0,0.353553,12,30.0029,0,5702.15,5703.04,276.416,2301,0,
40,0,0,0,0,0.353553,13,30.0282,0,5640.26,5640.41,328.953,1732,0,
40,0,0,0,0,0.353553,14,30.0062,0,6022.74,6023.29,296.123,828,0,
40,0,0,0,0,0.353553,15,30.0139,0,5967.11,5967.19,281.731,1696,0,
40,0,0,0,0,0.353553,16,30.0046,0,5128.03,5128.62,286.557,1263,0,
40,0,0,0,0,0.353553,17,30.0275,0,5381.2,5381.57,286.439,1366,0,
40,0,0,0,0,0.353553,18,30.0211,0,5883.43,5883.92,315.595,1584,0,
40,0,0,0,0,0.353553,19,30.0292,0,5005.37,5005.96,298.929,1606,0,
40,0,0,0,0,0.353553,20,30.0079,0,5753.36,5753.53,283.905,1685,0,
40,0,0,0,0,0.353553,21,30.0229,0,6272.68,6273.42,316.654,840,0,
40,0,0,0,0,0.353553,22,30.0056,0,6447.9,6448.03,316.292,1835,0,
40,0,0,0,0,0.353553,23,30.0036,0,5209.04,5209.08,264.262,2477,0,
40,0,0,0,0,0.353553,24,30.0847,0,6233.59,6233.94,317.482,274,0,
40,0,0,0,0,0.353553,25,30.0077,0,5594.45,5594.58,286.135,1339,0,
