2,0.5,1,9.2183e-05,1,171.991,171.991,166.345,1,0,
2,0.5,2,0.000201327,1,339.239,339.239,230.418,1,0,
2,0.5,3,0.000164357,1,313.154,313.154,209.725,1,0,
2,0.5,4,0.000125835,1,275.798,275.798,152.537,1,0,
2,0.5,5,0.000109264,1,194.398,194.398,140.361,1,0,
2,0.5,6,0.00013861,1,259.742,259.742,135.602,1,0,
2,0.5,7,0.000100948,1,188.509,188.509,154.426,1,0,
2,0.5,8,0.000159908,1,201.884,201.884,114.369,1,0,
2,0.5,9,0.000209321,1,393.647,393.647,206.235,1,0,
2,0.5,10,0.000188752,1,342.371,342.371,254.339,1,0,
2,0.5,11,0.000185277,1,378.251,378.251,219.348,1,0,
2,0.5,12,0.000204403,1,364.414,364.414,299.114,1,0,
2,0.5,13,0.000111279,1,162.393,162.393,105.989,1,0,
2,0.5,14,8.555e-05,1,138.146,138.146,117.839,1,0,
2,0.5,15,0.000122369,1,249.361,249.361,176.769,1,0,
2,0.5,16,0.000188473,1,322.395,322.395,216.719,1,0,
2,0.5,17,9.691e-05,1,159.144,159.144,79.7585,1,0,
2,0.5,18,0.000248093,1,535.185,535.185,278.655,1,0,
2,0.5,19,0.0154787,1,519.05,520.603,331.509,10,0,
2,0.5,20,0.000205934,1,408.068,408.068,351.729,1,0,
2,0.5,21,0.000167843,1,322.661,322.661,173.034,1,0,
2,0.5,22,0.000108624,1,153.93,153.93,133.196,1,0,
2,0.5,23,0.000232945,1,350.593,350.593,283.077,1,0,
2,0.5,24,6.2576e-05,1,76.696,76.696,55.8986,1,0,
2,0.5,25,0.000178574,1,278.473,278.473,256.395,1,0,
3,0.5,1,0.000154028,1,315.263,315.263,166.345,1,0,
3,0.5,2,0.000206826,1,405.234,405.234,230.418,1,0,
3,0.5,3,0.000278801,1,517.369,517.369,209.725,1,0,
3,0.5,4,0.00017629,1,381.807,381.807,152.537,1,0,
3,0.5,5,0.000180606,1,280.853,280.853,140.361,1,0,
3,0.5,6,0.000185387,1,328.112,328.112,135.602,1,0,
3,0.5,7,0.000223277,1,450.222,450.222,261.714,1,0,
3,0.5,8,0.000167523,1,310.683,310.683,114.369,1,0,
3,0.5,9,0.000310951,1,646.357,646.357,252.711,1,0,
3,0.5,10,0.000231322,1,407.649,407.649,254.339,1,0,
3,0.5,11,0.0002148,1,446.958,446.958,219.348,1,0,
3,0.5,12,0.000246611,1,545.348,545.348,299.114,1,0,
3,0.5,13,0.0001281,1,223.92,223.92,105.989,1,0,
3,0.5,14,0.000149509,1,275.974,275.974,137.828,1,0,
3,0.5,15,0.000253393,1,531.796,531.796,282.436,1,0,
3,0.5,16,0.000247371,1,497.371,497.371,216.719,1,0,
3,0.5,17,0.000172763,1,318.8,318.8,159.656,1,0,
3,0.5,18,0.000291705,1,602.525,602.525,278.655,1,0,
3,0.5,19,0.0153452,1,553.025,554.577,331.509,10,0,
3,0.5,20,0.000251601,1,483.827,483.827,351.729,1,0,
3,0.5,21,0.00018751,1,378.871,378.871,173.034,1,0,
3,0.5,22,0.000190756,1,335.61,335.61,181.681,1,0,
3,0.5,23,0.000286224,1,462.186,462.186,283.077,1,0,
3,0.5,24,0.000146754,1,289.031,289.031,212.335,1,0,
3,0.5,25,0.000220392,1,463.265,463.265,256.395,1,0,
4,0.5,1,0.00016563,1,356.484,356.484,166.345,1,0,
4,0.5,2,0.000229519,1,522.185,522.185,230.418,1,0,
4,0.5,3,0.0005679,1,604.741,604.741,209.725,1,0,
4,0.5,4,0.000399746,1,481.622,481.622,152.537,1,0,
4,0.5,5,0.00029997,1,519.105,519.105,238.252,1,0,
4,0.5,6,0.000253924,1,520.313,520.313,192.202,1,0,
4,0.5,7,0.00147197,1,716.784,718.189,266.562,4,0,
4,0.5,8,0.000334003,1,575.593,575.593,264.91,1,0,
4,0.5,9,0.000381173,1,775.646,775.646,252.711,1,0,
4,0.5,10,0.000336469,1,659.526,659.526,254.339,1,0,
4,0.5,11,0.000288959,1,549.305,549.305,219.348,1,0,
4,0.5,12,0.000322473,1,692.206,692.206,299.114,1,0,
4,0.5,13,0.000852452,1,517.173,518.482,294.562,2,0,
4,0.5,14,0.000245969,1,526.077,526.077,250.104,1,0,
4,0.5,15,0.000359942,1,647.029,647.029,282.436,1,0,
4,0.5,16,0.000309549,1,511.05,511.05,216.719,1,0,
4,0.5,17,0.000186929,1,401.666,401.666,159.656,1,0,
4,0.5,18,0.0985046,1,690.378,691.083,278.655,490,0,
4,0.5,19,0.0157945,1,734.354,735.907,331.509,10,0,
4,0.5,20,1.48978,1,713.187,714.623,353.018,2838,0,
4,0.5,21,0.00037464,1,670.072,670.072,291.201,1,0,
4,0.5,22,0.00026805,1,483.357,483.357,181.681,1,0,
4,0.5,23,0.000317634,1,652.273,652.273,283.077,1,0,
4,0.5,24,0.000498842,1,442.924,443.132,212.335,2,0,
4,0.5,25,0.000293248,1,652.573,652.573,256.395,1,0,
5,0.5,1,0.000332441,1,627.45,627.45,270.967,1,0,
5,0.5,2,0.000386041,1,733.967,733.967,230.418,1,0,
5,0.5,3,0.000402651,1,804.045,804.045,209.725,1,0,
5,0.5,4,0.000284321,1,643.517,643.517,161.895,1,0,
5,0.5,5,0.000336218,1,714.156,714.156,238.252,1,0,
5,0.5,6,0.000329987,1,549.715,549.715,192.202,1,0,
5,0.5,7,0.0015884,1,831.383,832.788,266.562,4,0,
5,0.5,8,0.000440553,1,754.202,754.202,264.91,1,0,
5,0.5,9,0.000532375,1,1037.1,1037.1,261.452,1,0,
5,0.5,10,0.000439491,1,820.19,820.19,254.339,1,0,
5,0.5,11,0.000346678,1,634.947,634.947,219.348,1,0,
5,0.5,12,0.000381613,1,839.771,839.771,299.114,1,0,
5,0.5,13,0.000883579,1,558.403,559.712,294.562,2,0,
5,0.5,14,0.000390791,1,626.413,626.413,250.104,1,0,
5,0.5,15,0.000338853,1,722.945,722.945,282.436,1,0,
5,0.5,16,0.000405888,1,645.577,645.577,216.719,1,0,
5,0.5,17,0.000336078,1,671.936,671.936,270.27,1,0,
5,0.5,18,0.0965549,1,816.001,816.706,278.655,490,0,
5,0.5,19,0.016064,1,943.706,945.258,331.509,10,0,
5,0.5,20,30.0006,0,911.637,914.623,352.33,42043,0,
5,0.5,21,0.000407171,1,750.754,750.754,291.201,1,0,
5,0.5,22,0.000377135,1,651.223,651.223,181.681,1,0,
5,0.5,23,0.000328844,1,672.478,672.478,283.077,1,0,
5,0.5,24,0.000623314,1,763.634,763.842,320.71,2,0,
5,0.5,25,0.000390219,1,769.242,769.242,256.395,1,0,
6,0.5,1,0.000419012,1,698.899,698.899,270.967,1,0,
6,0.5,2,0.000453065,1,905.997,905.997,230.418,1,0,
6,0.5,3,0.000464417,1,912.572,912.572,209.725,1,0,
6,0.5,4,0.000436356,1,758.132,758.132,161.895,1,0,
6,0.5,5,0.00039613,1,824.3,824.3,238.252,1,0,
6,0.5,6,0.000405378,1,726.855,726.855,192.202,1,0,
6,0.5,7,0.00169704,1,980.131,981.536,266.562,4,0,
6,0.5,8,0.000464657,1,783.755,783.755,264.91,1,0,
6,0.5,9,0.00064302,1,1234.42,1234.42,261.452,1,0,
6,0.5,10,0.00185455,1,995.393,995.951,254.339,11,0,
6,0.5,11,0.000657958,1,696.962,697.126,219.348,3,0,
6,0.5,12,0.00152929,1,1036.02,1036.67,299.114,6,0,
6,0.5,13,0.000963108,1,663.434,664.743,294.562,2,0,
6,0.5,14,0.000360904,1,733.08,733.08,250.104,1,0,
6,0.5,15,0.00230791,1,1034.69,1035.89,312.948,5,0,
6,0.5,16,0.000380801,1,734.636,734.636,216.719,1,0,
6,0.5,17,0.000414634,1,769.469,769.469,270.27,1,0,
6,0.5,18,0.101887,1,1023.33,1024.03,278.655,490,0,
6,0.5,19,0.0270617,1,1203.66,1207.64,333.935,27,0,
6,0.5,20,30,0,1014.14,1017.11,353.492,40768,0,
6,0.5,21,0.000425635,1,901.271,901.271,291.201,1,0,
6,0.5,22,0.000407481,1,807.671,807.671,181.681,1,0,
6,0.5,23,0.0016855,1,944.418,944.492,283.077,7,0,
6,0.5,24,0.000580152,1,790.187,790.395,320.71,2,0,
6,0.5,25,0.00045546,1,844.988,844.988,256.395,1,0,
7,0.5,1,0.00039633,1,840.559,840.559,270.967,1,0,
7,0.5,2,0.000772623,1,1094.84,1095.05,230.418,2,0,
7,0.5,3,0.000668357,1,1120.43,1120.43,209.725,1,0,
7,0.5,4,0.000509151,1,905.467,905.467,161.895,1,0,
7,0.5,5,0.00316214,1,1060.5,1063.02,238.716,8,0,
7,0.5,6,0.000462584,1,889.733,889.733,192.202,1,0,
7,0.5,7,0.00224633,1,1214.32,1215.73,266.562,4,0,
7,0.5,8,0.000466441,1,972.046,972.046,264.91,1,0,
7,0.5,9,0.000591173,1,1257.87,1257.87,261.452,1,0,
7,0.5,10,0.00471371,1,1319.76,1320.4,324.452,25,0,
7,0.5,11,0.000736826,1,862.208,862.372,219.348,3,0,
7,0.5,12,0.00158651,1,1144.25,1144.9,299.114,6,0,
7,0.5,13,0.000963278,1,714.233,715.542,294.562,2,0,
7,0.5,14,0.000474927,1,862.795,862.795,250.104,1,0,
7,0.5,15,0.00229804,1,1105.65,1106.85,312.948,5,0,
7,0.5,16,0.000506846,1,940.521,940.521,216.719,1,0,
7,0.5,17,0.000691131,1,1089.47,1089.47,320.006,1,0,
7,0.5,18,0.104058,1,1254.37,1255.07,278.655,490,0,
7,0.5,19,0.0270523,1,1284.57,1288.55,333.935,27,0,
7,0.5,20,30.0005,0,1101.41,1104.38,353.492,40899,0,
7,0.5,21,0.000604769,1,1078.9,1078.9,291.201,1,0,
7,0.5,22,0.0271164,1,977.974,979.86,181.681,126,0,
7,0.5,23,0.00192307,1,1180.88,1180.95,283.077,7,0,
7,0.5,24,0.00110215,1,993.678,994.056,320.71,4,0,
7,0.5,25,0.000479495,1,1020.52,1020.52,256.395,1,0,
8,0.5,1,0.0156285,1,1055.38,1058.57,270.967,27,0,
8,0.5,2,0.000925028,1,1322.91,1323.12,230.418,2,0,
8,0.5,3,0.000663519,1,1349.19,1349.19,228.762,1,0,
8,0.5,4,0.000571528,1,1156.66,1156.66,251.193,1,0,
8,0.5,5,0.0034097,1,1317.35,1319.87,256.853,8,0,
8,0.5,6,0.000582928,1,1016.66,1016.66,192.202,1,0,
8,0.5,7,0.00246974,1,1253.22,1254.63,266.562,4,0,
8,0.5,8,0.00558651,1,1250.82,1252.74,280.692,16,0,
8,0.5,9,0.000779466,1,1538.66,1538.66,280.786,1,0,
8,0.5,10,0.00478169,1,1394.3,1394.95,324.452,25,0,
8,0.5,11,0.000866098,1,1084.13,1084.29,221.918,3,0,
8,0.5,12,0.00483535,1,1364.48,1365.21,299.114,20,0,
8,0.5,13,0.00116916,1,859.51,860.819,294.562,2,0,
8,0.5,14,0.000677416,1,1005.5,1006.96,250.104,2,0,
8,0.5,15,0.00239653,1,1129.48,1130.68,312.948,5,0,
8,0.5,16,0.000666044,1,1024.83,1024.83,216.719,1,0,
8,0.5,17,0.00110807,1,1172.76,1172.93,320.006,3,0,
8,0.5,18,0.104204,1,1368.71,1369.41,278.655,490,0,
8,0.5,19,0.127029,1,1501.13,1506.52,333.935,153,0,
8,0.5,20,30.0002,0,1200.48,1203.45,353.492,40424,0,
8,0.5,21,0.000662647,1,1120.69,1120.69,291.201,1,0,
8,0.5,22,0.0273809,1,1135.9,1137.79,181.681,126,0,
8,0.5,23,0.129442,1,1414.96,1419.83,283.077,447,0,
8,0.5,24,0.00117749,1,1225.62,1226,320.71,4,0,
8,0.5,25,0.000617334,1,1296.91,1296.91,276.39,1,0,
9,0.5,1,0.0154862,1,1061.08,1064.26,270.967,27,0,
9,0.5,2,0.00113614,1,1486.24,1486.45,230.418,2,0,
9,0.5,3,0.000858003,1,1522.43,1522.43,228.762,1,0,
9,0.5,4,0.000583169,1,1176.63,1176.63,251.193,1,0,
9,0.5,5,0.0135061,1,1583.08,1586.64,265.725,33,0,
9,0.5,6,0.00268297,1,1311.7,1313.9,295.037,6,0,
9,0.5,7,0.00692821,1,1432.46,1434.47,266.562,24,0,
9,0.5,8,0.123559,1,1529.11,1533.84,279.54,435,0,
9,0.5,9,0.000863913,1,1699.27,1699.27,280.786,1,0,
9,0.5,10,0.00499655,1,1624.5,1625.15,324.452,25,0,
9,0.5,11,0.000964172,1,1158.81,1158.98,221.918,3,0,
9,0.5,12,0.00481136,1,1418.7,1419.44,299.114,20,0,
9,0.5,13,0.00103903,1,897.602,898.911,294.562,2,0,
9,0.5,14,0.000796346,1,1113.02,1114.49,250.104,2,0,
9,0.5,15,0.00236943,1,1183.29,1184.49,312.948,5,0,
9,0.5,16,0.00293498,1,1161.36,1162.23,216.719,8,0,
9,0.5,17,0.00175336,1,1334.24,1335.22,320.006,6,0,
9,0.5,18,0.108897,1,1566.59,1567.29,278.655,490,0,
9,0.5,19,0.134174,1,1597.74,1603.12,333.935,153,0,
9,0.5,20,30.0005,0,1396.85,1399.82,353.492,40414,0,
9,0.5,21,0.000579183,1,1180.57,1180.57,291.201,1,0,
9,0.5,22,0.05768,1,1325.91,1329.71,191.924,270,0,
9,0.5,23,0.0476242,1,1597.08,1601.96,283.077,120,0,
9,0.5,24,0.00765262,1,1336.14,1342.83,321.285,14,0,
9,0.5,25,0.00204969,1,1340.31,1341.52,276.39,7,0,
10,0.5,1,0.0347388,1,1181.42,1185.24,271.04,78,0,
10,0.5,2,0.00118452,1,1588.91,1589.12,230.418,2,0,
10,0.5,3,0.00099065,1,1549.19,1549.19,228.762,1,0,
10,0.5,4,0.000705567,1,1296.52,1296.52,251.193,1,0,
10,0.5,5,0.0196325,1,1705.95,1709.8,265.725,66,0,
10,0.5,6,0.0112248,1,1505.58,1511.45,295.037,29,0,
10,0.5,7,0.0060211,1,1598.28,1600.29,266.562,24,0,
10,0.5,8,1.18973,1,1571.89,1577.1,279.54,1880,0,
10,0.5,9,30.0001,0,1881.13,1883.82,280.786,99487,0,
10,0.5,10,0.00880564,1,1702.29,1704.85,324.452,31,0,
10,0.5,11,0.00121487,1,1302.78,1302.94,221.918,3,0,
10,0.5,12,0.00559244,1,1697.28,1698.01,299.114,20,0,
10,0.5,13,0.00119966,1,1077.22,1078.53,294.562,2,0,
10,0.5,14,0.000914648,1,1320.69,1322.15,250.104,2,0,
10,0.5,15,0.00234827,1,1212.78,1213.98,312.948,5,0,
10,0.5,16,0.00290901,1,1292.19,1293.05,216.719,8,0,
10,0.5,17,0.00170077,1,1526.38,1527.36,320.006,6,0,
10,0.5,18,0.107205,1,1738.84,1739.54,278.655,490,0,
10,0.5,19,30.0003,0,1845.11,1852.57,335.217,40935,0,
10,0.5,20,30.0006,0,1482.75,1485.66,352.572,40076,0,
10,0.5,21,0.000759178,1,1357.04,1357.04,291.201,1,0,
10,0.5,22,0.413295,1,1438.52,1443.54,191.416,1782,0,
10,0.5,23,0.0463299,1,1814.15,1819.17,283.221,115,0,
10,0.5,24,0.011064,1,1438.91,1445.9,321.285,34,0,
10,0.5,25,0.00252288,1,1585.64,1586.85,276.39,7,0,
11,0.5,1,30.0005,0,1355.8,1363.77,271.727,76082,0,
11,0.5,2,0.00136819,1,1702.6,1702.8,230.418,2,0,
11,0.5,3,0.00206319,1,1673.43,1675.16,228.762,5,0,
11,0.5,4,0.000654893,1,1347.85,1347.85,251.193,1,0,
11,0.5,5,0.0226393,1,1806.83,1810.68,265.725,66,0,
11,0.5,6,0.0226917,1,1683.17,1689.32,297.516,55,0,
11,0.5,7,0.0316387,1,1806.43,1808.61,266.725,133,0,
11,0.5,8,30.0012,0,1738.67,1745.43,279.54,53246,0,
11,0.5,9,30.0002,0,2055.73,2060.09,280.786,74096,0,
11,0.5,10,0.00862861,1,1836.64,1839.2,324.452,31,0,
11,0.5,11,0.00113992,1,1545.28,1545.44,242.495,3,0,
11,0.5,12,0.206158,1,1901.97,1904.11,299.114,649,0,
11,0.5,13,0.00611856,1,1331.95,1336.66,294.562,17,0,
11,0.5,14,0.0108294,1,1572.72,1576.46,254.316,16,0,
11,0.5,15,0.00251626,1,1243.79,1245,312.948,5,0,
11,0.5,16,0.00305446,1,1304.74,1305.6,216.719,8,0,
11,0.5,17,0.00191366,1,1574.8,1575.78,320.006,6,0,
11,0.5,18,0.109797,1,1807.57,1808.27,278.655,490,0,
11,0.5,19,30.0005,0,1942.97,1950.43,335.217,41355,0,
11,0.5,20,30.0008,0,1624.19,1627.09,352.572,39982,0,
11,0.5,21,0.00194396,1,1481.57,1482.13,291.201,8,0,
11,0.5,22,7.7049,1,1683.04,1688.24,244.647,32799,0,
11,0.5,23,0.14317,1,2043.33,2048.87,283.415,343,0,
11,0.5,24,0.0115137,1,1492.56,1499.54,321.285,34,0,
11,0.5,25,0.0022376,1,1637.25,1638.46,276.39,7,0,
12,0.5,1,30.0005,0,1467.47,1475.44,271.727,75846,0,
12,0.5,2,0.00130964,1,1907.52,1907.73,230.418,2,0,
12,0.5,3,0.455118,1,1920.39,1925.95,247.111,1184,0,
12,0.5,4,0.000729692,1,1519.84,1519.84,251.193,1,0,
12,0.5,5,0.0400246,1,1999.91,2004.22,265.725,105,0,
12,0.5,6,0.0223974,1,1756.83,1762.98,297.516,55,0,
12,0.5,7,0.0327514,1,1940.98,1943.16,266.725,133,0,
12,0.5,8,30.0011,0,1842.12,1848.88,279.54,53012,0,
12,0.5,9,30.0005,0,2159.03,2164.52,280.786,62352,0,
12,0.5,10,30.0002,0,2174.15,2176.95,339.173,43113,0,
12,0.5,11,0.00128054,1,1775.44,1775.6,242.495,3,0,
12,0.5,12,18.0214,1,1920.54,1924.33,299.114,52275,0,
12,0.5,13,0.0132463,1,1478.03,1484.32,294.562,35,0,
12,0.5,14,0.0110215,1,1638.18,1641.93,254.316,16,0,
12,0.5,15,0.00267202,1,1467.41,1468.61,312.948,5,0,
12,0.5,16,0.00308268,1,1422.64,1423.5,216.719,8,0,
12,0.5,17,0.198816,1,1825.95,1830.68,320.006,291,0,
12,0.5,18,0.111124,1,2068.25,2070.36,278.655,493,0,
12,0.5,19,30.0002,0,2116.28,2123.74,335.217,41070,0,
12,0.5,20,30.0007,0,1922.28,1927.85,354.33,36202,0,
12,0.5,21,0.0232208,1,1668.27,1669.46,291.201,139,0,
12,0.5,22,7.79671,1,1777.73,1782.92,244.647,32799,0,
12,0.5,23,0.143835,1,2134.91,2140.46,283.415,343,0,
12,0.5,24,30.0003,0,1786.12,1792.32,321.217,54921,0,
12,0.5,25,0.00211715,1,1742.08,1743.3,276.39,7,0,
13,0.5,1,30,0,1609.88,1617.08,272.865,65323,0,
13,0.5,2,0.00140787,1,1919.43,1919.64,230.418,2,0,
13,0.5,3,0.450929,1,2026.14,2031.7,247.111,1184,0,
13,0.5,4,0.000934174,1,1617.61,1618.12,251.193,2,0,
13,0.5,5,0.0439546,1,2213.15,2217.46,265.725,105,0,
13,0.5,6,30.0007,0,2060.88,2070.05,306.534,42296,0,
13,0.5,7,0.0328604,1,2140.16,2142.33,266.725,133,0,
13,0.5,8,30.0013,0,1961.43,1968.19,279.54,52982,0,
13,0.5,9,30.0004,0,2225.17,2230.66,280.786,62063,0,
13,0.5,10,30.0002,0,2253.53,2256.33,339.173,42810,0,
13,0.5,11,0.00138807,1,1941.5,1941.66,242.495,3,0,
13,0.5,12,30.0003,0,2182.54,2186.3,299.114,88874,0,
13,0.5,13,0.0133888,1,1548.75,1555.04,294.562,35,0,
13,0.5,14,30.0002,0,1844.75,1850.49,253.809,70318,0,
13,0.5,15,0.00265681,1,1615.34,1616.54,312.948,5,0,
13,0.5,16,0.00396682,1,1580.33,1582.33,216.719,12,0,
13,0.5,17,0.564354,1,1965.87,1971.53,320.006,1001,0,
13,0.5,18,0.112836,1,2296.29,2298.76,278.655,498,0,
13,0.5,19,30.0003,0,2253.52,2260.98,335.177,40241,0,
13,0.5,20,30,0,2042.08,2047.64,354.33,35909,0,
13,0.5,21,0.0233206,1,1713.82,1715,291.201,139,0,
13,0.5,22,7.90879,1,1888.37,1893.57,244.647,32799,0,
13,0.5,23,2.07284,1,2353.29,2360.18,283.415,5288,0,
13,0.5,24,30.0003,0,1861.33,1867.51,320.786,54088,0,
13,0.5,25,0.00231867,1,1901.3,1902.52,276.39,7,0,
14,0.5,1,30.0004,0,1784.28,1791.48,272.865,64561,0,
14,0.5,2,0.00309988,1,2211.04,2211.9,291.612,8,0,
14,0.5,3,0.595905,1,2098.27,2104.06,247.111,1561,0,
14,0.5,4,0.00103705,1,1692.23,1692.74,251.193,2,0,
14,0.5,5,0.0410439,1,2420.68,2424.99,265.725,105,0,
14,0.5,6,30.0006,0,2114.26,2123.43,306.534,41966,0,
14,0.5,7,1.60301,1,2353.22,2356.98,266.725,5850,0,
14,0.5,8,30.0009,0,2174.15,2180.93,279.637,53086,0,
14,0.5,9,30.0003,0,2460.55,2466.98,283.672,57352,0,
14,0.5,10,30.0005,0,2492.47,2495.27,339.173,42645,0,
14,0.5,11,0.00359205,1,2102.69,2104.26,242.495,10,0,
14,0.5,12,30.0002,0,2234.27,2238.04,299.114,98137,0,
14,0.5,13,0.0190848,1,1696.94,1703.71,294.562,48,0,
14,0.5,14,30.0002,0,1883.4,1889.14,253.809,68873,0,
14,0.5,15,0.00424475,1,1758.5,1759.91,312.948,10,0,
14,0.5,16,0.00515455,1,1805.33,1807.79,225.466,15,0,
14,0.5,17,2.57805,1,2160.23,2168.33,320.006,8286,0,
14,0.5,18,0.116315,1,2436.45,2438.93,278.655,498,0,
14,0.5,19,30.0002,0,2479.21,2486.67,335.217,40466,0,
14,0.5,20,30.0008,0,2224.26,2229.83,354.33,35868,0,
14,0.5,21,0.0257458,1,1779.84,1781.03,291.201,139,0,
14,0.5,22,8.14117,1,1973.47,1978.66,244.647,32799,0,
14,0.5,23,14.7363,1,2542.46,2550,283.415,37630,0,
14,0.5,24,30.0002,0,2075.29,2081.47,320.874,53267,0,
14,0.5,25,0.0022886,1,2090.41,2091.62,276.39,7,0,
15,0.5,1,30.0002,0,1850.26,1857.55,271.092,64991,0,
15,0.5,2,0.00326544,1,2237.54,2238.4,291.612,8,0,
15,0.5,3,1.05852,1,2366.93,2373.08,268.662,3000,0,
15,0.5,4,0.00125972,1,1791.81,1792.37,251.193,3,0,
15,0.5,5,0.0409938,1,2430.43,2434.74,265.725,105,0,
15,0.5,6,30.0005,0,2349.47,2358.64,306.534,41560,0,
15,0.5,7,2.72525,1,2584.84,2589.8,266.725,8010,0,
15,0.5,8,30.0012,0,2224.69,2231.48,279.637,52948,0,
15,0.5,9,30.0002,0,2528.97,2535.39,283.672,56758,0,
15,0.5,10,30.0002,0,2625.95,2628.75,339.173,43638,0,
15,0.5,11,0.0215817,1,2332.57,2334.76,242.495,52,0,
15,0.5,12,30,0,2453.71,2457.46,299.114,95330,0,
15,0.5,13,4.25237,1,1878.95,1889.43,294.562,8758,0,
15,0.5,14,30.0002,0,2087.86,2093.6,253.809,68556,0,
15,0.5,15,0.00432155,1,1918.6,1920.01,312.948,10,0,
15,0.5,16,0.00506152,1,1892.37,1894.84,225.466,15,0,
15,0.5,17,2.57634,1,2183.65,2191.76,320.006,8286,0,
15,0.5,18,0.117776,1,2512.09,2514.64,278.655,501,0,
15,0.5,19,30.0006,0,2730.13,2737.58,335.217,39910,0,
15,0.5,20,30.0005,0,2409.42,2414.99,353.492,35709,0,
15,0.5,21,0.0238631,1,1899.21,1900.4,291.201,139,0,
15,0.5,22,30.0002,0,2131.02,2134.08,245.555,77073,0,
15,0.5,23,30.0004,0,2717.69,2725.46,283.415,73287,0,
15,0.5,24,30,0,2215.95,2222.13,320.874,52961,0,
15,0.5,25,0.00244107,1,2271.39,2272.61,276.39,7,0,
16,0.5,1,30.0004,0,1984.51,1991.78,271.727,64785,0,
16,0.5,2,0.170744,1,2440.92,2444.52,291.612,312,0,
16,0.5,3,1.0953,1,2493.84,2499.99,268.662,3000,0,
16,0.5,4,0.0495129,1,2048.09,2049.19,256.76,188,0,
16,0.5,5,0.0418793,1,2559.98,2564.29,265.725,105,0,
16,0.5,6,30.0005,0,2613.72,2620.81,306.927,48769,0,
16,0.5,7,2.79967,1,2720.19,2725.15,266.725,8010,0,
16,0.5,8,30.0008,0,2307.1,2313.88,279.637,52747,0,
16,0.5,9,30.0003,0,2675.04,2681.46,283.471,56522,0,
16,0.5,10,30.0001,0,2879.74,2882.54,338.174,42474,0,
16,0.5,11,0.0214604,1,2370.6,2372.8,242.495,52,0,
16,0.5,12,21.4574,1,2665.13,2668.97,299.114,67008,0,
16,0.5,13,30.0005,0,2203.92,2219.48,329.693,56182,0,
16,0.5,14,30.0003,0,2300.58,2306.32,253.809,67963,0,
16,0.5,15,0.00462041,1,2137.73,2139.14,312.948,10,0,
16,0.5,16,0.00514616,1,2186.01,2188.48,293.64,15,0,
16,0.5,17,2.59978,1,2267.34,2275.44,320.006,8286,0,
16,0.5,18,0.123189,1,2539.95,2542.5,278.655,501,0,
16,0.5,19,30.0003,0,2736.92,2744.37,335.217,39698,0,
16,0.5,20,30.0007,0,2472.27,2477.82,352.572,35194,0,
16,0.5,21,0.024754,1,1951.55,1952.74,291.201,139,0,
16,0.5,22,30,0,2331.09,2333.87,245.499,76306,0,
16,0.5,23,30.0002,0,2795.05,2802.81,283.221,71209,0,
16,0.5,24,30.0003,0,2310.08,2316.26,320.874,52047,0,
16,0.5,25,0.00254395,1,2393.11,2394.33,276.39,7,0,
17,0.5,1,30.0004,0,2240.47,2245.78,271.747,49792,0,
17,0.5,2,30.0004,0,2638.63,2645.53,292.263,70230,0,
17,0.5,3,5.14365,1,2653.38,2660.26,268.662,14217,0,
17,0.5,4,1.6569,1,2326.39,2328.02,278.759,4498,0,
17,0.5,5,0.0460007,1,2768.58,2772.88,265.725,105,0,
17,0.5,6,30,0,2687.01,2694.09,305.193,48460,0,
17,0.5,7,30.0005,0,3027.33,3032.88,308.537,51824,0,
17,0.5,8,30.0003,0,2508.9,2515.14,279.54,36630,0,
17,0.5,9,30.0001,0,2856.02,2863.46,283.059,59419,0,
17,0.5,10,30,0,3034.42,3037.22,338.174,41765,0,
17,0.5,11,0.0161177,1,2703.62,2705.82,333.02,40,0,
17,0.5,12,22.1996,1,2781.73,2785.58,299.114,67008,0,
17,0.5,13,30.0009,0,2431.25,2446.8,329.77,55226,0,
17,0.5,14,30.0001,0,2470.82,2476.61,253.809,76281,0,
17,0.5,15,0.00586299,1,2230.99,2232.58,312.948,19,0,
17,0.5,16,16.316,1,2358.74,2363.78,293.64,48002,0,
17,0.5,17,30.0003,0,2406.73,2412.4,321.053,96864,0,
17,0.5,18,0.626385,1,2828.39,2830.94,288.436,1930,0,
17,0.5,19,30.0003,0,2928.09,2935.54,335.217,39168,0,
17,0.5,20,30.0003,0,2536.75,2542.31,352.572,35202,0,
17,0.5,21,0.0415333,1,2062.73,2064.01,291.201,237,0,
17,0.5,22,30.0001,0,2629.92,2635.71,299.837,66219,0,
17,0.5,23,30.0005,0,2918.39,2926.15,283.221,71335,0,
17,0.5,24,30.0002,0,2521.77,2527.83,321.912,53156,0,
17,0.5,25,0.00266276,1,2420.8,2422.01,276.39,7,0,
18,0.5,1,30.0197,0,2267.14,2272.44,271.727,49160,0,
18,0.5,2,30.0003,0,2737.61,2744.51,292.263,70090,0,
18,0.5,3,5.07689,1,2792.97,2799.85,268.662,14217,0,
18,0.5,4,1.62681,1,2413.87,2415.5,278.759,4498,0,
18,0.5,5,3.32156,1,2936.25,2941.21,265.725,4969,0,
18,0.5,6,30.0007,0,2965.11,2973.41,304.055,45438,0,
18,0.5,7,30.0006,0,3133.56,3139.1,308.588,51186,0,
18,0.5,8,30.0003,0,2759.31,2765.19,279.54,37972,0,
18,0.5,9,30.0001,0,2877.85,2885.3,283.154,57509,0,
18,0.5,10,30.0004,0,3220.68,3223.48,338.174,41004,0,
18,0.5,11,1.21765,1,2825.73,2830.96,333.02,2570,0,
18,0.5,12,30.0001,0,3012.1,3015.33,299.114,97584,0,
18,0.5,13,30.0006,0,2490.79,2506.33,329.77,54592,0,
18,0.5,14,30.0001,0,2761.09,2767.63,291.134,53248,0,
18,0.5,15,0.00828474,1,2387.16,2388.88,312.948,24,0,
18,0.5,16,19.4039,1,2486.78,2493.55,293.64,60421,0,
18,0.5,17,30,0,2513.31,2518.97,321.215,95467,0,
18,0.5,18,0.64902,1,2951.59,2954.13,288.436,1930,0,
18,0.5,19,30.0006,0,3024.53,3031.98,335.217,38667,0,
18,0.5,20,30.0004,0,2807.51,2813.02,352.572,34423,0,
18,0.5,21,0.04247,1,2082.7,2083.98,291.201,237,0,
18,0.5,22,30.0003,0,2818.13,2823.92,302.545,66692,0,
18,0.5,23,30.0001,0,3067.75,3075.51,283.221,70896,0,
18,0.5,24,30.0002,0,2634.91,2640.98,321.912,52437,0,
18,0.5,25,2.71809,1,2584.74,2588.57,276.39,10814,0,
19,0.5,1,30.0004,0,2513.17,2518.33,271.249,60916,0,
19,0.5,2,30.0003,0,2861.27,2868.14,292.263,69390,0,
19,0.5,3,6.40821,1,2972.16,2979.04,268.662,16858,0,
19,0.5,4,1.65581,1,2468.35,2469.98,278.759,4498,0,
19,0.5,5,3.33972,1,3148.64,3153.59,265.725,4969,0,
19,0.5,6,30.0007,0,3170.23,3178.53,304.055,44839,0,
19,0.5,7,30.0006,0,3318.32,3323.85,308.618,53112,0,
19,0.5,8,30.0003,0,2972.28,2979.31,281.994,71116,0,
19,0.5,9,30.0003,0,2995.4,3002.85,283.154,56903,0,
19,0.5,10,30.0005,0,3318.74,3321.54,338.174,41518,0,
19,0.5,11,1.21852,1,2943.69,2948.91,333.02,2570,0,
19,0.5,12,30.0004,0,3276.07,3279.52,299.114,59287,0,
19,0.5,13,30.0004,0,2592.59,2608.12,329.77,54314,0,
19,0.5,14,30.0002,0,2931.96,2940.64,291.056,51934,0,
19,0.5,15,0.0103939,1,2500.68,2502.46,312.948,36,0,
19,0.5,16,19.4195,1,2592.1,2598.87,293.64,60421,0,
19,0.5,17,30.0002,0,2702.49,2709.55,320.006,84391,0,
19,0.5,18,0.642457,1,3021.17,3023.72,288.436,1930,0,
19,0.5,19,30.0001,0,3216.17,3223.62,335.217,38132,0,
19,0.5,20,30.0001,0,2928.24,2933.75,354.248,34294,0,
19,0.5,21,0.0450029,1,2174.75,2176.03,291.201,237,0,
19,0.5,22,30.0005,0,3048.5,3053.63,298.837,73437,0,
19,0.5,23,30.0004,0,3182.76,3190.52,283.221,70026,0,
19,0.5,24,30.0004,0,2816.96,2823.01,322.115,51501,0,
19,0.5,25,5.68924,1,2868.37,2872.45,283.626,22513,0,
20,0.5,1,30.0003,0,2655.15,2660.78,271.747,58780,0,
20,0.5,2,30.0002,0,2924.58,2931.45,292.263,68576,0,
20,0.5,3,9.43983,1,3036.74,3043.71,268.662,25599,0,
20,0.5,4,8.24206,1,2692.89,2694.69,278.759,36469,0,
20,0.5,5,3.41557,1,3301.75,3306.71,265.725,4969,0,
20,0.5,6,30.0004,0,3464.31,3472.6,304.055,44563,0,
20,0.5,7,30.0002,0,3457.59,3463.11,308.618,52235,0,
20,0.5,8,30.0001,0,3056.61,3063.63,281.993,70448,0,
20,0.5,9,30.0005,0,3154.45,3161.89,283.612,55861,0,
20,0.5,10,30.0001,0,3431.03,3433.83,338.174,41118,0,
20,0.5,11,2.57118,1,3040.1,3045.71,333.02,6018,0,
20,0.5,12,30.0006,0,3602.48,3606.35,327.469,61219,0,
20,0.5,13,30.0004,0,2748.72,2764.25,330.908,53219,0,
20,0.5,14,30.0002,0,3005.88,3014.55,291.056,51239,0,
20,0.5,15,0.0105396,1,2543.11,2544.89,312.948,36,0,
20,0.5,16,19.6753,1,2627.72,2634.49,293.64,60421,0,
20,0.5,17,30.0003,0,2806.24,2813.31,320.08,85711,0,
20,0.5,18,0.640962,1,3115.8,3118.35,288.436,1930,0,
20,0.5,19,30.0006,0,3347.77,3355.22,335.217,37956,0,
20,0.5,20,30.0007,0,3147.84,3152.95,353.969,34528,0,
20,0.5,21,0.128858,1,2285.03,2286.65,291.201,631,0,
20,0.5,22,30.0004,0,3173.75,3178.88,298.837,72077,0,
20,0.5,23,30,0,3238.05,3245.81,283.221,68553,0,
20,0.5,24,30.0005,0,2937.1,2943.15,322.115,51616,0,
20,0.5,25,30.0002,0,3015.99,3019.79,283.626,117589,0,
21,0.5,1,30.0003,0,2793.57,2799.19,271.41,58660,0,
21,0.5,2,30.0004,0,2955.2,2962.05,292.263,67277,0,
21,0.5,3,30.0005,0,3188.74,3197.37,268.662,60446,0,
21,0.5,4,8.39824,1,2936.42,2938.22,278.759,36469,0,
21,0.5,5,3.4287,1,3481.58,3486.53,265.725,4969,0,
21,0.5,6,30.0006,0,3771,3779.25,306.697,41633,0,
21,0.5,7,30.0001,0,3482.83,3488.35,307.198,52197,0,
21,0.5,8,30.0002,0,3085.55,3092.58,281.993,70272,0,
21,0.5,9,30.0006,0,3307.18,3314.49,282.916,49954,0,
21,0.5,10,30.0002,0,3606.17,3608.97,339.173,40315,0,
21,0.5,11,12.915,1,3166.82,3173.52,333.02,31654,0,
21,0.5,12,30.0005,0,3695.5,3699.37,326.564,61603,0,
21,0.5,13,30.0001,0,3032.85,3046.72,329.77,55296,0,
21,0.5,14,30.0006,0,3182.37,3191.03,290.641,53937,0,
21,0.5,15,0.117507,1,2655.66,2657.78,312.948,602,0,
21,0.5,16,19.9602,1,2660.66,2667.43,293.64,60421,0,
21,0.5,17,30.0002,0,2916.71,2923.77,320.082,83543,0,
21,0.5,18,30.0003,0,3384.99,3388.16,288.619,113776,0,
21,0.5,19,30.0005,0,3613.43,3621.34,334.351,35272,0,
21,0.5,20,30.0009,0,3258.86,3263.97,353.969,34221,0,
21,0.5,21,11.301,1,2480.11,2485.39,291.201,33367,0,
21,0.5,22,30.0001,0,3354.52,3359.65,298.837,72069,0,
21,0.5,23,30.0001,0,3414.86,3422.62,283.221,67872,0,
21,0.5,24,30.0003,0,3033.75,3039.8,321.851,51428,0,
21,0.5,25,30.0003,0,3229.78,3233.49,283.626,107369,0,
22,0.5,1,30.0004,0,3031.73,3039.28,273.503,57396,0,
22,0.5,2,30.0003,0,3049.44,3056.3,291.945,68132,0,
22,0.5,3,30.0005,0,3322.49,3331.11,268.662,60371,0,
22,0.5,4,18.4986,1,3030.95,3032.86,278.759,85738,0,
22,0.5,5,22.604,1,3562.03,3567.63,265.725,32274,0,
22,0.5,6,30.0004,0,3882.05,3890.29,306.697,41086,0,
22,0.5,7,30.0001,0,3676.94,3682.46,309.046,50453,0,
22,0.5,8,30.0003,0,3256.13,3263.4,281.993,81882,0,
22,0.5,9,30.0002,0,3415.11,3422.41,282.871,49520,0,
22,0.5,10,30.0008,0,3757.21,3760.01,339.173,39249,0,
22,0.5,11,13.2062,1,3275.09,3281.8,333.02,31654,0,
22,0.5,12,30.0003,0,3791.29,3795.16,327.469,61147,0,
22,0.5,13,30.0001,0,3118.94,3132.81,329.77,55762,0,
22,0.5,14,30.0003,0,3242.25,3250.9,290.641,53113,0,
22,0.5,15,0.121849,1,2770.56,2772.68,312.948,602,0,
22,0.5,16,30.0002,0,2773.66,2780.31,293.64,102043,0,
22,0.5,17,30.0001,0,3166.75,3175.44,321.038,62285,0,
22,0.5,18,30.0003,0,3605.17,3609.08,290.349,59535,0,
22,0.5,19,30.0004,0,3865.01,3872.92,334.823,35134,0,
22,0.5,20,30.0004,0,3355.09,3360.2,352.572,33577,0,
22,0.5,21,21.3436,1,2672.2,2677.9,291.201,58470,0,
22,0.5,22,30.0002,0,3399.58,3404.71,298.837,71339,0,
22,0.5,23,30.0003,0,3542.44,3550.19,283.221,67324,0,
22,0.5,24,30.0001,0,3182.79,3188.83,321.912,51055,0,
22,0.5,25,30.0001,0,3453.43,3457.14,283.626,105654,0,
23,0.5,1,30.0015,0,3336.1,3342.46,306.365,31672,0,
23,0.5,2,30.0005,0,3170.09,3176.93,292.263,67005,0,
23,0.5,3,30.0007,0,3618.41,3624.17,299.185,46742,0,
23,0.5,4,30.0002,0,3190.87,3193.16,278.759,131474,0,
23,0.5,5,30.0003,0,3791.87,3797.86,265.725,41910,0,
23,0.5,6,30.0004,0,3992.59,4000.82,306.697,40861,0,
23,0.5,7,30.0006,0,3769.77,3775.28,308.537,50746,0,
23,0.5,8,30.0001,0,3324.18,3331.45,281.994,81724,0,
23,0.5,9,30.0001,0,3543.76,3552.02,282.916,46373,0,
23,0.5,10,30.0008,0,3891.04,3893.84,338.308,38093,0,
23,0.5,11,30.0004,0,3605.78,3611.91,334.349,42017,0,
23,0.5,12,30.0007,0,4083.31,4089.19,330.153,38955,0,
23,0.5,13,30.0001,0,3249.51,3263.36,329.77,53972,0,
23,0.5,14,30.0002,0,3327.25,3335.9,290.774,49150,0,
23,0.5,15,0.118724,1,2829.78,2831.9,312.948,602,0,
23,0.5,16,30.0001,0,2959.13,2965.78,293.64,100395,0,
23,0.5,17,30.0005,0,3252.75,3261.42,321.038,61586,0,
23,0.5,18,30.0001,0,3757.02,3760.93,290.353,58118,0,
23,0.5,19,30.0007,0,3924.94,3932.85,331.509,34650,0,
23,0.5,20,30.0001,0,3510.47,3515.58,353.969,33846,0,
23,0.5,21,30,0,2879.84,2885.34,291.201,85631,0,
23,0.5,22,30.0002,0,3484.47,3489.6,298.837,70863,0,
23,0.5,23,30.0002,0,3651.39,3659.28,283.415,64560,0,
23,0.5,24,30.0001,0,3398.56,3404.6,322.115,49638,0,
23,0.5,25,30.0001,0,3621.62,3623.28,283.626,117136,0,
24,0.5,1,30.0007,0,3448.32,3454.68,307.173,31276,0,
24,0.5,2,30.0007,0,3300.79,3307.61,292.263,66480,0,
24,0.5,3,30.0003,0,3910.59,3916.21,299.185,46049,0,
24,0.5,4,30.0002,0,3317.09,3319.38,278.65,127144,0,
24,0.5,5,30.0006,0,3925.31,3931.28,265.725,41146,0,
24,0.5,6,30.0001,0,4084.06,4092.3,306.697,39703,0,
24,0.5,7,30.0002,0,3803.45,3808.97,308.537,50246,0,
24,0.5,8,30.0001,0,3420.83,3428.1,281.993,79319,0,
24,0.5,9,30.0006,0,3637.25,3645.5,282.916,45310,0,
24,0.5,10,30.0001,0,4122.54,4125.33,338.308,38249,0,
24,0.5,11,30.0002,0,3675.77,3681.91,334.424,41919,0,
24,0.5,12,30.0002,0,4324.67,4335.3,329.888,39632,0,
24,0.5,13,30.0005,0,3413.65,3427.46,329.77,53147,0,
24,0.5,14,30.0002,0,3424.3,3432.96,290.641,48572,0,
24,0.5,15,0.137069,1,2968.41,2970.82,312.948,641,0,
24,0.5,16,30.0003,0,3153.79,3160.62,293.64,99536,0,
24,0.5,17,30.0002,0,3457.97,3466.52,321.209,58949,0,
24,0.5,18,30.0004,0,4060.33,4066.29,306.972,54972,0,
24,0.5,19,30.0007,0,4096.16,4104.06,334.958,34445,0,
24,0.5,20,30.0003,0,3534.61,3539.72,353.969,33829,0,
24,0.5,21,30.0002,0,3061,3063.58,291.7,98577,0,
24,0.5,22,30.0003,0,3586.43,3591.56,298.837,69436,0,
24,0.5,23,30.0006,0,3964.19,3971.8,314.662,61280,0,
24,0.5,24,30.0006,0,3529.58,3535.62,321.138,50219,0,
24,0.5,25,30.0002,0,3668.73,3670.39,283.626,116402,0,
25,0.5,1,30.0002,0,3555.77,3562.11,306.92,30736,0,
25,0.5,2,30.0004,0,3474.6,3480.68,291.945,82287,0,
25,0.5,3,30.0002,0,3932.05,3937.66,299.176,44878,0,
25,0.5,4,30.0001,0,3393.89,3396.18,278.759,126133,0,
25,0.5,5,30.0008,0,4144.08,4150.02,265.725,40512,0,
25,0.5,6,30.0007,0,4138.44,4146.67,306.697,39897,0,
25,0.5,7,30.0002,0,3844.09,3849.6,307.28,50305,0,
25,0.5,8,30.0002,0,3448.4,3455.67,281.993,79428,0,
25,0.5,9,30.0002,0,3755.88,3764.13,282.852,44889,0,
25,0.5,10,30.0004,0,4339.68,4342.47,338.129,37575,0,
25,0.5,11,30.0001,0,3855.31,3861.25,333.706,85841,0,
25,0.5,12,30.0002,0,4570.42,4581.04,329.888,38765,0,
25,0.5,13,30.0004,0,3459.43,3473.22,329.77,51160,0,
25,0.5,14,30.0003,0,3497.11,3505.77,290.641,48919,0,
25,0.5,15,0.465916,1,3085.79,3088.74,312.948,2138,0,
25,0.5,16,30.0004,0,3288.8,3295.64,293.64,98267,0,
25,0.5,17,30.0005,0,3764.08,3771.84,321.657,46636,0,
25,0.5,18,30.0004,0,4183.01,4188.98,306.972,53836,0,
25,0.5,19,30.0006,0,4147.17,4155.07,335.177,34274,0,
25,0.5,20,30.001,0,3600.67,3605.78,353.969,33196,0,
25,0.5,21,30.0002,0,3302.49,3304.77,291.348,100051,0,
25,0.5,22,30.0002,0,3647.08,3652.2,298.837,67978,0,
25,0.5,23,30.0009,0,4100.05,4107.66,314.66,61417,0,
25,0.5,24,30.0004,0,3792.78,3798.82,322.115,48352,0,
25,0.5,25,30.0003,0,3732.89,3734.54,283.626,113810,0,
26,0.5,1,30.0003,0,3674.67,3681.02,306.92,30743,0,
26,0.5,2,30.0001,0,3561.78,3567.85,291.945,81057,0,
26,0.5,3,30.0002,0,4074.86,4080.47,299.938,45117,0,
26,0.5,4,30.0002,0,3443.68,3445.97,278.759,122892,0,
26,0.5,5,30.0003,0,4401.4,4407.3,265.725,39998,0,
26,0.5,6,30.0006,0,4216.72,4224.96,306.697,39680,0,
26,0.5,7,30.0002,0,3894.98,3900.48,308.618,49134,0,
26,0.5,8,30.0011,0,3520.37,3527.34,281.993,38542,0,
26,0.5,9,30.0003,0,3994.02,3998.41,283.864,45411,0,
26,0.5,10,30.0005,0,4570.17,4572.97,339.173,38381,0,
26,0.5,11,30.0001,0,3995.84,4001.41,333.779,61531,0,
26,0.5,12,30.0009,0,4739.8,4750.42,330.015,38193,0,
26,0.5,13,30.0001,0,3582.03,3595.82,329.77,50797,0,
26,0.5,14,30.0004,0,3506.38,3515.03,290.641,47841,0,
26,0.5,15,6.5856,1,3280.12,3283.34,312.948,27815,0,
26,0.5,16,30.0001,0,3389.72,3396.54,293.64,94921,0,
26,0.5,17,30.0002,0,3858.14,3865.89,321.657,46139,0,
26,0.5,18,30.0003,0,4302.93,4308.89,306.972,53489,0,
26,0.5,19,30.0003,0,4292.32,4300.22,334.383,34063,0,
26,0.5,20,30.0003,0,3751.81,3756.92,354.248,33126,0,
26,0.5,21,30.0003,0,3455.45,3457.73,291.546,97889,0,
26,0.5,22,30,0,3799.6,3804.71,298.837,67128,0,
26,0.5,23,30.0001,0,4252.57,4260.35,313.524,55567,0,
26,0.5,24,30.0003,0,3961,3967.03,321.912,48263,0,
26,0.5,25,30.0001,0,3984.93,3986.52,283.626,110694,0,
27,0.5,1,30.0001,0,3908.55,3916.13,304.92,35729,0,
27,0.5,2,30.0001,0,3668.4,3675.19,293.411,78836,0,
27,0.5,3,30.0001,0,4183.68,4189.29,299.286,44984,0,
27,0.5,4,30.0004,0,3658.92,3660.06,278.775,69608,0,
27,0.5,5,30.0002,0,4672.43,4678.33,271.03,39063,0,
27,0.5,6,30.0002,0,4438.87,4447.08,306.697,38470,0,
27,0.5,7,30.0002,0,4015.05,4020.55,307.132,48594,0,
27,0.5,8,30.0003,0,3716.69,3723.67,281.993,39054,0,
27,0.5,9,30.0005,0,4032.09,4036.48,283.864,45472,0,
27,0.5,10,30.0002,0,4690.96,4693.76,339.068,37820,0,
27,0.5,11,30.0001,0,4275.27,4280.92,333.779,65308,0,
27,0.5,12,30.0003,0,5014.88,5026.09,329.281,35137,0,
27,0.5,13,30.0004,0,3693.75,3707.71,329.77,50280,0,
27,0.5,14,30.0005,0,3696.59,3705.24,291.969,46562,0,
27,0.5,15,30.0001,0,3477.93,3481.64,311.746,102829,0,
27,0.5,16,30.0003,0,3509.38,3514.72,293.64,116360,0,
27,0.5,17,30.0001,0,4024.12,4031.88,321.657,45665,0,
27,0.5,18,30.0002,0,4391.51,4397.46,306.972,53132,0,
27,0.5,19,30.0003,0,4422.7,4430.6,335.177,34274,0,
27,0.5,20,30.0005,0,3827.67,3832.78,354.248,33160,0,
27,0.5,21,30.0115,0,3525.64,3527.92,291.546,98318,0,
27,0.5,22,30.0002,0,3911.86,3916.98,298.837,66073,0,
27,0.5,23,30.0001,0,4360.18,4367.97,315.159,55810,0,
27,0.5,24,30.0005,0,4131.04,4137.05,320.71,46978,0,
27,0.5,25,30.0002,0,4302.53,4307.71,321.269,108426,0,
28,0.5,1,30.0013,0,4151.88,4159.46,304.89,35190,0,
28,0.5,2,30.0002,0,3734.81,3741.58,293.411,77749,0,
28,0.5,3,30.0003,0,4264.48,4270.09,299.202,44570,0,
28,0.5,4,30.0004,0,3796.29,3797.43,278.865,68429,0,
28,0.5,5,30.0005,0,4713.26,4719.16,271.03,38799,0,
28,0.5,6,30.0007,0,4652.01,4660.22,306.697,38651,0,
28,0.5,7,30.0003,0,4089.67,4095.17,307.462,49015,0,
28,0.5,8,30.0009,0,3766.56,3773.54,281.993,38595,0,
28,0.5,9,30.0001,0,4098.98,4103.37,283.864,45156,0,
28,0.5,10,30.0008,0,4874.57,4877.36,338.308,37402,0,
28,0.5,11,30.0003,0,4291.74,4297.39,333.706,65602,0,
28,0.5,12,30.0007,0,5248.51,5259.45,330.015,36092,0,
28,0.5,13,30.0005,0,3946.63,3956.32,329.77,36969,0,
28,0.5,14,30.0001,0,3943.94,3952.58,290.641,45983,0,
28,0.5,15,30.0001,0,3647.47,3652.5,312.948,104811,0,
28,0.5,16,30.0001,0,3673.02,3676.94,293.64,63097,0,
28,0.5,17,30.0004,0,4251.02,4253.38,320.581,41853,0,
28,0.5,18,30.0003,0,4466.2,4472.15,306.972,52547,0,
28,0.5,19,30.0009,0,4673.68,4681.64,334.381,31997,0,
28,0.5,20,30.0005,0,3935.75,3940.83,353.969,32915,0,
28,0.5,21,30.0003,0,3651.35,3653.63,291.348,96295,0,
28,0.5,22,30.0003,0,4031.48,4036.59,298.837,64667,0,
28,0.5,23,30.0005,0,4502.23,4510,312.804,54186,0,
28,0.5,24,30.0006,0,4205.53,4211.55,320.71,47025,0,
28,0.5,25,30.0002,0,4564.53,4569.91,321.309,98341,0,
29,0.5,1,30.0013,0,4378.54,4386.11,304.89,35141,0,
29,0.5,2,30.0003,0,3886.75,3893.52,293.411,76626,0,
29,0.5,3,30.0004,0,4525.31,4531.54,298.89,44044,0,
29,0.5,4,30.0003,0,3952.87,3955.1,278.865,66867,0,
29,0.5,5,30.0004,0,4733.1,4738.95,271.03,37843,0,
29,0.5,6,30.0005,0,4841.98,4850.17,306.697,37100,0,
29,0.5,7,30.0007,0,4222.22,4227.72,308.58,48363,0,
29,0.5,8,30.0006,0,3919.06,3926.02,281.993,37595,0,
29,0.5,9,30.0005,0,4189.29,4193.67,283.986,44613,0,
29,0.5,10,30.0007,0,5164.38,5167.17,338.213,36607,0,
29,0.5,11,30.0002,0,4442.19,4447.84,333.731,63814,0,
29,0.5,12,30.0007,0,5314.17,5325.09,328.888,35155,0,
29,0.5,13,30.0008,0,4019.45,4029.13,330.274,35875,0,
29,0.5,14,30.0002,0,4009.68,4018.33,290.641,45764,0,
29,0.5,15,30.0002,0,3803.93,3808.89,311.822,101839,0,
29,0.5,16,30.0001,0,3709.04,3712.96,293.64,63204,0,
29,0.5,17,30.0001,0,4448.93,4451.29,320.082,41391,0,
29,0.5,18,30.0002,0,4553.73,4559.67,306.972,51620,0,
29,0.5,19,30.0006,0,4873.65,4881.74,334.381,31129,0,
29,0.5,20,30.0007,0,4044.88,4049.97,353.969,32555,0,
29,0.5,21,30.0002,0,3710.88,3713.16,291.546,94148,0,
29,0.5,22,30.0003,0,4201.44,4206.55,298.837,63949,0,
29,0.5,23,30.0001,0,4686.19,4694.36,312.804,54063,0,
29,0.5,24,30.0002,0,4309.78,4315.78,320.71,46271,0,
29,0.5,25,30.0001,0,4624.36,4629.73,321.309,97119,0,
30,0.5,1,30.0008,0,4521.82,4529.39,305.006,34429,0,
30,0.5,2,30.0004,0,3886.75,3893.52,292.263,76565,0,
30,0.5,3,30.0002,0,4644.28,4650.48,298.426,42767,0,
30,0.5,4,30.0002,0,4209.54,4215.09,278.759,66379,0,
30,0.5,5,30.0006,0,4780.75,4786.6,271.03,37476,0,
30,0.5,6,30.0003,0,5031.33,5039.51,306.697,37214,0,
30,0.5,7,30.0001,0,4468.67,4473.59,307.462,51384,0,
30,0.5,8,30.0002,0,4117.21,4124.41,281.993,44026,0,
30,0.5,9,30.0004,0,4316.69,4321.08,283.919,44406,0,
30,0.5,10,30.0007,0,5334.97,5337.75,338.213,36487,0,
30,0.5,11,30.0006,0,4667.67,4674.77,334.53,33577,0,
30,0.5,12,30.0002,0,5526.08,5536.99,329.281,34819,0,
30,0.5,13,30.0001,0,4150.98,4160.66,329.77,35501,0,
30,0.5,14,30.0005,0,4036,4044.65,290.471,44962,0,
30,0.5,15,30.0001,0,4036.59,4041.8,313.524,76804,0,
30,0.5,16,30.0002,0,3741.09,3745,293.64,61977,0,
30,0.5,17,30.0003,0,4512.25,4514.61,320.082,40870,0,
30,0.5,18,30.0001,0,4763.52,4771.01,305.551,43883,0,
30,0.5,19,30.001,0,5042.57,5050.65,334.82,30561,0,
30,0.5,20,30.0004,0,4251.35,4256.78,353.969,35048,0,
30,0.5,21,30.0003,0,3842.03,3844.05,291.348,81887,0,
30,0.5,22,30.0003,0,4278.69,4283.81,298.837,62630,0,
30,0.5,23,30.0006,0,4815.16,4823.33,313.613,53071,0,
30,0.5,24,30.0004,0,4415.53,4421.52,321.285,45427,0,
30,0.5,25,30.0003,0,4765.63,4772.7,321.309,87175,0,
31,0.5,1,30.0006,0,4521.82,4529.39,305.692,34662,0,
31,0.5,2,30.0003,0,3886.75,3893.52,292.263,76356,0,
31,0.5,3,30.0002,0,4644.28,4650.49,298.834,43482,0,
31,0.5,4,30.0006,0,4209.54,4215.09,278.65,66756,0,
31,0.5,5,30.0004,0,4780.75,4786.61,271.03,37898,0,
31,0.5,6,30.0005,0,5031.33,5039.51,306.697,37185,0,
31,0.5,7,30.0004,0,4468.67,4473.58,307.28,49732,0,
31,0.5,8,30.0007,0,4117.21,4124.41,281.993,44447,0,
31,0.5,9,30.0007,0,4316.69,4321.08,283.919,44380,0,
31,0.5,10,30.0005,0,5334.97,5337.75,339.15,36073,0,
31,0.5,11,30.0006,0,4667.67,4674.77,334.53,33599,0,
31,0.5,12,30.0006,0,5526.08,5536.99,329.015,34347,0,
31,0.5,13,30.0003,0,4150.98,4160.66,329.77,35598,0,
31,0.5,14,30.0007,0,4036,4044.64,290.641,44656,0,
31,0.5,15,30.0002,0,4036.59,4041.8,312.948,75752,0,
31,0.5,16,30.0005,0,3741.09,3745,293.64,61676,0,
31,0.5,17,30.0006,0,4512.25,4514.61,320.082,40929,0,
31,0.5,18,30.0001,0,4763.52,4771.01,305.551,43844,0,
31,0.5,19,30.0008,0,5042.57,5050.66,334.82,30852,0,
31,0.5,20,30.0007,0,4251.35,4256.78,353.969,34593,0,
31,0.5,21,30.0004,0,3842.03,3844.05,291.348,81970,0,
31,0.5,22,30.0005,0,4278.69,4283.81,298.837,62866,0,
31,0.5,23,30.0003,0,4815.16,4823.33,312.804,53370,0,
31,0.5,24,30.0003,0,4415.53,4421.52,321.285,45227,0,
31,0.5,25,30.0001,0,4765.63,4772.7,321.309,87136,0,
32,0.5,1,30.0004,0,4521.82,4529.39,305.692,34562,0,
32,0.5,2,30.0004,0,3886.75,3893.52,292.263,76029,0,
32,0.5,3,30.0001,0,4644.28,4650.49,297.775,43232,0,
32,0.5,4,30.0003,0,4209.54,4215.09,278.759,66299,0,
32,0.5,5,30.0008,0,4780.75,4786.6,271.03,37805,0,
32,0.5,6,30.0006,0,5031.33,5039.51,306.697,37012,0,
32,0.5,7,30.0005,0,4468.67,4473.59,307.462,50719,0,
32,0.5,8,30.0001,0,4117.21,4124.41,281.993,43461,0,
32,0.5,9,30.0004,0,4316.69,4321.06,284.287,43339,0,
32,0.5,10,30.0007,0,5334.97,5337.74,338.115,35872,0,
32,0.5,11,30.0006,0,4667.67,4674.77,334.517,33449,0,
32,0.5,12,30.0001,0,5526.08,5536.99,328.888,34761,0,
32,0.5,13,30.0007,0,4150.98,4160.66,330.274,35798,0,
32,0.5,14,30.0008,0,4036,4044.64,290.641,44664,0,
32,0.5,15,30.0005,0,4036.59,4041.8,313.289,76468,0,
32,0.5,16,30.0004,0,3741.09,3745,293.64,62381,0,
32,0.5,17,30.0006,0,4512.25,4514.61,320.082,41279,0,
32,0.5,18,30.0006,0,4763.52,4771.01,306.972,43004,0,
32,0.5,19,30.0005,0,5042.57,5050.66,334.682,30894,0,
32,0.5,20,30.0006,0,4251.35,4256.78,353.969,35064,0,
32,0.5,21,30.0003,0,3842.03,3844.05,291.348,81929,0,
32,0.5,22,30.0006,0,4278.69,4283.81,298.837,62341,0,
32,0.5,23,30.0001,0,4815.16,4823.33,312.804,53324,0,
32,0.5,24,30.0002,0,4415.53,4421.52,321.285,45327,0,
32,0.5,25,30.0003,0,4765.63,4772.7,321.309,86106,0,
33,0.5,1,30.0001,0,4521.82,4529.39,305.1,34283,0,
33,0.5,2,30.0004,0,3886.75,3893.52,291.622,75750,0,
33,0.5,3,30.0002,0,4644.28,4650.5,298.044,43763,0,
33,0.5,4,30.0003,0,4209.54,4215.09,278.759,66021,0,
33,0.5,5,30.0004,0,4780.75,4786.6,271.03,37507,0,
33,0.5,6,30.0002,0,5031.33,5039.5,306.697,36696,0,
33,0.5,7,30.0006,0,4468.67,4473.59,307.462,50338,0,
33,0.5,8,30.0003,0,4117.21,4124.41,281.993,43726,0,
33,0.5,9,30.0004,0,4316.69,4321.07,283.421,44134,0,
33,0.5,10,30.0005,0,5334.97,5337.75,338.213,36313,0,
33,0.5,11,30.0006,0,4667.67,4674.77,334.424,33503,0,
33,0.5,12,30.0002,0,5526.08,5536.99,329.281,34636,0,
33,0.5,13,30.0004,0,4150.98,4160.66,329.777,35034,0,
33,0.5,14,30.0001,0,4036,4044.64,290.641,44704,0,
33,0.5,15,30.0006,0,4036.59,4041.8,313.524,76763,0,
33,0.5,16,30.0004,0,3741.09,3745.01,293.64,62914,0,
33,0.5,17,30.0007,0,4512.25,4514.61,320.082,40915,0,
33,0.5,18,30.0004,0,4763.52,4771.01,306.778,42973,0,
33,0.5,19,30.0005,0,5042.57,5050.65,333.82,30776,0,
33,0.5,20,30.0003,0,4251.35,4256.78,353.969,34671,0,
33,0.5,21,30.0002,0,3842.03,3844.05,291.267,82629,0,
33,0.5,22,30.0005,0,4278.69,4283.81,298.837,62443,0,
33,0.5,23,30.0001,0,4815.16,4823.33,313.613,53999,0,
33,0.5,24,30.0002,0,4415.53,4421.52,322.115,45002,0,
33,0.5,25,30.0005,0,4765.63,4772.71,321.309,87691,0,
34,0.5,1,30.0008,0,4521.82,4529.39,304.637,34849,0,
34,0.5,2,30.0001,0,3886.75,3893.52,292.263,76309,0,
34,0.5,3,30.0007,0,4644.28,4650.48,298.89,43027,0,
34,0.5,4,30.0005,0,4209.54,4215.09,278.759,66536,0,
34,0.5,5,30.0002,0,4780.75,4786.6,271.03,37851,0,
34,0.5,6,30.0001,0,5031.33,5039.51,306.697,37459,0,
34,0.5,7,30.0001,0,4468.67,4473.59,307.28,51120,0,
34,0.5,8,30.0001,0,4117.21,4124.41,281.993,43889,0,
34,0.5,9,30.0003,0,4316.69,4321.07,283.919,43963,0,
34,0.5,10,30.0003,0,5334.97,5337.74,338.115,35822,0,
34,0.5,11,30.0008,0,4667.67,4674.77,334.424,33707,0,
34,0.5,12,30.0009,0,5526.08,5536.99,329.281,34665,0,
34,0.5,13,30.0007,0,4150.98,4160.66,329.777,35145,0,
34,0.5,14,30.0008,0,4036,4044.65,290.471,44954,0,
34,0.5,15,30.0002,0,4036.59,4041.8,312.948,75630,0,
34,0.5,16,30.0005,0,3741.09,3745,293.64,61247,0,
34,0.5,17,30.0006,0,4512.25,4514.61,320.082,40765,0,
34,0.5,18,30.0003,0,4763.52,4771.01,305.551,43343,0,
34,0.5,19,30.0008,0,5042.57,5050.66,333.82,30973,0,
34,0.5,20,30.0003,0,4251.35,4256.78,353.969,34662,0,
34,0.5,21,30.0004,0,3842.03,3844.05,291.348,81935,0,
34,0.5,22,30.0005,0,4278.69,4283.81,298.837,61889,0,
34,0.5,23,30.0003,0,4815.16,4823.33,312.804,53602,0,
34,0.5,24,30.0006,0,4415.53,4421.53,320.71,45809,0,
34,0.5,25,30.0002,0,4765.63,4772.7,321.309,86889,0,
35,0.5,1,30.0004,0,4521.82,4529.39,305.255,34725,0,
35,0.5,2,30.0002,0,3886.75,3893.52,292.263,76011,0,
35,0.5,3,30.0006,0,4644.28,4650.49,299.202,43403,0,
35,0.5,4,30.0008,0,4209.54,4215.09,278.65,66764,0,
35,0.5,5,30.0008,0,4780.75,4786.6,271.03,37405,0,
35,0.5,6,30.0004,0,5031.33,5039.51,306.697,37297,0,
35,0.5,7,30.0005,0,4468.67,4473.59,307.526,51127,0,
35,0.5,8,30.0001,0,4117.21,4124.41,281.993,43220,0,
35,0.5,9,30.0006,0,4316.69,4321.07,283.919,43883,0,
35,0.5,10,30.0008,0,5334.97,5337.75,338.213,36270,0,
35,0.5,11,30.0008,0,4667.67,4674.77,334.424,33647,0,
35,0.5,12,30.0006,0,5526.08,5536.99,329.281,34639,0,
35,0.5,13,30.0005,0,4150.98,4160.66,329.448,35643,0,
35,0.5,14,30.0008,0,4036,4044.64,291.828,44896,0,
35,0.5,15,30.0002,0,4036.59,4041.8,312.948,75498,0,
35,0.5,16,30.0004,0,3741.09,3745,293.64,61888,0,
35,0.5,17,30.0007,0,4512.25,4514.61,320.082,40432,0,
35,0.5,18,30.0006,0,4763.52,4771.01,305.551,43488,0,
35,0.5,19,30.001,0,5042.57,5050.65,334.82,30551,0,
35,0.5,20,30.0002,0,4251.35,4256.78,353.969,34962,0,
35,0.5,21,30.0001,0,3842.03,3844.05,291.546,81226,0,
35,0.5,22,30.0005,0,4278.69,4283.81,298.837,63150,0,
35,0.5,23,30.0004,0,4815.16,4823.33,313.613,53912,0,
35,0.5,24,30.0002,0,4415.53,4421.54,321.285,46154,0,
35,0.5,25,30.0002,0,4765.63,4772.7,321.309,86716,0,
36,0.5,1,30.0004,0,4521.82,4529.4,304.92,34926,0,
36,0.5,2,30.0004,0,3886.75,3893.51,291.622,75426,0,
36,0.5,3,30.0002,0,4644.28,4650.49,298.185,43334,0,
36,0.5,4,30.0001,0,4209.54,4215.09,278.865,66987,0,
36,0.5,5,30.0008,0,4780.75,4786.6,271.03,37436,0,
36,0.5,6,30.0007,0,5031.33,5039.51,306.697,37009,0,
36,0.5,7,30.0004,0,4468.67,4473.59,307.462,51168,0,
36,0.5,8,30.0009,0,4117.21,4124.41,281.993,43643,0,
36,0.5,9,30.0001,0,4316.69,4321.07,283.919,43850,0,
36,0.5,10,30.0007,0,5334.97,5337.75,338.213,36292,0,
36,0.5,11,30.0016,0,4667.67,4674.77,334.53,33563,0,
36,0.5,12,30.0002,0,5526.08,5536.99,328.888,34792,0,
36,0.5,13,30.0004,0,4150.98,4160.66,329.448,35687,0,
36,0.5,14,30.0007,0,4036,4044.65,290.641,44999,0,
36,0.5,15,30.0008,0,4036.59,4041.8,313.524,76757,0,
36,0.5,16,30.0005,0,3741.09,3745,293.64,62694,0,
36,0.5,17,30.0004,0,4512.25,4514.61,320.082,41079,0,
36,0.5,18,30.0007,0,4763.52,4771,303.682,41751,0,
36,0.5,19,30.0003,0,5042.57,5050.66,335.217,30997,0,
36,0.5,20,30.0007,0,4251.35,4256.78,353.969,34951,0,
36,0.5,21,30.0002,0,3842.03,3844.05,291.348,82249,0,
36,0.5,22,30.0003,0,4278.69,4283.81,298.837,62616,0,
36,0.5,23,30.0001,0,4815.16,4823.33,312.804,54085,0,
36,0.5,24,30.0006,0,4415.53,4421.53,321.285,45738,0,
36,0.5,25,30.0003,0,4765.63,4772.71,321.309,87373,0,
37,0.5,1,30.0008,0,4521.82,4529.39,305.692,34552,0,
37,0.5,2,30.0004,0,3886.75,3893.52,293.411,75891,0,
37,0.5,3,30.0002,0,4644.28,4650.49,297.38,43358,0,
37,0.5,4,30.0002,0,4209.54,4215.09,278.759,66619,0,
37,0.5,5,30.0002,0,4780.75,4786.6,271.03,37824,0,
37,0.5,6,30.0002,0,5031.33,5039.5,306.697,36728,0,
37,0.5,7,30.0003,0,4468.67,4473.59,307.28,50622,0,
37,0.5,8,30.0004,0,4117.21,4124.41,281.993,43774,0,
37,0.5,9,30.0001,0,4316.69,4321.07,283.035,44187,0,
37,0.5,10,30.0008,0,5334.97,5337.74,339.047,35352,0,
37,0.5,11,30.0006,0,4667.67,4674.77,334.53,33565,0,
37,0.5,12,30.0008,0,5526.08,5536.99,329.281,34804,0,
37,0.5,13,30.001,0,4150.98,4160.66,329.777,35247,0,
37,0.5,14,30.0001,0,4036,4044.64,290.5,44901,0,
37,0.5,15,30.0004,0,4036.59,4041.8,313.524,76603,0,
37,0.5,16,30.0002,0,3741.09,3745,293.64,61448,0,
37,0.5,17,30.0006,0,4512.25,4514.61,320.082,40531,0,
37,0.5,18,30.0006,0,4763.52,4771,306.488,42761,0,
37,0.5,19,30.0011,0,5042.57,5050.66,333.82,30976,0,
37,0.5,20,30.0001,0,4251.35,4256.78,353.969,34470,0,
37,0.5,21,30.0002,0,3842.03,3844.05,291.348,81852,0,
37,0.5,22,30.0003,0,4278.69,4283.81,298.837,62753,0,
37,0.5,23,30.0001,0,4815.16,4823.32,312.804,52138,0,
37,0.5,24,30.0005,0,4415.53,4421.51,322.115,44709,0,
37,0.5,25,30.0002,0,4765.63,4772.7,321.309,86373,0,
38,0.5,1,30.0009,0,4521.82,4529.39,304.89,34009,0,
38,0.5,2,30.0001,0,3886.75,3893.51,291.945,75162,0,
38,0.5,3,30.0005,0,4644.28,4650.48,298.89,43010,0,
38,0.5,4,30.0004,0,4209.54,4215.09,278.865,65212,0,
38,0.5,5,30.0004,0,4780.75,4786.6,271.03,37474,0,
38,0.5,6,30.0002,0,5031.33,5039.5,306.697,36606,0,
38,0.5,7,30.0003,0,4468.67,4473.58,307.279,49804,0,
38,0.5,8,30.0003,0,4117.21,4124.41,281.993,43578,0,
38,0.5,9,30.0004,0,4316.69,4321.06,283.864,43582,0,
38,0.5,10,30.0008,0,5334.97,5337.74,338.115,35709,0,
38,0.5,11,30.0004,0,4667.67,4674.76,334.933,33162,0,
38,0.5,12,30.0006,0,5526.08,5536.99,329.153,34496,0,
38,0.5,13,30.0007,0,4150.98,4160.66,329.777,35135,0,
38,0.5,14,30.0037,0,4036,4044.64,290.641,44760,0,
38,0.5,15,30.0001,0,4036.59,4041.8,312.958,74081,0,
38,0.5,16,30.0003,0,3741.09,3745,293.64,60627,0,
38,0.5,17,30.0005,0,4512.25,4514.61,320.082,40263,0,
38,0.5,18,30.0004,0,4763.52,4771,306.488,42729,0,
38,0.5,19,30.0008,0,5042.57,5050.64,333.82,30118,0,
38,0.5,20,30.0008,0,4251.35,4256.78,353.969,34226,0,
38,0.5,21,30.0001,0,3842.03,3844.05,291.546,79464,0,
38,0.5,22,30.0001,0,4278.69,4283.81,298.837,61936,0,
38,0.5,23,30.0003,0,4815.16,4823.33,312.804,53092,0,
38,0.5,24,30.0007,0,4415.53,4421.52,322.115,45001,0,
38,0.5,25,30.0002,0,4765.63,4772.7,321.309,85847,0,
39,0.5,1,30.0014,0,4521.82,4529.39,304.89,33943,0,
39,0.5,2,30.0004,0,3886.75,3893.51,291.945,75243,0,
39,0.5,3,30.0007,0,4644.28,4650.48,298.89,42953,0,
39,0.5,4,30.0001,0,4209.54,4215.09,278.865,65550,0,
39,0.5,5,30.0006,0,4780.75,4786.6,271.03,37021,0,
39,0.5,6,30.0005,0,5031.33,5039.5,306.697,36634,0,
39,0.5,7,30.0004,0,4468.67,4473.58,307.28,49655,0,
39,0.5,8,30.0004,0,4117.21,4124.41,281.993,43471,0,
39,0.5,9,30.0004,0,4316.69,4321.07,283.658,43681,0,
39,0.5,10,30.0003,0,5334.97,5337.74,339.15,35938,0,
39,0.5,11,30.0006,0,4667.67,4674.77,334.53,33456,0,
39,0.5,12,30.0003,0,5526.08,5537,328.824,35090,0,
39,0.5,13,30.0003,0,4150.98,4160.66,329.77,35331,0,
39,0.5,14,30.0009,0,4036,4044.64,291.828,44894,0,
39,0.5,15,30.0001,0,4036.59,4041.8,311.746,76225,0,
39,0.5,16,30.0002,0,3741.09,3745,293.64,62617,0,
39,0.5,17,30.0005,0,4512.25,4514.61,320.082,40709,0,
39,0.5,18,30.0006,0,4763.52,4771.01,305.551,43549,0,
39,0.5,19,30.0007,0,5042.57,5050.66,334.381,31233,0,
39,0.5,20,30.0006,0,4251.35,4256.78,353.969,34741,0,
39,0.5,21,30.0002,0,3842.03,3844.05,291.328,82809,0,
39,0.5,22,30.0004,0,4278.69,4283.81,298.837,63210,0,
39,0.5,23,30.0002,0,4815.16,4823.33,312.804,54217,0,
39,0.5,24,30.0003,0,4415.53,4421.53,320.71,46127,0,
39,0.5,25,30.0002,0,4765.63,4772.71,321.309,88014,0,
2,4.5,1,9.1611e-05,1,171.991,171.991,166.345,1,0,
2,4.5,2,30.0002,0,339.239,342.402,232.607,109632,0,
2,4.5,3,0.195229,1,313.154,316.203,211.798,1188,0,
2,4.5,4,0.00116107,1,275.798,277.578,154.316,10,0,
2,4.5,5,0.000133689,1,194.398,194.398,140.361,1,0,
2,4.5,6,0.000143057,1,259.742,259.742,135.602,1,0,
2,4.5,7,0.000119753,1,188.509,188.509,154.426,1,0,
2,4.5,8,0.000155619,1,201.884,201.884,114.369,1,0,
2,4.5,9,0.00190434,1,393.647,394.425,206.938,8,0,
2,4.5,10,0.000197017,1,342.371,342.371,254.339,1,0,
2,4.5,11,0.000193793,1,378.251,378.251,219.348,1,0,
2,4.5,12,0.0002513,1,364.414,364.414,299.114,1,0,
2,4.5,13,0.000119683,1,162.393,162.393,105.989,1,0,
2,4.5,14,8.551e-05,1,138.146,138.146,117.839,1,0,
2,4.5,15,0.000137607,1,249.361,249.361,176.769,1,0,
2,4.5,16,0.000182761,1,322.395,322.395,216.719,1,0,
2,4.5,17,9.2372e-05,1,159.144,159.144,79.7585,1,0,
2,4.5,18,0.000269282,1,535.185,535.185,278.655,1,0,
2,4.5,19,0.0185511,1,519.05,522.611,333.517,11,0,
2,4.5,20,0.00022006,1,408.068,408.068,351.729,1,0,
2,4.5,21,0.000226423,1,322.661,322.661,173.034,1,0,
2,4.5,22,0.000113882,1,153.93,153.93,133.196,1,0,
2,4.5,23,0.000186147,1,350.593,350.593,283.077,1,0,
2,4.5,24,6.9139e-05,1,76.696,76.696,55.8986,1,0,
2,4.5,25,0.000170709,1,278.473,278.473,256.395,1,0,
3,4.5,1,0.000160459,1,315.263,315.263,166.345,1,0,
3,4.5,2,30.0002,0,405.234,408.396,232.607,110588,0,
3,4.5,3,0.186989,1,517.369,520.418,211.798,1188,0,
3,4.5,4,0.00123699,1,381.807,383.587,154.316,10,0,
3,4.5,5,0.000189354,1,280.853,280.853,140.361,1,0,
3,4.5,6,0.000189452,1,328.112,328.112,135.602,1,0,
3,4.5,7,0.000228607,1,450.222,450.222,261.714,1,0,
3,4.5,8,0.000178805,1,310.683,310.683,114.369,1,0,
3,4.5,9,30.0002,0,646.357,649.658,254.829,70700,0,
3,4.5,10,0.000225691,1,407.649,407.649,254.339,1,0,
3,4.5,11,30.0001,0,446.958,448.549,219.793,175182,0,
3,4.5,12,0.00026749,1,545.348,545.348,299.114,1,0,
3,4.5,13,0.000149859,1,223.92,223.92,105.989,1,0,
3,4.5,14,0.0001667,1,275.974,275.974,137.828,1,0,
3,4.5,15,0.000276977,1,531.796,531.796,282.436,1,0,
3,4.5,16,0.000259004,1,497.371,497.371,216.719,1,0,
3,4.5,17,0.00622471,1,318.8,323.118,163.975,14,0,
3,4.5,18,0.00456443,1,602.525,605.561,281.69,15,0,
3,4.5,19,0.0256589,1,553.025,561.876,333.517,25,0,
3,4.5,20,0.000246029,1,483.827,483.827,351.729,1,0,
3,4.5,21,0.00024126,1,378.871,378.871,173.034,1,0,
3,4.5,22,0.000225982,1,335.61,335.61,181.681,1,0,
3,4.5,23,0.000272429,1,462.186,462.186,283.077,1,0,
3,4.5,24,0.000157786,1,289.031,289.031,212.335,1,0,
3,4.5,25,0.000248765,1,463.265,463.265,256.395,1,0,
4,4.5,1,0.000202127,1,356.484,356.484,166.345,1,0,
4,4.5,2,30.0002,0,522.185,525.347,232.607,109684,0,
4,4.5,3,0.204436,1,604.741,613.486,211.798,1200,0,
4,4.5,4,0.00131862,1,481.622,483.402,154.316,10,0,
4,4.5,5,0.00026239,1,519.105,519.105,238.252,1,0,
4,4.5,6,0.00102351,1,520.313,520.88,192.58,5,0,
4,4.5,7,0.00298533,1,716.784,718.189,266.562,8,0,
4,4.5,8,0.000279993,1,575.593,575.593,264.91,1,0,
4,4.5,9,30.0002,0,775.646,778.947,254.829,69863,0,
4,4.5,10,0.0321933,1,659.526,661.856,256.542,73,0,
4,4.5,11,30.0001,0,549.305,550.894,219.879,173813,0,
4,4.5,12,0.000390679,1,692.206,692.206,299.114,1,0,
4,4.5,13,0.0045813,1,517.173,521.224,297.304,8,0,
4,4.5,14,0.000271817,1,526.077,526.077,250.104,1,0,
4,4.5,15,0.000297866,1,647.029,647.029,282.436,1,0,
4,4.5,16,0.0104584,1,511.05,514.833,216.719,134,0,
4,4.5,17,0.00635793,1,401.666,405.985,163.975,14,0,
4,4.5,18,30.0002,0,690.378,694.758,281.69,136219,0,
4,4.5,19,0.364601,1,734.354,744.73,333.517,529,0,
4,4.5,20,30.0001,0,713.187,720.557,354.819,38202,0,
4,4.5,21,30.0001,0,670.072,671.794,292.633,80711,0,
4,4.5,22,0.000241149,1,483.357,483.357,181.681,1,0,
4,4.5,23,0.000330677,1,652.273,652.273,283.077,1,0,
4,4.5,24,30,0,442.924,446.062,215.109,110455,0,
4,4.5,25,0.000290303,1,652.573,652.573,256.395,1,0,
5,4.5,1,0.000274753,1,627.45,627.45,270.967,1,0,
5,4.5,2,30.0004,0,733.967,735.561,231.422,70470,0,
5,4.5,3,9.2822,1,804.045,814.704,211.798,37280,0,
5,4.5,4,0.0138452,1,643.517,646.313,161.895,109,0,
5,4.5,5,0.000348452,1,714.156,714.156,238.252,1,0,
5,4.5,6,0.00103499,1,549.715,550.281,192.58,5,0,
5,4.5,7,0.452858,1,831.383,837.227,266.562,969,0,
5,4.5,8,0.00035898,1,754.202,754.202,264.91,1,0,
5,4.5,9,30.0004,0,1037.1,1040.4,261.452,69354,0,
5,4.5,10,0.0317168,1,820.19,822.52,256.542,73,0,
5,4.5,11,30.0001,0,634.947,636.533,219.816,172224,0,
5,4.5,12,0.000387052,1,839.771,839.771,299.114,1,0,
5,4.5,13,0.004665,1,558.403,562.454,297.304,8,0,
5,4.5,14,0.000332069,1,626.413,626.413,250.104,1,0,
5,4.5,15,0.00034302,1,722.945,722.945,282.436,1,0,
5,4.5,16,0.0164954,1,645.577,651.228,218.588,141,0,
5,4.5,17,0.0062501,1,671.936,676.255,270.27,14,0,
5,4.5,18,30.0003,0,816.001,824.687,281.69,56996,0,
5,4.5,19,0.368818,1,943.706,954.081,333.517,529,0,
5,4.5,20,30.0006,0,911.637,921.972,355.289,27537,0,
5,4.5,21,30.0003,0,750.754,752.473,292.448,79740,0,
5,4.5,22,0.00031574,1,651.223,651.223,181.681,1,0,
5,4.5,23,30.0002,0,672.478,675.275,284.632,75593,0,
5,4.5,24,30.0002,0,763.634,765.953,321.234,80919,0,
5,4.5,25,0.000533446,1,769.242,770.05,256.395,2,0,
6,4.5,1,30.0005,0,698.899,754.803,292.933,24153,0,
6,4.5,2,30.0003,0,905.997,907.591,231.422,70529,0,
6,4.5,3,9.26936,1,912.572,923.232,211.798,37280,0,
6,4.5,4,30.0002,0,758.132,761.338,161.895,134933,0,
6,4.5,5,0.000387533,1,824.3,824.3,238.252,1,0,
6,4.5,6,0.00108876,1,726.855,727.421,192.58,5,0,
6,4.5,7,30.0003,0,980.131,990.024,267.89,80471,0,
6,4.5,8,0.000405508,1,783.755,783.755,264.91,1,0,
6,4.5,9,30.0001,0,1234.42,1238.36,264.91,57947,0,
6,4.5,10,30.0001,0,995.393,999.593,257.039,46433,0,
6,4.5,11,30.0001,0,696.962,700.146,219.348,162066,0,
6,4.5,12,0.0569403,1,1036.02,1039.78,299.114,177,0,
6,4.5,13,0.00496514,1,663.434,667.485,297.304,8,0,
6,4.5,14,0.000406739,1,733.08,733.08,250.104,1,0,
6,4.5,15,0.0112756,1,1034.69,1036.61,313.66,23,0,
6,4.5,16,0.0168893,1,734.636,740.288,218.588,141,0,
6,4.5,17,30.0003,0,769.469,801.825,270.27,50500,0,
6,4.5,18,30.0003,0,1023.33,1033.53,281.69,60674,0,
6,4.5,19,30.0004,0,1203.66,1216.6,334.844,39984,0,
6,4.5,20,30.0003,0,1014.14,1024.48,355.289,27225,0,
6,4.5,21,30.0001,0,901.271,902.984,292.448,78887,0,
6,4.5,22,30,0,807.671,811.559,184.825,135050,0,
6,4.5,23,30.0001,0,944.418,947.186,283.977,73269,0,
6,4.5,24,30.0003,0,790.187,792.499,321.203,80019,0,
6,4.5,25,0.202322,1,844.988,851.49,256.395,1045,0,
7,4.5,1,30.0002,0,840.559,896.463,292.933,24025,0,
7,4.5,2,30.0001,0,1094.84,1096.43,231.422,69562,0,
7,4.5,3,9.29793,1,1120.43,1131.09,211.798,37280,0,
7,4.5,4,30.0001,0,905.467,908.606,164.391,153588,0,
7,4.5,5,30.0003,0,1060.5,1067.83,241.571,73441,0,
7,4.5,6,0.00115772,1,889.733,890.299,192.58,5,0,
7,4.5,7,30.0001,0,1214.32,1220.32,266.562,47705,0,
7,4.5,8,5.15287,1,972.046,976.205,264.91,20031,0,
7,4.5,9,30.0003,0,1257.87,1261.82,264.91,57882,0,
7,4.5,10,30.0006,0,1319.76,1323.78,324.365,64800,0,
7,4.5,11,30.0001,0,862.208,865.388,219.348,156599,0,
7,4.5,12,0.0573731,1,1144.25,1148.01,299.114,192,0,
7,4.5,13,0.00471379,1,714.233,718.284,297.304,8,0,
7,4.5,14,0.000413061,1,862.795,862.795,250.104,1,0,
7,4.5,15,0.0111236,1,1105.65,1107.56,313.66,23,0,
7,4.5,16,30,0,940.521,945.382,218.588,147197,0,
7,4.5,17,30.0001,0,1089.47,1121.79,320.08,51075,0,
7,4.5,18,30.0001,0,1254.37,1264.39,278.655,29036,0,
7,4.5,19,30.0004,0,1284.57,1297.51,338.316,39120,0,
7,4.5,20,30.0006,0,1101.41,1111.75,355.289,26915,0,
7,4.5,21,30.0004,0,1078.9,1080.62,292.448,78660,0,
7,4.5,22,30.0004,0,977.974,985.272,181.681,87579,0,
7,4.5,23,30.0004,0,1180.88,1183.65,283.977,73107,0,
7,4.5,24,30.0002,0,993.678,997.377,321.269,87917,0,
7,4.5,25,30.0002,0,1020.52,1024.09,256.395,76087,0,
8,4.5,1,30,0,1055.38,1060.17,274.437,56923,0,
8,4.5,2,30.0002,0,1322.91,1324.51,231.422,68882,0,
8,4.5,3,30.0002,0,1349.19,1361.05,229.23,137685,0,
8,4.5,4,30.0001,0,1156.66,1159.8,251.193,154053,0,
8,4.5,5,30.0007,0,1317.35,1322.74,258.77,46515,0,
8,4.5,6,0.00129264,1,1016.66,1017.23,192.58,5,0,
8,4.5,7,30.0001,0,1253.22,1259.22,270.271,47889,0,
8,4.5,8,30.0006,0,1250.82,1257.07,281.275,48309,0,
8,4.5,9,30.0006,0,1538.66,1542.61,280.786,57890,0,
8,4.5,10,30.0002,0,1394.3,1398.32,324.622,64372,0,
8,4.5,11,30,0,1084.13,1087.3,221.918,153801,0,
8,4.5,12,30.0002,0,1364.48,1367.94,299.114,79001,0,
8,4.5,13,30.0001,0,859.51,866.818,297.9,57258,0,
8,4.5,14,8.41889,1,1005.5,1012.27,250.104,28144,0,
8,4.5,15,0.0113112,1,1129.48,1131.39,313.66,23,0,
8,4.5,16,30.0001,0,1024.83,1029.7,218.588,147863,0,
8,4.5,17,30.0002,0,1172.76,1205.07,320.08,50688,0,
8,4.5,18,30,0,1368.71,1378.73,278.655,31820,0,
8,4.5,19,30.0001,0,1501.13,1512.79,336.195,35661,0,
8,4.5,20,30.0005,0,1200.48,1210.81,355.289,26411,0,
8,4.5,21,30.0003,0,1120.69,1122.4,292.448,77866,0,
8,4.5,22,30.0003,0,1135.9,1143.2,181.681,87907,0,
8,4.5,23,30.0004,0,1414.96,1423.55,283.713,68232,0,
8,4.5,24,30.0001,0,1225.62,1229.3,321.235,85849,0,
8,4.5,25,30.0003,0,1296.91,1300.48,276.39,76669,0,
9,4.5,1,30.0002,0,1061.08,1065.86,274.437,56584,0,
9,4.5,2,30.0003,0,1486.24,1487.83,231.422,69121,0,
9,4.5,3,30.0003,0,1522.43,1528.74,233.935,54764,0,
9,4.5,4,30.0001,0,1176.63,1179.77,251.193,153561,0,
9,4.5,5,30.0001,0,1583.08,1588.47,265.725,46520,0,
9,4.5,6,30.0003,0,1311.7,1320.79,303.116,38765,0,
9,4.5,7,30.0001,0,1432.46,1438.46,270.271,47294,0,
9,4.5,8,30.0001,0,1529.11,1537.15,282.011,48459,0,
9,4.5,9,30.0005,0,1699.27,1703.22,280.786,57346,0,
9,4.5,10,30.0003,0,1624.5,1633.33,324.365,42560,0,
9,4.5,11,30.0004,0,1158.81,1168.91,225.574,48545,0,
9,4.5,12,30.0002,0,1418.7,1422.16,299.114,77031,0,
9,4.5,13,30.0001,0,897.602,904.91,297.897,57091,0,
9,4.5,14,8.6743,1,1113.02,1119.8,250.104,28144,0,
9,4.5,15,30.0006,0,1183.29,1189.17,313.9,32394,0,
9,4.5,16,30.0005,0,1161.36,1177.07,219.368,51718,0,
9,4.5,17,30.0002,0,1334.24,1366.55,320.08,50109,0,
9,4.5,18,30.0006,0,1566.59,1576.61,278.655,31936,0,
9,4.5,19,30.0007,0,1597.74,1609.4,335.247,35236,0,
9,4.5,20,30.001,0,1396.85,1407.18,355.289,26766,0,
9,4.5,21,30.0004,0,1180.57,1182.28,292.448,78918,0,
9,4.5,22,30.0002,0,1325.91,1329.04,192.849,78939,0,
9,4.5,23,30.0003,0,1597.08,1605.4,283.155,75856,0,
9,4.5,24,30.0002,0,1336.14,1366.92,324.119,42861,0,
9,4.5,25,30.0003,0,1340.31,1343.87,276.39,75957,0,
10,4.5,1,30.0024,0,1181.42,1244.76,295.627,12581,0,
10,4.5,2,30.0001,0,1588.91,1590.51,231.394,67090,0,
10,4.5,3,30.0003,0,1549.19,1555.49,230.679,53476,0,
10,4.5,4,30.0003,0,1296.52,1297.77,251.336,113857,0,
10,4.5,5,30.0006,0,1705.95,1711.33,265.725,45457,0,
10,4.5,6,30.0002,0,1505.58,1523.18,301.783,55288,0,
10,4.5,7,30,0,1598.28,1604.27,270.271,47078,0,
10,4.5,8,30.0006,0,1571.89,1579.92,282.108,48013,0,
10,4.5,9,30.0002,0,1881.13,1885,280.786,67669,0,
10,4.5,10,30.0005,0,1702.29,1711.22,324.365,42704,0,
10,4.5,11,30.0003,0,1302.78,1312.88,225.574,48043,0,
10,4.5,12,30.0004,0,1697.28,1700.74,299.114,76945,0,
10,4.5,13,30.0001,0,1077.22,1088.26,297.304,66368,0,
10,4.5,14,30.0003,0,1320.69,1323.47,251.982,73831,0,
10,4.5,15,30.0003,0,1212.78,1218.66,313.9,32497,0,
10,4.5,16,30.0002,0,1292.19,1307.55,219.629,67982,0,
10,4.5,17,30.0005,0,1526.38,1558.69,320.08,50234,0,
10,4.5,18,30.0001,0,1738.84,1748.86,278.655,31863,0,
10,4.5,19,30.0012,0,1845.11,1867.01,344.001,17399,0,
10,4.5,20,30.0007,0,1482.75,1493.09,355.289,26678,0,
10,4.5,21,30.0002,0,1357.04,1358.74,292.448,78899,0,
10,4.5,22,30.0004,0,1438.52,1441.65,192.345,76941,0,
10,4.5,23,30.0005,0,1814.15,1820.54,283.486,34215,0,
10,4.5,24,30.0007,0,1438.91,1469.69,323.512,42353,0,
10,4.5,25,30.0003,0,1585.64,1589.2,276.39,74909,0,
11,4.5,1,30.0022,0,1355.8,1419.14,295.739,12855,0,
11,4.5,2,30.0002,0,1702.6,1704.19,231.775,67466,0,
11,4.5,3,30.0004,0,1673.43,1679.73,230.676,53818,0,
11,4.5,4,30.0001,0,1347.85,1349.1,251.336,114049,0,
11,4.5,5,30.0005,0,1806.83,1812.22,265.725,44702,0,
11,4.5,6,30.0003,0,1683.17,1700.61,301.783,49354,0,
11,4.5,7,30.0006,0,1806.43,1812.38,266.562,46565,0,
11,4.5,8,30.0002,0,1738.67,1746.34,278.778,49145,0,
11,4.5,9,30.0001,0,2055.73,2062.42,284.636,52856,0,
11,4.5,10,30,0,1836.64,1845.56,324.365,42168,0,
11,4.5,11,30,0,1545.28,1558.36,245.681,43427,0,
11,4.5,12,30.0009,0,1901.97,1928.32,299.114,26057,0,
11,4.5,13,30.0001,0,1331.95,1346.52,297.304,53467,0,
11,4.5,14,30.0001,0,1572.72,1579.45,256.061,70677,0,
11,4.5,15,30.0002,0,1243.79,1249.68,313.9,32528,0,
11,4.5,16,30.0001,0,1304.74,1320.09,219.629,68214,0,
11,4.5,17,30.0005,0,1574.8,1607.11,320.08,49823,0,
11,4.5,18,30.0009,0,1807.57,1817.59,278.655,31853,0,
11,4.5,19,30.0009,0,1942.97,1964.86,344.291,17307,0,
11,4.5,20,30.0006,0,1624.19,1634.52,355.289,26591,0,
11,4.5,21,30.0003,0,1481.57,1485.09,291.267,93354,0,
11,4.5,22,30.0002,0,1683.04,1686.17,244.52,76806,0,
11,4.5,23,30.0001,0,2043.33,2049.72,283.486,33824,0,
11,4.5,24,30.0007,0,1492.56,1523.34,323.512,42269,0,
11,4.5,25,30.0003,0,1637.25,1640.81,276.39,74916,0,
12,4.5,1,30.0013,0,1467.47,1530.81,295.739,12775,0,
12,4.5,2,30.0003,0,1907.52,1909.11,231.415,65896,0,
12,4.5,3,30.0001,0,1920.39,1929.55,246.963,47604,0,
12,4.5,4,30.0003,0,1519.84,1521.09,251.623,112602,0,
12,4.5,5,30.0005,0,1999.91,2020.11,265.725,20817,0,
12,4.5,6,30.0002,0,1756.83,1774.26,301.783,48878,0,
12,4.5,7,30.0006,0,1940.98,1946.93,266.562,47010,0,
12,4.5,8,30.0001,0,1842.12,1849.79,278.778,48623,0,
12,4.5,9,30.0002,0,2159.03,2165.72,285.052,52719,0,
12,4.5,10,30.0008,0,2174.15,2186.14,343.643,22080,0,
12,4.5,11,30.0004,0,1775.44,1788.51,245.626,42918,0,
12,4.5,12,30.0003,0,1920.54,1946.88,299.114,26050,0,
12,4.5,13,30.0005,0,1478.03,1492.95,297.304,56461,0,
12,4.5,14,30.0003,0,1638.18,1644.91,256.061,70528,0,
12,4.5,15,30.0006,0,1467.41,1473.19,313.663,33973,0,
12,4.5,16,30.0002,0,1422.64,1437.99,218.935,67057,0,
12,4.5,17,30.0006,0,1825.95,1832.29,322.045,45267,0,
12,4.5,18,30.0005,0,2068.25,2078.27,278.655,29068,0,
12,4.5,19,30.0013,0,2116.28,2138.17,344.001,17162,0,
12,4.5,20,30.0007,0,1922.28,1932.62,355.289,26388,0,
12,4.5,21,30.0003,0,1668.27,1672.06,291.201,113244,0,
12,4.5,22,30.0004,0,1777.73,1780.86,244.52,75992,0,
12,4.5,23,30.0005,0,2134.91,2141.31,283.486,33696,0,
12,4.5,24,30.0006,0,1786.12,1792.11,323.821,39106,0,
12,4.5,25,30.0001,0,1742.08,1745.65,276.39,74730,0,
13,4.5,1,30.0019,0,1609.88,1673.22,295.739,12864,0,
13,4.5,2,30.0004,0,1919.43,1921.02,231.746,65039,0,
13,4.5,3,30.0004,0,2026.14,2035.3,253.798,47199,0,
13,4.5,4,30.0001,0,1617.61,1618.86,251.623,112695,0,
13,4.5,5,30.0011,0,2213.15,2233.34,265.725,20828,0,
13,4.5,6,30.0001,0,2060.88,2078.29,311.712,29595,0,
13,4.5,7,30.0007,0,2140.16,2154.32,274.779,46097,0,
13,4.5,8,30.0008,0,1961.43,1969.09,278.778,49180,0,
13,4.5,9,30.0001,0,2225.17,2231.86,285.609,52397,0,
13,4.5,10,30.001,0,2253.53,2265.5,341.477,21836,0,
13,4.5,11,30.0003,0,1941.5,1950.01,246.286,48751,0,
13,4.5,12,30.0001,0,2182.54,2208.88,299.114,25715,0,
13,4.5,13,30.0004,0,1548.75,1563.66,297.304,55682,0,
13,4.5,14,30.0001,0,1844.75,1850.21,255.68,34958,0,
13,4.5,15,30.0006,0,1615.34,1621.08,313.763,32768,0,
13,4.5,16,30.0004,0,1580.33,1595.75,219.639,76935,0,
13,4.5,17,30.0004,0,1965.87,1972.2,322.459,45071,0,
13,4.5,18,30.0001,0,2296.29,2302.32,278.655,57494,0,
13,4.5,19,30.0015,0,2253.52,2275.4,344.404,16986,0,
13,4.5,20,30.0003,0,2042.08,2052.41,355.289,26293,0,
13,4.5,21,30.0002,0,1713.82,1717.61,291.201,112987,0,
13,4.5,22,30,0,1888.37,1891.5,244.52,75637,0,
13,4.5,23,30.0007,0,2353.29,2359.68,283.486,33410,0,
13,4.5,24,30.0008,0,1861.33,1867.31,323.821,39217,0,
13,4.5,25,30,0,1901.3,1904.87,276.39,74409,0,
14,4.5,1,30.0006,0,1784.28,1847.62,295.739,12820,0,
14,4.5,2,30.0003,0,2211.04,2214.92,293.897,65375,0,
14,4.5,3,30.0007,0,2098.27,2107.43,253.798,46867,0,
14,4.5,4,30,0,1692.23,1693.46,251.623,109293,0,
14,4.5,5,30.0004,0,2420.68,2440.88,265.725,20519,0,
14,4.5,6,30.0008,0,2114.26,2131.65,312.041,29499,0,
14,4.5,7,30.0001,0,2353.22,2366.62,274.779,53291,0,
14,4.5,8,30.0002,0,2174.15,2181.81,278.778,48375,0,
14,4.5,9,30.0003,0,2460.55,2470.07,280.786,35583,0,
14,4.5,10,30.0008,0,2492.47,2504.44,341.477,21699,0,
14,4.5,11,30.0003,0,2102.69,2109.43,242.495,47499,0,
14,4.5,12,30.0004,0,2234.27,2260.61,299.114,25348,0,
14,4.5,13,30,0,1696.94,1711.85,297.304,55232,0,
14,4.5,14,30.0008,0,1883.4,1888.86,255.68,34879,0,
14,4.5,15,30.0005,0,1758.5,1764.9,313.785,49161,0,
14,4.5,16,30.0002,0,1805.33,1820.46,225.001,100834,0,
14,4.5,17,30.0003,0,2160.23,2166.53,321.923,44910,0,
14,4.5,18,30.0004,0,2436.45,2442.48,278.655,56452,0,
14,4.5,19,30.0019,0,2479.21,2501.09,344.001,16948,0,
14,4.5,20,30.0007,0,2224.26,2234.6,355.289,26211,0,
14,4.5,21,30.0002,0,1779.84,1783.63,291.201,110376,0,
14,4.5,22,30.0003,0,1973.47,1976.55,244.52,74061,0,
14,4.5,23,30.0007,0,2542.46,2548.86,283.486,33129,0,
14,4.5,24,30.0003,0,2075.29,2081.28,323.821,37882,0,
14,4.5,25,30.0001,0,2090.41,2093.97,276.39,72461,0,
15,4.5,1,30.0025,0,1850.26,1913.6,295.627,12418,0,
15,4.5,2,30.0002,0,2237.54,2241.42,293.897,63888,0,
15,4.5,3,30.0003,0,2366.93,2406.76,301.672,25844,0,
15,4.5,4,30.0003,0,1791.81,1793.05,251.623,106532,0,
15,4.5,5,30.0009,0,2430.43,2450.63,265.725,20487,0,
15,4.5,6,30.0003,0,2349.47,2366.85,305.193,28945,0,
15,4.5,7,30.0002,0,2584.84,2598.65,274.779,49859,0,
15,4.5,8,30.0005,0,2224.69,2232.35,279.422,47398,0,
15,4.5,9,30.0005,0,2528.97,2538.48,280.786,35214,0,
15,4.5,10,30.0013,0,2625.95,2637.92,341.477,21385,0,
15,4.5,11,30.0002,0,2332.57,2339.54,242.495,47841,0,
15,4.5,12,30.0001,0,2453.71,2480.05,299.114,24859,0,
15,4.5,13,30.0006,0,1878.95,1893.84,297.304,53661,0,
15,4.5,14,30.0001,0,2087.86,2093.32,255.68,34253,0,
15,4.5,15,30.0002,0,1918.6,1924.99,313.388,48518,0,
15,4.5,16,30,0,1892.37,1907.5,225.535,98710,0,
15,4.5,17,30.0009,0,2183.65,2189.94,321.692,43302,0,
15,4.5,18,30.0003,0,2512.09,2518.12,278.655,55532,0,
15,4.5,19,30.0013,0,2730.13,2751.99,344.175,16639,0,
15,4.5,20,30.0012,0,2409.42,2419.75,355.289,25475,0,
15,4.5,21,30.0002,0,1899.21,1902.98,291.201,108780,0,
15,4.5,22,30.0001,0,2131.02,2134.17,244.52,74303,0,
15,4.5,23,30.0001,0,2717.69,2724.07,283.427,32447,0,
15,4.5,24,30.0004,0,2215.95,2221.93,323.821,38311,0,
15,4.5,25,30,0,2271.39,2275.92,276.39,71878,0,
16,4.5,1,30.0009,0,1984.51,2047.85,295.627,12353,0,
16,4.5,2,30,0,2440.92,2444.79,293.897,62671,0,
16,4.5,3,30.0001,0,2493.84,2533.67,301.672,26018,0,
16,4.5,4,30.0001,0,2048.09,2050.69,256.727,61720,0,
16,4.5,5,30.0009,0,2559.98,2580.18,265.725,20442,0,
16,4.5,6,30.0007,0,2613.72,2622.06,304.055,37336,0,
16,4.5,7,30.001,0,2720.19,2740.08,274.779,29075,0,
16,4.5,8,30.0005,0,2307.1,2314.76,278.778,47578,0,
16,4.5,9,30.0001,0,2675.04,2684.56,280.786,35295,0,
16,4.5,10,30.001,0,2879.74,2892.72,342.092,21563,0,
16,4.5,11,30.0004,0,2370.6,2377.58,242.495,47310,0,
16,4.5,12,30.0008,0,2665.13,2691.7,299.114,25613,0,
16,4.5,13,30.0007,0,2203.92,2221.23,336.684,17328,0,
16,4.5,14,30.0006,0,2300.58,2306.04,256.127,34549,0,
16,4.5,15,30.0008,0,2137.73,2211.52,313.844,13510,0,
16,4.5,16,30.0002,0,2186.01,2201.16,293.978,98549,0,
16,4.5,17,30.0002,0,2267.34,2273.63,321.92,44154,0,
16,4.5,18,30.0002,0,2539.95,2545.98,278.655,56121,0,
16,4.5,19,30.001,0,2736.92,2758.79,344.404,16682,0,
16,4.5,20,30.0012,0,2472.27,2482.6,355.289,25827,0,
16,4.5,21,30.0001,0,1951.55,1955.33,291.201,108577,0,
16,4.5,22,30.0001,0,2331.09,2333.73,244.52,83657,0,
16,4.5,23,30.0007,0,2795.05,2801.44,283.486,33000,0,
16,4.5,24,30.0004,0,2310.08,2316.06,323.821,38126,0,
16,4.5,25,30.0004,0,2393.11,2397.64,276.39,71768,0,
17,4.5,1,30.0012,0,2240.47,2284.64,270.967,20124,0,
17,4.5,2,30.0001,0,2638.63,2642.5,293.897,62774,0,
17,4.5,3,30.0001,0,2653.38,2693.21,301.672,26076,0,
17,4.5,4,30.001,0,2326.39,2331.05,278.679,29688,0,
17,4.5,5,30.0007,0,2768.58,2788.77,265.725,20610,0,
17,4.5,6,30.0003,0,2687.01,2695.35,304.055,37864,0,
17,4.5,7,30.0005,0,3027.33,3047.33,307.796,29992,0,
17,4.5,8,30.0004,0,2508.9,2516.55,278.778,46887,0,
17,4.5,9,30.0008,0,2856.02,2869.5,283.444,29812,0,
17,4.5,10,30.0011,0,3034.42,3047.4,342.092,21452,0,
17,4.5,11,30,0,2703.62,2710.6,333.02,47297,0,
17,4.5,12,30,0,2781.73,2808.31,299.114,25132,0,
17,4.5,13,30.0006,0,2431.25,2448.51,337.611,17252,0,
17,4.5,14,30.0008,0,2470.82,2479.66,256.061,33372,0,
17,4.5,15,30.002,0,2230.99,2304.78,313.844,13557,0,
17,4.5,16,30.0001,0,2358.74,2374.81,293.64,85514,0,
17,4.5,17,30.0003,0,2406.73,2413.03,321.92,43377,0,
17,4.5,18,30.0007,0,2828.39,2862.08,288.783,15373,0,
17,4.5,19,30.0018,0,2928.09,2949.94,344.175,16556,0,
17,4.5,20,30.0011,0,2536.75,2547.09,355.289,25839,0,
17,4.5,21,30.0003,0,2062.73,2066.5,291.201,107056,0,
17,4.5,22,30.0004,0,2629.92,2637.25,303.742,72322,0,
17,4.5,23,30.0005,0,2918.39,2924.78,283.429,32557,0,
17,4.5,24,30.0001,0,2521.77,2527.75,323.821,37342,0,
17,4.5,25,30.0004,0,2420.8,2425.33,276.39,71804,0,
18,4.5,1,30.0002,0,2267.14,2311.3,270.967,20461,0,
18,4.5,2,30.0004,0,2737.61,2741.48,293.897,62558,0,
18,4.5,3,30.0005,0,2792.97,2836.29,269.461,16365,0,
18,4.5,4,30.0004,0,2413.87,2418.52,278.679,29518,0,
18,4.5,5,30.001,0,2936.25,2956.45,265.725,20535,0,
18,4.5,6,30.0004,0,2965.11,2975.33,304.055,37345,0,
18,4.5,7,30.0007,0,3133.56,3154.27,308.607,40021,0,
18,4.5,8,30.0001,0,2759.31,2766.96,278.778,46239,0,
18,4.5,9,30.0008,0,2877.85,2891.33,283.444,29658,0,
18,4.5,10,30.0009,0,3220.68,3241.52,339.46,19704,0,
18,4.5,11,30.0004,0,2825.73,2832.71,333.02,47668,0,
18,4.5,12,30.0008,0,3012.1,3038.68,299.114,24752,0,
18,4.5,13,30.0014,0,2490.79,2508.05,337.611,17259,0,
18,4.5,14,30.0007,0,2761.09,2770.08,290.641,34047,0,
18,4.5,15,30.0013,0,2387.16,2460.95,313.844,13601,0,
18,4.5,16,30.0002,0,2486.78,2502.85,293.64,83785,0,
18,4.5,17,30.0005,0,2513.31,2519.56,322.713,33734,0,
18,4.5,18,30.0014,0,2951.59,2985.28,288.783,15570,0,
18,4.5,19,30.0007,0,3024.53,3046.4,344.625,16758,0,
18,4.5,20,30.0001,0,2807.51,2817.76,356.618,25772,0,
18,4.5,21,30.0002,0,2082.7,2086.47,291.201,106023,0,
18,4.5,22,30.0002,0,2818.13,2825.46,303.742,71132,0,
18,4.5,23,30.001,0,3067.75,3074.14,283.427,32514,0,
18,4.5,24,30.0005,0,2634.91,2640.9,323.821,37807,0,
18,4.5,25,30.0001,0,2584.74,2590.61,276.39,65586,0,
19,4.5,1,30.0001,0,2513.17,2562.27,270.967,19928,0,
19,4.5,2,30.0004,0,2861.27,2865.14,293.897,60954,0,
19,4.5,3,30.0011,0,2972.16,3015.48,269.461,17783,0,
19,4.5,4,30.0008,0,2468.35,2473,278.834,29305,0,
19,4.5,5,30.0004,0,3148.64,3168.83,265.725,20173,0,
19,4.5,6,30.0006,0,3170.23,3180.45,304.055,36963,0,
19,4.5,7,30.0011,0,3318.32,3339.03,310.273,39968,0,
19,4.5,8,30.0005,0,2972.28,2982.27,285.423,37594,0,
19,4.5,9,30.0001,0,2995.4,3008.88,283.444,29323,0,
19,4.5,10,30.0002,0,3318.74,3339.58,339.46,19731,0,
19,4.5,11,30.0002,0,2943.69,2950.66,333.02,46304,0,
19,4.5,12,30.001,0,3276.07,3302.65,299.114,24102,0,
19,4.5,13,30.0015,0,2592.59,2609.85,338.562,17445,0,
19,4.5,14,30.0011,0,2931.96,2941.08,290.262,34550,0,
19,4.5,15,30.0018,0,2500.68,2574.46,313.844,13563,0,
19,4.5,16,30.0005,0,2592.1,2608.17,293.64,83504,0,
19,4.5,17,30.0009,0,2702.49,2707.89,321.92,34935,0,
19,4.5,18,30.0002,0,3021.17,3054.86,288.783,15342,0,
19,4.5,19,30.0003,0,3216.17,3238.02,344.001,16389,0,
19,4.5,20,30.0006,0,2928.24,2938.5,356.618,25836,0,
19,4.5,21,30.0002,0,2174.75,2178.51,291.201,102289,0,
19,4.5,22,30.0007,0,3048.5,3068.61,298.837,29023,0,
19,4.5,23,30.0005,0,3182.76,3189.14,283.422,32157,0,
19,4.5,24,30.0004,0,2816.96,2822.94,323.821,36973,0,
19,4.5,25,30.0007,0,2868.37,2874.58,283.774,59440,0,
20,4.5,1,30.0001,0,2655.15,2682.15,272.162,16715,0,
20,4.5,2,30.0004,0,2924.58,2928.45,293.897,60893,0,
20,4.5,3,30.0004,0,3036.74,3080.06,269.461,17672,0,
20,4.5,4,30,0,2692.89,2697.54,278.834,29279,0,
20,4.5,5,30.0006,0,3301.75,3321.94,265.725,20313,0,
20,4.5,6,30.0001,0,3464.31,3474.52,304.055,36446,0,
20,4.5,7,30.0003,0,3457.59,3479.7,308.643,39644,0,
20,4.5,8,30.0011,0,3056.61,3066.6,284.332,37578,0,
20,4.5,9,30.0009,0,3154.45,3167.93,283.444,29346,0,
20,4.5,10,30.0012,0,3431.03,3451.87,339.46,19881,0,
20,4.5,11,30.0003,0,3040.1,3047.08,333.02,45708,0,
20,4.5,12,30.0006,0,3602.48,3629.29,326.409,30152,0,
20,4.5,13,30.001,0,2748.72,2765.98,338.562,17443,0,
20,4.5,14,30.001,0,3005.88,3014.99,290.262,34390,0,
20,4.5,15,30.0014,0,2543.11,2616.89,313.844,13690,0,
20,4.5,16,30.0003,0,2627.72,2643.8,293.64,82432,0,
20,4.5,17,30.0003,0,2806.24,2811.65,321.92,34664,0,
20,4.5,18,30.0015,0,3115.8,3149.49,288.783,15469,0,
20,4.5,19,30.0014,0,3347.77,3369.62,344.175,16288,0,
20,4.5,20,30.0006,0,3147.84,3156.42,355.289,43527,0,
20,4.5,21,30.0001,0,2285.03,2288.79,291.201,101445,0,
20,4.5,22,30.0003,0,3173.75,3193.86,298.837,29136,0,
20,4.5,23,30.0011,0,3238.05,3244.44,283.427,32314,0,
20,4.5,24,30.0009,0,2937.1,2943.08,323.821,37552,0,
20,4.5,25,30.0002,0,3015.99,3022.19,284.686,59311,0,
21,4.5,1,30.0014,0,2793.57,2820.64,272.162,16879,0,
21,4.5,2,30.0004,0,2955.2,2959.07,293.897,60714,0,
21,4.5,3,30.0002,0,3188.74,3232.07,269.461,17366,0,
21,4.5,4,30.0004,0,2936.42,2939.66,278.3,50074,0,
21,4.5,5,30.0008,0,3481.58,3501.77,265.725,20213,0,
21,4.5,6,30.0005,0,3771,3777.09,307.469,31152,0,
21,4.5,7,30.0003,0,3482.83,3504.94,308.537,39606,0,
21,4.5,8,30.0007,0,3085.55,3095.54,284.332,37120,0,
21,4.5,9,30.0002,0,3307.18,3320.66,283.444,29227,0,
21,4.5,10,30.0008,0,3606.17,3627.01,339.46,19661,0,
21,4.5,11,30.0002,0,3166.82,3173.8,333.02,46029,0,
21,4.5,12,30.001,0,3695.5,3722.3,326.409,30237,0,
21,4.5,13,30.0007,0,3032.85,3049.67,334.151,25522,0,
21,4.5,14,30.0003,0,3182.37,3191.48,290.262,34077,0,
21,4.5,15,30.0024,0,2655.66,2729.45,313.844,13426,0,
21,4.5,16,30.0003,0,2660.66,2676.73,293.64,81564,0,
21,4.5,17,30.0003,0,2916.71,2922.41,321.999,37100,0,
21,4.5,18,30.0009,0,3384.99,3418.68,288.783,15342,0,
21,4.5,19,30.0003,0,3613.43,3633.22,342.673,22090,0,
21,4.5,20,30.0001,0,3258.86,3267.44,355.289,42731,0,
21,4.5,21,30.0002,0,2480.11,2483.86,291.201,100506,0,
21,4.5,22,30.0012,0,3354.52,3374.62,298.837,28716,0,
21,4.5,23,30.0009,0,3414.86,3421.25,283.427,32437,0,
21,4.5,24,30.0003,0,3033.75,3039.74,323.821,36765,0,
21,4.5,25,30.0004,0,3229.78,3236.02,285.798,57823,0,
22,4.5,1,30.0012,0,3031.73,3058.81,272.162,16972,0,
22,4.5,2,30.0004,0,3049.44,3053.31,293.897,59866,0,
22,4.5,3,30.001,0,3322.49,3365.81,269.461,17300,0,
22,4.5,4,30.0002,0,3030.95,3034.19,278.3,48899,0,
22,4.5,5,30.0005,0,3562.03,3582.23,265.725,20066,0,
22,4.5,6,30.0003,0,3882.05,3888.14,307.469,31266,0,
22,4.5,7,30.0008,0,3676.94,3698.88,308.537,40487,0,
22,4.5,8,30.0005,0,3256.13,3266.11,284.332,36653,0,
22,4.5,9,30.0004,0,3415.11,3428.59,283.444,28394,0,
22,4.5,10,30.0006,0,3757.21,3778.04,339.46,19107,0,
22,4.5,11,30,0,3275.09,3282.07,333.02,45514,0,
22,4.5,12,30.0011,0,3791.29,3818.09,326.409,29490,0,
22,4.5,13,30.0008,0,3118.94,3135.76,333.942,25737,0,
22,4.5,14,30.0005,0,3242.25,3251.36,290.262,33776,0,
22,4.5,15,30.0018,0,2770.56,2844.34,313.844,13416,0,
22,4.5,16,30.0005,0,2773.66,2789.73,293.64,63564,0,
22,4.5,17,30.0005,0,3166.75,3172.45,321.923,37343,0,
22,4.5,18,30.0005,0,3605.17,3638.86,288.783,15195,0,
22,4.5,19,30.0019,0,3865.01,3884.8,342.673,21816,0,
22,4.5,20,30.0005,0,3355.09,3363.67,355.289,42846,0,
22,4.5,21,30.0002,0,2672.2,2675.99,291.201,99460,0,
22,4.5,22,30.0006,0,3399.58,3419.68,303.742,28429,0,
22,4.5,23,30.0003,0,3542.44,3548.82,283.422,32045,0,
22,4.5,24,30.0004,0,3182.79,3188.77,323.821,36535,0,
22,4.5,25,30.0004,0,3453.43,3461.5,286.635,42968,0,
23,4.5,1,30.0012,0,3336.1,3347.25,309.566,23857,0,
23,4.5,2,30.0005,0,3170.09,3173.96,293.897,58885,0,
23,4.5,3,30.0018,0,3618.41,3662.44,296.632,16881,0,
23,4.5,4,30.0001,0,3190.87,3199.82,278.3,46179,0,
23,4.5,5,30.0013,0,3791.87,3812.07,265.725,19747,0,
23,4.5,6,30.0009,0,3992.59,3998.67,307.469,30464,0,
23,4.5,7,30.0005,0,3769.77,3791.7,310.318,40391,0,
23,4.5,8,30.0001,0,3324.18,3334.16,285.423,35840,0,
23,4.5,9,30.0009,0,3543.76,3557.24,283.444,28471,0,
23,4.5,10,30.001,0,3891.04,3911.87,339.46,19277,0,
23,4.5,11,30,0,3605.78,3611.59,334.339,23213,0,
23,4.5,12,30.0003,0,4083.31,4102.86,327.123,32739,0,
23,4.5,13,30.0009,0,3249.51,3266.32,334.151,25568,0,
23,4.5,14,30.0003,0,3327.25,3336.36,290.262,33656,0,
23,4.5,15,30.0019,0,2829.78,2903.54,313.824,13300,0,
23,4.5,16,30.0004,0,2959.13,2975.84,293.64,51986,0,
23,4.5,17,30.0001,0,3252.75,3258.44,321.92,36606,0,
23,4.5,18,30.0011,0,3757.02,3790.71,288.783,14924,0,
23,4.5,19,30.0015,0,3924.94,3944.74,342.673,21651,0,
23,4.5,20,30.0002,0,3510.47,3519.78,355.289,42005,0,
23,4.5,21,30.0002,0,2879.84,2884.71,291.209,101928,0,
23,4.5,22,30.0008,0,3484.47,3504.58,298.837,28627,0,
23,4.5,23,30.0004,0,3651.39,3657.77,283.422,31896,0,
23,4.5,24,30.0005,0,3398.56,3404.55,323.821,36448,0,
23,4.5,25,30.0003,0,3621.62,3629.68,287.394,42265,0,
24,4.5,1,30.0011,0,3448.32,3459.48,309.566,23734,0,
24,4.5,2,30.0004,0,3300.79,3304.66,293.897,58822,0,
24,4.5,3,30.0012,0,3910.59,3954.63,296.632,16810,0,
24,4.5,4,30.0003,0,3317.09,3326.04,278.3,45682,0,
24,4.5,5,30.0015,0,3925.31,3945.51,265.725,19632,0,
24,4.5,6,30.0001,0,4084.06,4090.15,307.469,30737,0,
24,4.5,7,30.0003,0,3803.45,3825.39,308.537,40027,0,
24,4.5,8,30.0003,0,3420.83,3430.81,285.423,35827,0,
24,4.5,9,30.0003,0,3637.25,3650.72,283.444,28802,0,
24,4.5,10,30.0012,0,4122.54,4143.37,339.46,18945,0,
24,4.5,11,30.0004,0,3675.77,3681.58,334.339,23292,0,
24,4.5,12,30.0009,0,4324.67,4355.97,326.409,18770,0,
24,4.5,13,30.0006,0,3413.65,3430.78,334.321,21434,0,
24,4.5,14,30.0002,0,3424.3,3433.41,290.262,33259,0,
24,4.5,15,30.0009,0,2968.41,3042.17,313.824,13153,0,
24,4.5,16,30.0001,0,3153.79,3172.97,293.64,43772,0,
24,4.5,17,30.0003,0,3457.97,3468,321.411,24242,0,
24,4.5,18,30.002,0,4060.33,4094.02,303.304,14823,0,
24,4.5,19,30.0006,0,4096.16,4134.87,342.652,11303,0,
24,4.5,20,30.0001,0,3534.61,3543.92,355.289,41625,0,
24,4.5,21,30.0001,0,3061,3064.52,291.376,78722,0,
24,4.5,22,30.001,0,3586.43,3606.54,298.837,28495,0,
24,4.5,23,30.0004,0,3964.19,3970.56,312.804,31182,0,
24,4.5,24,30.0004,0,3529.58,3535.56,322.676,36218,0,
24,4.5,25,30.0002,0,3668.73,3676.79,287.394,41997,0,
25,4.5,1,30.0014,0,3555.77,3566.92,309.566,23780,0,
25,4.5,2,30.0009,0,3474.6,3501.47,293.897,24779,0,
25,4.5,3,30.0004,0,3932.05,3976.09,296.632,16723,0,
25,4.5,4,30.0008,0,3393.89,3402.84,279.438,44959,0,
25,4.5,5,30.0008,0,4144.08,4164.27,265.725,19529,0,
25,4.5,6,30.0004,0,4138.44,4144.52,307.469,30728,0,
25,4.5,7,30.0001,0,3844.09,3866.02,308.537,39897,0,
25,4.5,8,30.0006,0,3448.4,3458.38,284.332,34977,0,
25,4.5,9,30.0011,0,3755.88,3769.36,283.444,28337,0,
25,4.5,10,30.0008,0,4339.68,4386.07,337.988,9877,0,
25,4.5,11,30.0004,0,3855.31,3861.12,334.339,22430,0,
25,4.5,12,30.0018,0,4570.42,4601.72,326.409,18598,0,
25,4.5,13,30.0002,0,3459.43,3476.55,338.044,20904,0,
25,4.5,14,30.0009,0,3497.11,3506.22,290.262,33372,0,
25,4.5,15,30.0004,0,3085.79,3159.55,313.824,13040,0,
25,4.5,16,30.0016,0,3288.8,3309.09,293.64,43533,0,
25,4.5,17,30.0006,0,3764.08,3774.14,322.16,30296,0,
25,4.5,18,30.0021,0,4183.01,4216.71,303.304,14928,0,
25,4.5,19,30.0005,0,4147.17,4185.87,342.652,11164,0,
25,4.5,20,30.0005,0,3600.67,3609.98,355.289,40831,0,
25,4.5,21,30.0005,0,3302.49,3307.44,292.639,45785,0,
25,4.5,22,30.0002,0,3647.08,3667.18,298.837,27977,0,
25,4.5,23,30.0005,0,4100.05,4106.41,312.804,30951,0,
25,4.5,24,30.0003,0,3792.78,3796.27,320.71,43493,0,
25,4.5,25,30.0008,0,3732.89,3740.95,287.394,42133,0,
26,4.5,1,30.0005,0,3674.67,3685.83,309.566,23785,0,
26,4.5,2,30.0002,0,3561.78,3588.65,293.897,24797,0,
26,4.5,3,30.0011,0,4074.86,4118.88,296.632,16478,0,
26,4.5,4,30.0007,0,3443.68,3452.63,278.3,44693,0,
26,4.5,5,30.0012,0,4401.4,4421.59,265.725,19616,0,
26,4.5,6,30.0009,0,4216.72,4222.8,307.809,30100,0,
26,4.5,7,30.0005,0,3894.98,3916.89,308.537,38785,0,
26,4.5,8,30.0004,0,3520.37,3530.35,284.332,34160,0,
26,4.5,9,30.0008,0,3994.02,4010.85,283.444,35146,0,
26,4.5,10,30.0013,0,4570.17,4587.75,339.46,21532,0,
26,4.5,11,30.0007,0,3995.84,4001.65,334.339,22262,0,
26,4.5,12,30.0016,0,4739.8,4771.1,326.409,18631,0,
26,4.5,13,30.0001,0,3582.03,3599.17,333.942,21174,0,
26,4.5,14,30.0005,0,3506.38,3515.49,290.262,33107,0,
26,4.5,15,30.0017,0,3280.12,3353.89,313.824,12994,0,
26,4.5,16,30.0007,0,3389.72,3410,293.64,43810,0,
26,4.5,17,30.0001,0,3858.14,3868.19,321.923,29572,0,
26,4.5,18,30.0002,0,4302.93,4336.62,303.304,14965,0,
26,4.5,19,30.0003,0,4292.32,4331.02,342.652,11278,0,
26,4.5,20,30.0006,0,3751.81,3762.6,355.289,40355,0,
26,4.5,21,30.0005,0,3455.45,3460.4,292.639,45411,0,
26,4.5,22,30.0004,0,3799.6,3819.69,298.837,28008,0,
26,4.5,23,30.0004,0,4252.57,4258.93,312.804,31187,0,
26,4.5,24,30.0007,0,3961,3972.72,322.624,35476,0,
26,4.5,25,30.0004,0,3984.93,3992.82,287.079,43690,0,
27,4.5,1,30.0011,0,3908.55,3919.55,309.262,28558,0,
27,4.5,2,30.0001,0,3668.4,3695.27,293.897,24571,0,
27,4.5,3,30.0021,0,4183.68,4227.7,296.632,16384,0,
27,4.5,4,30.0001,0,3658.92,3667.86,278.3,44191,0,
27,4.5,5,30.0003,0,4672.43,4692.62,271.03,19231,0,
27,4.5,6,30.0001,0,4438.87,4444.95,307.561,29885,0,
27,4.5,7,30.0008,0,4015.05,4037.09,308.537,35131,0,
27,4.5,8,30.0004,0,3716.69,3728.55,285.423,52851,0,
27,4.5,9,30.0005,0,4032.09,4048.92,283.444,35320,0,
27,4.5,10,30.0012,0,4690.96,4708.53,339.46,21327,0,
27,4.5,11,30.0009,0,4275.27,4280.98,334.351,22565,0,
27,4.5,12,30.0008,0,5014.88,5046.18,326.409,16626,0,
27,4.5,13,30.0001,0,3693.75,3710.88,334.321,20374,0,
27,4.5,14,30.0006,0,3696.59,3705.69,290.641,32359,0,
27,4.5,15,30.0009,0,3477.93,3551.85,313.986,13369,0,
27,4.5,16,30.0013,0,3509.38,3529.67,293.64,43605,0,
27,4.5,17,30.0003,0,4024.12,4034.18,321.923,29949,0,
27,4.5,18,30.0003,0,4391.51,4425.2,303.304,15004,0,
27,4.5,19,30.0019,0,4422.7,4461.41,342.652,11208,0,
27,4.5,20,30.0002,0,3827.67,3838.44,355.289,39878,0,
27,4.5,21,30.0002,0,3525.64,3530.59,292.639,44401,0,
27,4.5,22,30.0007,0,3911.86,3931.96,298.837,27741,0,
27,4.5,23,30.0004,0,4360.18,4366.55,312.804,30790,0,
27,4.5,24,30.0006,0,4131.04,4142.75,323.774,34965,0,
27,4.5,25,30.0006,0,4302.53,4330.24,317.6,17557,0,
28,4.5,1,30.0004,0,4151.88,4162.87,309.566,29189,0,
28,4.5,2,30.0002,0,3734.81,3761.68,293.897,24479,0,
28,4.5,3,30.002,0,4264.48,4308.51,296.632,16407,0,
28,4.5,4,30.0002,0,3796.29,3805.22,279.438,43432,0,
28,4.5,5,30.0009,0,4713.26,4733.45,271.03,19342,0,
28,4.5,6,30.0008,0,4652.01,4658.09,307.561,29687,0,
28,4.5,7,30.0003,0,4089.67,4111.7,308.537,35346,0,
28,4.5,8,30.0003,0,3766.56,3778.42,284.332,52100,0,
28,4.5,9,30.0008,0,4098.98,4115.81,283.444,35178,0,
28,4.5,10,30.0002,0,4874.57,4892.14,339.46,21417,0,
28,4.5,11,30.0003,0,4291.74,4297.45,334.351,22248,0,
28,4.5,12,30.0013,0,5248.51,5279.81,326.409,16498,0,
28,4.5,13,30.0001,0,3946.63,3963.75,338.044,20508,0,
28,4.5,14,30.0009,0,3943.94,3953.07,290.262,28595,0,
28,4.5,15,30.0007,0,3647.47,3721.39,313.986,13351,0,
28,4.5,16,30.0009,0,3673.02,3693.3,293.64,42023,0,
28,4.5,17,30.0001,0,4251.02,4261.07,321.92,29297,0,
28,4.5,18,30.0014,0,4466.2,4499.89,303.304,14799,0,
28,4.5,19,30.004,0,4673.68,4712.39,342.652,10950,0,
28,4.5,20,30.0005,0,3935.75,3946.51,355.289,39558,0,
28,4.5,21,30.0005,0,3651.35,3656.3,292.639,44288,0,
28,4.5,22,30.0008,0,4031.48,4051.57,298.837,27675,0,
28,4.5,23,30.001,0,4502.23,4508.59,312.804,30463,0,
28,4.5,24,30.0008,0,4205.53,4217.25,323.775,35174,0,
28,4.5,25,30.0013,0,4564.53,4592.23,317.6,17546,0,
29,4.5,1,30.0009,0,4378.54,4389.52,309.245,28719,0,
29,4.5,2,30.0004,0,3886.75,3913.62,293.897,24546,0,
29,4.5,3,30.0002,0,4525.31,4568.68,296.632,24771,0,
29,4.5,4,30.0006,0,3952.87,3960.59,278.3,40104,0,
29,4.5,5,30.0002,0,4733.1,4753.29,271.03,19237,0,
29,4.5,6,30.001,0,4841.98,4848.02,307.715,29052,0,
29,4.5,7,30.0005,0,4222.22,4244.24,308.537,34759,0,
29,4.5,8,30.0005,0,3919.06,3930.91,285.423,51628,0,
29,4.5,9,30.0002,0,4189.29,4206.12,283.444,34175,0,
29,4.5,10,30.0009,0,5164.38,5181.95,339.46,21062,0,
29,4.5,11,30.0003,0,4442.19,4447.89,334.339,21890,0,
29,4.5,12,30.0007,0,5314.17,5345.47,326.409,16064,0,
29,4.5,13,30.0015,0,4019.45,4036.57,338.044,20198,0,
29,4.5,14,30.001,0,4009.68,4018.82,290.262,28020,0,
29,4.5,15,30.0008,0,3803.93,3877.85,313.986,13062,0,
29,4.5,16,30.0005,0,3709.04,3729.32,293.64,42478,0,
29,4.5,17,30.0007,0,4448.93,4458.99,321.92,29022,0,
29,4.5,18,30.0019,0,4553.73,4587.42,303.304,14657,0,
29,4.5,19,30.0007,0,4873.65,4912.35,342.652,10958,0,
29,4.5,20,30.0003,0,4044.88,4055.65,355.289,38979,0,
29,4.5,21,30.0001,0,3710.88,3715.83,292.639,43924,0,
29,4.5,22,30.0011,0,4201.44,4221.53,303.742,27283,0,
29,4.5,23,30.0002,0,4686.19,4692.55,312.804,30133,0,
29,4.5,24,30.0008,0,4309.78,4321.48,323.77,34567,0,
29,4.5,25,30.0016,0,4624.36,4652.06,317.6,17472,0,
30,4.5,1,30.0007,0,4521.82,4532.77,309.566,28108,0,
30,4.5,2,30.0005,0,3886.75,3913.62,293.897,24363,0,
30,4.5,3,30.0014,0,4644.28,4687.64,296.632,24508,0,
30,4.5,4,30.0006,0,4209.54,4218.79,278.3,29993,0,
30,4.5,5,30.0005,0,4780.75,4800.94,271.03,19189,0,
30,4.5,6,30.0003,0,5031.33,5088.07,307.17,17983,0,
30,4.5,7,30.0007,0,4468.67,4490.68,308.537,33825,0,
30,4.5,8,30.0005,0,4117.21,4129.06,285.423,49799,0,
30,4.5,9,30.0003,0,4316.69,4333.52,283.444,34140,0,
30,4.5,10,30.0009,0,5334.97,5352.53,339.46,20834,0,
30,4.5,11,30.001,0,4667.67,4673.36,334.339,21732,0,
30,4.5,12,30.0011,0,5526.08,5557.38,326.409,16116,0,
30,4.5,13,30.0001,0,4150.98,4168.11,338.044,20226,0,
30,4.5,14,30.0005,0,4036,4045.14,290.262,27909,0,
30,4.5,15,30.0014,0,4036.59,4110.52,313.986,13047,0,
30,4.5,16,30.0006,0,3741.09,3761.37,293.64,41816,0,
30,4.5,17,30.0005,0,4512.25,4522.31,321.92,28679,0,
30,4.5,18,30.0015,0,4763.52,4798.99,305.083,14496,0,
30,4.5,19,30.0014,0,5042.57,5081.28,342.652,10904,0,
30,4.5,20,30.0005,0,4251.35,4262.03,355.289,38634,0,
30,4.5,21,30.0001,0,3842.03,3848.16,292.898,35696,0,
30,4.5,22,30.0002,0,4278.69,4298.79,303.742,27336,0,
30,4.5,23,30.0002,0,4815.16,4821.53,312.804,29648,0,
30,4.5,24,30.0006,0,4415.53,4427.24,323.77,34483,0,
30,4.5,25,30.0011,0,4765.63,4793.34,317.6,17625,0,
31,4.5,1,30.0002,0,4521.82,4532.76,309.262,27488,0,
31,4.5,2,30.0005,0,3886.75,3913.62,293.897,23793,0,
31,4.5,3,30.0002,0,4644.28,4687.64,296.632,24471,0,
31,4.5,4,30.0003,0,4209.54,4218.79,278.3,30188,0,
31,4.5,5,30.0009,0,4780.75,4800.94,271.03,19089,0,
31,4.5,6,30.0015,0,5031.33,5088.07,307.17,18062,0,
31,4.5,7,30.0004,0,4468.67,4490.68,310.318,34374,0,
31,4.5,8,30.0003,0,4117.21,4129.06,285.423,49858,0,
31,4.5,9,30.0007,0,4316.69,4333.52,283.444,33941,0,
31,4.5,10,30.0012,0,5334.97,5352.53,339.46,20919,0,
31,4.5,11,30.0017,0,4667.67,4673.36,334.339,21686,0,
31,4.5,12,30.0006,0,5526.08,5557.38,326.409,16010,0,
31,4.5,13,30.0001,0,4150.98,4168.11,338.044,20165,0,
31,4.5,14,30.0001,0,4036,4045.14,290.262,28159,0,
31,4.5,15,30.0019,0,4036.59,4110.52,313.986,13036,0,
31,4.5,16,30.0001,0,3741.09,3761.37,293.64,42908,0,
31,4.5,17,30.0002,0,4512.25,4522.31,321.92,28799,0,
31,4.5,18,30.0014,0,4763.52,4798.99,305.083,14513,0,
31,4.5,19,30.0005,0,5042.57,5081.28,342.652,10868,0,
31,4.5,20,30.0006,0,4251.35,4262.03,355.289,38663,0,
31,4.5,21,30.0003,0,3842.03,3848.16,292.898,35578,0,
31,4.5,22,30.001,0,4278.69,4298.78,303.742,27090,0,
31,4.5,23,30.0006,0,4815.16,4821.53,312.804,30080,0,
31,4.5,24,30.0006,0,4415.53,4427.24,323.77,34254,0,
31,4.5,25,30.0017,0,4765.63,4793.34,317.6,17436,0,
32,4.5,1,30.0009,0,4521.82,4532.77,309.262,28313,0,
32,4.5,2,30.0004,0,3886.75,3913.62,293.897,24324,0,
32,4.5,3,30.0018,0,4644.28,4687.64,296.632,24473,0,
32,4.5,4,30.0006,0,4209.54,4218.79,278.3,29982,0,
32,4.5,5,30.0013,0,4780.75,4800.94,271.03,19075,0,
32,4.5,6,30.0006,0,5031.33,5088.07,307.17,18182,0,
32,4.5,7,30.0008,0,4468.67,4490.69,308.537,34694,0,
32,4.5,8,30.0004,0,4117.21,4129.06,285.423,50979,0,
32,4.5,9,30.0007,0,4316.69,4333.52,283.444,33612,0,
32,4.5,10,30.0012,0,5334.97,5352.52,339.46,20668,0,
32,4.5,11,30.0004,0,4667.67,4673.36,334.339,21669,0,
32,4.5,12,30.0007,0,5526.08,5557.38,326.409,15990,0,
32,4.5,13,30.0002,0,4150.98,4168.11,338.044,20233,0,
32,4.5,14,30.0006,0,4036,4045.14,290.262,28500,0,
32,4.5,15,30.0005,0,4036.59,4110.52,313.986,13163,0,
32,4.5,16,30.0008,0,3741.09,3761.37,293.64,41917,0,
32,4.5,17,30.0006,0,4512.25,4522.31,321.92,28702,0,
32,4.5,18,30.0003,0,4763.52,4798.99,305.083,14591,0,
32,4.5,19,30.0003,0,5042.57,5081.28,342.652,10983,0,
32,4.5,20,30.0002,0,4251.35,4262,355.289,38246,0,
32,4.5,21,30.0002,0,3842.03,3848.16,292.898,35551,0,
32,4.5,22,30.0004,0,4278.69,4298.78,303.742,27115,0,
32,4.5,23,30.0009,0,4815.16,4821.53,312.804,30149,0,
32,4.5,24,30.0006,0,4415.53,4427.24,323.77,34721,0,
32,4.5,25,30.0001,0,4765.63,4793.34,317.6,17552,0,
33,4.5,1,30.001,0,4521.82,4532.77,309.262,28324,0,
33,4.5,2,30.0007,0,3886.75,3913.62,293.897,24373,0,
33,4.5,3,30.0011,0,4644.28,4687.64,296.632,24618,0,
33,4.5,4,30.0001,0,4209.54,4218.79,278.3,29820,0,
33,4.5,5,30.0016,0,4780.75,4800.94,271.03,19109,0,
33,4.5,6,30.001,0,5031.33,5088.07,307.17,18348,0,
33,4.5,7,30.0006,0,4468.67,4490.69,308.537,34693,0,
33,4.5,8,30.0003,0,4117.21,4129.06,285.423,50693,0,
33,4.5,9,30.0007,0,4316.69,4333.52,283.444,34148,0,
33,4.5,10,30.0003,0,5334.97,5352.52,339.46,20739,0,
33,4.5,11,30.0007,0,4667.67,4673.36,334.339,21587,0,
33,4.5,12,30.0015,0,5526.08,5557.38,326.409,16037,0,
33,4.5,13,30.0001,0,4150.98,4168.11,338.044,19992,0,
33,4.5,14,30.0009,0,4036,4045.14,290.262,27991,0,
33,4.5,15,30.0018,0,4036.59,4110.52,313.986,12965,0,
33,4.5,16,30.0001,0,3741.09,3761.37,293.64,41904,0,
33,4.5,17,30.0002,0,4512.25,4522.31,321.92,29049,0,
33,4.5,18,30.0002,0,4763.52,4798.99,305.083,14634,0,
33,4.5,19,30.0009,0,5042.57,5081.28,342.652,10996,0,
33,4.5,20,30.0003,0,4251.35,4262.03,355.289,39021,0,
33,4.5,21,30.0005,0,3842.03,3848.16,292.898,35464,0,
33,4.5,22,30.0008,0,4278.69,4298.79,303.742,27403,0,
33,4.5,23,30.0006,0,4815.16,4821.53,312.804,29891,0,
33,4.5,24,30.0001,0,4415.53,4427.24,322.178,34942,0,
33,4.5,25,30.001,0,4765.63,4793.34,317.6,17392,0,
34,4.5,1,30.0006,0,4521.82,4532.78,309.08,28478,0,
34,4.5,2,30.0007,0,3886.75,3913.62,293.897,24525,0,
34,4.5,3,30.0008,0,4644.28,4687.64,296.632,24556,0,
34,4.5,4,30.0007,0,4209.54,4218.79,278.3,30153,0,
34,4.5,5,30.0014,0,4780.75,4800.94,271.03,19124,0,
34,4.5,6,30.0004,0,5031.33,5088.07,307.17,18195,0,
34,4.5,7,30.0011,0,4468.67,4490.67,309.335,33707,0,
34,4.5,8,30.0005,0,4117.21,4129.06,285.423,50088,0,
34,4.5,9,30.0008,0,4316.69,4333.52,283.444,33901,0,
34,4.5,10,30.0013,0,5334.97,5352.52,339.46,20762,0,
34,4.5,11,30.0013,0,4667.67,4673.36,334.339,21755,0,
34,4.5,12,30.0017,0,5526.08,5557.38,326.409,16097,0,
34,4.5,13,30.0007,0,4150.98,4168.11,338.044,20348,0,
34,4.5,14,30.0003,0,4036,4045.14,290.262,28877,0,
34,4.5,15,30.002,0,4036.59,4110.52,313.986,13139,0,
34,4.5,16,30.0009,0,3741.09,3761.38,293.64,43234,0,
34,4.5,17,30.0008,0,4512.25,4522.31,321.92,28681,0,
34,4.5,18,30.0014,0,4763.52,4798.99,305.083,14600,0,
34,4.5,19,30.002,0,5042.57,5081.28,342.652,10987,0,
34,4.5,20,30.0005,0,4251.35,4262.03,355.289,38874,0,
34,4.5,21,30.0007,0,3842.03,3848.16,292.145,35307,0,
34,4.5,22,30.0004,0,4278.69,4298.79,303.742,27495,0,
34,4.5,23,30.001,0,4815.16,4821.53,312.804,29796,0,
34,4.5,24,30.0005,0,4415.53,4427.24,323.77,34659,0,
34,4.5,25,30.0017,0,4765.63,4793.34,317.6,17562,0,
35,4.5,1,30.0014,0,4521.82,4532.77,309.566,28068,0,
35,4.5,2,30.0009,0,3886.75,3913.62,293.897,24351,0,
35,4.5,3,30.0002,0,4644.28,4687.64,296.632,24499,0,
35,4.5,4,30.0002,0,4209.54,4218.78,278.3,29558,0,
35,4.5,5,30.0015,0,4780.75,4800.94,271.03,18995,0,
35,4.5,6,30.0006,0,5031.33,5088.07,307.17,17909,0,
35,4.5,7,30.0009,0,4468.67,4490.68,308.537,33727,0,
35,4.5,8,30.0004,0,4117.21,4129.06,285.423,50905,0,
35,4.5,9,30.0011,0,4316.69,4333.52,283.444,33434,0,
35,4.5,10,30.0003,0,5334.97,5352.53,339.46,20920,0,
35,4.5,11,30.0007,0,4667.67,4673.36,334.339,21631,0,
35,4.5,12,30.0015,0,5526.08,5557.38,326.409,16318,0,
35,4.5,13,30.0018,0,4150.98,4168.11,338.044,20181,0,
35,4.5,14,30.0009,0,4036,4045.14,290.262,28531,0,
35,4.5,15,30.0021,0,4036.59,4110.52,313.986,13207,0,
35,4.5,16,30.0002,0,3741.09,3761.37,293.64,42737,0,
35,4.5,17,30.0005,0,4512.25,4522.31,321.92,29188,0,
35,4.5,18,30.0013,0,4763.52,4798.99,305.083,14622,0,
35,4.5,19,30.0025,0,5042.57,5081.28,342.652,10990,0,
35,4.5,20,30.0004,0,4251.35,4262.03,355.289,39445,0,
35,4.5,21,30.0001,0,3842.03,3848.16,292.898,35418,0,
35,4.5,22,30.0005,0,4278.69,4298.78,303.742,27161,0,
35,4.5,23,30.0002,0,4815.16,4821.53,312.804,30001,0,
35,4.5,24,30.0009,0,4415.53,4427.24,323.77,34273,0,
35,4.5,25,30.0012,0,4765.63,4793.34,317.6,17519,0,
36,4.5,1,30.0006,0,4521.82,4532.77,309.566,28129,0,
36,4.5,2,30.0003,0,3886.75,3913.62,293.897,24327,0,
36,4.5,3,30.0015,0,4644.28,4687.64,296.632,24704,0,
36,4.5,4,30.0007,0,4209.54,4218.79,278.3,30286,0,
36,4.5,5,30.0008,0,4780.75,4800.94,271.03,19118,0,
36,4.5,6,30.0001,0,5031.33,5088.07,307.17,18270,0,
36,4.5,7,30.0006,0,4468.67,4490.68,308.537,34427,0,
36,4.5,8,30.0001,0,4117.21,4129.06,285.423,50688,0,
36,4.5,9,30.0006,0,4316.69,4333.52,283.444,34173,0,
36,4.5,10,30.0002,0,5334.97,5352.53,339.46,21040,0,
36,4.5,11,30.0003,0,4667.67,4673.36,334.339,21774,0,
36,4.5,12,30.0004,0,5526.08,5557.38,326.409,16199,0,
36,4.5,13,30.0005,0,4150.98,4168.11,338.044,20418,0,
36,4.5,14,30.0004,0,4036,4045.14,290.262,27868,0,
36,4.5,15,30.0014,0,4036.59,4110.52,313.986,13097,0,
36,4.5,16,30.0002,0,3741.09,3761.37,293.64,42286,0,
36,4.5,17,30.0009,0,4512.25,4522.31,321.92,28690,0,
36,4.5,18,30.0014,0,4763.52,4798.99,305.083,14493,0,
36,4.5,19,30.0038,0,5042.57,5081.28,342.652,10887,0,
36,4.5,20,30.0006,0,4251.35,4262,355.289,38297,0,
36,4.5,21,30.0008,0,3842.03,3848.16,292.898,34984,0,
36,4.5,22,30.0004,0,4278.69,4298.79,303.742,27371,0,
36,4.5,23,30.0002,0,4815.16,4821.53,312.804,29930,0,
36,4.5,24,30.0006,0,4415.53,4427.24,323.77,34723,0,
36,4.5,25,30.0016,0,4765.63,4793.34,317.6,17364,0,
37,4.5,1,30.0009,0,4521.82,4532.77,309.566,28120,0,
37,4.5,2,30.0005,0,3886.75,3913.62,293.897,24432,0,
37,4.5,3,30.0009,0,4644.28,4687.64,296.632,24505,0,
37,4.5,4,30.0004,0,4209.54,4218.79,278.3,30030,0,
37,4.5,5,30.0002,0,4780.75,4800.94,271.03,19158,0,
37,4.5,6,30.0011,0,5031.33,5088.07,307.17,18342,0,
37,4.5,7,30.0004,0,4468.67,4490.69,308.817,34565,0,
37,4.5,8,30.0001,0,4117.21,4129.06,285.423,50184,0,
37,4.5,9,30.0006,0,4316.69,4333.52,283.444,34071,0,
37,4.5,10,30.0009,0,5334.97,5352.53,339.46,20868,0,
37,4.5,11,30.0018,0,4667.67,4673.36,334.339,21704,0,
37,4.5,12,30.0007,0,5526.08,5557.38,326.409,15837,0,
37,4.5,13,30.0006,0,4150.98,4168.11,338.044,20074,0,
37,4.5,14,30.0009,0,4036,4045.14,290.262,28211,0,
37,4.5,15,30.0018,0,4036.59,4110.52,313.986,13126,0,
37,4.5,16,30.0007,0,3741.09,3761.37,293.64,41827,0,
37,4.5,17,30.001,0,4512.25,4522.3,321.923,28534,0,
37,4.5,18,30.0006,0,4763.52,4798.99,305.083,14719,0,
37,4.5,19,30.0026,0,5042.57,5081.28,342.652,10949,0,
37,4.5,20,30.0003,0,4251.35,4262.03,355.289,38673,0,
37,4.5,21,30.0007,0,3842.03,3848.16,293.212,36151,0,
37,4.5,22,30.0009,0,4278.69,4298.79,303.742,27263,0,
37,4.5,23,30.0009,0,4815.16,4821.53,312.804,30084,0,
37,4.5,24,30.0007,0,4415.53,4427.24,323.77,34544,0,
37,4.5,25,30.0005,0,4765.63,4793.34,317.6,17510,0,
38,4.5,1,30.0012,0,4521.82,4532.77,309.566,28074,0,
38,4.5,2,30.0007,0,3886.75,3913.62,293.897,24281,0,
38,4.5,3,30.0018,0,4644.28,4687.64,296.632,24578,0,
38,4.5,4,30.0007,0,4209.54,4218.79,278.3,29974,0,
38,4.5,5,30.001,0,4780.75,4800.94,271.03,18916,0,
38,4.5,6,30.0004,0,5031.33,5088.07,307.17,18046,0,
38,4.5,7,30.0006,0,4468.67,4490.68,308.537,34028,0,
38,4.5,8,30.0005,0,4117.21,4129.06,285.423,49753,0,
38,4.5,9,30.0002,0,4316.69,4333.52,283.444,33621,0,
38,4.5,10,30.0012,0,5334.97,5352.51,339.46,20609,0,
38,4.5,11,30.0017,0,4667.67,4673.36,334.339,21694,0,
38,4.5,12,30.0017,0,5526.08,5557.38,326.409,16071,0,
38,4.5,13,30.0005,0,4150.98,4168.11,338.044,19984,0,
38,4.5,14,30.0009,0,4036,4045.14,290.262,28098,0,
38,4.5,15,30.0019,0,4036.59,4110.52,313.986,13167,0,
38,4.5,16,30.0003,0,3741.09,3761.37,293.64,42778,0,
38,4.5,17,30.0001,0,4512.25,4522.31,321.92,28751,0,
38,4.5,18,30.0007,0,4763.52,4798.99,305.083,14528,0,
38,4.5,19,30.0015,0,5042.57,5081.28,342.652,11004,0,
38,4.5,20,30.0001,0,4251.35,4262.03,355.289,38662,0,
38,4.5,21,30.0005,0,3842.03,3848.16,292.145,35320,0,
38,4.5,22,30.0007,0,4278.69,4298.79,303.742,27231,0,
38,4.5,23,30.0004,0,4815.16,4821.53,312.804,30008,0,
38,4.5,24,30.0003,0,4415.53,4427.24,323.77,34591,0,
38,4.5,25,30.0007,0,4765.63,4793.34,317.6,17401,0,
39,4.5,1,30.0003,0,4521.82,4532.76,309.262,27581,0,
39,4.5,2,30.0004,0,3886.75,3913.62,293.897,24246,0,
39,4.5,3,30.0013,0,4644.28,4687.64,296.632,24417,0,
39,4.5,4,30.0004,0,4209.54,4218.78,278.3,29704,0,
39,4.5,5,30.0015,0,4780.75,4800.94,271.03,18975,0,
39,4.5,6,30.0006,0,5031.33,5088.07,307.17,18051,0,
39,4.5,7,30.0005,0,4468.67,4490.68,308.537,34189,0,
39,4.5,8,30.0002,0,4117.21,4129.06,285.423,50013,0,
39,4.5,9,30.0007,0,4316.69,4333.52,283.444,34201,0,
39,4.5,10,30.0001,0,5334.97,5352.53,339.46,21212,0,
39,4.5,11,30.0007,0,4667.67,4673.36,334.339,21625,0,
39,4.5,12,30.0002,0,5526.08,5557.38,326.409,15731,0,
39,4.5,13,30.0014,0,4150.98,4168.11,338.044,20212,0,
39,4.5,14,30.001,0,4036,4045.14,290.262,28413,0,
39,4.5,15,30.0022,0,4036.59,4110.52,313.986,13060,0,
39,4.5,16,30.0002,0,3741.09,3761.37,293.64,42535,0,
39,4.5,17,30.0005,0,4512.25,4522.31,321.92,28876,0,
39,4.5,18,30.0019,0,4763.52,4798.99,305.083,14627,0,
39,4.5,19,30.0017,0,5042.57,5081.28,342.652,11016,0,
39,4.5,20,30.0005,0,4251.35,4262.03,355.289,38617,0,
39,4.5,21,30.0004,0,3842.03,3848.16,292.898,35642,0,
39,4.5,22,30.0012,0,4278.69,4298.79,303.742,27326,0,
39,4.5,23,30.0011,0,4815.16,4821.53,312.804,29882,0,
39,4.5,24,30.0007,0,4415.53,4427.25,323.774,34978,0,
39,4.5,25,30.0017,0,4765.63,4793.34,317.6,17600,0,
